/*******************************************************************************
 * Size: 20 px
 * Bpp: 4
 * Opts: --bpp 4 --size 20 --no-compress --font /tmp/opencode/thfonts/NotoSansThai.ttf -r 32-126 -r 0xE00-0xE7F --format lvgl -o thai_20.c
 ******************************************************************************/

#ifdef LV_LVGL_H_INCLUDE_SIMPLE
#include "lvgl.h"
#else
#include "lvgl/lvgl.h"
#endif

#ifndef THAI_20
#define THAI_20 1
#endif

#if THAI_20

/*-----------------
 *    BITMAPS
 *----------------*/

/*Store the image of the glyphs*/
static LV_ATTRIBUTE_LARGE_CONST const uint8_t glyph_bitmap[] = {
    0x5f, 0xb4, 0xfb, 0x4f, 0xa3, 0xf9, 0x2f, 0x81, 0xf7, 0x1f, 0x70, 0xf6,
    0x0f, 0x50, 0xe4, 0x04, 0x12, 0xa5, 0x8f, 0xe4, 0xf9, 0xaf, 0x20, 0xfd,
    0x9f, 0x10, 0xeb, 0x8f, 0x00, 0xda, 0x6e, 0x00, 0xc9, 0x5d, 0x00, 0xb8,
    0x02, 0x00, 0x11, 0x00, 0x00, 0x2f, 0x40, 0x0d, 0x80, 0x00, 0x00, 0x05,
    0xf1, 0x00, 0xf5, 0x00, 0x00, 0x00, 0x8e, 0x00, 0x3f, 0x20, 0x00, 0x01,
    0x1c, 0xb1, 0x17, 0xf1, 0x10, 0x0c, 0xff, 0xff, 0xff, 0xff, 0xff, 0x60,
    0x34, 0x5f, 0x74, 0x4e, 0xa4, 0x41, 0x00, 0x04, 0xf1, 0x00, 0xf6, 0x00,
    0x00, 0x00, 0x7f, 0x00, 0x3f, 0x30, 0x00, 0x01, 0x1a, 0xc1, 0x16, 0xf2,
    0x10, 0x08, 0xff, 0xff, 0xff, 0xff, 0xff, 0xb0, 0x24, 0x4f, 0x84, 0x4d,
    0xb4, 0x43, 0x00, 0x03, 0xf2, 0x00, 0xf7, 0x00, 0x00, 0x00, 0x6f, 0x00,
    0x3f, 0x30, 0x00, 0x00, 0x0a, 0xc0, 0x06, 0xf0, 0x00, 0x00, 0x00, 0x00,
    0xf5, 0x00, 0x00, 0x00, 0x00, 0xf5, 0x00, 0x00, 0x03, 0xbf, 0xff, 0xeb,
    0x50, 0x3f, 0xea, 0xfb, 0xae, 0x80, 0xaf, 0x20, 0xf5, 0x00, 0x00, 0xbf,
    0x00, 0xf5, 0x00, 0x00, 0x8f, 0xa1, 0xf5, 0x00, 0x00, 0x0c, 0xff, 0xf9,
    0x10, 0x00, 0x00, 0x5b, 0xff, 0xfa, 0x10, 0x00, 0x00, 0xf9, 0xbf, 0xd0,
    0x00, 0x00, 0xf5, 0x09, 0xf3, 0x00, 0x00, 0xf5, 0x07, 0xf4, 0x86, 0x21,
    0xf7, 0x6e, 0xe0, 0xbf, 0xff, 0xff, 0xfd, 0x30, 0x04, 0x68, 0xf9, 0x30,
    0x00, 0x00, 0x00, 0xf5, 0x00, 0x00, 0x00, 0x00, 0x72, 0x00, 0x00, 0x00,
    0xaf, 0xe8, 0x00, 0x00, 0x0c, 0xc0, 0x00, 0x07, 0xf6, 0x7f, 0x50, 0x00,
    0x5f, 0x30, 0x00, 0x0d, 0xa0, 0x0c, 0xb0, 0x00, 0xea, 0x00, 0x00, 0x0f,
    0x70, 0x09, 0xd0, 0x07, 0xf1, 0x00, 0x00, 0x0f, 0x70, 0x09, 0xd0, 0x1f,
    0x70, 0x00, 0x00, 0x0d, 0x90, 0x0b, 0xc0, 0x9e, 0x2c, 0xfe, 0x40, 0x08,
    0xe2, 0x4f, 0x73, 0xf5, 0xbe, 0x5a, 0xf0, 0x01, 0xdf, 0xfc, 0x0b, 0xc1,
    0xf6, 0x01, 0xf6, 0x00, 0x02, 0x20, 0x4f, 0x33, 0xf4, 0x00, 0xe8, 0x00,
    0x00, 0x00, 0xda, 0x04, 0xf3, 0x00, 0xd9, 0x00, 0x00, 0x07, 0xf2, 0x02,
    0xf3, 0x00, 0xe8, 0x00, 0x00, 0x1e, 0x80, 0x00, 0xf6, 0x00, 0xf6, 0x00,
    0x00, 0x9e, 0x00, 0x00, 0xac, 0x28, 0xf0, 0x00, 0x02, 0xf6, 0x00, 0x00,
    0x1b, 0xfd, 0x40, 0x00, 0x4c, 0xff, 0xc4, 0x00, 0x00, 0x00, 0x03, 0xfe,
    0x88, 0xef, 0x30, 0x00, 0x00, 0x08, 0xf4, 0x00, 0x5f, 0x70, 0x00, 0x00,
    0x07, 0xf3, 0x00, 0x5f, 0x60, 0x00, 0x00, 0x02, 0xfc, 0x03, 0xee, 0x10,
    0x00, 0x00, 0x00, 0x6f, 0xdf, 0xc2, 0x00, 0x00, 0x00, 0x00, 0x7f, 0xfe,
    0x10, 0x00, 0x03, 0x20, 0x0b, 0xf9, 0x7f, 0xd1, 0x00, 0x4f, 0x70, 0x8f,
    0x80, 0x06, 0xfd, 0x10, 0x9f, 0x20, 0xdf, 0x00, 0x00, 0x6f, 0xd4, 0xfc,
    0x00, 0xef, 0x00, 0x00, 0x05, 0xff, 0xf3, 0x00, 0xbf, 0x50, 0x00, 0x03,
    0xef, 0xe2, 0x00, 0x3f, 0xf9, 0x67, 0xbf, 0xe8, 0xfe, 0x20, 0x02, 0xae,
    0xff, 0xc6, 0x00, 0x5f, 0xe2, 0xaf, 0x29, 0xf1, 0x8f, 0x06, 0xe0, 0x5d,
    0x00, 0x20, 0x00, 0x0a, 0xf2, 0x00, 0x4f, 0x70, 0x00, 0xde, 0x00, 0x04,
    0xf8, 0x00, 0x09, 0xf3, 0x00, 0x0d, 0xf0, 0x00, 0x0f, 0xc0, 0x00, 0x2f,
    0xa0, 0x00, 0x2f, 0x90, 0x00, 0x2f, 0x90, 0x00, 0x1f, 0xa0, 0x00, 0x0f,
    0xd0, 0x00, 0x0c, 0xf1, 0x00, 0x07, 0xf5, 0x00, 0x01, 0xfb, 0x00, 0x00,
    0x9f, 0x20, 0x00, 0x1e, 0xb0, 0x00, 0x03, 0x81, 0x1f, 0xa0, 0x00, 0x07,
    0xf4, 0x00, 0x00, 0xed, 0x00, 0x00, 0x8f, 0x40, 0x00, 0x3f, 0x90, 0x00,
    0x0f, 0xd0, 0x00, 0x0c, 0xf0, 0x00, 0x0a, 0xf2, 0x00, 0x09, 0xf2, 0x00,
    0x09, 0xf2, 0x00, 0x0b, 0xf1, 0x00, 0x0d, 0xf0, 0x00, 0x1f, 0xc0, 0x00,
    0x5f, 0x70, 0x00, 0xbf, 0x10, 0x03, 0xf9, 0x00, 0x0b, 0xe1, 0x00, 0x18,
    0x30, 0x00, 0x00, 0x00, 0x7f, 0x60, 0x00, 0x00, 0x00, 0x05, 0xf4, 0x00,
    0x00, 0x01, 0x00, 0x3f, 0x20, 0x01, 0x00, 0xfd, 0x85, 0xf5, 0x8d, 0xf0,
    0x1b, 0xcd, 0xff, 0xfd, 0xcb, 0x10, 0x00, 0x1e, 0xed, 0x00, 0x00, 0x00,
    0x0a, 0xf3, 0xfa, 0x00, 0x00, 0x06, 0xf9, 0x09, 0xf6, 0x00, 0x00, 0x4d,
    0x20, 0x2d, 0x40, 0x00, 0x00, 0x00, 0x00, 0x00, 0x00, 0x00, 0x00, 0xc5,
    0x00, 0x00, 0x00, 0x00, 0xf6, 0x00, 0x00, 0x00, 0x00, 0xf6, 0x00, 0x00,
    0x00, 0x00, 0xf6, 0x00, 0x00, 0x11, 0x11, 0xf7, 0x11, 0x10, 0xff, 0xff,
    0xff, 0xff, 0xf6, 0x44, 0x44, 0xf9, 0x44, 0x41, 0x00, 0x00, 0xf6, 0x00,
    0x00, 0x00, 0x00, 0xf6, 0x00, 0x00, 0x00, 0x00, 0xf6, 0x00, 0x00, 0x03,
    0xfb, 0x06, 0xf7, 0x09, 0xf2, 0x0d, 0xb0, 0x1f, 0x50, 0x19, 0x99, 0x95,
    0x3f, 0xff, 0xfa, 0x2a, 0x58, 0xfe, 0x4f, 0x90, 0x00, 0x00, 0x0a, 0xf1,
    0x00, 0x00, 0x1f, 0xa0, 0x00, 0x00, 0x6f, 0x40, 0x00, 0x00, 0xde, 0x00,
    0x00, 0x03, 0xf8, 0x00, 0x00, 0x09, 0xf2, 0x00, 0x00, 0x0e, 0xc0, 0x00,
    0x00, 0x5f, 0x60, 0x00, 0x00, 0xbf, 0x00, 0x00, 0x01, 0xfa, 0x00, 0x00,
    0x07, 0xf3, 0x00, 0x00, 0x0d, 0xd0, 0x00, 0x00, 0x3f, 0x70, 0x00, 0x00,
    0x9f, 0x10, 0x00, 0x00, 0x00, 0x07, 0xdf, 0xe9, 0x10, 0x00, 0x09, 0xfd,
    0x8a, 0xfd, 0x10, 0x03, 0xfb, 0x00, 0x04, 0xf9, 0x00, 0x9f, 0x20, 0x00,
    0x0c, 0xf0, 0x0c, 0xe0, 0x00, 0x00, 0x8f, 0x30, 0xec, 0x00, 0x00, 0x06,
    0xf5, 0x0f, 0xc0, 0x00, 0x00, 0x5f, 0x60, 0xfc, 0x00, 0x00, 0x05, 0xf6,
    0x0e, 0xc0, 0x00, 0x00, 0x6f, 0x60, 0xce, 0x00, 0x00, 0x08, 0xf4, 0x09,
    0xf2, 0x00, 0x00, 0xcf, 0x00, 0x2f, 0xb0, 0x00, 0x4f, 0xa0, 0x00, 0x8f,
    0xd8, 0xaf, 0xe2, 0x00, 0x00, 0x6d, 0xfe, 0xa2, 0x00, 0x00, 0x02, 0xdf,
    0x10, 0x05, 0xff, 0xf1, 0x09, 0xfa, 0x9f, 0x10, 0xb7, 0x09, 0xf1, 0x00,
    0x00, 0xaf, 0x10, 0x00, 0x0a, 0xf1, 0x00, 0x00, 0xaf, 0x10, 0x00, 0x0a,
    0xf1, 0x00, 0x00, 0xaf, 0x10, 0x00, 0x0a, 0xf1, 0x00, 0x00, 0xaf, 0x10,
    0x00, 0x0a, 0xf1, 0x00, 0x00, 0xaf, 0x10, 0x00, 0x0a, 0xf1, 0x00, 0x3a,
    0xdf, 0xea, 0x20, 0x00, 0x8f, 0xe9, 0x8b, 0xff, 0x20, 0x03, 0x70, 0x00,
    0x06, 0xf9, 0x00, 0x00, 0x00, 0x00, 0x0f, 0xc0, 0x00, 0x00, 0x00, 0x01,
    0xfb, 0x00, 0x00, 0x00, 0x00, 0x6f, 0x60, 0x00, 0x00, 0x00, 0x1e, 0xd0,
    0x00, 0x00, 0x00, 0x1d, 0xe2, 0x00, 0x00, 0x00, 0x1c, 0xf3, 0x00, 0x00,
    0x00, 0x1d, 0xe3, 0x00, 0x00, 0x00, 0x1d, 0xe3, 0x00, 0x00, 0x00, 0x1d,
    0xe2, 0x00, 0x00, 0x00, 0x0e, 0xfc, 0xaa, 0xaa, 0xaa, 0x40, 0xff, 0xff,
    0xff, 0xff, 0xf6, 0x00, 0x6b, 0xef, 0xeb, 0x40, 0x00, 0xbf, 0xc9, 0x8a,
    0xff, 0x50, 0x02, 0x20, 0x00, 0x03, 0xfc, 0x00, 0x00, 0x00, 0x00, 0x0f,
    0xc0, 0x00, 0x00, 0x00, 0x07, 0xf7, 0x00, 0x00, 0x78, 0x9d, 0xe7, 0x00,
    0x00, 0x0e, 0xff, 0xfa, 0x50, 0x00, 0x00, 0x00, 0x14, 0xbf, 0x80, 0x00,
    0x00, 0x00, 0x00, 0xdf, 0x10, 0x00, 0x00, 0x00, 0x09, 0xf4, 0x00, 0x00,
    0x00, 0x00, 0xbf, 0x30, 0x30, 0x00, 0x00, 0x4f, 0xd0, 0x1f, 0xda, 0x88,
    0xbf, 0xf3, 0x00, 0x7c, 0xef, 0xfd, 0x92, 0x00, 0x00, 0x00, 0x00, 0x3f,
    0xf0, 0x00, 0x00, 0x00, 0x01, 0xef, 0xf0, 0x00, 0x00, 0x00, 0x0b, 0xdb,
    0xf0, 0x00, 0x00, 0x00, 0x7f, 0x3b, 0xf0, 0x00, 0x00, 0x03, 0xf7, 0x0b,
    0xf0, 0x00, 0x00, 0x0d, 0xb0, 0x0b, 0xf0, 0x00, 0x00, 0xae, 0x10, 0x0b,
    0xf0, 0x00, 0x06, 0xf4, 0x00, 0x0b, 0xf0, 0x00, 0x2f, 0x80, 0x00, 0x0b,
    0xf0, 0x00, 0x9f, 0xff, 0xff, 0xff, 0xff, 0xf0, 0x59, 0x99, 0x99, 0x9e,
    0xf9, 0x90, 0x00, 0x00, 0x00, 0x0b, 0xf0, 0x00, 0x00, 0x00, 0x00, 0x0b,
    0xf0, 0x00, 0x00, 0x00, 0x00, 0x0b, 0xf0, 0x00, 0x0e, 0xff, 0xff, 0xff,
    0x40, 0x0f, 0xd9, 0x99, 0x99, 0x20, 0x1f, 0x80, 0x00, 0x00, 0x00, 0x2f,
    0x70, 0x00, 0x00, 0x00, 0x4f, 0x50, 0x00, 0x00, 0x00, 0x5f, 0xee, 0xfe,
    0xa3, 0x00, 0x2b, 0xa8, 0x9b, 0xff, 0x50, 0x00, 0x00, 0x00, 0x3f, 0xe0,
    0x00, 0x00, 0x00, 0x0a, 0xf3, 0x00, 0x00, 0x00, 0x08, 0xf4, 0x00, 0x00,
    0x00, 0x0b, 0xf2, 0x30, 0x00, 0x00, 0x4f, 0xc0, 0xbe, 0xb9, 0x8c, 0xfe,
    0x20, 0x4b, 0xdf, 0xfd, 0x81, 0x00, 0x00, 0x05, 0xbe, 0xff, 0x50, 0x00,
    0xbf, 0xd8, 0x77, 0x30, 0x09, 0xf7, 0x00, 0x00, 0x00, 0x1f, 0x90, 0x00,
    0x00, 0x00, 0x6f, 0x30, 0x00, 0x00, 0x00, 0xaf, 0x2a, 0xff, 0xe8, 0x00,
    0xcf, 0xda, 0x55, 0xbf, 0xa0, 0xdf, 0x60, 0x00, 0x0b, 0xf3, 0xde, 0x00,
    0x00, 0x05, 0xf6, 0xcf, 0x00, 0x00, 0x04, 0xf7, 0x8f, 0x30, 0x00, 0x06,
    0xf5, 0x2f, 0xc1, 0x00, 0x1d, 0xf1, 0x07, 0xfe, 0x89, 0xef, 0x60, 0x00,
    0x5c, 0xff, 0xc4, 0x00, 0x2f, 0xff, 0xff, 0xff, 0xff, 0x71, 0x99, 0x99,
    0x99, 0x9c, 0xf5, 0x00, 0x00, 0x00, 0x00, 0xde, 0x00, 0x00, 0x00, 0x00,
    0x5f, 0x70, 0x00, 0x00, 0x00, 0x0c, 0xf1, 0x00, 0x00, 0x00, 0x04, 0xf8,
    0x00, 0x00, 0x00, 0x00, 0xbf, 0x10, 0x00, 0x00, 0x00, 0x3f, 0xa0, 0x00,
    0x00, 0x00, 0x0a, 0xf2, 0x00, 0x00, 0x00, 0x02, 0xfb, 0x00, 0x00, 0x00,
    0x00, 0xaf, 0x40, 0x00, 0x00, 0x00, 0x1f, 0xc0, 0x00, 0x00, 0x00, 0x09,
    0xf5, 0x00, 0x00, 0x00, 0x01, 0xfd, 0x00, 0x00, 0x00, 0x00, 0x19, 0xdf,
    0xeb, 0x40, 0x00, 0x1e, 0xfa, 0x78, 0xef, 0x60, 0x07, 0xf6, 0x00, 0x01,
    0xfd, 0x00, 0x8f, 0x30, 0x00, 0x0c, 0xf0, 0x04, 0xf8, 0x00, 0x02, 0xfa,
    0x00, 0x09, 0xfa, 0x36, 0xec, 0x00, 0x00, 0x08, 0xff, 0xfa, 0x00, 0x00,
    0x06, 0xfc, 0x7d, 0xfa, 0x10, 0x06, 0xf8, 0x00, 0x05, 0xfc, 0x00, 0xed,
    0x00, 0x00, 0x07, 0xf4, 0x0f, 0xc0, 0x00, 0x00, 0x5f, 0x60, 0xcf, 0x20,
    0x00, 0x0b, 0xf3, 0x04, 0xff, 0x97, 0x8c, 0xf9, 0x00, 0x03, 0xae, 0xff,
    0xc6, 0x00, 0x01, 0x9e, 0xfe, 0x91, 0x00, 0x1e, 0xfb, 0x8a, 0xfd, 0x10,
    0x9f, 0x50, 0x00, 0x4f, 0xa0, 0xed, 0x00, 0x00, 0x0a, 0xf1, 0xfc, 0x00,
    0x00, 0x06, 0xf4, 0xde, 0x00, 0x00, 0x0a, 0xf5, 0x7f, 0xb3, 0x13, 0xae,
    0xf5, 0x08, 0xff, 0xff, 0x98, 0xf4, 0x00, 0x03, 0x31, 0x09, 0xf2, 0x00,
    0x00, 0x00, 0x0d, 0xe0, 0x00, 0x00, 0x00, 0x4f, 0x90, 0x00, 0x00, 0x03,
    0xef, 0x20, 0x09, 0x78, 0xbf, 0xf4, 0x00, 0x0d, 0xff, 0xd8, 0x10, 0x00,
    0x4f, 0x98, 0xfe, 0x2a, 0x50, 0x00, 0x00, 0x00, 0x00, 0x00, 0x00, 0x00,
    0x2a, 0x58, 0xfe, 0x4f, 0x90, 0x04, 0xf8, 0x08, 0xfd, 0x02, 0xa5, 0x00,
    0x00, 0x00, 0x00, 0x00, 0x00, 0x00, 0x00, 0x00, 0x00, 0x00, 0x00, 0x07,
    0xf8, 0x09, 0xf4, 0x0d, 0xe0, 0x0f, 0x80, 0x3e, 0x20, 0x00, 0x00, 0x00,
    0x00, 0x00, 0x00, 0x00, 0x00, 0x04, 0xc6, 0x00, 0x00, 0x04, 0xcf, 0xc2,
    0x00, 0x04, 0xcf, 0xb3, 0x00, 0x04, 0xcf, 0xa3, 0x00, 0x00, 0xcf, 0x92,
    0x00, 0x00, 0x00, 0xbf, 0xd6, 0x00, 0x00, 0x00, 0x02, 0x9f, 0xf8, 0x20,
    0x00, 0x00, 0x01, 0x7e, 0xfb, 0x40, 0x00, 0x00, 0x00, 0x5c, 0xf6, 0x00,
    0x00, 0x00, 0x00, 0x43, 0x12, 0x22, 0x22, 0x22, 0x20, 0xef, 0xff, 0xff,
    0xff, 0xf4, 0x45, 0x55, 0x55, 0x55, 0x51, 0x00, 0x00, 0x00, 0x00, 0x00,
    0x12, 0x22, 0x22, 0x22, 0x20, 0xef, 0xff, 0xff, 0xff, 0xf4, 0x44, 0x44,
    0x44, 0x44, 0x41, 0x00, 0x00, 0x00, 0x00, 0x00, 0xe7, 0x00, 0x00, 0x00,
    0x00, 0x9f, 0xe7, 0x00, 0x00, 0x00, 0x01, 0x8f, 0xe7, 0x00, 0x00, 0x00,
    0x00, 0x7e, 0xe7, 0x00, 0x00, 0x00, 0x00, 0x7e, 0xe4, 0x00, 0x00, 0x03,
    0x9f, 0xe4, 0x00, 0x05, 0xcf, 0xc5, 0x00, 0x28, 0xef, 0xa3, 0x00, 0x00,
    0xff, 0x82, 0x00, 0x00, 0x00, 0x70, 0x00, 0x00, 0x00, 0x00, 0x28, 0xdf,
    0xfd, 0x60, 0x08, 0xfc, 0xa9, 0xdf, 0x90, 0x11, 0x00, 0x00, 0xcf, 0x00,
    0x00, 0x00, 0x09, 0xf2, 0x00, 0x00, 0x00, 0xde, 0x00, 0x00, 0x00, 0xbf,
    0x40, 0x00, 0x01, 0xce, 0x40, 0x00, 0x00, 0xbe, 0x20, 0x00, 0x00, 0x1f,
    0x60, 0x00, 0x00, 0x02, 0xc2, 0x00, 0x00, 0x00, 0x00, 0x00, 0x00, 0x00,
    0x03, 0xa4, 0x00, 0x00, 0x00, 0x9f, 0xc0, 0x00, 0x00, 0x05, 0xf7, 0x00,
    0x00, 0x00, 0x00, 0x18, 0xce, 0xfe, 0xc8, 0x10, 0x00, 0x00, 0x08, 0xfe,
    0x96, 0x56, 0x9e, 0xf6, 0x00, 0x00, 0xaf, 0x60, 0x00, 0x00, 0x00, 0x8f,
    0x60, 0x07, 0xf4, 0x00, 0x9e, 0xfe, 0xc4, 0x08, 0xf1, 0x1f, 0x80, 0x0d,
    0xe7, 0x47, 0xf6, 0x00, 0xf7, 0x6f, 0x10, 0x7f, 0x30, 0x02, 0xf5, 0x00,
    0xbb, 0xac, 0x00, 0xbe, 0x00, 0x03, 0xf5, 0x00, 0x9c, 0xca, 0x00, 0xdc,
    0x00, 0x04, 0xf4, 0x00, 0xbb, 0xca, 0x00, 0xbd, 0x00, 0x08, 0xf4, 0x00,
    0xe8, 0xbb, 0x00, 0x6f, 0x61, 0x4e, 0xd9, 0x18, 0xf1, 0x8f, 0x00, 0x0a,
    0xff, 0xf5, 0x3f, 0xfe, 0x30, 0x2f, 0x70, 0x00, 0x12, 0x00, 0x00, 0x20,
    0x00, 0x09, 0xf5, 0x00, 0x00, 0x00, 0x00, 0x00, 0x00, 0x00, 0xaf, 0xb5,
    0x21, 0x14, 0x8c, 0x00, 0x00, 0x00, 0x04, 0xbf, 0xff, 0xff, 0xe8, 0x00,
    0x00, 0x00, 0x00, 0x00, 0x23, 0x21, 0x00, 0x00, 0x00, 0x00, 0x00, 0x0a,
    0xf6, 0x00, 0x00, 0x00, 0x00, 0x00, 0xff, 0xc0, 0x00, 0x00, 0x00, 0x00,
    0x6f, 0x9f, 0x30, 0x00, 0x00, 0x00, 0x0d, 0xd1, 0xf9, 0x00, 0x00, 0x00,
    0x03, 0xf7, 0x0b, 0xf0, 0x00, 0x00, 0x00, 0x9f, 0x10, 0x5f, 0x60, 0x00,
    0x00, 0x0f, 0xb0, 0x00, 0xec, 0x00, 0x00, 0x06, 0xf5, 0x00, 0x08, 0xf2,
    0x00, 0x00, 0xcf, 0xff, 0xff, 0xff, 0x90, 0x00, 0x3f, 0xc9, 0x99, 0x99,
    0xef, 0x00, 0x09, 0xf2, 0x00, 0x00, 0x07, 0xf5, 0x00, 0xfc, 0x00, 0x00,
    0x00, 0x1f, 0xc0, 0x6f, 0x60, 0x00, 0x00, 0x00, 0xaf, 0x2c, 0xf0, 0x00,
    0x00, 0x00, 0x04, 0xf9, 0x1f, 0xff, 0xff, 0xec, 0x81, 0x01, 0xfe, 0x88,
    0x9a, 0xef, 0xd0, 0x1f, 0xb0, 0x00, 0x00, 0xcf, 0x51, 0xfb, 0x00, 0x00,
    0x07, 0xf6, 0x1f, 0xb0, 0x00, 0x00, 0xcf, 0x21, 0xfd, 0x88, 0x89, 0xde,
    0x50, 0x1f, 0xff, 0xff, 0xff, 0x82, 0x01, 0xfb, 0x00, 0x01, 0x5e, 0xf3,
    0x1f, 0xb0, 0x00, 0x00, 0x3f, 0xb1, 0xfb, 0x00, 0x00, 0x00, 0xfe, 0x1f,
    0xb0, 0x00, 0x00, 0x2f, 0xd1, 0xfb, 0x00, 0x00, 0x0a, 0xf8, 0x1f, 0xe8,
    0x88, 0x9d, 0xfd, 0x11, 0xff, 0xff, 0xff, 0xd8, 0x00, 0x00, 0x02, 0x9d,
    0xff, 0xda, 0x50, 0x00, 0x7f, 0xfc, 0xaa, 0xcf, 0xb0, 0x06, 0xfe, 0x30,
    0x00, 0x01, 0x10, 0x1f, 0xf2, 0x00, 0x00, 0x00, 0x00, 0x6f, 0x90, 0x00,
    0x00, 0x00, 0x00, 0xaf, 0x40, 0x00, 0x00, 0x00, 0x00, 0xbf, 0x20, 0x00,
    0x00, 0x00, 0x00, 0xbf, 0x20, 0x00, 0x00, 0x00, 0x00, 0xaf, 0x40, 0x00,
    0x00, 0x00, 0x00, 0x6f, 0x80, 0x00, 0x00, 0x00, 0x00, 0x1f, 0xf1, 0x00,
    0x00, 0x00, 0x00, 0x08, 0xfd, 0x30, 0x00, 0x00, 0x00, 0x00, 0x9f, 0xfc,
    0xaa, 0xbe, 0x70, 0x00, 0x04, 0xad, 0xff, 0xea, 0x30, 0x1f, 0xff, 0xff,
    0xeb, 0x60, 0x00, 0x01, 0xfe, 0x88, 0x9b, 0xff, 0xd3, 0x00, 0x1f, 0xb0,
    0x00, 0x00, 0x7f, 0xe2, 0x01, 0xfb, 0x00, 0x00, 0x00, 0x7f, 0xa0, 0x1f,
    0xb0, 0x00, 0x00, 0x00, 0xef, 0x11, 0xfb, 0x00, 0x00, 0x00, 0x0a, 0xf3,
    0x1f, 0xb0, 0x00, 0x00, 0x00, 0x8f, 0x51, 0xfb, 0x00, 0x00, 0x00, 0x08,
    0xf4, 0x1f, 0xb0, 0x00, 0x00, 0x00, 0xaf, 0x31, 0xfb, 0x00, 0x00, 0x00,
    0x0e, 0xe0, 0x1f, 0xb0, 0x00, 0x00, 0x08, 0xf9, 0x01, 0xfb, 0x00, 0x00,
    0x18, 0xfd, 0x10, 0x1f, 0xe8, 0x89, 0xbf, 0xfc, 0x20, 0x01, 0xff, 0xff,
    0xfd, 0xa5, 0x00, 0x00, 0x1f, 0xff, 0xff, 0xff, 0xe1, 0xfe, 0x99, 0x99,
    0x98, 0x1f, 0xb0, 0x00, 0x00, 0x01, 0xfb, 0x00, 0x00, 0x00, 0x1f, 0xb0,
    0x00, 0x00, 0x01, 0xfe, 0x99, 0x99, 0x95, 0x1f, 0xff, 0xff, 0xff, 0x91,
    0xfb, 0x00, 0x00, 0x00, 0x1f, 0xb0, 0x00, 0x00, 0x01, 0xfb, 0x00, 0x00,
    0x00, 0x1f, 0xb0, 0x00, 0x00, 0x01, 0xfb, 0x00, 0x00, 0x00, 0x1f, 0xe9,
    0x99, 0x99, 0x81, 0xff, 0xff, 0xff, 0xfe, 0x1f, 0xff, 0xff, 0xff, 0xe1,
    0xfe, 0x99, 0x99, 0x98, 0x1f, 0xb0, 0x00, 0x00, 0x01, 0xfb, 0x00, 0x00,
    0x00, 0x1f, 0xb0, 0x00, 0x00, 0x01, 0xfb, 0x00, 0x00, 0x00, 0x1f, 0xe9,
    0x99, 0x99, 0x51, 0xff, 0xff, 0xff, 0xf8, 0x1f, 0xb0, 0x00, 0x00, 0x01,
    0xfb, 0x00, 0x00, 0x00, 0x1f, 0xb0, 0x00, 0x00, 0x01, 0xfb, 0x00, 0x00,
    0x00, 0x1f, 0xb0, 0x00, 0x00, 0x01, 0xfb, 0x00, 0x00, 0x00, 0x00, 0x01,
    0x7c, 0xef, 0xed, 0x93, 0x00, 0x05, 0xef, 0xeb, 0x9b, 0xdf, 0x90, 0x04,
    0xfe, 0x50, 0x00, 0x00, 0x11, 0x00, 0xef, 0x30, 0x00, 0x00, 0x00, 0x00,
    0x5f, 0x90, 0x00, 0x00, 0x00, 0x00, 0x09, 0xf4, 0x00, 0x00, 0x00, 0x00,
    0x00, 0xbf, 0x20, 0x00, 0x08, 0x99, 0x99, 0x0b, 0xf2, 0x00, 0x00, 0xdf,
    0xff, 0xf1, 0xaf, 0x40, 0x00, 0x00, 0x00, 0xbf, 0x16, 0xf8, 0x00, 0x00,
    0x00, 0x0b, 0xf1, 0x1f, 0xf2, 0x00, 0x00, 0x00, 0xbf, 0x10, 0x7f, 0xe3,
    0x00, 0x00, 0x0b, 0xf1, 0x00, 0x8f, 0xfd, 0xa9, 0x9c, 0xff, 0x10, 0x00,
    0x39, 0xdf, 0xff, 0xda, 0x60, 0x1f, 0xb0, 0x00, 0x00, 0x00, 0xfd, 0x1f,
    0xb0, 0x00, 0x00, 0x00, 0xfd, 0x1f, 0xb0, 0x00, 0x00, 0x00, 0xfd, 0x1f,
    0xb0, 0x00, 0x00, 0x00, 0xfd, 0x1f, 0xb0, 0x00, 0x00, 0x00, 0xfd, 0x1f,
    0xb0, 0x00, 0x00, 0x00, 0xfd, 0x1f, 0xff, 0xff, 0xff, 0xff, 0xfd, 0x1f,
    0xe9, 0x99, 0x99, 0x99, 0xfd, 0x1f, 0xb0, 0x00, 0x00, 0x00, 0xfd, 0x1f,
    0xb0, 0x00, 0x00, 0x00, 0xfd, 0x1f, 0xb0, 0x00, 0x00, 0x00, 0xfd, 0x1f,
    0xb0, 0x00, 0x00, 0x00, 0xfd, 0x1f, 0xb0, 0x00, 0x00, 0x00, 0xfd, 0x1f,
    0xb0, 0x00, 0x00, 0x00, 0xfd, 0x3f, 0xff, 0xff, 0x02, 0xaf, 0x81, 0x00,
    0x8f, 0x40, 0x00, 0x8f, 0x40, 0x00, 0x8f, 0x40, 0x00, 0x8f, 0x40, 0x00,
    0x8f, 0x40, 0x00, 0x8f, 0x40, 0x00, 0x8f, 0x40, 0x00, 0x8f, 0x40, 0x00,
    0x8f, 0x40, 0x00, 0x8f, 0x40, 0x02, 0xaf, 0x81, 0x3f, 0xff, 0xff, 0x00,
    0x02, 0xfa, 0x00, 0x02, 0xfa, 0x00, 0x02, 0xfa, 0x00, 0x02, 0xfa, 0x00,
    0x02, 0xfa, 0x00, 0x02, 0xfa, 0x00, 0x02, 0xfa, 0x00, 0x02, 0xfa, 0x00,
    0x02, 0xfa, 0x00, 0x02, 0xfa, 0x00, 0x02, 0xfa, 0x00, 0x02, 0xfa, 0x00,
    0x02, 0xfa, 0x00, 0x02, 0xfa, 0x00, 0x03, 0xf9, 0x00, 0x07, 0xf6, 0x6a,
    0xbf, 0xe1, 0x7f, 0xfb, 0x20, 0x1f, 0xb0, 0x00, 0x00, 0x6f, 0xa0, 0x1f,
    0xb0, 0x00, 0x05, 0xfb, 0x00, 0x1f, 0xb0, 0x00, 0x3f, 0xc0, 0x00, 0x1f,
    0xb0, 0x02, 0xfd, 0x10, 0x00, 0x1f, 0xb0, 0x2e, 0xd1, 0x00, 0x00, 0x1f,
    0xb1, 0xde, 0x20, 0x00, 0x00, 0x1f, 0xcd, 0xfc, 0x00, 0x00, 0x00, 0x1f,
    0xfd, 0xbf, 0x80, 0x00, 0x00, 0x1f, 0xd1, 0x0d, 0xf4, 0x00, 0x00, 0x1f,
    0xb0, 0x02, 0xfe, 0x10, 0x00, 0x1f, 0xb0, 0x00, 0x6f, 0xc0, 0x00, 0x1f,
    0xb0, 0x00, 0x0a, 0xf8, 0x00, 0x1f, 0xb0, 0x00, 0x00, 0xdf, 0x40, 0x1f,
    0xb0, 0x00, 0x00, 0x2f, 0xe1, 0x1f, 0xb0, 0x00, 0x00, 0x01, 0xfb, 0x00,
    0x00, 0x00, 0x1f, 0xb0, 0x00, 0x00, 0x01, 0xfb, 0x00, 0x00, 0x00, 0x1f,
    0xb0, 0x00, 0x00, 0x01, 0xfb, 0x00, 0x00, 0x00, 0x1f, 0xb0, 0x00, 0x00,
    0x01, 0xfb, 0x00, 0x00, 0x00, 0x1f, 0xb0, 0x00, 0x00, 0x01, 0xfb, 0x00,
    0x00, 0x00, 0x1f, 0xb0, 0x00, 0x00, 0x01, 0xfb, 0x00, 0x00, 0x00, 0x1f,
    0xe9, 0x99, 0x99, 0x91, 0xff, 0xff, 0xff, 0xff, 0x1f, 0xfc, 0x00, 0x00,
    0x00, 0x00, 0xaf, 0xf3, 0x1f, 0xef, 0x20, 0x00, 0x00, 0x00, 0xff, 0xf3,
    0x1f, 0x9f, 0x80, 0x00, 0x00, 0x06, 0xfa, 0xf3, 0x1f, 0x9a, 0xe0, 0x00,
    0x00, 0x0c, 0xc8, 0xf3, 0x1f, 0x94, 0xf5, 0x00, 0x00, 0x3f, 0x69, 0xf3,
    0x1f, 0x90, 0xeb, 0x00, 0x00, 0x9f, 0x09, 0xf3, 0x1f, 0x90, 0x8f, 0x10,
    0x00, 0xfa, 0x09, 0xf3, 0x1f, 0x90, 0x2f, 0x70, 0x05, 0xf3, 0x09, 0xf3,
    0x1f, 0x90, 0x0d, 0xd0, 0x0c, 0xd0, 0x09, 0xf3, 0x1f, 0x90, 0x07, 0xf3,
    0x2f, 0x70, 0x09, 0xf3, 0x1f, 0x90, 0x01, 0xfa, 0x8f, 0x10, 0x09, 0xf3,
    0x1f, 0x90, 0x00, 0xbf, 0xeb, 0x00, 0x09, 0xf3, 0x1f, 0x90, 0x00, 0x5f,
    0xf4, 0x00, 0x09, 0xf3, 0x1f, 0x90, 0x00, 0x0e, 0xe0, 0x00, 0x09, 0xf3,
    0x1f, 0xf5, 0x00, 0x00, 0x00, 0x6f, 0x41, 0xff, 0xe1, 0x00, 0x00, 0x06,
    0xf4, 0x1f, 0xdf, 0x90, 0x00, 0x00, 0x6f, 0x41, 0xf8, 0xbf, 0x40, 0x00,
    0x06, 0xf4, 0x1f, 0x82, 0xfd, 0x00, 0x00, 0x6f, 0x41, 0xf9, 0x06, 0xf8,
    0x00, 0x06, 0xf4, 0x1f, 0x90, 0x0c, 0xf3, 0x00, 0x6f, 0x41, 0xf9, 0x00,
    0x2f, 0xc0, 0x06, 0xf4, 0x1f, 0x90, 0x00, 0x7f, 0x70, 0x6f, 0x41, 0xf9,
    0x00, 0x00, 0xcf, 0x26, 0xf4, 0x1f, 0x90, 0x00, 0x02, 0xfb, 0x5f, 0x41,
    0xf9, 0x00, 0x00, 0x07, 0xfb, 0xf4, 0x1f, 0x90, 0x00, 0x00, 0x0c, 0xff,
    0x41, 0xf9, 0x00, 0x00, 0x00, 0x3f, 0xf4, 0x00, 0x04, 0xad, 0xfe, 0xc8,
    0x10, 0x00, 0x00, 0x9f, 0xfc, 0xaa, 0xdf, 0xe4, 0x00, 0x08, 0xfc, 0x20,
    0x00, 0x04, 0xff, 0x20, 0x1f, 0xe1, 0x00, 0x00, 0x00, 0x5f, 0xb0, 0x7f,
    0x80, 0x00, 0x00, 0x00, 0x0d, 0xf1, 0xaf, 0x40, 0x00, 0x00, 0x00, 0x0a,
    0xf4, 0xbf, 0x20, 0x00, 0x00, 0x00, 0x08, 0xf5, 0xbf, 0x20, 0x00, 0x00,
    0x00, 0x08, 0xf5, 0xaf, 0x40, 0x00, 0x00, 0x00, 0x0a, 0xf4, 0x7f, 0x80,
    0x00, 0x00, 0x00, 0x0e, 0xf1, 0x2f, 0xe1, 0x00, 0x00, 0x00, 0x5f, 0xb0,
    0x09, 0xfc, 0x10, 0x00, 0x04, 0xff, 0x20, 0x00, 0xaf, 0xfb, 0x9a, 0xdf,
    0xf4, 0x00, 0x00, 0x04, 0xae, 0xff, 0xd8, 0x10, 0x00, 0x1f, 0xff, 0xff,
    0xd9, 0x20, 0x01, 0xfe, 0x88, 0x9d, 0xff, 0x30, 0x1f, 0xb0, 0x00, 0x07,
    0xfc, 0x01, 0xfb, 0x00, 0x00, 0x0e, 0xf0, 0x1f, 0xb0, 0x00, 0x00, 0xdf,
    0x01, 0xfb, 0x00, 0x00, 0x1f, 0xd0, 0x1f, 0xb0, 0x01, 0x5d, 0xf6, 0x01,
    0xff, 0xff, 0xff, 0xf7, 0x00, 0x1f, 0xe9, 0x87, 0x51, 0x00, 0x01, 0xfb,
    0x00, 0x00, 0x00, 0x00, 0x1f, 0xb0, 0x00, 0x00, 0x00, 0x01, 0xfb, 0x00,
    0x00, 0x00, 0x00, 0x1f, 0xb0, 0x00, 0x00, 0x00, 0x01, 0xfb, 0x00, 0x00,
    0x00, 0x00, 0x00, 0x04, 0xad, 0xfe, 0xc8, 0x10, 0x00, 0x00, 0x9f, 0xfc,
    0xaa, 0xdf, 0xe4, 0x00, 0x08, 0xfc, 0x20, 0x00, 0x04, 0xff, 0x20, 0x1f,
    0xe1, 0x00, 0x00, 0x00, 0x5f, 0xb0, 0x7f, 0x80, 0x00, 0x00, 0x00, 0x0d,
    0xf1, 0xaf, 0x40, 0x00, 0x00, 0x00, 0x0a, 0xf4, 0xbf, 0x20, 0x00, 0x00,
    0x00, 0x08, 0xf5, 0xbf, 0x20, 0x00, 0x00, 0x00, 0x08, 0xf5, 0xaf, 0x40,
    0x00, 0x00, 0x00, 0x0a, 0xf4, 0x7f, 0x80, 0x00, 0x00, 0x00, 0x0e, 0xf0,
    0x2f, 0xe1, 0x00, 0x00, 0x00, 0x5f, 0xa0, 0x09, 0xfc, 0x10, 0x00, 0x04,
    0xff, 0x20, 0x00, 0xaf, 0xfb, 0x9a, 0xdf, 0xf4, 0x00, 0x00, 0x04, 0xae,
    0xff, 0xfa, 0x10, 0x00, 0x00, 0x00, 0x00, 0x04, 0xfe, 0x20, 0x00, 0x00,
    0x00, 0x00, 0x00, 0x5f, 0xe3, 0x00, 0x00, 0x00, 0x00, 0x00, 0x06, 0xfe,
    0x30, 0x1f, 0xff, 0xff, 0xda, 0x30, 0x00, 0x1f, 0xe9, 0x99, 0xcf, 0xf4,
    0x00, 0x1f, 0xb0, 0x00, 0x04, 0xfd, 0x00, 0x1f, 0xb0, 0x00, 0x00, 0xdf,
    0x00, 0x1f, 0xb0, 0x00, 0x00, 0xef, 0x00, 0x1f, 0xb0, 0x00, 0x05, 0xfb,
    0x00, 0x1f, 0xe8, 0x89, 0xcf, 0xd1, 0x00, 0x1f, 0xff, 0xff, 0xf8, 0x00,
    0x00, 0x1f, 0xb0, 0x02, 0xfc, 0x00, 0x00, 0x1f, 0xb0, 0x00, 0x8f, 0x60,
    0x00, 0x1f, 0xb0, 0x00, 0x0e, 0xf1, 0x00, 0x1f, 0xb0, 0x00, 0x06, 0xfa,
    0x00, 0x1f, 0xb0, 0x00, 0x00, 0xcf, 0x30, 0x1f, 0xb0, 0x00, 0x00, 0x3f,
    0xd0, 0x01, 0x9d, 0xfe, 0xd9, 0x30, 0x2e, 0xfc, 0x9a, 0xdf, 0x70, 0xaf,
    0x60, 0x00, 0x01, 0x00, 0xcf, 0x00, 0x00, 0x00, 0x00, 0xaf, 0x40, 0x00,
    0x00, 0x00, 0x2f, 0xe6, 0x00, 0x00, 0x00, 0x03, 0xdf, 0xe9, 0x20, 0x00,
    0x00, 0x04, 0xbf, 0xf9, 0x00, 0x00, 0x00, 0x01, 0xbf, 0x90, 0x00, 0x00,
    0x00, 0x0e, 0xf0, 0x00, 0x00, 0x00, 0x0d, 0xf0, 0x30, 0x00, 0x00, 0x4f,
    0xc0, 0xfe, 0xba, 0x9c, 0xff, 0x30, 0x7c, 0xef, 0xfd, 0x91, 0x00, 0xcf,
    0xff, 0xff, 0xff, 0xff, 0xe7, 0x99, 0x9b, 0xfc, 0x99, 0x98, 0x00, 0x00,
    0x5f, 0x70, 0x00, 0x00, 0x00, 0x05, 0xf7, 0x00, 0x00, 0x00, 0x00, 0x5f,
    0x70, 0x00, 0x00, 0x00, 0x05, 0xf7, 0x00, 0x00, 0x00, 0x00, 0x5f, 0x70,
    0x00, 0x00, 0x00, 0x05, 0xf7, 0x00, 0x00, 0x00, 0x00, 0x5f, 0x70, 0x00,
    0x00, 0x00, 0x05, 0xf7, 0x00, 0x00, 0x00, 0x00, 0x5f, 0x70, 0x00, 0x00,
    0x00, 0x05, 0xf7, 0x00, 0x00, 0x00, 0x00, 0x5f, 0x70, 0x00, 0x00, 0x00,
    0x05, 0xf7, 0x00, 0x00, 0x3f, 0x90, 0x00, 0x00, 0x00, 0xfc, 0x3f, 0x90,
    0x00, 0x00, 0x00, 0xfc, 0x3f, 0x90, 0x00, 0x00, 0x00, 0xfc, 0x3f, 0x90,
    0x00, 0x00, 0x00, 0xfc, 0x3f, 0x90, 0x00, 0x00, 0x00, 0xfc, 0x3f, 0x90,
    0x00, 0x00, 0x00, 0xfc, 0x3f, 0x90, 0x00, 0x00, 0x00, 0xfc, 0x3f, 0x90,
    0x00, 0x00, 0x00, 0xfc, 0x3f, 0x90, 0x00, 0x00, 0x00, 0xfc, 0x2f, 0xa0,
    0x00, 0x00, 0x00, 0xfb, 0x0f, 0xe0, 0x00, 0x00, 0x04, 0xf8, 0x09, 0xf9,
    0x00, 0x00, 0x1d, 0xf2, 0x00, 0xcf, 0xeb, 0x9b, 0xff, 0x60, 0x00, 0x07,
    0xcf, 0xfe, 0xa3, 0x00, 0xdf, 0x10, 0x00, 0x00, 0x01, 0xfd, 0x7f, 0x60,
    0x00, 0x00, 0x07, 0xf7, 0x1f, 0xc0, 0x00, 0x00, 0x0c, 0xf1, 0x0b, 0xf2,
    0x00, 0x00, 0x2f, 0xb0, 0x05, 0xf7, 0x00, 0x00, 0x8f, 0x50, 0x00, 0xfd,
    0x00, 0x00, 0xdf, 0x00, 0x00, 0xaf, 0x30, 0x03, 0xfa, 0x00, 0x00, 0x4f,
    0x80, 0x09, 0xf4, 0x00, 0x00, 0x0e, 0xe0, 0x0e, 0xe0, 0x00, 0x00, 0x08,
    0xf4, 0x4f, 0x80, 0x00, 0x00, 0x02, 0xf9, 0x9f, 0x20, 0x00, 0x00, 0x00,
    0xdd, 0xed, 0x00, 0x00, 0x00, 0x00, 0x7f, 0xf7, 0x00, 0x00, 0x00, 0x00,
    0x1f, 0xf1, 0x00, 0x00, 0xaf, 0x40, 0x00, 0x00, 0xdf, 0x40, 0x00, 0x00,
    0xaf, 0x35, 0xf8, 0x00, 0x00, 0x2f, 0xf9, 0x00, 0x00, 0x0e, 0xe0, 0x1f,
    0xc0, 0x00, 0x07, 0xfb, 0xe0, 0x00, 0x03, 0xfa, 0x00, 0xdf, 0x00, 0x00,
    0xbd, 0x5f, 0x30, 0x00, 0x7f, 0x60, 0x08, 0xf4, 0x00, 0x1f, 0x91, 0xf8,
    0x00, 0x0b, 0xf1, 0x00, 0x4f, 0x80, 0x05, 0xf4, 0x0c, 0xd0, 0x00, 0xfd,
    0x00, 0x00, 0xfc, 0x00, 0xaf, 0x00, 0x7f, 0x20, 0x3f, 0x90, 0x00, 0x0b,
    0xf1, 0x0e, 0xb0, 0x03, 0xf7, 0x07, 0xf4, 0x00, 0x00, 0x7f, 0x53, 0xf6,
    0x00, 0x0e, 0xc0, 0xbf, 0x00, 0x00, 0x03, 0xf8, 0x8f, 0x20, 0x00, 0x9f,
    0x1f, 0xc0, 0x00, 0x00, 0x0e, 0xcb, 0xd0, 0x00, 0x05, 0xf7, 0xf7, 0x00,
    0x00, 0x00, 0xaf, 0xe9, 0x00, 0x00, 0x0f, 0xdf, 0x30, 0x00, 0x00, 0x06,
    0xff, 0x40, 0x00, 0x00, 0xbf, 0xf0, 0x00, 0x00, 0x00, 0x1f, 0xf0, 0x00,
    0x00, 0x06, 0xfa, 0x00, 0x00, 0x4f, 0xb0, 0x00, 0x00, 0x0d, 0xe1, 0x0a,
    0xf5, 0x00, 0x00, 0x8f, 0x40, 0x01, 0xee, 0x10, 0x03, 0xfa, 0x00, 0x00,
    0x4f, 0x90, 0x0d, 0xe1, 0x00, 0x00, 0x0a, 0xf3, 0x7f, 0x50, 0x00, 0x00,
    0x01, 0xee, 0xfa, 0x00, 0x00, 0x00, 0x00, 0x6f, 0xf1, 0x00, 0x00, 0x00,
    0x00, 0xbf, 0xf6, 0x00, 0x00, 0x00, 0x05, 0xf7, 0xdf, 0x10, 0x00, 0x00,
    0x1e, 0xc0, 0x3f, 0xb0, 0x00, 0x00, 0xaf, 0x30, 0x09, 0xf5, 0x00, 0x04,
    0xf8, 0x00, 0x00, 0xee, 0x10, 0x0e, 0xe0, 0x00, 0x00, 0x5f, 0xa0, 0x9f,
    0x40, 0x00, 0x00, 0x0b, 0xf5, 0xbf, 0x30, 0x00, 0x00, 0x0d, 0xf1, 0x2f,
    0xb0, 0x00, 0x00, 0x6f, 0x70, 0x09, 0xf4, 0x00, 0x00, 0xee, 0x00, 0x01,
    0xfc, 0x00, 0x07, 0xf5, 0x00, 0x00, 0x8f, 0x40, 0x1e, 0xc0, 0x00, 0x00,
    0x0e, 0xd0, 0x8f, 0x40, 0x00, 0x00, 0x06, 0xf7, 0xfb, 0x00, 0x00, 0x00,
    0x00, 0xdf, 0xf2, 0x00, 0x00, 0x00, 0x00, 0x5f, 0xa0, 0x00, 0x00, 0x00,
    0x00, 0x3f, 0x90, 0x00, 0x00, 0x00, 0x00, 0x3f, 0x90, 0x00, 0x00, 0x00,
    0x00, 0x3f, 0x90, 0x00, 0x00, 0x00, 0x00, 0x3f, 0x90, 0x00, 0x00, 0x00,
    0x00, 0x3f, 0x90, 0x00, 0x00, 0x0f, 0xff, 0xff, 0xff, 0xff, 0x70, 0x99,
    0x99, 0x99, 0x9f, 0xf5, 0x00, 0x00, 0x00, 0x05, 0xfa, 0x00, 0x00, 0x00,
    0x01, 0xee, 0x10, 0x00, 0x00, 0x00, 0xbf, 0x50, 0x00, 0x00, 0x00, 0x6f,
    0xa0, 0x00, 0x00, 0x00, 0x1f, 0xe1, 0x00, 0x00, 0x00, 0x0b, 0xf4, 0x00,
    0x00, 0x00, 0x06, 0xf9, 0x00, 0x00, 0x00, 0x02, 0xfd, 0x00, 0x00, 0x00,
    0x00, 0xcf, 0x30, 0x00, 0x00, 0x00, 0x7f, 0x80, 0x00, 0x00, 0x00, 0x2f,
    0xfa, 0x99, 0x99, 0x99, 0x63, 0xff, 0xff, 0xff, 0xff, 0xfa, 0x6f, 0xff,
    0xf1, 0x6f, 0x97, 0x70, 0x6f, 0x50, 0x00, 0x6f, 0x50, 0x00, 0x6f, 0x50,
    0x00, 0x6f, 0x50, 0x00, 0x6f, 0x50, 0x00, 0x6f, 0x50, 0x00, 0x6f, 0x50,
    0x00, 0x6f, 0x50, 0x00, 0x6f, 0x50, 0x00, 0x6f, 0x50, 0x00, 0x6f, 0x50,
    0x00, 0x6f, 0x50, 0x00, 0x6f, 0x50, 0x00, 0x6f, 0x62, 0x20, 0x6f, 0xff,
    0xf1, 0x25, 0x55, 0x50, 0x9f, 0x10, 0x00, 0x00, 0x3f, 0x70, 0x00, 0x00,
    0x0d, 0xd0, 0x00, 0x00, 0x07, 0xf4, 0x00, 0x00, 0x01, 0xfa, 0x00, 0x00,
    0x00, 0xbf, 0x00, 0x00, 0x00, 0x5f, 0x60, 0x00, 0x00, 0x0e, 0xc0, 0x00,
    0x00, 0x09, 0xf2, 0x00, 0x00, 0x03, 0xf8, 0x00, 0x00, 0x00, 0xde, 0x00,
    0x00, 0x00, 0x6f, 0x40, 0x00, 0x00, 0x1f, 0xb0, 0x00, 0x00, 0x0a, 0xf1,
    0x8f, 0xff, 0xf3, 0x77, 0xdf, 0x00, 0x0b, 0xf0, 0x00, 0xbf, 0x00, 0x0b,
    0xf0, 0x00, 0xbf, 0x00, 0x0b, 0xf0, 0x00, 0xbf, 0x00, 0x0b, 0xf0, 0x00,
    0xbf, 0x00, 0x0b, 0xf0, 0x00, 0xbf, 0x00, 0x0b, 0xf0, 0x00, 0xbf, 0x00,
    0x0b, 0xf1, 0x22, 0xcf, 0x8f, 0xff, 0xf2, 0x55, 0x54, 0x00, 0x00, 0x3f,
    0x40, 0x00, 0x00, 0x00, 0x0b, 0xfc, 0x00, 0x00, 0x00, 0x02, 0xf6, 0xf4,
    0x00, 0x00, 0x00, 0xac, 0x0a, 0xd0, 0x00, 0x00, 0x2f, 0x50, 0x2f, 0x50,
    0x00, 0x09, 0xd0, 0x00, 0xad, 0x00, 0x01, 0xf6, 0x00, 0x02, 0xf6, 0x00,
    0x8e, 0x00, 0x00, 0x0a, 0xe0, 0x0f, 0x80, 0x00, 0x00, 0x2f, 0x60, 0x01,
    0x11, 0x11, 0x11, 0x10, 0x0f, 0xff, 0xff, 0xff, 0xfe, 0x03, 0x33, 0x33,
    0x33, 0x33, 0x1d, 0xf3, 0x00, 0x2e, 0xc0, 0x00, 0x2d, 0x90, 0x00, 0x39,
    0xdf, 0xfb, 0x30, 0x00, 0xbe, 0x97, 0x9f, 0xf2, 0x00, 0x20, 0x00, 0x07,
    0xf7, 0x00, 0x00, 0x00, 0x03, 0xf9, 0x00, 0x00, 0x00, 0x02, 0xf9, 0x00,
    0x5b, 0xef, 0xff, 0xf9, 0x08, 0xfc, 0x53, 0x35, 0xf9, 0x0f, 0xe0, 0x00,
    0x03, 0xf9, 0x0f, 0xc0, 0x00, 0x09, 0xf9, 0x0b, 0xf8, 0x45, 0xac, 0xf9,
    0x01, 0x9e, 0xfe, 0x80, 0xc9, 0x4f, 0x70, 0x00, 0x00, 0x00, 0x04, 0xf7,
    0x00, 0x00, 0x00, 0x00, 0x4f, 0x70, 0x00, 0x00, 0x00, 0x04, 0xf7, 0x00,
    0x00, 0x00, 0x00, 0x4f, 0x65, 0xcf, 0xea, 0x20, 0x04, 0xfc, 0xf9, 0x8b,
    0xfe, 0x10, 0x4f, 0xf2, 0x00, 0x06, 0xfa, 0x04, 0xfa, 0x00, 0x00, 0x0e,
    0xf0, 0x4f, 0x80, 0x00, 0x00, 0xbf, 0x24, 0xf7, 0x00, 0x00, 0x0a, 0xf2,
    0x4f, 0x80, 0x00, 0x00, 0xbf, 0x14, 0xfb, 0x00, 0x00, 0x0e, 0xf0, 0x4f,
    0xf2, 0x00, 0x06, 0xf9, 0x04, 0xfb, 0xf9, 0x7a, 0xfe, 0x10, 0x4f, 0x16,
    0xdf, 0xea, 0x20, 0x00, 0x00, 0x5c, 0xef, 0xd8, 0x09, 0xfe, 0x99, 0xc9,
    0x4f, 0xc0, 0x00, 0x00, 0xaf, 0x30, 0x00, 0x00, 0xcf, 0x00, 0x00, 0x00,
    0xef, 0x00, 0x00, 0x00, 0xdf, 0x00, 0x00, 0x00, 0xaf, 0x30, 0x00, 0x00,
    0x4f, 0xb0, 0x00, 0x00, 0x0a, 0xfd, 0x99, 0xbb, 0x00, 0x6c, 0xff, 0xd6,
    0x00, 0x00, 0x00, 0x02, 0xf9, 0x00, 0x00, 0x00, 0x02, 0xf9, 0x00, 0x00,
    0x00, 0x02, 0xf9, 0x00, 0x00, 0x00, 0x02, 0xf9, 0x00, 0x8d, 0xfd, 0x72,
    0xf9, 0x0b, 0xfc, 0x88, 0xdc, 0xf9, 0x5f, 0xb0, 0x00, 0x0d, 0xf9, 0xaf,
    0x40, 0x00, 0x06, 0xf9, 0xdf, 0x00, 0x00, 0x03, 0xf9, 0xef, 0x00, 0x00,
    0x02, 0xf9, 0xdf, 0x00, 0x00, 0x03, 0xf9, 0xbf, 0x30, 0x00, 0x05, 0xf9,
    0x5f, 0xb0, 0x00, 0x0c, 0xf9, 0x0b, 0xfc, 0x78, 0xdb, 0xf9, 0x00, 0x8e,
    0xfd, 0x70, 0xe9, 0x00, 0x5c, 0xfe, 0xb3, 0x00, 0x08, 0xfb, 0x88, 0xef,
    0x50, 0x3f, 0x80, 0x00, 0x1e, 0xe0, 0x9f, 0x21, 0x11, 0x1a, 0xf2, 0xcf,
    0xff, 0xff, 0xff, 0xf4, 0xef, 0x44, 0x44, 0x44, 0x41, 0xdf, 0x10, 0x00,
    0x00, 0x00, 0xaf, 0x50, 0x00, 0x00, 0x00, 0x3f, 0xe1, 0x00, 0x00, 0x20,
    0x08, 0xff, 0x98, 0xad, 0xc0, 0x00, 0x4b, 0xef, 0xeb, 0x50, 0x00, 0x07,
    0xdf, 0xe7, 0x00, 0x6f, 0xd7, 0x84, 0x00, 0xbf, 0x10, 0x00, 0x00, 0xcf,
    0x00, 0x00, 0x6d, 0xff, 0xff, 0xa0, 0x46, 0xef, 0x66, 0x30, 0x00, 0xdf,
    0x00, 0x00, 0x00, 0xdf, 0x00, 0x00, 0x00, 0xdf, 0x00, 0x00, 0x00, 0xdf,
    0x00, 0x00, 0x00, 0xdf, 0x00, 0x00, 0x00, 0xdf, 0x00, 0x00, 0x00, 0xdf,
    0x00, 0x00, 0x00, 0xdf, 0x00, 0x00, 0x00, 0xdf, 0x00, 0x00, 0x00, 0x8d,
    0xfd, 0x80, 0xe9, 0x0b, 0xfd, 0x89, 0xeb, 0xf9, 0x5f, 0xb0, 0x00, 0x1d,
    0xf9, 0xaf, 0x30, 0x00, 0x06, 0xf9, 0xdf, 0x00, 0x00, 0x03, 0xf9, 0xef,
    0x00, 0x00, 0x02, 0xf9, 0xdf, 0x00, 0x00, 0x03, 0xf9, 0xaf, 0x30, 0x00,
    0x05, 0xf9, 0x5f, 0xa0, 0x00, 0x0c, 0xf9, 0x0b, 0xfc, 0x78, 0xdc, 0xf9,
    0x00, 0x8e, 0xfe, 0x82, 0xf9, 0x00, 0x00, 0x00, 0x02, 0xf9, 0x00, 0x00,
    0x00, 0x05, 0xf7, 0x02, 0x00, 0x00, 0x1d, 0xf3, 0x1f, 0xc9, 0x89, 0xef,
    0x90, 0x07, 0xce, 0xff, 0xc6, 0x00, 0x4f, 0x70, 0x00, 0x00, 0x00, 0x4f,
    0x70, 0x00, 0x00, 0x00, 0x4f, 0x70, 0x00, 0x00, 0x00, 0x4f, 0x70, 0x00,
    0x00, 0x00, 0x4f, 0x74, 0xcf, 0xfb, 0x30, 0x4f, 0xbf, 0xa8, 0xaf, 0xf2,
    0x4f, 0xf3, 0x00, 0x06, 0xf8, 0x4f, 0xb0, 0x00, 0x01, 0xfb, 0x4f, 0x80,
    0x00, 0x00, 0xfb, 0x4f, 0x70, 0x00, 0x00, 0xfb, 0x4f, 0x70, 0x00, 0x00,
    0xfb, 0x4f, 0x70, 0x00, 0x00, 0xfb, 0x4f, 0x70, 0x00, 0x00, 0xfb, 0x4f,
    0x70, 0x00, 0x00, 0xfb, 0x4f, 0x70, 0x00, 0x00, 0xfb, 0x3f, 0x65, 0xf8,
    0x03, 0x00, 0x00, 0x4f, 0x74, 0xf7, 0x4f, 0x74, 0xf7, 0x4f, 0x74, 0xf7,
    0x4f, 0x74, 0xf7, 0x4f, 0x74, 0xf7, 0x4f, 0x70, 0x00, 0x03, 0xf6, 0x00,
    0x05, 0xf8, 0x00, 0x00, 0x30, 0x00, 0x00, 0x00, 0x00, 0x04, 0xf7, 0x00,
    0x04, 0xf7, 0x00, 0x04, 0xf7, 0x00, 0x04, 0xf7, 0x00, 0x04, 0xf7, 0x00,
    0x04, 0xf7, 0x00, 0x04, 0xf7, 0x00, 0x04, 0xf7, 0x00, 0x04, 0xf7, 0x00,
    0x04, 0xf7, 0x00, 0x04, 0xf7, 0x00, 0x04, 0xf7, 0x00, 0x04, 0xf7, 0x00,
    0x06, 0xf5, 0x08, 0x8e, 0xf1, 0x1e, 0xfd, 0x50, 0x4f, 0x70, 0x00, 0x00,
    0x00, 0x4f, 0x70, 0x00, 0x00, 0x00, 0x4f, 0x70, 0x00, 0x00, 0x00, 0x4f,
    0x70, 0x00, 0x00, 0x00, 0x4f, 0x70, 0x00, 0x5f, 0xb0, 0x4f, 0x70, 0x04,
    0xfc, 0x00, 0x4f, 0x70, 0x3f, 0xd1, 0x00, 0x4f, 0x62, 0xed, 0x10, 0x00,
    0x4f, 0x7d, 0xf2, 0x00, 0x00, 0x4f, 0xef, 0xf7, 0x00, 0x00, 0x4f, 0xd2,
    0xdf, 0x30, 0x00, 0x4f, 0x70, 0x3f, 0xd0, 0x00, 0x4f, 0x70, 0x07, 0xfa,
    0x00, 0x4f, 0x70, 0x00, 0xbf, 0x60, 0x4f, 0x70, 0x00, 0x1e, 0xf2, 0x4f,
    0x74, 0xf7, 0x4f, 0x74, 0xf7, 0x4f, 0x74, 0xf7, 0x4f, 0x74, 0xf7, 0x4f,
    0x74, 0xf7, 0x4f, 0x74, 0xf7, 0x4f, 0x74, 0xf7, 0x4f, 0x70, 0x4f, 0x35,
    0xcf, 0xe9, 0x10, 0x8d, 0xfd, 0x70, 0x04, 0xfa, 0xf9, 0x8c, 0xfb, 0xbe,
    0x98, 0xdf, 0x80, 0x4f, 0xf2, 0x00, 0x0d, 0xfd, 0x10, 0x01, 0xfe, 0x04,
    0xfa, 0x00, 0x00, 0x8f, 0x70, 0x00, 0x0b, 0xf0, 0x4f, 0x80, 0x00, 0x07,
    0xf5, 0x00, 0x00, 0xaf, 0x14, 0xf7, 0x00, 0x00, 0x7f, 0x40, 0x00, 0x0a,
    0xf1, 0x4f, 0x70, 0x00, 0x07, 0xf4, 0x00, 0x00, 0xaf, 0x14, 0xf7, 0x00,
    0x00, 0x7f, 0x40, 0x00, 0x0a, 0xf1, 0x4f, 0x70, 0x00, 0x07, 0xf4, 0x00,
    0x00, 0xaf, 0x14, 0xf7, 0x00, 0x00, 0x7f, 0x40, 0x00, 0x0a, 0xf1, 0x4f,
    0x70, 0x00, 0x07, 0xf4, 0x00, 0x00, 0xaf, 0x10, 0x4f, 0x34, 0xcf, 0xeb,
    0x30, 0x4f, 0xaf, 0xa8, 0xaf, 0xf2, 0x4f, 0xf3, 0x00, 0x06, 0xf8, 0x4f,
    0xb0, 0x00, 0x01, 0xfb, 0x4f, 0x80, 0x00, 0x00, 0xfb, 0x4f, 0x70, 0x00,
    0x00, 0xfb, 0x4f, 0x70, 0x00, 0x00, 0xfb, 0x4f, 0x70, 0x00, 0x00, 0xfb,
    0x4f, 0x70, 0x00, 0x00, 0xfb, 0x4f, 0x70, 0x00, 0x00, 0xfb, 0x4f, 0x70,
    0x00, 0x00, 0xfb, 0x00, 0x5c, 0xef, 0xc6, 0x00, 0x00, 0x9f, 0xd8, 0x8d,
    0xfa, 0x00, 0x4f, 0xb0, 0x00, 0x0a, 0xf5, 0x0a, 0xf4, 0x00, 0x00, 0x1f,
    0xb0, 0xdf, 0x00, 0x00, 0x00, 0xee, 0x0e, 0xf0, 0x00, 0x00, 0x0d, 0xf0,
    0xdf, 0x00, 0x00, 0x00, 0xee, 0x09, 0xf3, 0x00, 0x00, 0x1f, 0xb0, 0x3f,
    0xb0, 0x00, 0x0a, 0xf5, 0x00, 0x8f, 0xd8, 0x8c, 0xfa, 0x00, 0x00, 0x5c,
    0xff, 0xc6, 0x00, 0x00, 0x4f, 0x34, 0xcf, 0xea, 0x20, 0x04, 0xfb, 0xfa,
    0x8b, 0xfe, 0x10, 0x4f, 0xf2, 0x00, 0x07, 0xfa, 0x04, 0xfa, 0x00, 0x00,
    0x0e, 0xf0, 0x4f, 0x80, 0x00, 0x00, 0xbf, 0x24, 0xf7, 0x00, 0x00, 0x0a,
    0xf2, 0x4f, 0x80, 0x00, 0x00, 0xbf, 0x14, 0xfb, 0x00, 0x00, 0x0e, 0xe0,
    0x4f, 0xf3, 0x00, 0x07, 0xf9, 0x04, 0xfc, 0xf9, 0x7a, 0xfe, 0x10, 0x4f,
    0x65, 0xcf, 0xea, 0x10, 0x04, 0xf7, 0x00, 0x00, 0x00, 0x00, 0x4f, 0x70,
    0x00, 0x00, 0x00, 0x04, 0xf7, 0x00, 0x00, 0x00, 0x00, 0x4f, 0x70, 0x00,
    0x00, 0x00, 0x04, 0xf7, 0x00, 0x00, 0x00, 0x00, 0x00, 0x7d, 0xfe, 0x80,
    0xe9, 0x0b, 0xfc, 0x88, 0xdb, 0xf9, 0x5f, 0xb0, 0x00, 0x0d, 0xf9, 0xaf,
    0x30, 0x00, 0x06, 0xf9, 0xdf, 0x00, 0x00, 0x03, 0xf9, 0xef, 0x00, 0x00,
    0x02, 0xf9, 0xdf, 0x00, 0x00, 0x03, 0xf9, 0xbf, 0x30, 0x00, 0x05, 0xf9,
    0x5f, 0xb0, 0x00, 0x0c, 0xf9, 0x0b, 0xfc, 0x88, 0xdc, 0xf9, 0x00, 0x8e,
    0xfd, 0x82, 0xf9, 0x00, 0x00, 0x00, 0x02, 0xf9, 0x00, 0x00, 0x00, 0x02,
    0xf9, 0x00, 0x00, 0x00, 0x02, 0xf9, 0x00, 0x00, 0x00, 0x02, 0xf9, 0x00,
    0x00, 0x00, 0x02, 0xf9, 0x4f, 0x22, 0xbf, 0xd4, 0xf6, 0xed, 0xa8, 0x4f,
    0xf9, 0x00, 0x04, 0xfd, 0x00, 0x00, 0x4f, 0x90, 0x00, 0x04, 0xf7, 0x00,
    0x00, 0x4f, 0x70, 0x00, 0x04, 0xf7, 0x00, 0x00, 0x4f, 0x70, 0x00, 0x04,
    0xf7, 0x00, 0x00, 0x4f, 0x70, 0x00, 0x00, 0x06, 0xce, 0xfd, 0x92, 0x9f,
    0xb7, 0x8b, 0xf2, 0xfc, 0x00, 0x00, 0x00, 0xde, 0x20, 0x00, 0x00, 0x5f,
    0xfa, 0x30, 0x00, 0x02, 0x9f, 0xfd, 0x40, 0x00, 0x00, 0x7e, 0xf4, 0x00,
    0x00, 0x03, 0xfa, 0x10, 0x00, 0x02, 0xf9, 0xeb, 0x97, 0x8e, 0xf3, 0x7c,
    0xff, 0xea, 0x30, 0x00, 0x44, 0x00, 0x00, 0x0b, 0x90, 0x00, 0x01, 0xf9,
    0x00, 0x06, 0xff, 0xff, 0xfb, 0x47, 0xfb, 0x66, 0x40, 0x2f, 0x90, 0x00,
    0x02, 0xf9, 0x00, 0x00, 0x2f, 0x90, 0x00, 0x02, 0xf9, 0x00, 0x00, 0x2f,
    0x90, 0x00, 0x02, 0xf9, 0x00, 0x00, 0x1f, 0xc0, 0x00, 0x00, 0xcf, 0xa7,
    0x70, 0x01, 0xbf, 0xf9, 0x6f, 0x50, 0x00, 0x01, 0xfa, 0x6f, 0x50, 0x00,
    0x01, 0xfa, 0x6f, 0x50, 0x00, 0x01, 0xfa, 0x6f, 0x50, 0x00, 0x01, 0xfa,
    0x6f, 0x50, 0x00, 0x01, 0xfa, 0x6f, 0x50, 0x00, 0x01, 0xfa, 0x6f, 0x50,
    0x00, 0x02, 0xfa, 0x6f, 0x60, 0x00, 0x04, 0xfa, 0x3f, 0xa0, 0x00, 0x0b,
    0xfa, 0x0d, 0xf9, 0x45, 0xbd, 0xfa, 0x01, 0xae, 0xfe, 0x91, 0xea, 0xdf,
    0x10, 0x00, 0x00, 0xef, 0x07, 0xf6, 0x00, 0x00, 0x4f, 0x90, 0x1f, 0xc0,
    0x00, 0x09, 0xf3, 0x00, 0xbf, 0x10, 0x00, 0xed, 0x00, 0x05, 0xf7, 0x00,
    0x4f, 0x70, 0x00, 0x0e, 0xc0, 0x0a, 0xf1, 0x00, 0x00, 0x9f, 0x20, 0xfb,
    0x00, 0x00, 0x03, 0xf7, 0x5f, 0x50, 0x00, 0x00, 0x0d, 0xca, 0xf0, 0x00,
    0x00, 0x00, 0x7f, 0xfa, 0x00, 0x00, 0x00, 0x02, 0xff, 0x40, 0x00, 0x00,
    0xaf, 0x20, 0x00, 0x3f, 0xf0, 0x00, 0x06, 0xf5, 0x6f, 0x60, 0x00, 0x8f,
    0xf4, 0x00, 0x0a, 0xf1, 0x1f, 0xa0, 0x00, 0xdb, 0xf9, 0x00, 0x0e, 0xd0,
    0x0d, 0xe0, 0x02, 0xf7, 0xbe, 0x00, 0x3f, 0x80, 0x09, 0xf2, 0x07, 0xf2,
    0x7f, 0x20, 0x7f, 0x40, 0x05, 0xf6, 0x0c, 0xd0, 0x2f, 0x70, 0xbf, 0x00,
    0x00, 0xfa, 0x1f, 0x80, 0x0d, 0xc0, 0xfb, 0x00, 0x00, 0xce, 0x5f, 0x30,
    0x09, 0xf4, 0xf7, 0x00, 0x00, 0x8f, 0xae, 0x00, 0x04, 0xfb, 0xf3, 0x00,
    0x00, 0x3f, 0xf9, 0x00, 0x00, 0xff, 0xe0, 0x00, 0x00, 0x0f, 0xf4, 0x00,
    0x00, 0xbf, 0xa0, 0x00, 0x2f, 0xd0, 0x00, 0x04, 0xfa, 0x00, 0x6f, 0x80,
    0x00, 0xee, 0x10, 0x00, 0xbf, 0x30, 0x9f, 0x40, 0x00, 0x01, 0xfd, 0x4f,
    0x90, 0x00, 0x00, 0x05, 0xff, 0xd0, 0x00, 0x00, 0x00, 0x0e, 0xf7, 0x00,
    0x00, 0x00, 0x08, 0xfe, 0xf2, 0x00, 0x00, 0x03, 0xfb, 0x2f, 0xc0, 0x00,
    0x00, 0xde, 0x10, 0x7f, 0x70, 0x00, 0x9f, 0x50, 0x00, 0xcf, 0x30, 0x4f,
    0xa0, 0x00, 0x02, 0xfd, 0x00, 0xcf, 0x10, 0x00, 0x00, 0xdf, 0x06, 0xf7,
    0x00, 0x00, 0x3f, 0xa0, 0x0f, 0xd0, 0x00, 0x09, 0xf4, 0x00, 0xaf, 0x30,
    0x00, 0xee, 0x00, 0x03, 0xf8, 0x00, 0x4f, 0x80, 0x00, 0x0d, 0xe0, 0x09,
    0xf2, 0x00, 0x00, 0x7f, 0x40, 0xed, 0x00, 0x00, 0x01, 0xf9, 0x4f, 0x70,
    0x00, 0x00, 0x0a, 0xe9, 0xf1, 0x00, 0x00, 0x00, 0x4f, 0xfb, 0x00, 0x00,
    0x00, 0x00, 0xef, 0x50, 0x00, 0x00, 0x00, 0x0c, 0xf0, 0x00, 0x00, 0x00,
    0x03, 0xf9, 0x00, 0x00, 0x00, 0x00, 0xbf, 0x20, 0x00, 0x00, 0x67, 0xcf,
    0x90, 0x00, 0x00, 0x0b, 0xfe, 0x80, 0x00, 0x00, 0x00, 0x0e, 0xff, 0xff,
    0xff, 0x70, 0x56, 0x66, 0x6c, 0xf5, 0x00, 0x00, 0x03, 0xfa, 0x00, 0x00,
    0x00, 0xde, 0x10, 0x00, 0x00, 0x9f, 0x40, 0x00, 0x00, 0x4f, 0x90, 0x00,
    0x00, 0x0e, 0xe0, 0x00, 0x00, 0x0a, 0xf4, 0x00, 0x00, 0x05, 0xf9, 0x00,
    0x00, 0x01, 0xef, 0x66, 0x66, 0x63, 0x3f, 0xff, 0xff, 0xff, 0xa0, 0x00,
    0x00, 0x7d, 0xe0, 0x00, 0x8f, 0xd8, 0x00, 0x0e, 0xe0, 0x00, 0x00, 0xfb,
    0x00, 0x00, 0x0f, 0xb0, 0x00, 0x00, 0xfb, 0x00, 0x00, 0x1f, 0xa0, 0x01,
    0x3b, 0xf4, 0x00, 0x7f, 0xe4, 0x00, 0x02, 0x7d, 0xf3, 0x00, 0x00, 0x2f,
    0xa0, 0x00, 0x00, 0xfb, 0x00, 0x00, 0x0f, 0xb0, 0x00, 0x00, 0xfb, 0x00,
    0x00, 0x0f, 0xc0, 0x00, 0x00, 0xbf, 0x83, 0x00, 0x01, 0xcf, 0xf0, 0x00,
    0x00, 0x24, 0x3f, 0x33, 0xf3, 0x3f, 0x33, 0xf3, 0x3f, 0x33, 0xf3, 0x3f,
    0x33, 0xf3, 0x3f, 0x33, 0xf3, 0x3f, 0x33, 0xf3, 0x3f, 0x33, 0xf3, 0x3f,
    0x33, 0xf3, 0x3f, 0x33, 0xf3, 0x3f, 0x33, 0xf3, 0x5e, 0xb3, 0x00, 0x00,
    0x29, 0xff, 0x20, 0x00, 0x00, 0x5f, 0x80, 0x00, 0x00, 0x2f, 0x90, 0x00,
    0x00, 0x2f, 0x90, 0x00, 0x00, 0x2f, 0x90, 0x00, 0x00, 0x1f, 0xa0, 0x00,
    0x00, 0x0b, 0xf7, 0x30, 0x00, 0x00, 0x8f, 0xf0, 0x00, 0x08, 0xfa, 0x60,
    0x00, 0x0f, 0xb0, 0x00, 0x00, 0x2f, 0x90, 0x00, 0x00, 0x2f, 0x90, 0x00,
    0x00, 0x2f, 0x90, 0x00, 0x00, 0x3f, 0x80, 0x00, 0x04, 0xdf, 0x40, 0x00,
    0x5f, 0xf7, 0x00, 0x00, 0x13, 0x00, 0x00, 0x00, 0x00, 0x10, 0x00, 0x00,
    0x00, 0x8f, 0xff, 0xc7, 0x33, 0x86, 0xe7, 0x58, 0xcf, 0xff, 0xe3, 0x10,
    0x00, 0x01, 0x43, 0x00, 0x01, 0x8d, 0xff, 0xc6, 0x00, 0x1e, 0xfa, 0x78,
    0xdf, 0x90, 0x8f, 0x60, 0x00, 0x0c, 0xf2, 0x9f, 0xa2, 0x00, 0x07, 0xf5,
    0x03, 0xdf, 0x30, 0x06, 0xf6, 0x0d, 0xe6, 0x00, 0x06, 0xf6, 0x6f, 0x70,
    0x00, 0x06, 0xf6, 0x7f, 0x40, 0x00, 0x06, 0xf6, 0x7f, 0x40, 0x00, 0x06,
    0xf6, 0x7f, 0x40, 0x00, 0x06, 0xf6, 0x7f, 0x40, 0x00, 0x06, 0xf6, 0xaf,
    0xe5, 0x00, 0x7f, 0x56, 0x7f, 0xd0, 0x07, 0xf5, 0x00, 0xdd, 0x00, 0x7f,
    0x50, 0x6f, 0x70, 0x07, 0xf5, 0x1f, 0xd0, 0x00, 0x7f, 0x56, 0xf6, 0x00,
    0x07, 0xf5, 0x7f, 0x50, 0x00, 0x7f, 0x57, 0xf5, 0x00, 0x07, 0xf4, 0x5f,
    0x80, 0x00, 0xaf, 0x20, 0xdf, 0xa7, 0xaf, 0xc0, 0x01, 0x9d, 0xfd, 0x91,
    0x00, 0x1f, 0x80, 0xd5, 0x06, 0xf5, 0x0c, 0xff, 0xf5, 0x06, 0xf5, 0x00,
    0x39, 0xf2, 0x06, 0xf5, 0x00, 0x5f, 0x90, 0x06, 0xf5, 0x01, 0xfd, 0x00,
    0x06, 0xf5, 0x05, 0xf6, 0x00, 0x06, 0xf5, 0x06, 0xf5, 0x00, 0x06, 0xf5,
    0x06, 0xf5, 0x00, 0x06, 0xf5, 0x04, 0xf9, 0x00, 0x09, 0xf4, 0x00, 0xdf,
    0xa7, 0xaf, 0xd0, 0x00, 0x19, 0xdf, 0xd9, 0x10, 0x00, 0x7d, 0xff, 0xd9,
    0x10, 0x0a, 0xfd, 0x88, 0xcf, 0xd0, 0x2f, 0xd0, 0x00, 0x09, 0xf6, 0x5f,
    0x70, 0x00, 0x03, 0xf9, 0x5f, 0x60, 0x11, 0x02, 0xfa, 0x6f, 0x8c, 0xff,
    0x02, 0xfa, 0x6f, 0xfb, 0x65, 0x02, 0xfa, 0x6f, 0xb0, 0x00, 0x02, 0xfa,
    0x6f, 0x70, 0x00, 0x02, 0xfa, 0x6f, 0x60, 0x00, 0x02, 0xfa, 0x6f, 0x60,
    0x00, 0x02, 0xfa, 0x06, 0xdf, 0xa6, 0xdf, 0xa0, 0x2f, 0xd7, 0xdf, 0x8b,
    0xf8, 0x5f, 0x60, 0x47, 0x00, 0xfc, 0x6f, 0x50, 0x00, 0x00, 0xfc, 0x6f,
    0x50, 0x11, 0x00, 0xfc, 0x6f, 0x7d, 0xff, 0x00, 0xfc, 0x6f, 0xfb, 0x65,
    0x00, 0xfc, 0x6f, 0xb0, 0x00, 0x00, 0xfc, 0x6f, 0x70, 0x00, 0x00, 0xfc,
    0x6f, 0x60, 0x00, 0x00, 0xfc, 0x6f, 0x60, 0x00, 0x00, 0xfc, 0x1f, 0x80,
    0xd5, 0x00, 0x7f, 0x50, 0xcf, 0xff, 0x50, 0x07, 0xf5, 0x00, 0x39, 0xf1,
    0x00, 0x7f, 0x50, 0x05, 0xf8, 0x00, 0x07, 0xf5, 0x01, 0xfc, 0x00, 0x00,
    0x7f, 0x50, 0x6f, 0x50, 0x00, 0x07, 0xf5, 0x08, 0xf4, 0x00, 0x00, 0x7f,
    0x50, 0x8f, 0x60, 0x00, 0x07, 0xf5, 0x08, 0xfd, 0x10, 0x00, 0xcf, 0x30,
    0x8f, 0xae, 0x98, 0xcf, 0xc0, 0x08, 0xf0, 0x8d, 0xfe, 0x91, 0x00, 0xde,
    0x02, 0xff, 0xd6, 0x00, 0x8f, 0x40, 0x67, 0xcf, 0x90, 0x3f, 0x90, 0x00,
    0x0c, 0xf2, 0x0e, 0xe0, 0x00, 0x05, 0xf7, 0x09, 0xf3, 0x00, 0x02, 0xf9,
    0x04, 0xf8, 0x00, 0x02, 0xf9, 0x00, 0xfd, 0x00, 0x04, 0xf8, 0x00, 0xaf,
    0x20, 0x09, 0xf4, 0x00, 0x5f, 0x70, 0x3f, 0xd0, 0x00, 0x1f, 0xda, 0xff,
    0x30, 0x00, 0x0b, 0xfe, 0xa2, 0x00, 0x07, 0xce, 0xfe, 0xa3, 0x00, 0x3f,
    0xb8, 0x7a, 0xff, 0x40, 0x11, 0x00, 0x00, 0x3f, 0xd0, 0x00, 0x00, 0x00,
    0x0a, 0xf2, 0x00, 0x11, 0x00, 0x07, 0xf5, 0x09, 0xff, 0xa0, 0x06, 0xf6,
    0x02, 0x5f, 0xa0, 0x07, 0xf5, 0x00, 0x1f, 0xa0, 0x09, 0xf3, 0x00, 0x1f,
    0xa0, 0x1e, 0xe0, 0x00, 0x1f, 0xc8, 0xef, 0x50, 0x00, 0x1f, 0xfe, 0xb4,
    0x00, 0x07, 0xbd, 0xfe, 0xc6, 0x00, 0x3f, 0xb9, 0x79, 0xef, 0x80, 0x11,
    0x00, 0x00, 0x0d, 0xf1, 0x00, 0x00, 0x00, 0x07, 0xf5, 0x14, 0x10, 0x00,
    0x05, 0xf6, 0x6f, 0x60, 0x00, 0x05, 0xf7, 0x6f, 0x60, 0x00, 0x05, 0xf7,
    0x5f, 0x60, 0x00, 0x08, 0xf7, 0x3f, 0xb0, 0x00, 0x1e, 0xf7, 0x0d, 0xfc,
    0x89, 0xfb, 0xf7, 0x01, 0xae, 0xfd, 0x70, 0xf7, 0xaf, 0xe5, 0x00, 0x4f,
    0x85, 0x7f, 0xd0, 0x09, 0xf4, 0x00, 0xdd, 0x0f, 0xf8, 0x00, 0x6f, 0x70,
    0x3d, 0xf1, 0x1f, 0xd0, 0x00, 0x7f, 0x46, 0xf6, 0x00, 0x07, 0xf5, 0x7f,
    0x50, 0x00, 0x7f, 0x57, 0xf5, 0x00, 0x07, 0xf4, 0x5f, 0x80, 0x00, 0xaf,
    0x20, 0xdf, 0xa7, 0xaf, 0xc0, 0x01, 0x9d, 0xfd, 0x91, 0x00, 0x1f, 0x80,
    0xd5, 0x02, 0xf9, 0x0c, 0xff, 0xf5, 0x08, 0xf5, 0x00, 0x39, 0xf2, 0xdf,
    0x90, 0x00, 0x5f, 0x90, 0x2c, 0xf3, 0x00, 0xfd, 0x00, 0x05, 0xf6, 0x04,
    0xf7, 0x00, 0x05, 0xf7, 0x05, 0xf6, 0x00, 0x05, 0xf7, 0x05, 0xf7, 0x00,
    0x05, 0xf7, 0x02, 0xfa, 0x00, 0x08, 0xf5, 0x00, 0xbf, 0xa7, 0xaf, 0xe0,
    0x00, 0x19, 0xdf, 0xd9, 0x10, 0x01, 0x9e, 0xfe, 0xb4, 0x00, 0x00, 0x04,
    0xf8, 0x2e, 0xfa, 0x79, 0xef, 0x50, 0x00, 0x04, 0xf8, 0x9f, 0x60, 0x00,
    0x2f, 0xd0, 0x00, 0x04, 0xf8, 0x9f, 0xa3, 0x00, 0x0c, 0xf0, 0x00, 0x04,
    0xf8, 0x02, 0xdf, 0x50, 0x0c, 0xf0, 0x00, 0x04, 0xf8, 0x0d, 0xe5, 0x00,
    0x0c, 0xf0, 0x00, 0x04, 0xf8, 0x3f, 0x80, 0x00, 0x0c, 0xf0, 0x00, 0x04,
    0xf8, 0x4f, 0x70, 0x00, 0x0c, 0xf3, 0x00, 0x05, 0xf7, 0x4f, 0x70, 0x00,
    0x0c, 0xfb, 0x00, 0x08, 0xf6, 0x3f, 0xd8, 0x00, 0x0c, 0xcd, 0xc8, 0xaf,
    0xf1, 0x09, 0xfe, 0x20, 0x0c, 0xb1, 0xae, 0xeb, 0x30, 0x01, 0x9e, 0xfe,
    0xa3, 0x00, 0x00, 0x05, 0xf6, 0x2e, 0xfa, 0x79, 0xff, 0x30, 0x00, 0x05,
    0xf6, 0x9f, 0x60, 0x00, 0x3f, 0xb0, 0x00, 0x05, 0xf6, 0x9f, 0xa2, 0x00,
    0x0e, 0xe0, 0x00, 0x05, 0xf6, 0x03, 0xdf, 0x40, 0x0d, 0xf0, 0x00, 0x05,
    0xf6, 0x0c, 0xf6, 0x10, 0x0d, 0xf0, 0x00, 0x05, 0xf6, 0x3f, 0x90, 0x00,
    0x0d, 0xf0, 0x00, 0x06, 0xf6, 0x4f, 0x70, 0x00, 0x0d, 0xf0, 0x00, 0x08,
    0xf6, 0x5f, 0x70, 0x00, 0x0b, 0xf3, 0x00, 0x1e, 0xf6, 0x3f, 0xb4, 0x00,
    0x05, 0xfe, 0x89, 0xed, 0xf6, 0x0a, 0xff, 0x30, 0x00, 0x6d, 0xfe, 0x75,
    0xf6, 0x00, 0x00, 0x00, 0x00, 0x00, 0x00, 0x07, 0xf4, 0x00, 0x00, 0x00,
    0x02, 0x20, 0x00, 0x1d, 0xf1, 0x00, 0x00, 0x00, 0x04, 0xfc, 0x99, 0xef,
    0x80, 0x00, 0x00, 0x00, 0x01, 0x9d, 0xff, 0xc6, 0x00, 0x00, 0x18, 0xdf,
    0xfc, 0x60, 0x00, 0x1e, 0xfb, 0x78, 0xdf, 0xa0, 0x08, 0xf6, 0x00, 0x00,
    0xcf, 0x30, 0x8f, 0xa3, 0x00, 0x06, 0xf6, 0x00, 0x2d, 0xf5, 0x00, 0x5f,
    0x70, 0x0c, 0xf6, 0x00, 0x05, 0xf7, 0x01, 0xfb, 0x00, 0x00, 0x5f, 0x70,
    0x2f, 0xa0, 0x00, 0x05, 0xf7, 0x02, 0xfa, 0x00, 0x00, 0x5f, 0x73, 0x9f,
    0x80, 0x00, 0x05, 0xf7, 0x7f, 0xd2, 0x00, 0x00, 0x5f, 0x70, 0x00, 0x00,
    0x10, 0x05, 0xf7, 0x00, 0x1b, 0xff, 0xfa, 0x8f, 0x70, 0x0a, 0xfa, 0x57,
    0xdf, 0xf7, 0x00, 0xee, 0x00, 0x00, 0x8f, 0x70, 0x00, 0x18, 0xdf, 0xfc,
    0x60, 0x00, 0x1e, 0xfb, 0x78, 0xdf, 0xa0, 0x08, 0xf6, 0x00, 0x00, 0xcf,
    0x30, 0x8f, 0xa3, 0x00, 0x06, 0xf6, 0x00, 0x2d, 0xf5, 0x00, 0x5f, 0x70,
    0x0c, 0xf6, 0x00, 0x05, 0xf7, 0x01, 0xfb, 0x00, 0x00, 0x5f, 0x70, 0x2f,
    0xa0, 0x00, 0x05, 0xf7, 0x02, 0xfa, 0x00, 0x00, 0x5f, 0x73, 0x9f, 0x80,
    0x00, 0x05, 0xf7, 0x7f, 0xd2, 0x00, 0x00, 0x5f, 0x70, 0x00, 0x00, 0x00,
    0x05, 0xf7, 0x00, 0x9f, 0xf8, 0x5c, 0x8f, 0x70, 0x4f, 0xb6, 0xff, 0xcf,
    0xf7, 0x07, 0xf4, 0x09, 0x80, 0xaf, 0x70, 0x00, 0x00, 0x00, 0x00, 0x48,
    0x11, 0x8c, 0xef, 0xea, 0x7e, 0xd0, 0x5f, 0xb8, 0x7a, 0xff, 0xa1, 0x01,
    0x10, 0x00, 0x04, 0xfb, 0x00, 0x00, 0x00, 0x00, 0x0b, 0xf1, 0x00, 0x01,
    0x10, 0x00, 0x8f, 0x40, 0x0a, 0xff, 0x90, 0x08, 0xf5, 0x00, 0x26, 0xf9,
    0x00, 0x8f, 0x40, 0x00, 0x2f, 0x90, 0x0b, 0xf2, 0x00, 0x02, 0xf9, 0x02,
    0xfd, 0x00, 0x00, 0x2f, 0xb8, 0xef, 0x40, 0x00, 0x02, 0xff, 0xeb, 0x30,
    0x00, 0x00, 0x00, 0x00, 0x00, 0x00, 0x00, 0x6f, 0xf7, 0x6b, 0x7f, 0x30,
    0x0f, 0xc6, 0xff, 0xdf, 0xf3, 0x02, 0xf7, 0x08, 0x71, 0xdf, 0x30, 0x1f,
    0x81, 0xf3, 0xae, 0xea, 0x10, 0xcf, 0xff, 0xdb, 0x59, 0xf9, 0x00, 0x39,
    0xf9, 0x00, 0x0f, 0xd0, 0x04, 0xfb, 0x00, 0x00, 0xee, 0x00, 0xcf, 0x20,
    0x00, 0x0e, 0xe0, 0x0f, 0xd0, 0x00, 0x00, 0xee, 0x00, 0xfb, 0x00, 0x00,
    0x0e, 0xe0, 0x0f, 0xb0, 0x00, 0x00, 0xee, 0x00, 0xfb, 0x00, 0x00, 0x0e,
    0xe0, 0x0f, 0xb0, 0x00, 0x00, 0xee, 0x00, 0xfb, 0x00, 0x00, 0x0e, 0xe0,
    0x04, 0xdf, 0xa6, 0xee, 0x80, 0x00, 0x00, 0xcf, 0x01, 0xfe, 0x8e, 0xf8,
    0xcf, 0x50, 0x00, 0x0c, 0xf0, 0x6f, 0x50, 0x47, 0x04, 0xf8, 0x00, 0x00,
    0xcf, 0x09, 0xf2, 0x00, 0x00, 0x3f, 0x90, 0x00, 0x0c, 0xf0, 0xbf, 0x10,
    0x00, 0x03, 0xf9, 0x00, 0x00, 0xcf, 0x0b, 0xf0, 0x00, 0x00, 0x3f, 0x90,
    0x00, 0x0c, 0xf0, 0xaf, 0x10, 0x00, 0x03, 0xf9, 0x00, 0x00, 0xcf, 0x08,
    0xf3, 0x00, 0x00, 0x3f, 0xb0, 0x00, 0x0c, 0xf0, 0x4f, 0xa0, 0x00, 0x03,
    0xff, 0x30, 0x01, 0xfe, 0x00, 0xcf, 0xb8, 0x70, 0x3f, 0xaf, 0x98, 0xdf,
    0x80, 0x01, 0x9e, 0xfc, 0x03, 0xf4, 0x5d, 0xfe, 0x80, 0x00, 0x02, 0x9e,
    0xfe, 0xb3, 0x00, 0x00, 0x05, 0xf6, 0x2e, 0xfa, 0x79, 0xff, 0x40, 0x00,
    0x05, 0xf6, 0x9f, 0x50, 0x00, 0x3f, 0xc0, 0x00, 0x05, 0xf6, 0x9f, 0xa3,
    0x00, 0x0e, 0xe0, 0x00, 0x05, 0xf6, 0x02, 0xdf, 0x50, 0x0d, 0xf0, 0x00,
    0x05, 0xf6, 0x0d, 0xe5, 0x00, 0x0d, 0xf0, 0x00, 0x05, 0xf6, 0x3f, 0x80,
    0x00, 0x0d, 0xf0, 0x00, 0x06, 0xf6, 0x4f, 0x70, 0x00, 0x0d, 0xf0, 0x00,
    0x08, 0xf6, 0x4f, 0x70, 0x00, 0x0b, 0xf3, 0x00, 0x2e, 0xf6, 0x3f, 0xd8,
    0x00, 0x06, 0xfe, 0x89, 0xea, 0xf6, 0x09, 0xfe, 0x20, 0x00, 0x6d, 0xfd,
    0x71, 0xf6, 0x00, 0x7d, 0xff, 0xd9, 0x10, 0x0b, 0xfd, 0x87, 0xaf, 0xe1,
    0x4f, 0xb0, 0x00, 0x07, 0xf7, 0x9f, 0x30, 0x00, 0x02, 0xfa, 0xbf, 0x00,
    0x00, 0x01, 0xfb, 0xcf, 0x00, 0x00, 0x01, 0xfb, 0xbf, 0x10, 0x00, 0x01,
    0xfb, 0x9f, 0x30, 0x00, 0x01, 0xfb, 0x5f, 0xa0, 0x00, 0x01, 0xfb, 0x0c,
    0xfb, 0x76, 0x01, 0xfb, 0x01, 0x9e, 0xfb, 0x01, 0xfb, 0x04, 0xdf, 0xc5,
    0xdf, 0xc3, 0x01, 0xff, 0x8d, 0xfa, 0x8f, 0xd0, 0x6f, 0x60, 0x29, 0x00,
    0xbf, 0x09, 0xf2, 0x00, 0x00, 0x0b, 0xf1, 0xbf, 0x10, 0x00, 0x00, 0xbf,
    0x1b, 0xf0, 0x00, 0x00, 0x0b, 0xf1, 0xaf, 0x10, 0x00, 0x00, 0xbf, 0x18,
    0xf4, 0x00, 0x00, 0x0b, 0xf1, 0x3f, 0xa0, 0x00, 0x00, 0xbf, 0x10, 0xbf,
    0xb8, 0x70, 0x0b, 0xf1, 0x00, 0x8d, 0xfe, 0x00, 0xbf, 0x10, 0x01, 0x9d,
    0xff, 0xc6, 0x00, 0x1e, 0xfa, 0x78, 0xdf, 0xa0, 0x9f, 0x60, 0x00, 0x0c,
    0xf3, 0x9f, 0xa3, 0x00, 0x06, 0xf6, 0x02, 0xdf, 0x50, 0x05, 0xf6, 0x0d,
    0xe5, 0x00, 0x05, 0xf6, 0x3f, 0x80, 0x00, 0x05, 0xf6, 0x4f, 0x70, 0x00,
    0x05, 0xf6, 0x5f, 0x70, 0x00, 0x05, 0xf6, 0x3f, 0xd7, 0x00, 0x05, 0xf6,
    0x09, 0xfe, 0x20, 0x05, 0xf6, 0x5f, 0x07, 0xdf, 0xea, 0x20, 0x5f, 0xbe,
    0x75, 0x8f, 0xe1, 0x5f, 0xf2, 0x00, 0x08, 0xf6, 0x5f, 0x90, 0x00, 0x04,
    0xf8, 0x5f, 0x70, 0x00, 0x03, 0xf9, 0x5f, 0x70, 0x00, 0x03, 0xf9, 0x5f,
    0x70, 0x00, 0x03, 0xf9, 0x5f, 0x70, 0x00, 0x03, 0xf9, 0x5f, 0x70, 0x00,
    0x03, 0xf9, 0x5f, 0x70, 0x00, 0x03, 0xf9, 0x5f, 0x70, 0x00, 0x03, 0xf9,
    0x06, 0xcf, 0xff, 0xc9, 0x17, 0xfc, 0x87, 0x8b, 0xe3, 0xbf, 0x10, 0x00,
    0x00, 0x08, 0xfc, 0x51, 0x00, 0x00, 0x07, 0xef, 0xfc, 0x60, 0x00, 0x20,
    0x38, 0xdf, 0xe2, 0x6f, 0x40, 0x00, 0x6f, 0xb6, 0xf4, 0x00, 0x00, 0xee,
    0x6f, 0x40, 0x00, 0x1f, 0xc6, 0xfc, 0x87, 0x8e, 0xf5, 0x29, 0xdf, 0xfe,
    0xb4, 0x00, 0x6f, 0x60, 0x00, 0x04, 0xf8, 0x6f, 0x60, 0x00, 0x04, 0xf8,
    0x6f, 0x60, 0x00, 0x04, 0xf8, 0x6f, 0x60, 0x00, 0x04, 0xf8, 0x6f, 0x60,
    0x00, 0x04, 0xf8, 0x6f, 0x60, 0x00, 0x04, 0xf8, 0x6f, 0x60, 0x00, 0x05,
    0xf8, 0x5f, 0x70, 0x00, 0x07, 0xf8, 0x3f, 0xc0, 0x00, 0x1e, 0xf8, 0x0c,
    0xfc, 0x89, 0xeb, 0xf8, 0x01, 0x9e, 0xfd, 0x80, 0xf8, 0x6f, 0x60, 0x00,
    0x05, 0xf7, 0x6f, 0x60, 0x00, 0x05, 0xf7, 0x6f, 0x60, 0x00, 0x05, 0xf7,
    0x6f, 0x60, 0x00, 0x05, 0xf7, 0x6f, 0x60, 0x00, 0x05, 0xf7, 0x6f, 0x60,
    0x00, 0x05, 0xf7, 0x5f, 0x60, 0x00, 0x05, 0xf7, 0x5f, 0x70, 0x00, 0x06,
    0xf6, 0x2f, 0xc0, 0x00, 0x0b, 0xf3, 0x0a, 0xfd, 0x88, 0xcf, 0xb0, 0x00,
    0x8d, 0xff, 0xd8, 0x00, 0x00, 0x00, 0x00, 0x05, 0xf7, 0x00, 0x00, 0x00,
    0x05, 0xf7, 0x00, 0x00, 0x00, 0x05, 0xf7, 0x00, 0x00, 0x00, 0x05, 0xf7,
    0x6f, 0x60, 0x00, 0x05, 0xf7, 0x6f, 0x60, 0x00, 0x05, 0xf7, 0x6f, 0x60,
    0x00, 0x05, 0xf7, 0x6f, 0x60, 0x00, 0x05, 0xf7, 0x6f, 0x60, 0x00, 0x05,
    0xf7, 0x6f, 0x60, 0x00, 0x05, 0xf7, 0x5f, 0x60, 0x00, 0x05, 0xf7, 0x5f,
    0x70, 0x00, 0x06, 0xf6, 0x2f, 0xc0, 0x00, 0x0b, 0xf3, 0x0a, 0xfd, 0x88,
    0xcf, 0xb0, 0x00, 0x8d, 0xff, 0xd8, 0x00, 0x08, 0xef, 0x20, 0x00, 0x8f,
    0x33, 0xfd, 0x70, 0x00, 0x08, 0xf3, 0x4f, 0x70, 0x00, 0x00, 0x8f, 0x34,
    0xf7, 0x00, 0x10, 0x08, 0xf3, 0x4f, 0x70, 0x6f, 0x50, 0x8f, 0x34, 0xf7,
    0x1f, 0xfe, 0x08, 0xf3, 0x4f, 0x79, 0xf3, 0xf8, 0x8f, 0x34, 0xf9, 0xf6,
    0x07, 0xf9, 0xf3, 0x4f, 0xfc, 0x00, 0x0d, 0xff, 0x34, 0xff, 0x30, 0x00,
    0x4f, 0xf3, 0x4f, 0x90, 0x00, 0x00, 0xaf, 0x30, 0x00, 0x00, 0x00, 0x00,
    0x8f, 0x30, 0x00, 0x00, 0x00, 0x08, 0xf3, 0x00, 0x00, 0x00, 0x00, 0x8f,
    0x30, 0x00, 0x00, 0x00, 0x08, 0xf3, 0x08, 0xef, 0x20, 0x00, 0x8f, 0x33,
    0xfd, 0x70, 0x00, 0x08, 0xf3, 0x4f, 0x70, 0x00, 0x00, 0x8f, 0x34, 0xf7,
    0x00, 0x10, 0x08, 0xf3, 0x4f, 0x70, 0x6f, 0x50, 0x8f, 0x34, 0xf7, 0x1f,
    0xfe, 0x08, 0xf3, 0x4f, 0x79, 0xf3, 0xf8, 0x8f, 0x34, 0xf9, 0xf6, 0x07,
    0xf9, 0xf3, 0x4f, 0xfc, 0x00, 0x0d, 0xff, 0x34, 0xff, 0x30, 0x00, 0x4f,
    0xf3, 0x4f, 0x90, 0x00, 0x00, 0xaf, 0x30, 0x1f, 0xb0, 0x00, 0xec, 0x00,
    0x0d, 0xf0, 0x0e, 0xe0, 0x03, 0xff, 0x10, 0x0f, 0xc0, 0x0b, 0xf0, 0x08,
    0xff, 0x60, 0x2f, 0xa0, 0x08, 0xf3, 0x0c, 0xbd, 0xa0, 0x5f, 0x70, 0x06,
    0xf5, 0x1f, 0x79, 0xe0, 0x8f, 0x40, 0x03, 0xf8, 0x5f, 0x35, 0xf3, 0xaf,
    0x10, 0x00, 0xfa, 0xae, 0x00, 0xf7, 0xce, 0x00, 0x00, 0xdb, 0xd9, 0x00,
    0xbb, 0xdb, 0x00, 0x00, 0xae, 0xf4, 0x00, 0x6f, 0xf8, 0x00, 0x00, 0x7f,
    0xf0, 0x00, 0x1f, 0xf5, 0x00, 0x00, 0x4f, 0xb0, 0x00, 0x0c, 0xf2, 0x00,
    0x00, 0x00, 0x00, 0x00, 0x00, 0x09, 0xf2, 0x00, 0x00, 0x00, 0x00, 0x00,
    0x0b, 0xf0, 0x00, 0x00, 0x00, 0x00, 0x00, 0x0d, 0xd0, 0x00, 0x00, 0x00,
    0x00, 0x00, 0x0f, 0xb0, 0x1f, 0xb0, 0x00, 0xfb, 0x00, 0x2f, 0x80, 0x0e,
    0xd0, 0x04, 0xff, 0x00, 0x4f, 0x60, 0x0c, 0xf0, 0x09, 0xef, 0x40, 0x6f,
    0x40, 0x09, 0xf2, 0x0d, 0xae, 0x90, 0x8f, 0x10, 0x06, 0xf4, 0x2f, 0x6b,
    0xd0, 0xaf, 0x00, 0x03, 0xf6, 0x6f, 0x26, 0xf2, 0xcd, 0x00, 0x01, 0xf8,
    0xbd, 0x01, 0xf6, 0xda, 0x00, 0x00, 0xea, 0xe8, 0x00, 0xca, 0xf8, 0x00,
    0x00, 0xbe, 0xf3, 0x00, 0x8e, 0xf6, 0x00, 0x00, 0x8f, 0xe0, 0x00, 0x3f,
    0xf3, 0x00, 0x00, 0x5f, 0x90, 0x00, 0x0e, 0xf1, 0x00, 0x00, 0x18, 0xdf,
    0xfc, 0x60, 0x00, 0x1e, 0xfb, 0x78, 0xdf, 0xa0, 0x08, 0xf6, 0x00, 0x00,
    0xcf, 0x30, 0x8f, 0xa3, 0x00, 0x06, 0xf6, 0x00, 0x2d, 0xf5, 0x00, 0x5f,
    0x70, 0x0c, 0xf5, 0x00, 0x05, 0xf7, 0x01, 0xfb, 0x00, 0x00, 0x5f, 0x70,
    0x2f, 0xa0, 0x00, 0x05, 0xf7, 0x02, 0xf9, 0x00, 0x00, 0x5f, 0x73, 0x9f,
    0x80, 0x00, 0x05, 0xf7, 0x7f, 0xd2, 0x00, 0x00, 0x5f, 0x70, 0x3f, 0x90,
    0x00, 0x02, 0xfa, 0x3f, 0x90, 0x00, 0x02, 0xfa, 0x3f, 0x90, 0x00, 0x02,
    0xfa, 0x3f, 0x90, 0x00, 0x02, 0xfa, 0x3f, 0x90, 0x00, 0x02, 0xfa, 0x3f,
    0x90, 0x00, 0x02, 0xfa, 0x3f, 0x90, 0x00, 0x02, 0xfa, 0x3f, 0xc0, 0x00,
    0x02, 0xfa, 0x3f, 0xf4, 0x00, 0x07, 0xf7, 0x3f, 0xaf, 0xa8, 0xaf, 0xf1,
    0x3f, 0x45, 0xcf, 0xfb, 0x30, 0x07, 0xdf, 0xe4, 0x08, 0xf4, 0x6f, 0xd7,
    0x81, 0x08, 0xf4, 0x9f, 0x30, 0x00, 0x08, 0xf4, 0x4f, 0xa2, 0x00, 0x08,
    0xf4, 0x05, 0xff, 0xf0, 0x08, 0xf4, 0x1e, 0xe6, 0x30, 0x08, 0xf4, 0x7f,
    0x50, 0x00, 0x08, 0xf4, 0x8f, 0x40, 0x00, 0x09, 0xf3, 0x6f, 0x80, 0x00,
    0x0d, 0xf1, 0x1e, 0xfa, 0x77, 0xcf, 0xa0, 0x01, 0x9e, 0xff, 0xd7, 0x00,
    0x00, 0x7d, 0xff, 0xeb, 0x20, 0xaf, 0xc7, 0x79, 0xd5, 0x0f, 0xd0, 0x00,
    0x00, 0x00, 0xef, 0x30, 0x00, 0x00, 0x06, 0xff, 0xb5, 0x00, 0x00, 0x03,
    0xaf, 0xfe, 0x70, 0x00, 0x00, 0x16, 0xdf, 0x90, 0x00, 0x00, 0x00, 0xfe,
    0x00, 0x00, 0x00, 0x0e, 0xe0, 0xec, 0x97, 0x8d, 0xf7, 0x07, 0xce, 0xff,
    0xc6, 0x00, 0x01, 0x9d, 0xff, 0xc6, 0x00, 0x1e, 0xfa, 0x78, 0xdf, 0xa0,
    0x9f, 0x60, 0x00, 0x0c, 0xf3, 0x9f, 0xa3, 0x00, 0x06, 0xf6, 0x02, 0xdf,
    0x50, 0x05, 0xf6, 0x0d, 0xe4, 0x00, 0x05, 0xf6, 0x3f, 0x80, 0x00, 0x05,
    0xf6, 0x4f, 0x70, 0x00, 0x05, 0xf6, 0x4f, 0x70, 0x00, 0x06, 0xf7, 0x3f,
    0xd7, 0x00, 0x0b, 0xfd, 0x09, 0xfe, 0x20, 0x0b, 0xfd, 0x00, 0x00, 0x00,
    0x05, 0xf6, 0x00, 0x00, 0x00, 0x05, 0xf6, 0x00, 0x00, 0x00, 0x05, 0xf6,
    0x00, 0x00, 0x00, 0x05, 0xf6, 0x00, 0x7b, 0xef, 0xfb, 0x40, 0x02, 0xfc,
    0x87, 0x9f, 0xf3, 0x01, 0x30, 0x00, 0x03, 0xfa, 0x00, 0x00, 0x00, 0x00,
    0xfc, 0x00, 0x00, 0x01, 0x12, 0xfc, 0x00, 0x6d, 0xff, 0xff, 0xfc, 0x08,
    0xfd, 0x75, 0x55, 0xfc, 0x0f, 0xe0, 0x00, 0x00, 0xfc, 0x0e, 0xd0, 0x00,
    0x00, 0xfc, 0x0a, 0xf9, 0x44, 0x00, 0xfc, 0x00, 0x8d, 0xff, 0x40, 0xfc,
    0x00, 0x18, 0xdf, 0xfc, 0x60, 0x00, 0x1e, 0xfb, 0x78, 0xdf, 0xa0, 0x08,
    0xf6, 0x00, 0x00, 0xcf, 0x30, 0x8f, 0xa3, 0x00, 0x06, 0xf6, 0x00, 0x2d,
    0xf5, 0x00, 0x5f, 0x70, 0x0c, 0xf5, 0x00, 0x05, 0xf7, 0x01, 0xfb, 0x00,
    0x00, 0x5f, 0x70, 0x2f, 0xa0, 0x00, 0x05, 0xf7, 0x02, 0xf9, 0x00, 0x00,
    0x6f, 0x83, 0x9f, 0x80, 0x00, 0x0b, 0xfe, 0x7f, 0xd2, 0x00, 0x00, 0xbf,
    0xe0, 0x00, 0x00, 0x00, 0x05, 0xf7, 0x00, 0x00, 0x00, 0x00, 0x5f, 0x70,
    0x00, 0x00, 0x00, 0x05, 0xf7, 0x00, 0x00, 0x00, 0x00, 0x5f, 0x70, 0x1a,
    0xef, 0xea, 0x30, 0x02, 0xc8, 0x7a, 0xff, 0x50, 0x00, 0x00, 0x02, 0xfe,
    0x00, 0x00, 0x00, 0x09, 0xf5, 0x00, 0x00, 0x00, 0x5f, 0x70, 0x00, 0x00,
    0x04, 0xf8, 0x00, 0x00, 0x00, 0x5f, 0x80, 0x00, 0x00, 0x09, 0xf5, 0x00,
    0x00, 0x02, 0xfe, 0x00, 0xda, 0x79, 0xff, 0x50, 0x08, 0xdf, 0xfb, 0x40,
    0x00, 0x00, 0x00, 0x00, 0x00, 0x28, 0x30, 0x07, 0xdf, 0xfd, 0xbc, 0xf3,
    0x0a, 0xfd, 0x88, 0xbf, 0xf3, 0x02, 0xfd, 0x00, 0x00, 0x9f, 0x60, 0x5f,
    0x70, 0x00, 0x03, 0xf9, 0x05, 0xf6, 0x01, 0x10, 0x2f, 0xa0, 0x6f, 0x8c,
    0xff, 0x02, 0xfa, 0x06, 0xff, 0xb6, 0x50, 0x2f, 0xa0, 0x6f, 0xb0, 0x00,
    0x02, 0xfa, 0x06, 0xf7, 0x00, 0x00, 0x2f, 0xa0, 0x6f, 0x60, 0x00, 0x02,
    0xfa, 0x06, 0xf6, 0x00, 0x00, 0x2f, 0xa0, 0x6f, 0x60, 0x00, 0x00, 0xfb,
    0x00, 0x6f, 0x60, 0x00, 0x00, 0xfb, 0x00, 0x6f, 0x60, 0x00, 0x00, 0xfb,
    0x00, 0x6f, 0x60, 0x55, 0x00, 0xfb, 0x00, 0x6f, 0x60, 0xce, 0x12, 0xfd,
    0x10, 0x6f, 0x60, 0x7f, 0xff, 0xff, 0xf0, 0x5f, 0x60, 0x02, 0x45, 0xff,
    0x40, 0x5f, 0x70, 0x00, 0x02, 0xfa, 0x00, 0x1f, 0xd0, 0x00, 0x08, 0xf7,
    0x00, 0x0a, 0xfd, 0x88, 0xbf, 0xe1, 0x00, 0x00, 0x7c, 0xff, 0xe9, 0x10,
    0x00, 0x00, 0x00, 0x00, 0x00, 0x08, 0x50, 0x07, 0xbe, 0xfe, 0xdd, 0xf5,
    0x02, 0xfc, 0x87, 0x9f, 0xf7, 0x00, 0x13, 0x00, 0x00, 0x3f, 0xa0, 0x00,
    0x00, 0x00, 0x00, 0xfc, 0x00, 0x00, 0x00, 0x11, 0x2f, 0xc0, 0x00, 0x6d,
    0xff, 0xff, 0xfc, 0x00, 0x8f, 0xd7, 0x55, 0x5f, 0xc0, 0x0f, 0xe0, 0x00,
    0x00, 0xfc, 0x00, 0xed, 0x00, 0x00, 0x0f, 0xc0, 0x0a, 0xf9, 0x44, 0x00,
    0xfc, 0x00, 0x08, 0xdf, 0xf4, 0x0f, 0xc0, 0x3f, 0x90, 0x00, 0x5f, 0xc0,
    0x3f, 0x90, 0x06, 0xfc, 0x00, 0x3f, 0x90, 0x6f, 0xb0, 0x00, 0x3f, 0x97,
    0xff, 0xf9, 0x00, 0x3f, 0xef, 0xd6, 0xbf, 0xb0, 0x3f, 0xfa, 0x00, 0x0c,
    0xf2, 0x3f, 0xb0, 0x00, 0x07, 0xf5, 0x3f, 0x90, 0x00, 0x06, 0xf5, 0x3f,
    0x90, 0x00, 0x06, 0xf5, 0x3f, 0x90, 0x00, 0x06, 0xf5, 0x3f, 0x90, 0x00,
    0x06, 0xf5, 0x00, 0x00, 0x00, 0x00, 0x00, 0x0a, 0xf2, 0x00, 0x00, 0x00,
    0x00, 0x01, 0x5f, 0xd0, 0x00, 0x00, 0x00, 0x0a, 0xff, 0xfa, 0x20, 0x1f,
    0xa0, 0x00, 0x02, 0x47, 0xfc, 0x00, 0x0f, 0xc0, 0x00, 0x10, 0x00, 0x8f,
    0x30, 0x0c, 0xe0, 0x04, 0xf8, 0x00, 0x7f, 0x30, 0x0a, 0xf0, 0x0a, 0xee,
    0x00, 0xaf, 0x10, 0x07, 0xf2, 0x0f, 0x8f, 0x40, 0xce, 0x00, 0x05, 0xf4,
    0x5f, 0x2d, 0xa0, 0xfb, 0x00, 0x02, 0xf6, 0xbd, 0x08, 0xf2, 0xf8, 0x00,
    0x00, 0xf8, 0xf7, 0x03, 0xf7, 0xf6, 0x00, 0x00, 0xdd, 0xf2, 0x00, 0xdd,
    0xf3, 0x00, 0x00, 0xbf, 0xc0, 0x00, 0x8f, 0xf0, 0x00, 0x00, 0x9f, 0x60,
    0x00, 0x2f, 0xd0, 0x00, 0x29, 0xdf, 0xfd, 0x91, 0x00, 0x7e, 0xa8, 0x7b,
    0xfe, 0x10, 0x20, 0x00, 0x00, 0x6f, 0xa0, 0x00, 0x00, 0x00, 0x0d, 0xf0,
    0x11, 0x11, 0x00, 0x0a, 0xf2, 0xbf, 0xff, 0x80, 0x09, 0xf3, 0xcf, 0x44,
    0x20, 0x0a, 0xf2, 0xbf, 0x00, 0x00, 0x0d, 0xf0, 0x8f, 0x50, 0x00, 0x3f,
    0xb0, 0x1e, 0xf8, 0x79, 0xff, 0x30, 0x02, 0xae, 0xfe, 0xa2, 0x00, 0x00,
    0x00, 0x00, 0x00, 0x85, 0x29, 0xdf, 0xfd, 0xab, 0xf6, 0x7e, 0xa8, 0x7b,
    0xff, 0x60, 0x20, 0x00, 0x00, 0x6f, 0x90, 0x00, 0x00, 0x00, 0x0e, 0xf0,
    0x11, 0x11, 0x00, 0x0a, 0xf2, 0xbf, 0xff, 0x80, 0x09, 0xf3, 0xcf, 0x44,
    0x20, 0x0a, 0xf2, 0xbf, 0x00, 0x00, 0x0d, 0xf0, 0x8f, 0x50, 0x00, 0x3f,
    0xb0, 0x1e, 0xf8, 0x79, 0xff, 0x30, 0x02, 0xae, 0xfe, 0xa2, 0x00, 0x06,
    0xdf, 0xa0, 0x5f, 0x64, 0xfd, 0x74, 0x05, 0xf6, 0x9f, 0x40, 0x00, 0x6f,
    0x69, 0xf3, 0x00, 0x08, 0xf6, 0x4f, 0xc3, 0x26, 0xff, 0x60, 0x7f, 0xff,
    0xfd, 0xf6, 0x00, 0x03, 0x31, 0x5f, 0x60, 0x00, 0x00, 0x05, 0xf6, 0x00,
    0x00, 0x00, 0x5f, 0x60, 0x00, 0x00, 0x05, 0xf6, 0x00, 0x00, 0x00, 0x5f,
    0x60, 0x07, 0x30, 0x00, 0x2f, 0x91, 0x11, 0x0d, 0xff, 0xff, 0x00, 0x34,
    0x44, 0x00, 0x00, 0x00, 0x00, 0x00, 0x00, 0x0a, 0x40, 0x00, 0x2f, 0x91,
    0x11, 0x0d, 0xff, 0xff, 0x00, 0x34, 0x44, 0x37, 0x00, 0x00, 0x00, 0x9f,
    0x41, 0x11, 0x11, 0x4f, 0xff, 0xff, 0xfd, 0x01, 0x34, 0x44, 0x43, 0x7d,
    0xff, 0xc4, 0x0c, 0xa7, 0x9f, 0xf2, 0x00, 0x00, 0x7f, 0x60, 0x00, 0x04,
    0xf7, 0x00, 0x00, 0x4f, 0x80, 0x00, 0x04, 0xf8, 0x00, 0x00, 0x4f, 0x80,
    0x00, 0x04, 0xf8, 0x00, 0x00, 0x4f, 0x80, 0x00, 0x04, 0xf8, 0x00, 0x00,
    0x4f, 0x80, 0x09, 0xed, 0x40, 0x00, 0x00, 0x00, 0x04, 0xf1, 0x6e, 0x00,
    0x00, 0x00, 0x00, 0x4f, 0x16, 0xe0, 0x00, 0x00, 0x00, 0x00, 0x9e, 0xd4,
    0x00, 0x00, 0x00, 0x00, 0x00, 0x00, 0x00, 0x00, 0x00, 0x00, 0x00, 0x00,
    0x00, 0x07, 0xdf, 0xfc, 0x40, 0x00, 0x00, 0x00, 0xca, 0x79, 0xff, 0x20,
    0x00, 0x00, 0x00, 0x00, 0x07, 0xf6, 0x00, 0x00, 0x00, 0x00, 0x00, 0x4f,
    0x70, 0x00, 0x00, 0x00, 0x00, 0x04, 0xf8, 0x00, 0x00, 0x00, 0x00, 0x00,
    0x4f, 0x80, 0x00, 0x00, 0x00, 0x00, 0x04, 0xf8, 0x00, 0x00, 0x00, 0x00,
    0x00, 0x4f, 0x80, 0x00, 0x00, 0x00, 0x00, 0x04, 0xf8, 0x00, 0x00, 0x00,
    0x00, 0x00, 0x4f, 0x80, 0x00, 0x00, 0x00, 0x00, 0x04, 0xf8, 0x00, 0x11,
    0x11, 0x11, 0x10, 0x2c, 0xff, 0xff, 0xff, 0xf3, 0x14, 0x44, 0x44, 0x44,
    0x41, 0x00, 0x00, 0x00, 0x04, 0xb2, 0x00, 0x11, 0x11, 0x18, 0xf4, 0x2d,
    0xff, 0xff, 0xff, 0xf5, 0x14, 0x44, 0x44, 0x44, 0x41, 0x00, 0x00, 0x00,
    0x9e, 0xb1, 0x00, 0x11, 0x15, 0xe0, 0xb6, 0x2d, 0xff, 0xff, 0xfa, 0xe3,
    0x14, 0x44, 0x44, 0x44, 0x20, 0x00, 0x00, 0x1b, 0x32, 0xb2, 0x00, 0x11,
    0x4f, 0x65, 0xf3, 0x2d, 0xff, 0xff, 0xff, 0xf5, 0x14, 0x44, 0x44, 0x44,
    0x41, 0x3d, 0xb0, 0x2b, 0xf3, 0x06, 0xf3, 0x06, 0xf3, 0x8c, 0x30, 0x4d,
    0x25, 0xf8, 0x05, 0xf3, 0x0f, 0xb0, 0x8f, 0x20, 0x7f, 0xff, 0x90, 0x00,
    0x02, 0x10, 0x00, 0x05, 0x81, 0x1f, 0xf8, 0x0c, 0xf4, 0x00, 0x00, 0xe4,
    0x00, 0x00, 0x38, 0x88, 0xfc, 0x40, 0x00, 0x6f, 0xff, 0xff, 0xff, 0x50,
    0x6f, 0x40, 0xe6, 0x6f, 0xf1, 0x6f, 0x40, 0xe4, 0x0a, 0xf3, 0x6f, 0x40,
    0xe4, 0x0a, 0xf2, 0x6f, 0x40, 0xe5, 0x5f, 0xb0, 0x6f, 0xff, 0xff, 0xf7,
    0x00, 0x6f, 0xa8, 0xfd, 0xcf, 0x90, 0x6f, 0x40, 0xe4, 0x09, 0xf7, 0x6f,
    0x40, 0xe4, 0x03, 0xfa, 0x6f, 0x40, 0xe4, 0x06, 0xfa, 0x6f, 0x40, 0xe5,
    0x4e, 0xf4, 0x6f, 0xff, 0xff, 0xff, 0x70, 0x38, 0x88, 0xfc, 0x51, 0x00,
    0x00, 0x00, 0xe4, 0x00, 0x00, 0x1f, 0xb0, 0x01, 0xfb, 0x00, 0x1f, 0xb0,
    0x01, 0xfb, 0x00, 0x1f, 0xb0, 0x01, 0xfb, 0x00, 0x1f, 0xb0, 0x01, 0xfb,
    0x00, 0x1f, 0xb0, 0x00, 0xff, 0x83, 0x06, 0xef, 0x60, 0x1f, 0xb0, 0x00,
    0xaf, 0x20, 0x1f, 0xb0, 0x00, 0xaf, 0x20, 0x1f, 0xb0, 0x00, 0xaf, 0x20,
    0x1f, 0xb0, 0x00, 0xaf, 0x20, 0x1f, 0xb0, 0x00, 0xaf, 0x20, 0x1f, 0xb0,
    0x00, 0xaf, 0x20, 0x1f, 0xb0, 0x00, 0xaf, 0x20, 0x1f, 0xb0, 0x00, 0xaf,
    0x20, 0x1f, 0xb0, 0x00, 0x9f, 0x20, 0x0f, 0xf8, 0x30, 0x8f, 0xb6, 0x06,
    0xef, 0x60, 0x1c, 0xfc, 0x7e, 0xff, 0xff, 0xf5, 0xcf, 0x86, 0x66, 0x00,
    0xfb, 0x00, 0x00, 0x0c, 0xf0, 0x00, 0x00, 0xcf, 0x00, 0x00, 0x0f, 0xf0,
    0x00, 0x00, 0xff, 0x00, 0x00, 0x0c, 0xf0, 0x00, 0x00, 0xcf, 0x00, 0x00,
    0x0c, 0xf0, 0x00, 0x00, 0xcf, 0x00, 0x00, 0x0c, 0xf0, 0x00, 0x00, 0xcf,
    0x00, 0x00, 0x0c, 0xf0, 0x00, 0x00, 0xbf, 0x95, 0x00, 0x03, 0xdf, 0xa0,
    0x6d, 0xfe, 0x70, 0x88, 0x7c, 0xf5, 0x00, 0x04, 0xf7, 0x00, 0x09, 0xf3,
    0x00, 0x5f, 0x90, 0x01, 0xfd, 0x00, 0x04, 0xf8, 0x00, 0x04, 0xf8, 0x00,
    0x04, 0xf8, 0x00, 0x04, 0xf8, 0x00, 0x04, 0xf8, 0x00, 0x04, 0xf8, 0x00,
    0x04, 0xf8, 0x00, 0x04, 0xf8, 0x00, 0x03, 0xfd, 0x71, 0x00, 0x9e, 0xe3,
    0x0f, 0xff, 0xff, 0xd1, 0x66, 0x7f, 0xd6, 0x00, 0x09, 0xf2, 0x00, 0x00,
    0xcf, 0x00, 0x00, 0x0c, 0xf0, 0x00, 0x00, 0xff, 0x00, 0x00, 0x0f, 0xf0,
    0x00, 0x00, 0xcf, 0x00, 0x00, 0x0c, 0xf0, 0x00, 0x00, 0xcf, 0x00, 0x00,
    0x0c, 0xf0, 0x00, 0x00, 0xcf, 0x00, 0x00, 0x0c, 0xf0, 0x00, 0x00, 0xcf,
    0x00, 0x00, 0x0b, 0xf9, 0x50, 0x00, 0x3d, 0xfa, 0x7d, 0xff, 0xc4, 0x0c,
    0xa7, 0x9f, 0xf2, 0x00, 0x00, 0x7f, 0x60, 0x00, 0x04, 0xf7, 0x00, 0x00,
    0x4f, 0x80, 0x00, 0x04, 0xf8, 0x00, 0x00, 0x4f, 0x80, 0x00, 0x04, 0xf8,
    0x00, 0x00, 0x4f, 0x80, 0x00, 0x08, 0xff, 0x00, 0x00, 0x9f, 0xf0, 0x00,
    0x04, 0xf8, 0x00, 0x00, 0x4f, 0x80, 0x00, 0x04, 0xf8, 0x00, 0x00, 0x4f,
    0x80, 0x06, 0xee, 0x87, 0xee, 0x80, 0x2f, 0xd8, 0xff, 0x7d, 0xf2, 0x5f,
    0x60, 0xdb, 0x07, 0xf4, 0x6f, 0x40, 0x87, 0x07, 0xf4, 0x5f, 0x50, 0x00,
    0x07, 0xf4, 0x2f, 0xb2, 0x10, 0x07, 0xf4, 0x09, 0xff, 0x70, 0x07, 0xf4,
    0x00, 0x24, 0x10, 0x07, 0xf4, 0x00, 0x00, 0x00, 0x07, 0xf4, 0x00, 0x00,
    0x00, 0x07, 0xf4, 0x00, 0x00, 0x00, 0x07, 0xf4, 0x00, 0x00, 0x00, 0x07,
    0xf4, 0x00, 0x00, 0x00, 0x07, 0xf4, 0x00, 0x00, 0x00, 0x07, 0xf4, 0x00,
    0x00, 0x00, 0x07, 0xf4, 0x3c, 0xff, 0xff, 0xf0, 0xdc, 0x33, 0x33, 0x30,
    0xda, 0x2d, 0x37, 0xf0, 0x5f, 0xf8, 0xff, 0x90, 0x00, 0x10, 0x02, 0x00,
    0x12, 0x09, 0xf3, 0x9f, 0x39, 0xf3, 0x9f, 0x30, 0x00, 0x00, 0x00, 0x02,
    0xef, 0x90, 0x00, 0x06, 0xcf, 0x00, 0x00, 0x0c, 0xd1, 0x11, 0x3e, 0xff,
    0xff, 0xd1, 0x44, 0x44, 0x43, 0x09, 0xe7, 0xcd, 0x30, 0x04, 0xf7, 0xa6,
    0xdc, 0x00, 0x5f, 0x30, 0x0b, 0xd4, 0x10, 0xcf, 0x75, 0xff, 0xf4, 0x00,
    0x10, 0x01, 0x11, 0x00, 0x00, 0x98, 0x00, 0x00, 0xdc, 0x00, 0x5f, 0xff,
    0xf3, 0x13, 0xff, 0x30, 0x00, 0x98, 0x00, 0x00, 0x11, 0x10, 0x1d, 0xff,
    0xf7, 0x5f, 0xa4, 0x41, 0x2a, 0x30, 0x00, 0x09, 0xed, 0x44, 0xf1, 0x6e,
    0x4f, 0x16, 0xe0, 0x9e, 0xd4, 0x00, 0x2d, 0xe3, 0x1c, 0xfc, 0x10, 0x5e,
    0x22, 0x00, 0x15, 0x00, 0x00, 0x00, 0x00, 0x00, 0x00, 0x00, 0x01, 0xae,
    0xff, 0xe9, 0x10, 0x1e, 0xf9, 0x55, 0xaf, 0xd0, 0x7f, 0x65, 0xee, 0x48,
    0xf6, 0xbf, 0x0d, 0xff, 0xc2, 0xfa, 0xcf, 0x0e, 0xff, 0xc0, 0xfb, 0xaf,
    0x17, 0xff, 0x62, 0xf9, 0x6f, 0x80, 0x11, 0x09, 0xf5, 0x0c, 0xfb, 0x77,
    0xcf, 0xb0, 0x00, 0x8d, 0xff, 0xd7, 0x00, 0x00, 0x00, 0x10, 0x00, 0x00,
    0x02, 0xbf, 0xff, 0xd5, 0x00, 0x1e, 0xf9, 0x57, 0xdf, 0x60, 0x8f, 0x60,
    0x00, 0x1f, 0xe0, 0xcf, 0x10, 0x00, 0x0a, 0xf2, 0xdf, 0x00, 0x00, 0x09,
    0xf3, 0xbf, 0x10, 0x00, 0x0b, 0xf2, 0x7f, 0x80, 0x00, 0x2f, 0xd0, 0x0d,
    0xfb, 0x89, 0xff, 0x40, 0x01, 0x9d, 0xfe, 0xb3, 0x00, 0x00, 0x00, 0x10,
    0x00, 0x00, 0x6d, 0xff, 0xfb, 0x20, 0x7f, 0xc6, 0x58, 0xfe, 0x1d, 0xf0,
    0x00, 0x07, 0xf7, 0xed, 0x00, 0x00, 0x2f, 0xbb, 0xf4, 0x00, 0x01, 0xfb,
    0x4f, 0xfd, 0x00, 0x2f, 0xa0, 0x27, 0x60, 0x09, 0xf5, 0x00, 0x07, 0x7a,
    0xfc, 0x00, 0x00, 0xef, 0xe9, 0x10, 0x67, 0x00, 0x00, 0x00, 0x00, 0x0d,
    0xe0, 0x00, 0x00, 0x00, 0x00, 0xde, 0x00, 0x00, 0x00, 0x00, 0x0d, 0xe0,
    0x6f, 0xe6, 0xef, 0x80, 0xde, 0x0e, 0xd7, 0xf7, 0xdf, 0x0d, 0xe0, 0xf9,
    0x06, 0x0a, 0xf1, 0xde, 0x0e, 0xc2, 0x00, 0xaf, 0x1c, 0xe0, 0x7f, 0xf3,
    0x0a, 0xf1, 0xbf, 0x00, 0x23, 0x00, 0xcf, 0x07, 0xf8, 0x00, 0x00, 0x2f,
    0xc0, 0x0d, 0xfc, 0x87, 0x9f, 0xf4, 0x00, 0x07, 0xcf, 0xfe, 0xa3, 0x00,
    0x00, 0x00, 0x00, 0x10, 0x00, 0x9f, 0xf7, 0xdf, 0xe3, 0x6f, 0xa7, 0xfa,
    0x6f, 0xca, 0xf1, 0x06, 0x10, 0xde, 0xcf, 0x00, 0x00, 0x0d, 0xed, 0xf0,
    0x00, 0x00, 0xde, 0xcf, 0x00, 0x00, 0x0d, 0xe9, 0xf4, 0x00, 0x00, 0xde,
    0x3f, 0xe7, 0x30, 0x0d, 0xe0, 0x5e, 0xf6, 0x00, 0xde, 0x00, 0x00, 0x00,
    0x18, 0x40, 0x00, 0x00, 0x03, 0xf7, 0x00, 0x00, 0x12, 0x9f, 0x40, 0x3d,
    0xff, 0xff, 0xa0, 0x1f, 0xf7, 0x54, 0x20, 0x08, 0xf5, 0x00, 0x00, 0x00,
    0xbf, 0x00, 0x05, 0xff, 0x2d, 0xf0, 0x00, 0xed, 0x40, 0xcf, 0x00, 0x0f,
    0x80, 0x09, 0xf4, 0x00, 0xf9, 0x00, 0x2f, 0xf8, 0x6e, 0xf8, 0x50, 0x3b,
    0xff, 0xff, 0xfc, 0x00, 0x2c, 0xe6, 0x0f, 0x80, 0x09, 0x82, 0xf1, 0xf7,
    0x00, 0x7a, 0x4f, 0x8f, 0x40, 0x3c, 0xff, 0xff, 0xa0, 0x2f, 0xf7, 0x54,
    0x20, 0x09, 0xf5, 0x00, 0x00, 0x00, 0xcf, 0x00, 0x04, 0xff, 0x2d, 0xf0,
    0x00, 0xed, 0x40, 0xcf, 0x00, 0x0f, 0x80, 0x09, 0xf4, 0x00, 0xf9, 0x00,
    0x2f, 0xf8, 0x6f, 0xf8, 0x50, 0x3b, 0xff, 0xff, 0xfc, 0x9f, 0x10, 0x00,
    0x00, 0x00, 0x4f, 0x50, 0x00, 0x00, 0x00, 0x0f, 0x90, 0x01, 0x00, 0x00,
    0x0b, 0xeb, 0xff, 0xf8, 0x00, 0x07, 0xfa, 0x55, 0xcf, 0x70, 0x01, 0x40,
    0x00, 0x0e, 0xe0, 0x00, 0x00, 0x00, 0x0a, 0xf1, 0x00, 0x00, 0x00, 0x09,
    0xf3, 0x00, 0x00, 0x00, 0x0a, 0xf2, 0x00, 0x50, 0x00, 0x1f, 0xe0, 0x05,
    0xfc, 0x78, 0xdf, 0x60, 0x00, 0x6c, 0xff, 0xc5, 0x00, 0x00, 0x00, 0x00,
    0x00, 0x00, 0x58, 0x00, 0x00, 0x00, 0x00, 0x00, 0x0b, 0xf0, 0x00, 0x00,
    0x00, 0x10, 0x00, 0xbf, 0x00, 0xbf, 0xe6, 0xef, 0xc0, 0x0b, 0xf0, 0x7f,
    0x98, 0xf7, 0xaf, 0x60, 0xbf, 0x0b, 0xf0, 0x06, 0x03, 0xf7, 0x0b, 0xf0,
    0xdf, 0x00, 0x00, 0x3f, 0x70, 0xbf, 0x0d, 0xf0, 0x00, 0x03, 0xf7, 0x0b,
    0xf0, 0xcf, 0x00, 0x00, 0x3f, 0x70, 0xbf, 0x09, 0xf4, 0x00, 0x03, 0xf7,
    0x0e, 0xd0, 0x3f, 0xd7, 0x30, 0x3f, 0xbb, 0xf7, 0x00, 0x5d, 0xf6, 0x03,
    0xff, 0xc6, 0x00, 0x00, 0x00, 0x00, 0x08, 0x50, 0x00, 0x00, 0x00, 0x0f,
    0xa0, 0x00, 0x00, 0x12, 0x7f, 0x70, 0x04, 0xdf, 0xff, 0xfd, 0x10, 0x2f,
    0xf7, 0x54, 0x30, 0x00, 0x8f, 0x40, 0x00, 0x00, 0x00, 0xcf, 0x00, 0x00,
    0x05, 0x30, 0xde, 0x00, 0x00, 0x0e, 0xf1, 0xcf, 0x00, 0x00, 0x07, 0xf4,
    0x9f, 0x52, 0xe6, 0x06, 0xf4, 0x3f, 0xff, 0xfd, 0x7e, 0xf1, 0x05, 0xdc,
    0x1b, 0xfd, 0x40, 0x00, 0x00, 0x00, 0x05, 0x70, 0x00, 0x00, 0x00, 0xbe,
    0x00, 0x00, 0x00, 0x2d, 0xd0, 0x8f, 0xfa, 0xdf, 0xf7, 0x5f, 0xa7, 0xfe,
    0x52, 0x0a, 0xf1, 0x0c, 0xd0, 0x00, 0xcf, 0x00, 0x6f, 0x40, 0x0d, 0xe0,
    0x00, 0xfb, 0x00, 0xcf, 0x00, 0x09, 0xf2, 0x09, 0xf4, 0x00, 0x2f, 0x90,
    0x3f, 0xd7, 0x30, 0xbf, 0x10, 0x6e, 0xf6, 0x05, 0xf7, 0x06, 0xdf, 0xa0,
    0x5f, 0x60, 0x06, 0xf6, 0x4f, 0xd7, 0x40, 0x5f, 0x60, 0x06, 0xf6, 0x9f,
    0x40, 0x00, 0x6f, 0x60, 0x06, 0xf6, 0x9f, 0x30, 0x00, 0x8f, 0x60, 0x09,
    0xf6, 0x4f, 0xc3, 0x25, 0xff, 0xb2, 0x6f, 0xf6, 0x07, 0xff, 0xff, 0xdf,
    0xff, 0xfe, 0xf6, 0x00, 0x03, 0x41, 0x5f, 0x83, 0x16, 0xf6, 0x00, 0x00,
    0x00, 0x5f, 0x60, 0x06, 0xf6, 0x00, 0x00, 0x00, 0x5f, 0x60, 0x06, 0xf6,
    0x00, 0x00, 0x00, 0x5f, 0x60, 0x06, 0xf6, 0x00, 0x00, 0x00, 0x5f, 0x60,
    0x06, 0xf6, 0x00, 0x00, 0x00, 0x00, 0x00, 0x00, 0x00, 0x00, 0x00, 0x2c,
    0xff, 0xb0, 0x00, 0x00, 0x00, 0x00, 0x00, 0x0b, 0xf6, 0x7f, 0x71, 0x60,
    0x34, 0x01, 0x00, 0x00, 0xfb, 0x00, 0xf8, 0x5f, 0x5b, 0xf4, 0xf1, 0x00,
    0x0e, 0xc0, 0x08, 0x3b, 0xfd, 0xec, 0xdf, 0x90, 0x00, 0x9f, 0x82, 0x39,
    0xf4, 0xec, 0x3f, 0x2b, 0xd3, 0x01, 0xbf, 0xff, 0xe6, 0x02, 0x20, 0x00,
    0x00, 0x00, 0x00, 0x14, 0x30, 0x00, 0x00, 0x00, 0x00, 0x00, 0x00, 0x00,
    0x00, 0x00, 0x00, 0x00, 0x00, 0x27, 0x60, 0x00, 0x00, 0x00, 0x00, 0x00,
    0x03, 0x8d, 0xff, 0xf1, 0x00, 0x00, 0x00, 0x00, 0x49, 0xef, 0xff, 0xff,
    0xf2, 0x00, 0x00, 0x00, 0xaf, 0xff, 0xff, 0xff, 0xff, 0xf2, 0x00, 0x00,
    0x04, 0xff, 0xff, 0xff, 0xff, 0xff, 0xf2, 0x00, 0x00, 0x04, 0xff, 0xff,
    0xff, 0xff, 0xff, 0xf2, 0x00, 0x00, 0x04, 0xff, 0xff, 0xff, 0xff, 0xa9,
    0xf2, 0x00, 0x00, 0x04, 0xff, 0xff, 0xe9, 0x40, 0x04, 0xf2, 0x00, 0x00,
    0x04, 0xfd, 0x83, 0x00, 0x00, 0x04, 0xf2, 0x00, 0x00, 0x04, 0xf2, 0x00,
    0x00, 0x00, 0x04, 0xf2, 0x00, 0x00, 0x04, 0xf2, 0x00, 0x00, 0x00, 0x04,
    0xf2, 0x00, 0x00, 0x04, 0xf2, 0x00, 0x00, 0x01, 0x04, 0xf2, 0x00, 0x00,
    0x04, 0xf2, 0x00, 0x2b, 0xff, 0xfd, 0xf2, 0x00, 0x00, 0x04, 0xf2, 0x00,
    0xdf, 0xff, 0xff, 0xf2, 0x00, 0x24, 0x24, 0xf2, 0x00, 0xdf, 0xff, 0xff,
    0xf0, 0x3d, 0xff, 0xff, 0xf2, 0x00, 0x2b, 0xff, 0xfc, 0x30, 0xef, 0xff,
    0xff, 0xf2, 0x00, 0x00, 0x01, 0x00, 0x00, 0xcf, 0xff, 0xff, 0xe0, 0x00,
    0x00, 0x00, 0x00, 0x00, 0x08, 0xdf, 0xe9, 0x10, 0x00, 0x00, 0x00, 0x00,
    0x00, 0xbf, 0xff, 0xf7, 0x09, 0xff, 0xff, 0xff, 0xff, 0xff, 0xfb, 0xff,
    0xff, 0xfb, 0x0d, 0xff, 0xff, 0xff, 0xff, 0xff, 0xff, 0xff, 0xff, 0xfb,
    0x0d, 0xff, 0xff, 0xff, 0xff, 0xff, 0xff, 0xef, 0xff, 0xfa, 0x0c, 0xff,
    0xff, 0xff, 0xff, 0xff, 0xfe, 0x14, 0x44, 0x40, 0x01, 0x44, 0x44, 0x44,
    0x44, 0x44, 0x41, 0x00, 0x00, 0x00, 0x00, 0x00, 0x00, 0x00, 0x00, 0x00,
    0x00, 0xbf, 0xff, 0xf7, 0x09, 0xff, 0xff, 0xff, 0xff, 0xff, 0xfb, 0xff,
    0xff, 0xfb, 0x0d, 0xff, 0xff, 0xff, 0xff, 0xff, 0xff, 0xff, 0xff, 0xfb,
    0x0d, 0xff, 0xff, 0xff, 0xff, 0xff, 0xff, 0xef, 0xff, 0xfa, 0x0c, 0xff,
    0xff, 0xff, 0xff, 0xff, 0xfe, 0x14, 0x44, 0x40, 0x01, 0x44, 0x44, 0x44,
    0x44, 0x44, 0x41, 0x14, 0x44, 0x40, 0x01, 0x44, 0x44, 0x44, 0x44, 0x44,
    0x41, 0xef, 0xff, 0xfa, 0x0c, 0xff, 0xff, 0xff, 0xff, 0xff, 0xfe, 0xff,
    0xff, 0xfb, 0x0d, 0xff, 0xff, 0xff, 0xff, 0xff, 0xff, 0xff, 0xff, 0xfb,
    0x0d, 0xff, 0xff, 0xff, 0xff, 0xff, 0xff, 0xbf, 0xff, 0xf7, 0x09, 0xff,
    0xff, 0xff, 0xff, 0xff, 0xfb, 0x00, 0x00, 0x00, 0x00, 0x00, 0x00, 0x00,
    0x34, 0x00, 0x00, 0x00, 0x00, 0x00, 0x00, 0x00, 0x05, 0xff, 0x60, 0x00,
    0x00, 0x00, 0x00, 0x00, 0x00, 0x5f, 0xff, 0xf5, 0x00, 0x00, 0x00, 0x00,
    0x00, 0x05, 0xff, 0xff, 0xf8, 0x00, 0x32, 0x00, 0x00, 0x00, 0x5f, 0xff,
    0xff, 0xb0, 0x06, 0xff, 0x40, 0x00, 0x05, 0xff, 0xff, 0xfb, 0x00, 0x5f,
    0xff, 0xf4, 0x00, 0x4f, 0xff, 0xff, 0xb0, 0x00, 0x8f, 0xff, 0xff, 0x44,
    0xff, 0xff, 0xfb, 0x00, 0x00, 0x0c, 0xff, 0xff, 0xff, 0xff, 0xff, 0xb0,
    0x00, 0x00, 0x00, 0xcf, 0xff, 0xff, 0xff, 0xfb, 0x00, 0x00, 0x00, 0x00,
    0x0c, 0xff, 0xff, 0xff, 0xb0, 0x00, 0x00, 0x00, 0x00, 0x00, 0xcf, 0xff,
    0xfb, 0x00, 0x00, 0x00, 0x00, 0x00, 0x00, 0x0c, 0xff, 0xb0, 0x00, 0x00,
    0x00, 0x00, 0x00, 0x00, 0x00, 0xaa, 0x00, 0x00, 0x00, 0x00, 0x00, 0x00,
    0x00, 0x00, 0x00, 0x00, 0x00, 0x00, 0x06, 0xf9, 0x00, 0x00, 0x05, 0xfa,
    0x00, 0x6f, 0xff, 0x90, 0x00, 0x5f, 0xff, 0xa0, 0xff, 0xff, 0xf9, 0x05,
    0xff, 0xff, 0xf3, 0x7f, 0xff, 0xff, 0xbf, 0xff, 0xff, 0xb0, 0x07, 0xff,
    0xff, 0xff, 0xff, 0xfb, 0x00, 0x00, 0x7f, 0xff, 0xff, 0xff, 0xb0, 0x00,
    0x00, 0x0a, 0xff, 0xff, 0xfe, 0x00, 0x00, 0x00, 0x5f, 0xff, 0xff, 0xff,
    0x90, 0x00, 0x05, 0xff, 0xff, 0xff, 0xff, 0xf9, 0x00, 0x5f, 0xff, 0xff,
    0xdf, 0xff, 0xff, 0x90, 0xff, 0xff, 0xfb, 0x07, 0xff, 0xff, 0xf3, 0x8f,
    0xff, 0xb0, 0x00, 0x7f, 0xff, 0xc0, 0x08, 0xfb, 0x00, 0x00, 0x07, 0xfc,
    0x00, 0x00, 0x20, 0x00, 0x00, 0x00, 0x20, 0x00, 0x00, 0x00, 0x00, 0x0b,
    0xbb, 0x00, 0x00, 0x00, 0x00, 0x00, 0x10, 0x04, 0xff, 0xf3, 0x00, 0x10,
    0x00, 0x00, 0x3f, 0xb1, 0x8f, 0xff, 0x71, 0xbe, 0x30, 0x00, 0x2f, 0xff,
    0xff, 0xff, 0xff, 0xff, 0xfe, 0x20, 0x03, 0xff, 0xff, 0xff, 0xff, 0xff,
    0xff, 0xf3, 0x00, 0x07, 0xff, 0xff, 0xff, 0xff, 0xff, 0xf7, 0x00, 0x00,
    0x7f, 0xff, 0xd4, 0x04, 0xdf, 0xff, 0x70, 0x0b, 0xff, 0xff, 0xf2, 0x00,
    0x02, 0xff, 0xff, 0xeb, 0xff, 0xff, 0xfc, 0x00, 0x00, 0x0c, 0xff, 0xff,
    0xff, 0xff, 0xff, 0xc0, 0x00, 0x00, 0xcf, 0xff, 0xff, 0xbe, 0xff, 0xff,
    0x20, 0x00, 0x2f, 0xff, 0xfe, 0xb0, 0x07, 0xff, 0xfd, 0x40, 0x4d, 0xff,
    0xf7, 0x00, 0x00, 0x7f, 0xff, 0xff, 0xff, 0xff, 0xff, 0x70, 0x00, 0x3f,
    0xff, 0xff, 0xff, 0xff, 0xff, 0xff, 0x30, 0x02, 0xef, 0xff, 0xff, 0xff,
    0xff, 0xff, 0xf2, 0x00, 0x03, 0xec, 0x17, 0xff, 0xf8, 0x1b, 0xf3, 0x00,
    0x00, 0x01, 0x00, 0x3f, 0xff, 0x40, 0x01, 0x00, 0x00, 0x00, 0x00, 0x00,
    0xab, 0xb1, 0x00, 0x00, 0x00, 0x00, 0x00, 0x00, 0x00, 0x04, 0x00, 0x03,
    0x43, 0x00, 0x00, 0x00, 0x00, 0x00, 0x2d, 0xfd, 0x20, 0xdf, 0xf0, 0x00,
    0x00, 0x00, 0x00, 0x4e, 0xfc, 0xff, 0x4d, 0xff, 0x00, 0x00, 0x00, 0x00,
    0x6f, 0xf6, 0x36, 0xff, 0xff, 0xf0, 0x00, 0x00, 0x00, 0x9f, 0xf4, 0x9f,
    0x94, 0xef, 0xff, 0x00, 0x00, 0x00, 0xbf, 0xd3, 0xcf, 0xff, 0xc3, 0xdf,
    0xf1, 0x00, 0x02, 0xdf, 0xb4, 0xef, 0xff, 0xff, 0xe4, 0xbf, 0xd2, 0x03,
    0xef, 0x95, 0xff, 0xff, 0xff, 0xff, 0xf5, 0x8f, 0xf4, 0x2e, 0x68, 0xff,
    0xff, 0xff, 0xff, 0xff, 0xf8, 0x6f, 0x30, 0x00, 0xff, 0xff, 0xff, 0xff,
    0xff, 0xff, 0xf0, 0x00, 0x00, 0x0f, 0xff, 0xff, 0xbb, 0xbf, 0xff, 0xff,
    0x00, 0x00, 0x00, 0xff, 0xff, 0xf0, 0x00, 0xff, 0xff, 0xf0, 0x00, 0x00,
    0x0f, 0xff, 0xff, 0x00, 0x0f, 0xff, 0xff, 0x00, 0x00, 0x00, 0xff, 0xff,
    0xf0, 0x00, 0xff, 0xff, 0xf0, 0x00, 0x00, 0x0d, 0xff, 0xff, 0x00, 0x0f,
    0xff, 0xfd, 0x00, 0x00, 0x00, 0x00, 0x00, 0x02, 0x44, 0x40, 0x00, 0x00,
    0x00, 0x00, 0x00, 0x00, 0x00, 0xdf, 0xff, 0x60, 0x00, 0x00, 0x00, 0x00,
    0x00, 0x00, 0x0d, 0xff, 0xf7, 0x00, 0x00, 0x00, 0x00, 0x00, 0x00, 0x00,
    0xdf, 0xff, 0x70, 0x00, 0x00, 0x00, 0x00, 0x00, 0x00, 0x0d, 0xff, 0xf7,
    0x00, 0x00, 0x00, 0x00, 0x00, 0x00, 0x00, 0xdf, 0xff, 0x70, 0x00, 0x00,
    0x00, 0x00, 0x02, 0x89, 0x9f, 0xff, 0xfc, 0x99, 0x70, 0x00, 0x00, 0x00,
    0x4f, 0xff, 0xff, 0xff, 0xff, 0xfd, 0x00, 0x00, 0x00, 0x00, 0x6f, 0xff,
    0xff, 0xff, 0xfd, 0x10, 0x00, 0x00, 0x00, 0x00, 0x6f, 0xff, 0xff, 0xfd,
    0x10, 0x00, 0x00, 0x00, 0x00, 0x00, 0x6f, 0xff, 0xfd, 0x10, 0x00, 0x00,
    0x00, 0x00, 0x00, 0x00, 0x6f, 0xfd, 0x10, 0x00, 0x00, 0x00, 0x9d, 0xdd,
    0xdd, 0x90, 0x6c, 0x12, 0xcd, 0xdd, 0xdc, 0x2f, 0xff, 0xff, 0xff, 0x80,
    0x01, 0xdf, 0xff, 0xff, 0xf6, 0xff, 0xff, 0xff, 0xff, 0xca, 0xef, 0xff,
    0xff, 0xff, 0x7f, 0xff, 0xff, 0xff, 0xff, 0xff, 0xff, 0x3f, 0x93, 0xf7,
    0xff, 0xff, 0xff, 0xff, 0xff, 0xff, 0xf9, 0xfd, 0x9f, 0x6b, 0xff, 0xff,
    0xff, 0xff, 0xff, 0xff, 0xff, 0xff, 0xf3, 0x00, 0x00, 0x02, 0x7a, 0xba,
    0x72, 0x00, 0x00, 0x00, 0x00, 0x01, 0xbf, 0xff, 0xff, 0xff, 0xb2, 0x05,
    0xe0, 0x00, 0x3e, 0xff, 0xff, 0xff, 0xff, 0xff, 0x9f, 0xf2, 0x02, 0xff,
    0xff, 0x94, 0x23, 0x7e, 0xff, 0xff, 0xf2, 0x0c, 0xff, 0xc2, 0x00, 0x00,
    0x01, 0xdf, 0xff, 0xf2, 0x4f, 0xfe, 0x10, 0x00, 0x00, 0x05, 0xff, 0xff,
    0xf2, 0xaf, 0xf6, 0x00, 0x00, 0x00, 0x2f, 0xff, 0xff, 0xf1, 0x46, 0x60,
    0x00, 0x00, 0x00, 0x06, 0x66, 0x66, 0x50, 0x00, 0x00, 0x00, 0x00, 0x00,
    0x00, 0x00, 0x00, 0x00, 0x00, 0x00, 0x00, 0x00, 0x00, 0x00, 0x00, 0x00,
    0x00, 0xbe, 0xee, 0xed, 0x30, 0x00, 0x00, 0x01, 0xde, 0xb0, 0xff, 0xff,
    0xfd, 0x10, 0x00, 0x00, 0x08, 0xff, 0x80, 0xff, 0xff, 0xe1, 0x00, 0x00,
    0x00, 0x6f, 0xff, 0x10, 0xff, 0xff, 0xfb, 0x30, 0x00, 0x3a, 0xff, 0xf7,
    0x00, 0xff, 0xdf, 0xff, 0xff, 0xdf, 0xff, 0xff, 0x90, 0x00, 0xfb, 0x05,
    0xef, 0xff, 0xff, 0xff, 0xf7, 0x00, 0x00, 0x20, 0x00, 0x06, 0xbe, 0xfe,
    0xc7, 0x10, 0x00, 0x00, 0x00, 0x00, 0x00, 0x00, 0x00, 0x00, 0x5d, 0x50,
    0x00, 0x00, 0x00, 0x00, 0x00, 0xa5, 0x00, 0x01, 0xbf, 0x90, 0x00, 0x00,
    0x00, 0x00, 0xbf, 0x90, 0x01, 0x30, 0x6f, 0x80, 0x00, 0x00, 0x00, 0xbf,
    0xf9, 0x00, 0x8f, 0x70, 0x7f, 0x30, 0x00, 0x00, 0xbf, 0xff, 0x90, 0x00,
    0x8f, 0x50, 0xdb, 0x0c, 0xee, 0xff, 0xff, 0xf9, 0x08, 0x70, 0xbd, 0x07,
    0xf1, 0xff, 0xff, 0xff, 0xff, 0x90, 0x9f, 0x83, 0xf3, 0x2f, 0x4f, 0xff,
    0xff, 0xff, 0xf9, 0x00, 0x9e, 0x0f, 0x60, 0xf6, 0xff, 0xff, 0xff, 0xff,
    0x90, 0x0a, 0xe0, 0xf5, 0x1f, 0x6f, 0xff, 0xff, 0xff, 0xf9, 0x0b, 0xf7,
    0x4f, 0x33, 0xf4, 0xac, 0xcd, 0xff, 0xff, 0x90, 0x65, 0x0c, 0xd0, 0x7f,
    0x10, 0x00, 0x0a, 0xff, 0xf9, 0x00, 0x1a, 0xf3, 0x0e, 0xa0, 0x00, 0x00,
    0x0a, 0xff, 0x90, 0x09, 0xe5, 0x09, 0xf2, 0x00, 0x00, 0x00, 0x0a, 0xf9,
    0x00, 0x11, 0x08, 0xf7, 0x00, 0x00, 0x00, 0x00, 0x08, 0x40, 0x00, 0x2c,
    0xf7, 0x00, 0x00, 0x00, 0x00, 0x00, 0x00, 0x00, 0x04, 0xb3, 0x00, 0x00,
    0x06, 0x77, 0x77, 0x77, 0x77, 0x77, 0x77, 0x77, 0x77, 0x76, 0x20, 0xbf,
    0xff, 0xff, 0xff, 0xff, 0xff, 0xff, 0xff, 0xff, 0xff, 0xf2, 0xf7, 0x00,
    0x00, 0x00, 0x00, 0x00, 0x00, 0x00, 0x00, 0x00, 0xf6, 0xf6, 0x05, 0xee,
    0x50, 0x00, 0x00, 0x00, 0x00, 0x00, 0x00, 0xf6, 0xf6, 0x0f, 0xff, 0xf0,
    0x00, 0x00, 0x00, 0x00, 0x00, 0x00, 0xf6, 0xf6, 0x1f, 0xff, 0xf1, 0x00,
    0x00, 0x0b, 0xa0, 0x00, 0x00, 0xf6, 0xf6, 0x09, 0xff, 0x90, 0x00, 0x00,
    0xbf, 0xfa, 0x00, 0x00, 0xf6, 0xf6, 0x00, 0x22, 0x00, 0x00, 0x0b, 0xff,
    0xff, 0xa0, 0x00, 0xf6, 0xf6, 0x00, 0x00, 0x10, 0x00, 0xbf, 0xff, 0xff,
    0xfa, 0x00, 0xf6, 0xf6, 0x00, 0x05, 0xf4, 0x0b, 0xff, 0xff, 0xff, 0xff,
    0x70, 0xf6, 0xf6, 0x00, 0x5f, 0xff, 0xcf, 0xff, 0xff, 0xff, 0xff, 0x90,
    0xf6, 0xf6, 0x05, 0xff, 0xff, 0xff, 0xff, 0xff, 0xff, 0xff, 0x90, 0xf6,
    0xf6, 0x1f, 0xff, 0xff, 0xff, 0xff, 0xff, 0xff, 0xff, 0x90, 0xf6, 0xf6,
    0x2f, 0xff, 0xff, 0xff, 0xff, 0xff, 0xff, 0xff, 0x90, 0xf6, 0xf6, 0x07,
    0x77, 0x77, 0x77, 0x77, 0x77, 0x77, 0x77, 0x40, 0xf6, 0xf7, 0x00, 0x00,
    0x00, 0x00, 0x00, 0x00, 0x00, 0x00, 0x00, 0xf6, 0xbf, 0xff, 0xff, 0xff,
    0xff, 0xff, 0xff, 0xff, 0xff, 0xff, 0xf2, 0x05, 0x66, 0x66, 0x66, 0x66,
    0x66, 0x66, 0x66, 0x66, 0x66, 0x20, 0xdf, 0xb0, 0x00, 0x00, 0x00, 0x66,
    0xff, 0xd0, 0x00, 0x00, 0x06, 0xf6, 0xff, 0xd0, 0x00, 0x00, 0x6f, 0xf6,
    0xff, 0xd0, 0x00, 0x06, 0xff, 0xf6, 0xff, 0xd0, 0x00, 0x6f, 0xff, 0xf6,
    0xff, 0xd0, 0x06, 0xff, 0xff, 0xf6, 0xff, 0xd0, 0x6f, 0xff, 0xff, 0xf6,
    0xff, 0xd6, 0xff, 0xff, 0xff, 0xf6, 0xff, 0xff, 0xff, 0xff, 0xff, 0xf6,
    0xff, 0xd9, 0xff, 0xff, 0xff, 0xf6, 0xff, 0xd0, 0x9f, 0xff, 0xff, 0xf6,
    0xff, 0xd0, 0x09, 0xff, 0xff, 0xf6, 0xff, 0xd0, 0x00, 0x9f, 0xff, 0xf6,
    0xff, 0xd0, 0x00, 0x09, 0xff, 0xf6, 0xff, 0xd0, 0x00, 0x00, 0x9f, 0xf6,
    0xff, 0xd0, 0x00, 0x00, 0x09, 0xf6, 0xef, 0xc0, 0x00, 0x00, 0x00, 0x96,
    0x12, 0x00, 0x00, 0x00, 0x00, 0x00, 0xa3, 0x00, 0x00, 0x00, 0x00, 0x00,
    0x00, 0x00, 0xff, 0xa2, 0x00, 0x00, 0x00, 0x00, 0x00, 0x00, 0xff, 0xff,
    0x91, 0x00, 0x00, 0x00, 0x00, 0x00, 0xff, 0xff, 0xfe, 0x70, 0x00, 0x00,
    0x00, 0x00, 0xff, 0xff, 0xff, 0xfd, 0x50, 0x00, 0x00, 0x00, 0xff, 0xff,
    0xff, 0xff, 0xfc, 0x30, 0x00, 0x00, 0xff, 0xff, 0xff, 0xff, 0xff, 0xfa,
    0x20, 0x00, 0xff, 0xff, 0xff, 0xff, 0xff, 0xff, 0xf9, 0x10, 0xff, 0xff,
    0xff, 0xff, 0xff, 0xff, 0xff, 0xe5, 0xff, 0xff, 0xff, 0xff, 0xff, 0xff,
    0xff, 0xb2, 0xff, 0xff, 0xff, 0xff, 0xff, 0xff, 0xd4, 0x00, 0xff, 0xff,
    0xff, 0xff, 0xff, 0xe6, 0x00, 0x00, 0xff, 0xff, 0xff, 0xff, 0xf8, 0x00,
    0x00, 0x00, 0xff, 0xff, 0xff, 0xf9, 0x10, 0x00, 0x00, 0x00, 0xff, 0xff,
    0xfb, 0x20, 0x00, 0x00, 0x00, 0x00, 0xff, 0xfd, 0x40, 0x00, 0x00, 0x00,
    0x00, 0x00, 0xfe, 0x60, 0x00, 0x00, 0x00, 0x00, 0x00, 0x00, 0x50, 0x00,
    0x00, 0x00, 0x00, 0x00, 0x00, 0x00, 0xdf, 0xff, 0xff, 0xe0, 0x00, 0xdf,
    0xff, 0xff, 0xe0, 0xff, 0xff, 0xff, 0xf2, 0x00, 0xff, 0xff, 0xff, 0xf2,
    0xff, 0xff, 0xff, 0xf2, 0x00, 0xff, 0xff, 0xff, 0xf2, 0xff, 0xff, 0xff,
    0xf2, 0x00, 0xff, 0xff, 0xff, 0xf2, 0xff, 0xff, 0xff, 0xf2, 0x00, 0xff,
    0xff, 0xff, 0xf2, 0xff, 0xff, 0xff, 0xf2, 0x00, 0xff, 0xff, 0xff, 0xf2,
    0xff, 0xff, 0xff, 0xf2, 0x00, 0xff, 0xff, 0xff, 0xf2, 0xff, 0xff, 0xff,
    0xf2, 0x00, 0xff, 0xff, 0xff, 0xf2, 0xff, 0xff, 0xff, 0xf2, 0x00, 0xff,
    0xff, 0xff, 0xf2, 0xff, 0xff, 0xff, 0xf2, 0x00, 0xff, 0xff, 0xff, 0xf2,
    0xff, 0xff, 0xff, 0xf2, 0x00, 0xff, 0xff, 0xff, 0xf2, 0xff, 0xff, 0xff,
    0xf2, 0x00, 0xff, 0xff, 0xff, 0xf2, 0xff, 0xff, 0xff, 0xf2, 0x00, 0xff,
    0xff, 0xff, 0xf2, 0xff, 0xff, 0xff, 0xf2, 0x00, 0xff, 0xff, 0xff, 0xf2,
    0xff, 0xff, 0xff, 0xf2, 0x00, 0xff, 0xff, 0xff, 0xf2, 0xff, 0xff, 0xff,
    0xf2, 0x00, 0xff, 0xff, 0xff, 0xf2, 0xef, 0xff, 0xff, 0xf1, 0x00, 0xef,
    0xff, 0xff, 0xf1, 0x12, 0x22, 0x22, 0x10, 0x00, 0x12, 0x22, 0x22, 0x10,
    0xdf, 0xff, 0xff, 0xff, 0xff, 0xff, 0xff, 0xff, 0xe0, 0xff, 0xff, 0xff,
    0xff, 0xff, 0xff, 0xff, 0xff, 0xf2, 0xff, 0xff, 0xff, 0xff, 0xff, 0xff,
    0xff, 0xff, 0xf2, 0xff, 0xff, 0xff, 0xff, 0xff, 0xff, 0xff, 0xff, 0xf2,
    0xff, 0xff, 0xff, 0xff, 0xff, 0xff, 0xff, 0xff, 0xf2, 0xff, 0xff, 0xff,
    0xff, 0xff, 0xff, 0xff, 0xff, 0xf2, 0xff, 0xff, 0xff, 0xff, 0xff, 0xff,
    0xff, 0xff, 0xf2, 0xff, 0xff, 0xff, 0xff, 0xff, 0xff, 0xff, 0xff, 0xf2,
    0xff, 0xff, 0xff, 0xff, 0xff, 0xff, 0xff, 0xff, 0xf2, 0xff, 0xff, 0xff,
    0xff, 0xff, 0xff, 0xff, 0xff, 0xf2, 0xff, 0xff, 0xff, 0xff, 0xff, 0xff,
    0xff, 0xff, 0xf2, 0xff, 0xff, 0xff, 0xff, 0xff, 0xff, 0xff, 0xff, 0xf2,
    0xff, 0xff, 0xff, 0xff, 0xff, 0xff, 0xff, 0xff, 0xf2, 0xff, 0xff, 0xff,
    0xff, 0xff, 0xff, 0xff, 0xff, 0xf2, 0xff, 0xff, 0xff, 0xff, 0xff, 0xff,
    0xff, 0xff, 0xf2, 0xff, 0xff, 0xff, 0xff, 0xff, 0xff, 0xff, 0xff, 0xf2,
    0xef, 0xff, 0xff, 0xff, 0xff, 0xff, 0xff, 0xff, 0xf1, 0x12, 0x22, 0x22,
    0x22, 0x22, 0x22, 0x22, 0x22, 0x10, 0x66, 0x00, 0x00, 0x00, 0x0b, 0xfd,
    0x6f, 0x60, 0x00, 0x00, 0x0d, 0xff, 0x6f, 0xf6, 0x00, 0x00, 0x0d, 0xff,
    0x6f, 0xff, 0x60, 0x00, 0x0d, 0xff, 0x6f, 0xff, 0xf6, 0x00, 0x0d, 0xff,
    0x6f, 0xff, 0xff, 0x60, 0x0d, 0xff, 0x6f, 0xff, 0xff, 0xf6, 0x0d, 0xff,
    0x6f, 0xff, 0xff, 0xff, 0x6d, 0xff, 0x6f, 0xff, 0xff, 0xff, 0xff, 0xff,
    0x6f, 0xff, 0xff, 0xff, 0x9d, 0xff, 0x6f, 0xff, 0xff, 0xf9, 0x0d, 0xff,
    0x6f, 0xff, 0xff, 0x90, 0x0d, 0xff, 0x6f, 0xff, 0xf9, 0x00, 0x0d, 0xff,
    0x6f, 0xff, 0x90, 0x00, 0x0d, 0xff, 0x6f, 0xf9, 0x00, 0x00, 0x0d, 0xff,
    0x6f, 0x90, 0x00, 0x00, 0x0d, 0xff, 0x69, 0x00, 0x00, 0x00, 0x0c, 0xfe,
    0x00, 0x00, 0x00, 0x00, 0x00, 0x21, 0x00, 0x00, 0x00, 0x00, 0x2d, 0x70,
    0x00, 0x00, 0x00, 0x00, 0x2e, 0xff, 0x70, 0x00, 0x00, 0x00, 0x2e, 0xff,
    0xff, 0x20, 0x00, 0x00, 0x2e, 0xff, 0xff, 0xa0, 0x00, 0x00, 0x2e, 0xff,
    0xff, 0xa0, 0x00, 0x00, 0x2e, 0xff, 0xff, 0xa0, 0x00, 0x00, 0x2e, 0xff,
    0xff, 0xa0, 0x00, 0x00, 0x2e, 0xff, 0xff, 0xa0, 0x00, 0x00, 0x1e, 0xff,
    0xff, 0xa0, 0x00, 0x00, 0x01, 0xef, 0xff, 0xfa, 0x00, 0x00, 0x00, 0x02,
    0xef, 0xff, 0xfa, 0x00, 0x00, 0x00, 0x02, 0xef, 0xff, 0xfa, 0x00, 0x00,
    0x00, 0x02, 0xef, 0xff, 0xfa, 0x00, 0x00, 0x00, 0x02, 0xef, 0xff, 0xfa,
    0x00, 0x00, 0x00, 0x02, 0xef, 0xff, 0xfa, 0x00, 0x00, 0x00, 0x02, 0xef,
    0xff, 0xf2, 0x00, 0x00, 0x00, 0x02, 0xef, 0xf7, 0x00, 0x00, 0x00, 0x00,
    0x02, 0xd7, 0x00, 0x00, 0x00, 0x00, 0x6a, 0xdf, 0xfd, 0xa6, 0x00, 0x00,
    0x00, 0x00, 0x00, 0x7e, 0xff, 0xea, 0xef, 0xff, 0xe7, 0x00, 0x00, 0x00,
    0x1c, 0xfe, 0xfc, 0x11, 0xaf, 0xff, 0xef, 0xc1, 0x00, 0x02, 0xef, 0x5a,
    0xf1, 0x8f, 0xff, 0xff, 0xa5, 0xfe, 0x20, 0x0d, 0xe3, 0x0e, 0xb2, 0xff,
    0xff, 0xff, 0xe0, 0x3e, 0xd0, 0x9f, 0x30, 0x0f, 0xda, 0xff, 0xff, 0xff,
    0xf0, 0x03, 0xf9, 0xe9, 0x00, 0x0c, 0xff, 0xff, 0xff, 0xff, 0xc0, 0x00,
    0x9e, 0x9f, 0x30, 0x06, 0xff, 0xff, 0xff, 0xff, 0x60, 0x03, 0xf9, 0x0d,
    0xe2, 0x00, 0xaf, 0xff, 0xff, 0xfa, 0x00, 0x2e, 0xd0, 0x02, 0xee, 0x40,
    0x07, 0xef, 0xfe, 0x70, 0x04, 0xee, 0x20, 0x00, 0x1c, 0xf9, 0x10, 0x01,
    0x10, 0x01, 0x9f, 0xc1, 0x00, 0x00, 0x00, 0x7e, 0xfc, 0x87, 0x78, 0xcf,
    0xe7, 0x00, 0x00, 0x00, 0x00, 0x00, 0x6a, 0xef, 0xfe, 0xa6, 0x00, 0x00,
    0x00, 0x00, 0x00, 0x00, 0x00, 0x00, 0x00, 0x00, 0x00, 0x00, 0x00, 0x00,
    0x00, 0x00, 0x00, 0x00, 0x00, 0x9c, 0x20, 0x00, 0x00, 0x00, 0x00, 0x00,
    0x6b, 0xef, 0xfd, 0xff, 0x50, 0x00, 0x00, 0x00, 0x00, 0x7e, 0xff, 0xea,
    0xef, 0xfc, 0x00, 0x00, 0x00, 0x00, 0x1c, 0xfe, 0xfc, 0x11, 0xaf, 0xf4,
    0x02, 0xc1, 0x00, 0x01, 0xdf, 0x5a, 0xf1, 0x8f, 0xff, 0xb0, 0x04, 0xfd,
    0x10, 0x0d, 0xe3, 0x0e, 0xb2, 0xff, 0xff, 0x20, 0x30, 0x3e, 0xd0, 0x9f,
    0x30, 0x0f, 0xd9, 0xff, 0xf9, 0x00, 0xb0, 0x04, 0xf9, 0xe9, 0x00, 0x0c,
    0xff, 0xff, 0xf1, 0x05, 0xc0, 0x00, 0xae, 0x9f, 0x20, 0x05, 0xff, 0xff,
    0x70, 0x0e, 0x50, 0x03, 0xf9, 0x0d, 0xd1, 0x00, 0xaf, 0xfe, 0x00, 0x79,
    0x00, 0x2e, 0xd0, 0x01, 0xee, 0x30, 0x2f, 0xf6, 0x00, 0x50, 0x04, 0xed,
    0x10, 0x00, 0x1c, 0xf9, 0xbf, 0xd0, 0x00, 0x02, 0x9f, 0xc1, 0x00, 0x00,
    0x00, 0x7f, 0xff, 0x40, 0x29, 0xcf, 0xf6, 0x00, 0x00, 0x00, 0x00, 0x0c,
    0xfb, 0x00, 0xbe, 0xb6, 0x00, 0x00, 0x00, 0x00, 0x00, 0x07, 0xe3, 0x00,
    0x00, 0x00, 0x00, 0x00, 0x00, 0x00, 0x00, 0x00, 0x00, 0x00, 0x00, 0x00,
    0x00, 0x00, 0x00, 0x00, 0x00, 0x00, 0x00, 0x1d, 0xd1, 0x00, 0x00, 0x00,
    0x00, 0x00, 0x00, 0x00, 0x00, 0xaf, 0xfa, 0x00, 0x00, 0x00, 0x00, 0x00,
    0x00, 0x00, 0x03, 0xff, 0xff, 0x30, 0x00, 0x00, 0x00, 0x00, 0x00, 0x00,
    0x0c, 0xff, 0xff, 0xc0, 0x00, 0x00, 0x00, 0x00, 0x00, 0x00, 0x6f, 0xff,
    0xff, 0xf5, 0x00, 0x00, 0x00, 0x00, 0x00, 0x00, 0xef, 0xdb, 0xbd, 0xfe,
    0x00, 0x00, 0x00, 0x00, 0x00, 0x08, 0xff, 0x60, 0x06, 0xff, 0x70, 0x00,
    0x00, 0x00, 0x00, 0x1f, 0xff, 0x70, 0x07, 0xff, 0xf1, 0x00, 0x00, 0x00,
    0x00, 0xaf, 0xff, 0x70, 0x07, 0xff, 0xfa, 0x00, 0x00, 0x00, 0x03, 0xff,
    0xff, 0x80, 0x08, 0xff, 0xff, 0x30, 0x00, 0x00, 0x0c, 0xff, 0xff, 0x80,
    0x09, 0xff, 0xff, 0xc0, 0x00, 0x00, 0x5f, 0xff, 0xff, 0xc7, 0x7c, 0xff,
    0xff, 0xf5, 0x00, 0x00, 0xdf, 0xff, 0xff, 0xff, 0xff, 0xff, 0xff, 0xfd,
    0x00, 0x07, 0xff, 0xff, 0xff, 0x90, 0x09, 0xff, 0xff, 0xff, 0x70, 0x1e,
    0xff, 0xff, 0xff, 0x90, 0x09, 0xff, 0xff, 0xff, 0xe1, 0x9f, 0xff, 0xff,
    0xff, 0xfd, 0xdf, 0xff, 0xff, 0xff, 0xf9, 0xff, 0xff, 0xff, 0xff, 0xff,
    0xff, 0xff, 0xff, 0xff, 0xfe, 0x8f, 0xff, 0xff, 0xff, 0xff, 0xff, 0xff,
    0xff, 0xff, 0xf8, 0x00, 0x00, 0x00, 0x00, 0x00, 0x00, 0x00, 0x01, 0x30,
    0x00, 0x00, 0x00, 0x00, 0x00, 0x00, 0x00, 0x00, 0x04, 0xf4, 0x00, 0x00,
    0x00, 0x00, 0x00, 0x00, 0x00, 0x00, 0x04, 0xff, 0x40, 0xff, 0xfe, 0xb4,
    0x00, 0x00, 0x7c, 0xff, 0xff, 0xff, 0xf4, 0xff, 0xff, 0xff, 0x80, 0x0c,
    0xff, 0xff, 0xff, 0xff, 0xfd, 0xdd, 0xdf, 0xff, 0xf4, 0xaf, 0xff, 0xed,
    0xde, 0xff, 0xe2, 0x00, 0x00, 0x8f, 0xd5, 0xff, 0xf4, 0x00, 0x04, 0xfe,
    0x20, 0x00, 0x00, 0x0a, 0x6d, 0xff, 0x60, 0x00, 0x04, 0xe2, 0x00, 0x00,
    0x00, 0x02, 0x5f, 0xfd, 0x00, 0x00, 0x01, 0x20, 0x00, 0x00, 0x00, 0x00,
    0xbf, 0xf6, 0x00, 0x00, 0x00, 0x00, 0x00, 0x00, 0x00, 0x03, 0xff, 0xe3,
    0x00, 0x00, 0x01, 0x30, 0x00, 0x00, 0x00, 0x0c, 0xff, 0x7b, 0x70, 0x00,
    0x04, 0xf4, 0x00, 0x00, 0x01, 0xaf, 0xfe, 0x4f, 0xf6, 0x00, 0x04, 0xff,
    0x40, 0xff, 0xff, 0xff, 0xf4, 0x8f, 0xff, 0xff, 0xff, 0xff, 0xf4, 0xff,
    0xff, 0xff, 0x60, 0x0a, 0xff, 0xff, 0xff, 0xff, 0xfd, 0xdd, 0xdc, 0x92,
    0x00, 0x00, 0x4a, 0xdd, 0xde, 0xff, 0xe2, 0x00, 0x00, 0x00, 0x00, 0x00,
    0x00, 0x00, 0x04, 0xfe, 0x20, 0x00, 0x00, 0x00, 0x00, 0x00, 0x00, 0x00,
    0x04, 0xe2, 0x00, 0x00, 0x00, 0x00, 0x00, 0x00, 0x00, 0x00, 0x01, 0x20,
    0x00, 0x00, 0x03, 0xb2, 0x07, 0xdd, 0xdd, 0xdd, 0xdd, 0xdd, 0xb0, 0x00,
    0x00, 0x1e, 0xfd, 0x01, 0xef, 0xff, 0xff, 0xff, 0xff, 0xd0, 0x00, 0x00,
    0xdf, 0xff, 0xb0, 0x2f, 0xff, 0xff, 0xff, 0xff, 0xd0, 0x00, 0x0b, 0xff,
    0xff, 0xf8, 0x00, 0x00, 0x00, 0x00, 0xff, 0xd0, 0x00, 0x8f, 0xff, 0xff,
    0xff, 0x50, 0x00, 0x00, 0x00, 0xff, 0xd0, 0x00, 0x9d, 0xdf, 0xff, 0xdd,
    0x70, 0x00, 0x00, 0x00, 0xff, 0xd0, 0x00, 0x00, 0x0f, 0xfd, 0x00, 0x00,
    0x00, 0x00, 0x00, 0xff, 0xd0, 0x00, 0x00, 0x0f, 0xfd, 0x00, 0x00, 0x00,
    0x07, 0xbb, 0xff, 0xfb, 0xb5, 0x00, 0x0f, 0xfd, 0x00, 0x00, 0x00, 0x09,
    0xff, 0xff, 0xff, 0xf7, 0x00, 0x0f, 0xfd, 0x00, 0x00, 0x00, 0x00, 0xcf,
    0xff, 0xff, 0xa0, 0x00, 0x0f, 0xff, 0xdd, 0xdd, 0xdd, 0xb0, 0x1e, 0xff,
    0xfc, 0x00, 0x00, 0x0f, 0xff, 0xff, 0xff, 0xff, 0xfb, 0x03, 0xff, 0xe1,
    0x00, 0x00, 0x0f, 0xff, 0xff, 0xff, 0xff, 0xff, 0x60, 0x5e, 0x30, 0x00,
    0x07, 0xbb, 0xbb, 0xa3, 0x00, 0x00, 0x00, 0x00, 0x00, 0x09, 0xff, 0xff,
    0xff, 0xf2, 0x00, 0x00, 0x00, 0x00, 0x00, 0xff, 0xff, 0xff, 0xff, 0x80,
    0x00, 0x00, 0x00, 0x00, 0x0f, 0xff, 0xff, 0xff, 0xff, 0xdd, 0xdd, 0xdd,
    0xdc, 0x50, 0xff, 0xff, 0xff, 0xff, 0xff, 0xff, 0xff, 0xff, 0xff, 0x3f,
    0xff, 0xff, 0xff, 0xff, 0xff, 0xff, 0xff, 0xff, 0xf8, 0xff, 0xff, 0xff,
    0xff, 0xff, 0xff, 0xff, 0xff, 0xff, 0x9f, 0xff, 0xff, 0xff, 0xff, 0xff,
    0xff, 0xff, 0xff, 0xf9, 0xff, 0xff, 0xff, 0xff, 0xff, 0xff, 0xff, 0xff,
    0xff, 0x9f, 0xff, 0xff, 0xff, 0xff, 0xff, 0xff, 0xff, 0xff, 0xf9, 0xff,
    0xff, 0xff, 0xff, 0xff, 0xff, 0xff, 0xff, 0xff, 0x9f, 0xff, 0xff, 0xff,
    0xff, 0xff, 0xff, 0xff, 0xff, 0xf9, 0xff, 0xff, 0xff, 0xff, 0xff, 0xff,
    0xff, 0xff, 0xff, 0x9f, 0xff, 0xff, 0xff, 0xff, 0xff, 0xff, 0xff, 0xff,
    0xf8, 0xbf, 0xff, 0xff, 0xff, 0xff, 0xff, 0xff, 0xff, 0xff, 0x41, 0xbf,
    0xff, 0xff, 0xff, 0xff, 0xff, 0xff, 0xfe, 0x70, 0x36, 0x77, 0x77, 0x77,
    0x77, 0x76, 0x20, 0x00, 0x00, 0xff, 0xff, 0xff, 0xff, 0xff, 0xfe, 0xf7,
    0x00, 0x00, 0xf6, 0x2f, 0xff, 0xf2, 0x00, 0xf6, 0x5f, 0x70, 0x00, 0xf6,
    0x2f, 0xff, 0xf2, 0x00, 0xf6, 0x05, 0xf7, 0x00, 0xf6, 0x2f, 0xff, 0xf2,
    0x00, 0xf6, 0x00, 0x5f, 0x60, 0xf6, 0x2f, 0xff, 0xf2, 0x00, 0xf6, 0x00,
    0x07, 0xf0, 0xf6, 0x1f, 0xff, 0xff, 0xff, 0xf5, 0x00, 0x04, 0xf2, 0xf6,
    0x04, 0x66, 0x66, 0x66, 0x50, 0x00, 0x04, 0xf2, 0xf6, 0x00, 0x00, 0x00,
    0x00, 0x00, 0x00, 0x04, 0xf2, 0xf6, 0x00, 0x00, 0x00, 0x00, 0x00, 0x00,
    0x04, 0xf2, 0xf6, 0x04, 0x77, 0x77, 0x77, 0x77, 0x75, 0x04, 0xf2, 0xf6,
    0x1f, 0xff, 0xff, 0xff, 0xff, 0xff, 0x34, 0xf2, 0xf6, 0x2f, 0x40, 0x00,
    0x00, 0x00, 0x2f, 0x44, 0xf2, 0xf6, 0x2f, 0x40, 0x00, 0x00, 0x00, 0x2f,
    0x44, 0xf2, 0xf6, 0x2f, 0x40, 0x00, 0x00, 0x00, 0x2f, 0x44, 0xf2, 0xf6,
    0x2f, 0x40, 0x00, 0x00, 0x00, 0x2f, 0x44, 0xf2, 0xff, 0xff, 0xff, 0xff,
    0xff, 0xff, 0xff, 0xff, 0xf1, 0x36, 0x66, 0x66, 0x66, 0x66, 0x66, 0x66,
    0x66, 0x40, 0x00, 0x00, 0x00, 0x00, 0x00, 0x00, 0x00, 0x00, 0x00, 0x00,
    0x00, 0x00, 0x00, 0x09, 0xf3, 0x00, 0x00, 0x00, 0x00, 0x00, 0x00, 0x00,
    0x16, 0xef, 0xa4, 0x00, 0x00, 0x00, 0x00, 0x00, 0x00, 0x6f, 0xff, 0xff,
    0xfc, 0x10, 0x00, 0x00, 0x00, 0x00, 0x6f, 0xff, 0xff, 0xff, 0xfd, 0x10,
    0x00, 0x00, 0x00, 0x1f, 0xff, 0xff, 0xff, 0xff, 0xf8, 0x00, 0x00, 0x00,
    0x05, 0xff, 0xff, 0xff, 0xff, 0xff, 0xe0, 0x00, 0x00, 0x00, 0x7f, 0xff,
    0xff, 0xff, 0xff, 0xff, 0x00, 0x00, 0x00, 0x08, 0xff, 0xff, 0xff, 0xff,
    0xff, 0xf1, 0x00, 0x00, 0x00, 0x9f, 0xff, 0xff, 0xff, 0xff, 0xff, 0x20,
    0x00, 0x00, 0x0b, 0xff, 0xff, 0xff, 0xff, 0xff, 0xf4, 0x00, 0x00, 0x00,
    0xef, 0xff, 0xff, 0xff, 0xff, 0xff, 0x70, 0x00, 0x00, 0x3f, 0xff, 0xff,
    0xff, 0xff, 0xff, 0xfc, 0x00, 0x00, 0x0a, 0xff, 0xff, 0xff, 0xff, 0xff,
    0xff, 0xf3, 0x00, 0x03, 0xff, 0xff, 0xff, 0xff, 0xff, 0xff, 0xff, 0xb0,
    0x01, 0xdf, 0xff, 0xff, 0xff, 0xff, 0xff, 0xff, 0xff, 0x70, 0xcf, 0xff,
    0xff, 0xff, 0xff, 0xff, 0xff, 0xff, 0xff, 0x59, 0xff, 0xff, 0xff, 0xff,
    0xff, 0xff, 0xff, 0xff, 0xe3, 0x00, 0x00, 0x00, 0x89, 0xff, 0xff, 0x10,
    0x00, 0x00, 0x00, 0x00, 0x00, 0x02, 0xd9, 0xdf, 0xa0, 0x00, 0x00, 0x00,
    0x00, 0x00, 0x00, 0x03, 0xbd, 0x90, 0x00, 0x00, 0x00, 0x00, 0x8f, 0xff,
    0xff, 0xff, 0xff, 0xff, 0xff, 0xff, 0xff, 0xff, 0xd1, 0xfa, 0x77, 0x77,
    0x77, 0x77, 0x77, 0x77, 0x77, 0x77, 0x77, 0xf6, 0xf6, 0x00, 0x00, 0x00,
    0x00, 0x00, 0x00, 0x00, 0x00, 0x00, 0xf6, 0xf6, 0x0f, 0x62, 0xf0, 0x8f,
    0x08, 0xd0, 0xb9, 0x0f, 0x60, 0xf6, 0xf6, 0x06, 0x20, 0x60, 0x36, 0x03,
    0x50, 0x43, 0x0f, 0x70, 0xf6, 0xf6, 0x02, 0x21, 0x02, 0x00, 0x20, 0x02,
    0x00, 0x2f, 0x70, 0xf6, 0xf6, 0x0f, 0xfd, 0x0f, 0x60, 0xf6, 0x2f, 0x46,
    0xff, 0x70, 0xf6, 0xf6, 0x04, 0x43, 0x04, 0x10, 0x41, 0x04, 0x11, 0x44,
    0x10, 0xf6, 0xf6, 0x04, 0x10, 0x44, 0x44, 0x44, 0x44, 0x42, 0x04, 0x10,
    0xf6, 0xf6, 0x0f, 0x62, 0xff, 0xff, 0xff, 0xff, 0xf9, 0x0f, 0x60, 0xf6,
    0xf6, 0x02, 0x00, 0x22, 0x22, 0x22, 0x22, 0x21, 0x02, 0x00, 0xf6, 0xfa,
    0x66, 0x66, 0x66, 0x66, 0x66, 0x66, 0x66, 0x66, 0x66, 0xf6, 0x8f, 0xff,
    0xff, 0xff, 0xff, 0xff, 0xff, 0xff, 0xff, 0xff, 0xd1, 0x00, 0x00, 0x00,
    0x37, 0xac, 0xdd, 0xca, 0x73, 0x00, 0x00, 0x00, 0x00, 0x00, 0x7e, 0xff,
    0xff, 0xff, 0xff, 0xff, 0xe7, 0x00, 0x00, 0x00, 0x7e, 0xff, 0xff, 0xff,
    0xff, 0xff, 0xff, 0xff, 0xe7, 0x00, 0x1b, 0xff, 0xff, 0xc8, 0x32, 0x00,
    0x23, 0x7c, 0xff, 0xff, 0xb1, 0xcf, 0xff, 0xb3, 0x03, 0x8b, 0xcc, 0xa8,
    0x30, 0x3a, 0xff, 0xfd, 0x2e, 0xe5, 0x04, 0xdf, 0xff, 0xff, 0xff, 0xfc,
    0x40, 0x4e, 0xf3, 0x01, 0x10, 0xaf, 0xff, 0xff, 0xff, 0xff, 0xff, 0xf9,
    0x01, 0x20, 0x00, 0x0b, 0xff, 0xff, 0x93, 0x00, 0x27, 0xef, 0xff, 0xa0,
    0x00, 0x00, 0x06, 0xff, 0xb1, 0x00, 0x00, 0x00, 0x1a, 0xff, 0x80, 0x00,
    0x00, 0x00, 0x87, 0x01, 0x7c, 0xff, 0xd8, 0x10, 0x89, 0x00, 0x00, 0x00,
    0x00, 0x00, 0x5f, 0xff, 0xff, 0xff, 0xf6, 0x00, 0x00, 0x00, 0x00, 0x00,
    0x00, 0x8f, 0xff, 0xff, 0xff, 0xf9, 0x00, 0x00, 0x00, 0x00, 0x00, 0x00,
    0x08, 0x92, 0x00, 0x29, 0x90, 0x00, 0x00, 0x00, 0x00, 0x00, 0x00, 0x00,
    0x05, 0xbc, 0x50, 0x00, 0x00, 0x00, 0x00, 0x00, 0x00, 0x00, 0x00, 0x08,
    0xff, 0x90, 0x00, 0x00, 0x00, 0x00, 0x00, 0x00, 0x00, 0x00, 0x00, 0x9a,
    0x00, 0x00, 0x00, 0x00, 0x00, 0x03, 0x44, 0x44, 0x44, 0x44, 0x44, 0x44,
    0x44, 0x44, 0x44, 0x44, 0x40, 0x00, 0x9f, 0xff, 0xff, 0xff, 0xff, 0xff,
    0xff, 0xff, 0xff, 0xff, 0xff, 0xfd, 0x00, 0xf8, 0x22, 0x22, 0x22, 0x22,
    0x22, 0x22, 0x22, 0x22, 0x22, 0x22, 0x4f, 0x40, 0xf6, 0x09, 0x99, 0x99,
    0x99, 0x99, 0x99, 0x99, 0x99, 0x99, 0x95, 0x2f, 0x40, 0xf6, 0x0f, 0xff,
    0xff, 0xff, 0xff, 0xff, 0xff, 0xff, 0xff, 0xf9, 0x2f, 0xc3, 0xf6, 0x0f,
    0xff, 0xff, 0xff, 0xff, 0xff, 0xff, 0xff, 0xff, 0xf9, 0x1b, 0xea, 0xf6,
    0x0f, 0xff, 0xff, 0xff, 0xff, 0xff, 0xff, 0xff, 0xff, 0xf9, 0x00, 0xbb,
    0xf6, 0x0f, 0xff, 0xff, 0xff, 0xff, 0xff, 0xff, 0xff, 0xff, 0xf9, 0x00,
    0xbb, 0xf6, 0x0f, 0xff, 0xff, 0xff, 0xff, 0xff, 0xff, 0xff, 0xff, 0xf9,
    0x00, 0xbb, 0xf6, 0x0f, 0xff, 0xff, 0xff, 0xff, 0xff, 0xff, 0xff, 0xff,
    0xf9, 0x00, 0xbb, 0xf6, 0x0f, 0xff, 0xff, 0xff, 0xff, 0xff, 0xff, 0xff,
    0xff, 0xf9, 0x2f, 0xf8, 0xf6, 0x0f, 0xff, 0xff, 0xff, 0xff, 0xff, 0xff,
    0xff, 0xff, 0xf9, 0x2f, 0x70, 0xf6, 0x00, 0x00, 0x00, 0x00, 0x00, 0x00,
    0x00, 0x00, 0x00, 0x00, 0x2f, 0x40, 0xfb, 0x66, 0x66, 0x66, 0x66, 0x66,
    0x66, 0x66, 0x66, 0x66, 0x66, 0x8f, 0x30, 0x6f, 0xff, 0xff, 0xff, 0xff,
    0xff, 0xff, 0xff, 0xff, 0xff, 0xff, 0xf9, 0x00, 0x03, 0x44, 0x44, 0x44,
    0x44, 0x44, 0x44, 0x44, 0x44, 0x44, 0x44, 0x40, 0x00, 0x9f, 0xff, 0xff,
    0xff, 0xff, 0xff, 0xff, 0xff, 0xff, 0xff, 0xff, 0xfd, 0x00, 0xf8, 0x22,
    0x22, 0x22, 0x22, 0x22, 0x22, 0x22, 0x22, 0x22, 0x22, 0x4f, 0x40, 0xf6,
    0x19, 0x99, 0x99, 0x99, 0x99, 0x99, 0x99, 0x91, 0x00, 0x00, 0x2f, 0x40,
    0xf6, 0x2f, 0xff, 0xff, 0xff, 0xff, 0xff, 0xff, 0xf2, 0x00, 0x00, 0x2f,
    0xc3, 0xf6, 0x2f, 0xff, 0xff, 0xff, 0xff, 0xff, 0xff, 0xf2, 0x00, 0x00,
    0x1b, 0xea, 0xf6, 0x2f, 0xff, 0xff, 0xff, 0xff, 0xff, 0xff, 0xf2, 0x00,
    0x00, 0x00, 0xbb, 0xf6, 0x2f, 0xff, 0xff, 0xff, 0xff, 0xff, 0xff, 0xf2,
    0x00, 0x00, 0x00, 0xbb, 0xf6, 0x2f, 0xff, 0xff, 0xff, 0xff, 0xff, 0xff,
    0xf2, 0x00, 0x00, 0x00, 0xbb, 0xf6, 0x2f, 0xff, 0xff, 0xff, 0xff, 0xff,
    0xff, 0xf2, 0x00, 0x00, 0x00, 0xbb, 0xf6, 0x2f, 0xff, 0xff, 0xff, 0xff,
    0xff, 0xff, 0xf2, 0x00, 0x00, 0x2f, 0xf8, 0xf6, 0x2f, 0xff, 0xff, 0xff,
    0xff, 0xff, 0xff, 0xf2, 0x00, 0x00, 0x2f, 0x70, 0xf6, 0x00, 0x00, 0x00,
    0x00, 0x00, 0x00, 0x00, 0x00, 0x00, 0x00, 0x2f, 0x40, 0xfb, 0x66, 0x66,
    0x66, 0x66, 0x66, 0x66, 0x66, 0x66, 0x66, 0x66, 0x8f, 0x30, 0x6f, 0xff,
    0xff, 0xff, 0xff, 0xff, 0xff, 0xff, 0xff, 0xff, 0xff, 0xf9, 0x00, 0x03,
    0x44, 0x44, 0x44, 0x44, 0x44, 0x44, 0x44, 0x44, 0x44, 0x44, 0x40, 0x00,
    0x9f, 0xff, 0xff, 0xff, 0xff, 0xff, 0xff, 0xff, 0xff, 0xff, 0xff, 0xfd,
    0x00, 0xf8, 0x22, 0x22, 0x22, 0x22, 0x22, 0x22, 0x22, 0x22, 0x22, 0x22,
    0x4f, 0x40, 0xf6, 0x09, 0x99, 0x99, 0x60, 0x00, 0x00, 0x00, 0x00, 0x00,
    0x00, 0x2f, 0x40, 0xf6, 0x0f, 0xff, 0xff, 0xb0, 0x00, 0x00, 0x00, 0x00,
    0x00, 0x00, 0x2f, 0xc3, 0xf6, 0x0f, 0xff, 0xff, 0xb0, 0x00, 0x00, 0x00,
    0x00, 0x00, 0x00, 0x1b, 0xea, 0xf6, 0x0f, 0xff, 0xff, 0xb0, 0x00, 0x00,
    0x00, 0x00, 0x00, 0x00, 0x00, 0xbb, 0xf6, 0x0f, 0xff, 0xff, 0xb0, 0x00,
    0x00, 0x00, 0x00, 0x00, 0x00, 0x00, 0xbb, 0xf6, 0x0f, 0xff, 0xff, 0xb0,
    0x00, 0x00, 0x00, 0x00, 0x00, 0x00, 0x00, 0xbb, 0xf6, 0x0f, 0xff, 0xff,
    0xb0, 0x00, 0x00, 0x00, 0x00, 0x00, 0x00, 0x00, 0xbb, 0xf6, 0x0f, 0xff,
    0xff, 0xb0, 0x00, 0x00, 0x00, 0x00, 0x00, 0x00, 0x2f, 0xf8, 0xf6, 0x0f,
    0xff, 0xff, 0xb0, 0x00, 0x00, 0x00, 0x00, 0x00, 0x00, 0x2f, 0x70, 0xf6,
    0x00, 0x00, 0x00, 0x00, 0x00, 0x00, 0x00, 0x00, 0x00, 0x00, 0x2f, 0x40,
    0xfb, 0x66, 0x66, 0x66, 0x66, 0x66, 0x66, 0x66, 0x66, 0x66, 0x66, 0x8f,
    0x30, 0x6f, 0xff, 0xff, 0xff, 0xff, 0xff, 0xff, 0xff, 0xff, 0xff, 0xff,
    0xf9, 0x00, 0x03, 0x44, 0x44, 0x44, 0x44, 0x44, 0x44, 0x44, 0x44, 0x44,
    0x44, 0x40, 0x00, 0x9f, 0xff, 0xff, 0xff, 0xff, 0xff, 0xff, 0xff, 0xff,
    0xff, 0xff, 0xfd, 0x00, 0xf8, 0x22, 0x22, 0x22, 0x22, 0x22, 0x22, 0x22,
    0x22, 0x22, 0x22, 0x4f, 0x40, 0xf6, 0x00, 0x00, 0x00, 0x00, 0x00, 0x00,
    0x00, 0x00, 0x00, 0x00, 0x2f, 0x40, 0xf6, 0x00, 0x00, 0x00, 0x00, 0x00,
    0x00, 0x00, 0x00, 0x00, 0x00, 0x2f, 0xf4, 0xf6, 0x00, 0x00, 0x00, 0x00,
    0x00, 0x00, 0x00, 0x00, 0x00, 0x00, 0x1b, 0xeb, 0xf6, 0x00, 0x00, 0x00,
    0x00, 0x00, 0x00, 0x00, 0x00, 0x00, 0x00, 0x00, 0xbb, 0xf6, 0x00, 0x00,
    0x00, 0x00, 0x00, 0x00, 0x00, 0x00, 0x00, 0x00, 0x00, 0xbb, 0xf6, 0x00,
    0x00, 0x00, 0x00, 0x00, 0x00, 0x00, 0x00, 0x00, 0x00, 0x00, 0xbb, 0xf6,
    0x00, 0x00, 0x00, 0x00, 0x00, 0x00, 0x00, 0x00, 0x00, 0x00, 0x00, 0xbb,
    0xf6, 0x00, 0x00, 0x00, 0x00, 0x00, 0x00, 0x00, 0x00, 0x00, 0x00, 0x2f,
    0xf6, 0xf6, 0x00, 0x00, 0x00, 0x00, 0x00, 0x00, 0x00, 0x00, 0x00, 0x00,
    0x2f, 0x50, 0xf6, 0x00, 0x00, 0x00, 0x00, 0x00, 0x00, 0x00, 0x00, 0x00,
    0x00, 0x2f, 0x40, 0xfb, 0x66, 0x66, 0x66, 0x66, 0x66, 0x66, 0x66, 0x66,
    0x66, 0x66, 0x8f, 0x30, 0x6f, 0xff, 0xff, 0xff, 0xff, 0xff, 0xff, 0xff,
    0xff, 0xff, 0xff, 0xf9, 0x00, 0x11, 0x11, 0x11, 0x10, 0xff, 0xff, 0xff,
    0xf2, 0xf3, 0x11, 0x11, 0xf2, 0xf2, 0x00, 0x00, 0xf2, 0xf2, 0x00, 0x00,
    0xf2, 0xf2, 0x00, 0x00, 0xf2, 0xf2, 0x00, 0x00, 0xf2, 0xf2, 0x00, 0x00,
    0xf2, 0xf2, 0x00, 0x00, 0xf2, 0xf2, 0x00, 0x00, 0xf2, 0xf2, 0x00, 0x00,
    0xf2, 0xf2, 0x00, 0x00, 0xf2, 0xf2, 0x00, 0x00, 0xf2, 0xf2, 0x00, 0x00,
    0xf2, 0xf2, 0x00, 0x00, 0xf2, 0xf2, 0x00, 0x00, 0xf2, 0xf4, 0x22, 0x22,
    0xf2, 0xff, 0xff, 0xff, 0xf2,

};


/*---------------------
 *  GLYPH DESCRIPTION
 *--------------------*/

static const lv_font_fmt_txt_glyph_dsc_t glyph_dsc[] = {
    {.bitmap_index = 0, .adv_w = 0, .box_w = 0, .box_h = 0, .ofs_x = 0, .ofs_y = 0} /* id = 0 reserved */,
    {.bitmap_index = 0, .adv_w = 83, .box_w = 0, .box_h = 0, .ofs_x = 0, .ofs_y = 0},
    {.bitmap_index = 0, .adv_w = 86, .box_w = 3, .box_h = 14, .ofs_x = 1, .ofs_y = 0},
    {.bitmap_index = 21, .adv_w = 131, .box_w = 6, .box_h = 6, .ofs_x = 1, .ofs_y = 8},
    {.bitmap_index = 39, .adv_w = 207, .box_w = 13, .box_h = 14, .ofs_x = 0, .ofs_y = 0},
    {.bitmap_index = 130, .adv_w = 183, .box_w = 10, .box_h = 17, .ofs_x = 1, .ofs_y = -2},
    {.bitmap_index = 215, .adv_w = 266, .box_w = 16, .box_h = 14, .ofs_x = 0, .ofs_y = 0},
    {.bitmap_index = 327, .adv_w = 234, .box_w = 14, .box_h = 14, .ofs_x = 1, .ofs_y = 0},
    {.bitmap_index = 425, .adv_w = 72, .box_w = 3, .box_h = 6, .ofs_x = 1, .ofs_y = 8},
    {.bitmap_index = 434, .adv_w = 96, .box_w = 6, .box_h = 18, .ofs_x = 0, .ofs_y = -4},
    {.bitmap_index = 488, .adv_w = 96, .box_w = 6, .box_h = 18, .ofs_x = 0, .ofs_y = -4},
    {.bitmap_index = 542, .adv_w = 176, .box_w = 11, .box_h = 10, .ofs_x = 0, .ofs_y = 5},
    {.bitmap_index = 597, .adv_w = 183, .box_w = 10, .box_h = 10, .ofs_x = 1, .ofs_y = 2},
    {.bitmap_index = 647, .adv_w = 86, .box_w = 4, .box_h = 5, .ofs_x = 0, .ofs_y = -3},
    {.bitmap_index = 657, .adv_w = 103, .box_w = 6, .box_h = 2, .ofs_x = 0, .ofs_y = 5},
    {.bitmap_index = 663, .adv_w = 86, .box_w = 3, .box_h = 3, .ofs_x = 1, .ofs_y = 0},
    {.bitmap_index = 668, .adv_w = 119, .box_w = 8, .box_h = 14, .ofs_x = 0, .ofs_y = 0},
    {.bitmap_index = 724, .adv_w = 183, .box_w = 11, .box_h = 14, .ofs_x = 0, .ofs_y = 0},
    {.bitmap_index = 801, .adv_w = 183, .box_w = 7, .box_h = 14, .ofs_x = 1, .ofs_y = 0},
    {.bitmap_index = 850, .adv_w = 183, .box_w = 11, .box_h = 14, .ofs_x = 0, .ofs_y = 0},
    {.bitmap_index = 927, .adv_w = 183, .box_w = 11, .box_h = 14, .ofs_x = 0, .ofs_y = 0},
    {.bitmap_index = 1004, .adv_w = 183, .box_w = 12, .box_h = 14, .ofs_x = 0, .ofs_y = 0},
    {.bitmap_index = 1088, .adv_w = 183, .box_w = 10, .box_h = 14, .ofs_x = 1, .ofs_y = 0},
    {.bitmap_index = 1158, .adv_w = 183, .box_w = 10, .box_h = 14, .ofs_x = 1, .ofs_y = 0},
    {.bitmap_index = 1228, .adv_w = 183, .box_w = 11, .box_h = 14, .ofs_x = 0, .ofs_y = 0},
    {.bitmap_index = 1305, .adv_w = 183, .box_w = 11, .box_h = 14, .ofs_x = 0, .ofs_y = 0},
    {.bitmap_index = 1382, .adv_w = 183, .box_w = 10, .box_h = 14, .ofs_x = 1, .ofs_y = 0},
    {.bitmap_index = 1452, .adv_w = 86, .box_w = 3, .box_h = 11, .ofs_x = 1, .ofs_y = 0},
    {.bitmap_index = 1469, .adv_w = 86, .box_w = 4, .box_h = 14, .ofs_x = 0, .ofs_y = -3},
    {.bitmap_index = 1497, .adv_w = 183, .box_w = 10, .box_h = 11, .ofs_x = 1, .ofs_y = 2},
    {.bitmap_index = 1552, .adv_w = 183, .box_w = 10, .box_h = 7, .ofs_x = 1, .ofs_y = 4},
    {.bitmap_index = 1587, .adv_w = 183, .box_w = 10, .box_h = 11, .ofs_x = 1, .ofs_y = 2},
    {.bitmap_index = 1642, .adv_w = 139, .box_w = 9, .box_h = 14, .ofs_x = 0, .ofs_y = 0},
    {.bitmap_index = 1705, .adv_w = 288, .box_w = 16, .box_h = 16, .ofs_x = 1, .ofs_y = -2},
    {.bitmap_index = 1833, .adv_w = 204, .box_w = 13, .box_h = 14, .ofs_x = 0, .ofs_y = 0},
    {.bitmap_index = 1924, .adv_w = 208, .box_w = 11, .box_h = 14, .ofs_x = 1, .ofs_y = 0},
    {.bitmap_index = 2001, .adv_w = 202, .box_w = 12, .box_h = 14, .ofs_x = 1, .ofs_y = 0},
    {.bitmap_index = 2085, .adv_w = 234, .box_w = 13, .box_h = 14, .ofs_x = 1, .ofs_y = 0},
    {.bitmap_index = 2176, .adv_w = 178, .box_w = 9, .box_h = 14, .ofs_x = 1, .ofs_y = 0},
    {.bitmap_index = 2239, .adv_w = 166, .box_w = 9, .box_h = 14, .ofs_x = 1, .ofs_y = 0},
    {.bitmap_index = 2302, .adv_w = 233, .box_w = 13, .box_h = 14, .ofs_x = 1, .ofs_y = 0},
    {.bitmap_index = 2393, .adv_w = 237, .box_w = 12, .box_h = 14, .ofs_x = 1, .ofs_y = 0},
    {.bitmap_index = 2477, .adv_w = 108, .box_w = 6, .box_h = 14, .ofs_x = 0, .ofs_y = 0},
    {.bitmap_index = 2519, .adv_w = 87, .box_w = 6, .box_h = 18, .ofs_x = -2, .ofs_y = -4},
    {.bitmap_index = 2573, .adv_w = 198, .box_w = 12, .box_h = 14, .ofs_x = 1, .ofs_y = 0},
    {.bitmap_index = 2657, .adv_w = 168, .box_w = 9, .box_h = 14, .ofs_x = 1, .ofs_y = 0},
    {.bitmap_index = 2720, .adv_w = 290, .box_w = 16, .box_h = 14, .ofs_x = 1, .ofs_y = 0},
    {.bitmap_index = 2832, .adv_w = 243, .box_w = 13, .box_h = 14, .ofs_x = 1, .ofs_y = 0},
    {.bitmap_index = 2923, .adv_w = 250, .box_w = 14, .box_h = 14, .ofs_x = 1, .ofs_y = 0},
    {.bitmap_index = 3021, .adv_w = 194, .box_w = 11, .box_h = 14, .ofs_x = 1, .ofs_y = 0},
    {.bitmap_index = 3098, .adv_w = 250, .box_w = 14, .box_h = 17, .ofs_x = 1, .ofs_y = -3},
    {.bitmap_index = 3217, .adv_w = 199, .box_w = 12, .box_h = 14, .ofs_x = 1, .ofs_y = 0},
    {.bitmap_index = 3301, .adv_w = 176, .box_w = 10, .box_h = 14, .ofs_x = 1, .ofs_y = 0},
    {.bitmap_index = 3371, .adv_w = 178, .box_w = 11, .box_h = 14, .ofs_x = 0, .ofs_y = 0},
    {.bitmap_index = 3448, .adv_w = 234, .box_w = 12, .box_h = 14, .ofs_x = 1, .ofs_y = 0},
    {.bitmap_index = 3532, .adv_w = 192, .box_w = 12, .box_h = 14, .ofs_x = 0, .ofs_y = 0},
    {.bitmap_index = 3616, .adv_w = 298, .box_w = 19, .box_h = 14, .ofs_x = 0, .ofs_y = 0},
    {.bitmap_index = 3749, .adv_w = 188, .box_w = 12, .box_h = 14, .ofs_x = 0, .ofs_y = 0},
    {.bitmap_index = 3833, .adv_w = 181, .box_w = 12, .box_h = 14, .ofs_x = 0, .ofs_y = 0},
    {.bitmap_index = 3917, .adv_w = 183, .box_w = 11, .box_h = 14, .ofs_x = 0, .ofs_y = 0},
    {.bitmap_index = 3994, .adv_w = 105, .box_w = 6, .box_h = 18, .ofs_x = 1, .ofs_y = -4},
    {.bitmap_index = 4048, .adv_w = 119, .box_w = 8, .box_h = 14, .ofs_x = 0, .ofs_y = 0},
    {.bitmap_index = 4104, .adv_w = 105, .box_w = 5, .box_h = 18, .ofs_x = 0, .ofs_y = -4},
    {.bitmap_index = 4149, .adv_w = 183, .box_w = 11, .box_h = 9, .ofs_x = 0, .ofs_y = 5},
    {.bitmap_index = 4199, .adv_w = 142, .box_w = 10, .box_h = 3, .ofs_x = -1, .ofs_y = -4},
    {.bitmap_index = 4214, .adv_w = 90, .box_w = 5, .box_h = 3, .ofs_x = 0, .ofs_y = 12},
    {.bitmap_index = 4222, .adv_w = 180, .box_w = 10, .box_h = 11, .ofs_x = 0, .ofs_y = 0},
    {.bitmap_index = 4277, .adv_w = 197, .box_w = 11, .box_h = 15, .ofs_x = 1, .ofs_y = 0},
    {.bitmap_index = 4360, .adv_w = 154, .box_w = 8, .box_h = 11, .ofs_x = 1, .ofs_y = 0},
    {.bitmap_index = 4404, .adv_w = 197, .box_w = 10, .box_h = 15, .ofs_x = 1, .ofs_y = 0},
    {.bitmap_index = 4479, .adv_w = 180, .box_w = 10, .box_h = 11, .ofs_x = 1, .ofs_y = 0},
    {.bitmap_index = 4534, .adv_w = 110, .box_w = 8, .box_h = 15, .ofs_x = 0, .ofs_y = 0},
    {.bitmap_index = 4594, .adv_w = 197, .box_w = 10, .box_h = 16, .ofs_x = 1, .ofs_y = -5},
    {.bitmap_index = 4674, .adv_w = 198, .box_w = 10, .box_h = 15, .ofs_x = 1, .ofs_y = 0},
    {.bitmap_index = 4749, .adv_w = 83, .box_w = 3, .box_h = 15, .ofs_x = 1, .ofs_y = 0},
    {.bitmap_index = 4772, .adv_w = 83, .box_w = 6, .box_h = 20, .ofs_x = -2, .ofs_y = -5},
    {.bitmap_index = 4832, .adv_w = 171, .box_w = 10, .box_h = 15, .ofs_x = 1, .ofs_y = 0},
    {.bitmap_index = 4907, .adv_w = 83, .box_w = 3, .box_h = 15, .ofs_x = 1, .ofs_y = 0},
    {.bitmap_index = 4930, .adv_w = 299, .box_w = 17, .box_h = 11, .ofs_x = 1, .ofs_y = 0},
    {.bitmap_index = 5024, .adv_w = 198, .box_w = 10, .box_h = 11, .ofs_x = 1, .ofs_y = 0},
    {.bitmap_index = 5079, .adv_w = 194, .box_w = 11, .box_h = 11, .ofs_x = 1, .ofs_y = 0},
    {.bitmap_index = 5140, .adv_w = 197, .box_w = 11, .box_h = 16, .ofs_x = 1, .ofs_y = -5},
    {.bitmap_index = 5228, .adv_w = 197, .box_w = 10, .box_h = 16, .ofs_x = 1, .ofs_y = -5},
    {.bitmap_index = 5308, .adv_w = 132, .box_w = 7, .box_h = 11, .ofs_x = 1, .ofs_y = 0},
    {.bitmap_index = 5347, .adv_w = 153, .box_w = 8, .box_h = 11, .ofs_x = 1, .ofs_y = 0},
    {.bitmap_index = 5391, .adv_w = 116, .box_w = 7, .box_h = 14, .ofs_x = 0, .ofs_y = 0},
    {.bitmap_index = 5440, .adv_w = 198, .box_w = 10, .box_h = 11, .ofs_x = 1, .ofs_y = 0},
    {.bitmap_index = 5495, .adv_w = 163, .box_w = 11, .box_h = 11, .ofs_x = 0, .ofs_y = 0},
    {.bitmap_index = 5556, .adv_w = 252, .box_w = 16, .box_h = 11, .ofs_x = 0, .ofs_y = 0},
    {.bitmap_index = 5644, .adv_w = 169, .box_w = 11, .box_h = 11, .ofs_x = 0, .ofs_y = 0},
    {.bitmap_index = 5705, .adv_w = 163, .box_w = 11, .box_h = 16, .ofs_x = 0, .ofs_y = -5},
    {.bitmap_index = 5793, .adv_w = 150, .box_w = 9, .box_h = 11, .ofs_x = 0, .ofs_y = 0},
    {.bitmap_index = 5843, .adv_w = 122, .box_w = 7, .box_h = 18, .ofs_x = 0, .ofs_y = -4},
    {.bitmap_index = 5906, .adv_w = 176, .box_w = 3, .box_h = 20, .ofs_x = 4, .ofs_y = -5},
    {.bitmap_index = 5936, .adv_w = 122, .box_w = 8, .box_h = 18, .ofs_x = 0, .ofs_y = -4},
    {.bitmap_index = 6008, .adv_w = 183, .box_w = 10, .box_h = 4, .ofs_x = 1, .ofs_y = 5},
    {.bitmap_index = 6028, .adv_w = 192, .box_w = 10, .box_h = 11, .ofs_x = 1, .ofs_y = 0},
    {.bitmap_index = 6083, .adv_w = 175, .box_w = 9, .box_h = 11, .ofs_x = 1, .ofs_y = 0},
    {.bitmap_index = 6133, .adv_w = 176, .box_w = 10, .box_h = 11, .ofs_x = 0, .ofs_y = 0},
    {.bitmap_index = 6188, .adv_w = 196, .box_w = 10, .box_h = 11, .ofs_x = 1, .ofs_y = 0},
    {.bitmap_index = 6243, .adv_w = 199, .box_w = 10, .box_h = 11, .ofs_x = 1, .ofs_y = 0},
    {.bitmap_index = 6298, .adv_w = 191, .box_w = 11, .box_h = 11, .ofs_x = 0, .ofs_y = 0},
    {.bitmap_index = 6359, .adv_w = 172, .box_w = 10, .box_h = 11, .ofs_x = 0, .ofs_y = 0},
    {.bitmap_index = 6414, .adv_w = 170, .box_w = 10, .box_h = 11, .ofs_x = 0, .ofs_y = 0},
    {.bitmap_index = 6469, .adv_w = 193, .box_w = 10, .box_h = 11, .ofs_x = 1, .ofs_y = 0},
    {.bitmap_index = 6524, .adv_w = 176, .box_w = 9, .box_h = 11, .ofs_x = 1, .ofs_y = 0},
    {.bitmap_index = 6574, .adv_w = 178, .box_w = 10, .box_h = 11, .ofs_x = 0, .ofs_y = 0},
    {.bitmap_index = 6629, .adv_w = 290, .box_w = 16, .box_h = 11, .ofs_x = 1, .ofs_y = 0},
    {.bitmap_index = 6717, .adv_w = 291, .box_w = 16, .box_h = 15, .ofs_x = 1, .ofs_y = -4},
    {.bitmap_index = 6837, .adv_w = 193, .box_w = 11, .box_h = 15, .ofs_x = 0, .ofs_y = -4},
    {.bitmap_index = 6920, .adv_w = 193, .box_w = 11, .box_h = 15, .ofs_x = 0, .ofs_y = -4},
    {.bitmap_index = 7003, .adv_w = 175, .box_w = 11, .box_h = 16, .ofs_x = 0, .ofs_y = -4},
    {.bitmap_index = 7091, .adv_w = 200, .box_w = 11, .box_h = 11, .ofs_x = 0, .ofs_y = 0},
    {.bitmap_index = 7152, .adv_w = 289, .box_w = 17, .box_h = 11, .ofs_x = 1, .ofs_y = 0},
    {.bitmap_index = 7246, .adv_w = 291, .box_w = 16, .box_h = 11, .ofs_x = 1, .ofs_y = 0},
    {.bitmap_index = 7334, .adv_w = 197, .box_w = 10, .box_h = 11, .ofs_x = 1, .ofs_y = 0},
    {.bitmap_index = 7389, .adv_w = 204, .box_w = 11, .box_h = 11, .ofs_x = 1, .ofs_y = 0},
    {.bitmap_index = 7450, .adv_w = 193, .box_w = 10, .box_h = 11, .ofs_x = 1, .ofs_y = 0},
    {.bitmap_index = 7505, .adv_w = 195, .box_w = 10, .box_h = 11, .ofs_x = 1, .ofs_y = 0},
    {.bitmap_index = 7560, .adv_w = 174, .box_w = 9, .box_h = 11, .ofs_x = 1, .ofs_y = 0},
    {.bitmap_index = 7610, .adv_w = 196, .box_w = 10, .box_h = 11, .ofs_x = 1, .ofs_y = 0},
    {.bitmap_index = 7665, .adv_w = 193, .box_w = 10, .box_h = 11, .ofs_x = 1, .ofs_y = 0},
    {.bitmap_index = 7720, .adv_w = 194, .box_w = 10, .box_h = 15, .ofs_x = 1, .ofs_y = 0},
    {.bitmap_index = 7795, .adv_w = 207, .box_w = 11, .box_h = 11, .ofs_x = 1, .ofs_y = 0},
    {.bitmap_index = 7856, .adv_w = 209, .box_w = 11, .box_h = 15, .ofs_x = 1, .ofs_y = 0},
    {.bitmap_index = 7939, .adv_w = 222, .box_w = 14, .box_h = 11, .ofs_x = 0, .ofs_y = 0},
    {.bitmap_index = 8016, .adv_w = 218, .box_w = 14, .box_h = 15, .ofs_x = 0, .ofs_y = 0},
    {.bitmap_index = 8121, .adv_w = 193, .box_w = 11, .box_h = 11, .ofs_x = 0, .ofs_y = 0},
    {.bitmap_index = 8182, .adv_w = 196, .box_w = 10, .box_h = 11, .ofs_x = 1, .ofs_y = 0},
    {.bitmap_index = 8237, .adv_w = 190, .box_w = 10, .box_h = 11, .ofs_x = 1, .ofs_y = 0},
    {.bitmap_index = 8292, .adv_w = 156, .box_w = 9, .box_h = 11, .ofs_x = 0, .ofs_y = 0},
    {.bitmap_index = 8342, .adv_w = 193, .box_w = 10, .box_h = 15, .ofs_x = 1, .ofs_y = -4},
    {.bitmap_index = 8417, .adv_w = 183, .box_w = 10, .box_h = 11, .ofs_x = 0, .ofs_y = 0},
    {.bitmap_index = 8472, .adv_w = 193, .box_w = 11, .box_h = 15, .ofs_x = 0, .ofs_y = -4},
    {.bitmap_index = 8555, .adv_w = 157, .box_w = 9, .box_h = 11, .ofs_x = 0, .ofs_y = 0},
    {.bitmap_index = 8605, .adv_w = 201, .box_w = 11, .box_h = 12, .ofs_x = 1, .ofs_y = 0},
    {.bitmap_index = 8671, .adv_w = 205, .box_w = 12, .box_h = 11, .ofs_x = 1, .ofs_y = 0},
    {.bitmap_index = 8737, .adv_w = 183, .box_w = 11, .box_h = 12, .ofs_x = 0, .ofs_y = 0},
    {.bitmap_index = 8803, .adv_w = 188, .box_w = 10, .box_h = 11, .ofs_x = 1, .ofs_y = 0},
    {.bitmap_index = 8858, .adv_w = 214, .box_w = 14, .box_h = 14, .ofs_x = 0, .ofs_y = 0},
    {.bitmap_index = 8956, .adv_w = 184, .box_w = 10, .box_h = 11, .ofs_x = 1, .ofs_y = 0},
    {.bitmap_index = 9011, .adv_w = 179, .box_w = 10, .box_h = 12, .ofs_x = 1, .ofs_y = 0},
    {.bitmap_index = 9071, .adv_w = 166, .box_w = 9, .box_h = 11, .ofs_x = 0, .ofs_y = 0},
    {.bitmap_index = 9121, .adv_w = 108, .box_w = 6, .box_h = 10, .ofs_x = 0, .ofs_y = 1},
    {.bitmap_index = 9151, .adv_w = 0, .box_w = 8, .box_h = 4, .ofs_x = -7, .ofs_y = 12},
    {.bitmap_index = 9167, .adv_w = 130, .box_w = 7, .box_h = 11, .ofs_x = 0, .ofs_y = 0},
    {.bitmap_index = 9206, .adv_w = 130, .box_w = 13, .box_h = 16, .ofs_x = -6, .ofs_y = 0},
    {.bitmap_index = 9310, .adv_w = 0, .box_w = 10, .box_h = 3, .ofs_x = -11, .ofs_y = 12},
    {.bitmap_index = 9325, .adv_w = 0, .box_w = 10, .box_h = 4, .ofs_x = -11, .ofs_y = 12},
    {.bitmap_index = 9345, .adv_w = 0, .box_w = 10, .box_h = 4, .ofs_x = -11, .ofs_y = 12},
    {.bitmap_index = 9365, .adv_w = 0, .box_w = 10, .box_h = 4, .ofs_x = -11, .ofs_y = 12},
    {.bitmap_index = 9385, .adv_w = 0, .box_w = 4, .box_h = 4, .ofs_x = -5, .ofs_y = -5},
    {.bitmap_index = 9393, .adv_w = 0, .box_w = 7, .box_h = 5, .ofs_x = -8, .ofs_y = -6},
    {.bitmap_index = 9411, .adv_w = 0, .box_w = 4, .box_h = 3, .ofs_x = -5, .ofs_y = -4},
    {.bitmap_index = 9417, .adv_w = 187, .box_w = 10, .box_h = 16, .ofs_x = 1, .ofs_y = -1},
    {.bitmap_index = 9497, .adv_w = 94, .box_w = 5, .box_h = 11, .ofs_x = 1, .ofs_y = 0},
    {.bitmap_index = 9525, .adv_w = 182, .box_w = 10, .box_h = 11, .ofs_x = 1, .ofs_y = 0},
    {.bitmap_index = 9580, .adv_w = 99, .box_w = 7, .box_h = 16, .ofs_x = 0, .ofs_y = 0},
    {.bitmap_index = 9636, .adv_w = 92, .box_w = 6, .box_h = 16, .ofs_x = 0, .ofs_y = 0},
    {.bitmap_index = 9684, .adv_w = 97, .box_w = 7, .box_h = 16, .ofs_x = -1, .ofs_y = 0},
    {.bitmap_index = 9740, .adv_w = 130, .box_w = 7, .box_h = 15, .ofs_x = 0, .ofs_y = -4},
    {.bitmap_index = 9793, .adv_w = 190, .box_w = 10, .box_h = 15, .ofs_x = 1, .ofs_y = -4},
    {.bitmap_index = 9868, .adv_w = 0, .box_w = 8, .box_h = 5, .ofs_x = -9, .ofs_y = 11},
    {.bitmap_index = 9888, .adv_w = 0, .box_w = 3, .box_h = 5, .ofs_x = -4, .ofs_y = 13},
    {.bitmap_index = 9896, .adv_w = 0, .box_w = 7, .box_h = 6, .ofs_x = -8, .ofs_y = 12},
    {.bitmap_index = 9917, .adv_w = 0, .box_w = 9, .box_h = 5, .ofs_x = -9, .ofs_y = 12},
    {.bitmap_index = 9940, .adv_w = 0, .box_w = 6, .box_h = 5, .ofs_x = -7, .ofs_y = 12},
    {.bitmap_index = 9955, .adv_w = 0, .box_w = 6, .box_h = 4, .ofs_x = -6, .ofs_y = 12},
    {.bitmap_index = 9967, .adv_w = 0, .box_w = 5, .box_h = 4, .ofs_x = -6, .ofs_y = 12},
    {.bitmap_index = 9977, .adv_w = 0, .box_w = 6, .box_h = 4, .ofs_x = -6, .ofs_y = 11},
    {.bitmap_index = 9989, .adv_w = 190, .box_w = 10, .box_h = 10, .ofs_x = 1, .ofs_y = 0},
    {.bitmap_index = 10039, .adv_w = 182, .box_w = 10, .box_h = 10, .ofs_x = 1, .ofs_y = 0},
    {.bitmap_index = 10089, .adv_w = 174, .box_w = 9, .box_h = 10, .ofs_x = 1, .ofs_y = 0},
    {.bitmap_index = 10134, .adv_w = 196, .box_w = 11, .box_h = 12, .ofs_x = 1, .ofs_y = 0},
    {.bitmap_index = 10200, .adv_w = 179, .box_w = 9, .box_h = 10, .ofs_x = 1, .ofs_y = 0},
    {.bitmap_index = 10245, .adv_w = 172, .box_w = 9, .box_h = 12, .ofs_x = 1, .ofs_y = 0},
    {.bitmap_index = 10299, .adv_w = 173, .box_w = 9, .box_h = 12, .ofs_x = 1, .ofs_y = 0},
    {.bitmap_index = 10353, .adv_w = 166, .box_w = 10, .box_h = 12, .ofs_x = 0, .ofs_y = 0},
    {.bitmap_index = 10413, .adv_w = 230, .box_w = 13, .box_h = 12, .ofs_x = 1, .ofs_y = 0},
    {.bitmap_index = 10491, .adv_w = 181, .box_w = 10, .box_h = 12, .ofs_x = 1, .ofs_y = 0},
    {.bitmap_index = 10551, .adv_w = 161, .box_w = 9, .box_h = 12, .ofs_x = 1, .ofs_y = 0},
    {.bitmap_index = 10605, .adv_w = 245, .box_w = 14, .box_h = 11, .ofs_x = 0, .ofs_y = 0},
    {.bitmap_index = 10682, .adv_w = 279, .box_w = 17, .box_h = 8, .ofs_x = 0, .ofs_y = 1},
    {.bitmap_index = 10750, .adv_w = 274, .box_w = 18, .box_h = 19, .ofs_x = 0, .ofs_y = -3},
    {.bitmap_index = 10921, .adv_w = 320, .box_w = 20, .box_h = 16, .ofs_x = 0, .ofs_y = 0},
    {.bitmap_index = 11081, .adv_w = 320, .box_w = 18, .box_h = 14, .ofs_x = 1, .ofs_y = 0},
    {.bitmap_index = 11207, .adv_w = 252, .box_w = 14, .box_h = 15, .ofs_x = 1, .ofs_y = -1},
    {.bitmap_index = 11312, .adv_w = 274, .box_w = 17, .box_h = 18, .ofs_x = 0, .ofs_y = -2},
    {.bitmap_index = 11465, .adv_w = 297, .box_w = 19, .box_h = 15, .ofs_x = 0, .ofs_y = 0},
    {.bitmap_index = 11608, .adv_w = 297, .box_w = 19, .box_h = 18, .ofs_x = 0, .ofs_y = 0},
    {.bitmap_index = 11779, .adv_w = 274, .box_w = 18, .box_h = 17, .ofs_x = 0, .ofs_y = -1},
    {.bitmap_index = 11932, .adv_w = 297, .box_w = 19, .box_h = 16, .ofs_x = 0, .ofs_y = -1},
    {.bitmap_index = 12084, .adv_w = 343, .box_w = 22, .box_h = 18, .ofs_x = 0, .ofs_y = -2},
    {.bitmap_index = 12282, .adv_w = 183, .box_w = 12, .box_h = 18, .ofs_x = 0, .ofs_y = -2},
    {.bitmap_index = 12390, .adv_w = 252, .box_w = 16, .box_h = 18, .ofs_x = 0, .ofs_y = -2},
    {.bitmap_index = 12534, .adv_w = 274, .box_w = 18, .box_h = 18, .ofs_x = 0, .ofs_y = -2},
    {.bitmap_index = 12696, .adv_w = 274, .box_w = 18, .box_h = 18, .ofs_x = 0, .ofs_y = -2},
    {.bitmap_index = 12858, .adv_w = 183, .box_w = 12, .box_h = 18, .ofs_x = -1, .ofs_y = -2},
    {.bitmap_index = 12966, .adv_w = 228, .box_w = 13, .box_h = 18, .ofs_x = 1, .ofs_y = -1},
    {.bitmap_index = 13083, .adv_w = 320, .box_w = 20, .box_h = 13, .ofs_x = 0, .ofs_y = 0},
    {.bitmap_index = 13213, .adv_w = 320, .box_w = 20, .box_h = 17, .ofs_x = 0, .ofs_y = -2},
    {.bitmap_index = 13383, .adv_w = 320, .box_w = 20, .box_h = 18, .ofs_x = 0, .ofs_y = -1},
    {.bitmap_index = 13563, .adv_w = 320, .box_w = 20, .box_h = 19, .ofs_x = 0, .ofs_y = -2},
    {.bitmap_index = 13753, .adv_w = 343, .box_w = 22, .box_h = 13, .ofs_x = 0, .ofs_y = 0},
    {.bitmap_index = 13896, .adv_w = 297, .box_w = 19, .box_h = 16, .ofs_x = 0, .ofs_y = 0},
    {.bitmap_index = 14048, .adv_w = 274, .box_w = 18, .box_h = 18, .ofs_x = 0, .ofs_y = -2},
    {.bitmap_index = 14210, .adv_w = 320, .box_w = 19, .box_h = 21, .ofs_x = 1, .ofs_y = -3},
    {.bitmap_index = 14410, .adv_w = 343, .box_w = 22, .box_h = 13, .ofs_x = 0, .ofs_y = 0},
    {.bitmap_index = 14553, .adv_w = 366, .box_w = 22, .box_h = 16, .ofs_x = 0, .ofs_y = 0},
    {.bitmap_index = 14729, .adv_w = 412, .box_w = 26, .box_h = 15, .ofs_x = 0, .ofs_y = 0},
    {.bitmap_index = 14924, .adv_w = 412, .box_w = 26, .box_h = 15, .ofs_x = 0, .ofs_y = 0},
    {.bitmap_index = 15119, .adv_w = 412, .box_w = 26, .box_h = 15, .ofs_x = 0, .ofs_y = 0},
    {.bitmap_index = 15314, .adv_w = 412, .box_w = 26, .box_h = 15, .ofs_x = 0, .ofs_y = 0},
    {.bitmap_index = 15509, .adv_w = 160, .box_w = 8, .box_h = 18, .ofs_x = 1, .ofs_y = 0},
};

/*---------------------
 *  CHARACTER MAPPING
 *--------------------*/



/*Collect the unicode lists and glyph_id offsets*/
static const uint16_t unicode_list_sym[] = {
    0x0, 0xa, 0xb, 0xc, 0x12, 0x14, 0x18, 0x20,
    0x27, 0x3d, 0x47, 0x4a, 0x4b, 0x4c, 0x50, 0x52,
    0x6d, 0x6f, 0x70, 0x73, 0x78, 0x7a, 0xc6, 0xf2,
    0x11b, 0x1ea, 0x23f, 0x240, 0x242, 0x243, 0x7c1,
};
static const lv_font_fmt_txt_cmap_t cmaps[] =
{
    {
        .range_start = 32, .range_length = 95, .glyph_id_start = 1,
        .unicode_list = NULL, .glyph_id_ofs_list = NULL, .list_length = 0, .type = LV_FONT_FMT_TXT_CMAP_FORMAT0_TINY
    },
    {
        .range_start = 3585, .range_length = 58, .glyph_id_start = 96,
        .unicode_list = NULL, .glyph_id_ofs_list = NULL, .list_length = 0, .type = LV_FONT_FMT_TXT_CMAP_FORMAT0_TINY
    },
    {
        .range_start = 3647, .range_length = 29, .glyph_id_start = 154,
        .unicode_list = NULL, .glyph_id_ofs_list = NULL, .list_length = 0, .type = LV_FONT_FMT_TXT_CMAP_FORMAT0_TINY
    }
,
    {
        .range_start = 61441, .range_length = 1985, .glyph_id_start = 183,
        .unicode_list = unicode_list_sym, .glyph_id_ofs_list = NULL, .list_length = 31, .type = LV_FONT_FMT_TXT_CMAP_SPARSE_TINY
    },
};



/*--------------------
 *  ALL CUSTOM DATA
 *--------------------*/

#if LVGL_VERSION_MAJOR == 8
/*Store all the custom data of the font*/
static  lv_font_fmt_txt_glyph_cache_t cache;
#endif

#if LVGL_VERSION_MAJOR >= 8
static const lv_font_fmt_txt_dsc_t font_dsc = {
#else
static lv_font_fmt_txt_dsc_t font_dsc = {
#endif
    .glyph_bitmap = glyph_bitmap,
    .glyph_dsc = glyph_dsc,
    .cmaps = cmaps,
    .kern_dsc = NULL,
    .kern_scale = 0,
    .cmap_num = 4,
    .bpp = 4,
    .kern_classes = 0,
    .bitmap_format = 0,
#if LVGL_VERSION_MAJOR == 8
    .cache = &cache
#endif
};



/*-----------------
 *  PUBLIC FONT
 *----------------*/

/*Initialize a public general font descriptor*/
#if LVGL_VERSION_MAJOR >= 8
const lv_font_t thai_20 = {
#else
lv_font_t thai_20 = {
#endif
    .get_glyph_dsc = lv_font_get_glyph_dsc_fmt_txt,    /*Function pointer to get glyph's data*/
    .get_glyph_bitmap = lv_font_get_bitmap_fmt_txt,    /*Function pointer to get glyph's bitmap*/
    .line_height = 24,          /*The maximum line height required by the font*/
    .base_line = 6,             /*Baseline measured from the bottom of the line*/
#if !(LVGL_VERSION_MAJOR == 6 && LVGL_VERSION_MINOR == 0)
    .subpx = LV_FONT_SUBPX_NONE,
#endif
#if LV_VERSION_CHECK(7, 4, 0) || LVGL_VERSION_MAJOR >= 8
    .underline_position = -2,
    .underline_thickness = 1,
#endif
    .dsc = &font_dsc,          /*The custom font data. Will be accessed by `get_glyph_bitmap/dsc` */
#if LV_VERSION_CHECK(8, 2, 0) || LVGL_VERSION_MAJOR >= 9
    .fallback = NULL,
#endif
    .user_data = NULL,
};



#endif /*#if THAI_20*/

