/*******************************************************************************
 * Size: 26 px
 * Bpp: 4
 * Opts: --bpp 4 --size 26 --no-compress --font /tmp/opencode/thfonts/NotoSansThai.ttf -r 32-126 -r 0xE00-0xE7F --format lvgl -o thai_26.c
 ******************************************************************************/

#ifdef LV_LVGL_H_INCLUDE_SIMPLE
#include "lvgl.h"
#else
#include "lvgl/lvgl.h"
#endif

#ifndef THAI_26
#define THAI_26 1
#endif

#if THAI_26

/*-----------------
 *    BITMAPS
 *----------------*/

/*Store the image of the glyphs*/
static LV_ATTRIBUTE_LARGE_CONST const uint8_t glyph_bitmap[] = {
    0x0d, 0xfd, 0x00, 0xdf, 0xd0, 0x0c, 0xfc, 0x00, 0xbf, 0xb0, 0x0a, 0xfa,
    0x00, 0xaf, 0x90, 0x09, 0xf9, 0x00, 0x8f, 0x80, 0x07, 0xf7, 0x00, 0x6f,
    0x60, 0x06, 0xf5, 0x00, 0x5f, 0x50, 0x04, 0xf4, 0x00, 0x02, 0x00, 0x02,
    0x62, 0x00, 0xef, 0xe0, 0x1f, 0xff, 0x00, 0x9f, 0x90, 0x4f, 0xf1, 0x08,
    0xfe, 0x3f, 0xf0, 0x06, 0xfc, 0x1f, 0xf0, 0x05, 0xfb, 0x0f, 0xe0, 0x04,
    0xfa, 0x0f, 0xc0, 0x03, 0xf8, 0x0e, 0xb0, 0x01, 0xf7, 0x08, 0x60, 0x00,
    0x94, 0x00, 0x00, 0x00, 0xaf, 0x30, 0x00, 0xfc, 0x00, 0x00, 0x00, 0x00,
    0x0d, 0xf0, 0x00, 0x3f, 0x80, 0x00, 0x00, 0x00, 0x01, 0xfc, 0x00, 0x07,
    0xf5, 0x00, 0x00, 0x00, 0x00, 0x4f, 0x90, 0x00, 0xaf, 0x20, 0x00, 0x00,
    0x00, 0x07, 0xf6, 0x00, 0x0d, 0xe0, 0x00, 0x00, 0x6f, 0xff, 0xff, 0xff,
    0xff, 0xff, 0xff, 0xf2, 0x04, 0xbb, 0xbf, 0xfb, 0xbb, 0xcf, 0xdb, 0xbb,
    0x10, 0x00, 0x01, 0xfc, 0x00, 0x08, 0xf5, 0x00, 0x00, 0x00, 0x00, 0x4f,
    0x90, 0x00, 0xbf, 0x20, 0x00, 0x00, 0x00, 0x07, 0xf6, 0x00, 0x0e, 0xf0,
    0x00, 0x00, 0x00, 0x00, 0xaf, 0x30, 0x01, 0xfc, 0x00, 0x00, 0x05, 0xff,
    0xff, 0xff, 0xff, 0xff, 0xff, 0xff, 0x30, 0x3b, 0xbb, 0xfe, 0xbb, 0xbd,
    0xfc, 0xbb, 0xb2, 0x00, 0x00, 0x3f, 0x90, 0x00, 0xaf, 0x20, 0x00, 0x00,
    0x00, 0x06, 0xf6, 0x00, 0x0e, 0xf0, 0x00, 0x00, 0x00, 0x00, 0x9f, 0x30,
    0x01, 0xfc, 0x00, 0x00, 0x00, 0x00, 0x0c, 0xf0, 0x00, 0x4f, 0x90, 0x00,
    0x00, 0x00, 0x00, 0xfd, 0x00, 0x07, 0xf5, 0x00, 0x00, 0x00, 0x00, 0x00,
    0x06, 0xf3, 0x00, 0x00, 0x00, 0x00, 0x00, 0x6f, 0x30, 0x00, 0x00, 0x00,
    0x29, 0xdf, 0xfe, 0xdb, 0x72, 0x00, 0x5f, 0xff, 0xff, 0xff, 0xff, 0x90,
    0x0f, 0xfa, 0x26, 0xf3, 0x25, 0xa3, 0x04, 0xfe, 0x00, 0x6f, 0x30, 0x00,
    0x00, 0x5f, 0xf0, 0x06, 0xf3, 0x00, 0x00, 0x02, 0xff, 0x60, 0x6f, 0x30,
    0x00, 0x00, 0x0a, 0xff, 0xcb, 0xf3, 0x00, 0x00, 0x00, 0x08, 0xff, 0xff,
    0xd7, 0x10, 0x00, 0x00, 0x01, 0x7d, 0xff, 0xff, 0x90, 0x00, 0x00, 0x00,
    0x6f, 0x9c, 0xff, 0xc0, 0x00, 0x00, 0x06, 0xf3, 0x04, 0xff, 0x30, 0x00,
    0x00, 0x6f, 0x30, 0x0d, 0xf6, 0x00, 0x00, 0x06, 0xf3, 0x01, 0xff, 0x46,
    0xb6, 0x30, 0x6f, 0x56, 0xdf, 0xd0, 0x6f, 0xff, 0xff, 0xff, 0xff, 0xd2,
    0x01, 0x7b, 0xde, 0xff, 0xda, 0x60, 0x00, 0x00, 0x00, 0x06, 0xf3, 0x00,
    0x00, 0x00, 0x00, 0x00, 0x6f, 0x30, 0x00, 0x00, 0x00, 0x00, 0x06, 0xf3,
    0x00, 0x00, 0x00, 0x01, 0xaf, 0xfb, 0x20, 0x00, 0x00, 0x05, 0xfa, 0x00,
    0x00, 0x0d, 0xfc, 0xbf, 0xe1, 0x00, 0x00, 0x0d, 0xf2, 0x00, 0x00, 0x5f,
    0xb0, 0x08, 0xf8, 0x00, 0x00, 0x7f, 0x80, 0x00, 0x00, 0x9f, 0x50, 0x01,
    0xfc, 0x00, 0x01, 0xfe, 0x00, 0x00, 0x00, 0xaf, 0x30, 0x00, 0xfe, 0x00,
    0x09, 0xf6, 0x00, 0x00, 0x00, 0xbf, 0x30, 0x00, 0xff, 0x00, 0x3f, 0xc0,
    0x00, 0x00, 0x00, 0xaf, 0x40, 0x00, 0xfe, 0x00, 0xcf, 0x31, 0x79, 0x61,
    0x00, 0x7f, 0x70, 0x03, 0xfb, 0x05, 0xfa, 0x2f, 0xff, 0xfd, 0x10, 0x2f,
    0xe2, 0x1c, 0xf5, 0x0e, 0xf1, 0xbf, 0x60, 0x7f, 0xa0, 0x07, 0xff, 0xff,
    0xb0, 0x7f, 0x81, 0xfd, 0x00, 0x0e, 0xf0, 0x00, 0x48, 0x95, 0x01, 0xfe,
    0x03, 0xfa, 0x00, 0x0a, 0xf3, 0x00, 0x00, 0x00, 0x0a, 0xf5, 0x05, 0xf8,
    0x00, 0x09, 0xf4, 0x00, 0x00, 0x00, 0x3f, 0xc0, 0x05, 0xf8, 0x00, 0x09,
    0xf4, 0x00, 0x00, 0x00, 0xcf, 0x30, 0x04, 0xf9, 0x00, 0x0a, 0xf3, 0x00,
    0x00, 0x05, 0xfa, 0x00, 0x02, 0xfb, 0x00, 0x0c, 0xf1, 0x00, 0x00, 0x0e,
    0xf1, 0x00, 0x00, 0xdf, 0x10, 0x2f, 0xc0, 0x00, 0x00, 0x7f, 0x80, 0x00,
    0x00, 0x5f, 0xea, 0xef, 0x50, 0x00, 0x01, 0xfe, 0x00, 0x00, 0x00, 0x06,
    0xdf, 0xd5, 0x00, 0x00, 0x01, 0x9d, 0xff, 0xc6, 0x00, 0x00, 0x00, 0x00,
    0x00, 0x2e, 0xff, 0xef, 0xff, 0xa0, 0x00, 0x00, 0x00, 0x00, 0xaf, 0xd2,
    0x00, 0x7f, 0xf3, 0x00, 0x00, 0x00, 0x00, 0xdf, 0x60, 0x00, 0x0e, 0xf5,
    0x00, 0x00, 0x00, 0x00, 0xcf, 0x70, 0x00, 0x0f, 0xf4, 0x00, 0x00, 0x00,
    0x00, 0x7f, 0xe1, 0x00, 0xaf, 0xe0, 0x00, 0x00, 0x00, 0x00, 0x0c, 0xfc,
    0x3c, 0xfe, 0x20, 0x00, 0x00, 0x00, 0x00, 0x01, 0xef, 0xff, 0xb1, 0x00,
    0x00, 0x00, 0x00, 0x00, 0x08, 0xff, 0xfe, 0x20, 0x00, 0x00, 0x12, 0x20,
    0x01, 0xdf, 0xd4, 0xbf, 0xe3, 0x00, 0x00, 0xbf, 0x90, 0x0c, 0xfc, 0x00,
    0x0b, 0xff, 0x40, 0x00, 0xff, 0x40, 0x5f, 0xf1, 0x00, 0x00, 0xaf, 0xf5,
    0x08, 0xfe, 0x00, 0x8f, 0xd0, 0x00, 0x00, 0x0a, 0xff, 0x8f, 0xf6, 0x00,
    0x9f, 0xd0, 0x00, 0x00, 0x00, 0x9f, 0xff, 0xb0, 0x00, 0x6f, 0xf3, 0x00,
    0x00, 0x00, 0x4f, 0xff, 0x80, 0x00, 0x1f, 0xfe, 0x61, 0x01, 0x5b, 0xff,
    0xdf, 0xf8, 0x00, 0x04, 0xff, 0xff, 0xff, 0xff, 0xf6, 0x08, 0xff, 0x70,
    0x00, 0x18, 0xdf, 0xfe, 0xc6, 0x00, 0x00, 0x9f, 0xf7, 0x4f, 0xf1, 0x3f,
    0xf0, 0x1f, 0xf0, 0x0f, 0xe0, 0x0f, 0xc0, 0x0e, 0xb0, 0x08, 0x60, 0x00,
    0x08, 0xfb, 0x00, 0x03, 0xff, 0x10, 0x00, 0xcf, 0x70, 0x00, 0x5f, 0xf1,
    0x00, 0x0b, 0xfa, 0x00, 0x01, 0xff, 0x40, 0x00, 0x6f, 0xf0, 0x00, 0x09,
    0xfc, 0x00, 0x00, 0xbf, 0x90, 0x00, 0x0d, 0xf7, 0x00, 0x00, 0xef, 0x60,
    0x00, 0x0f, 0xf5, 0x00, 0x00, 0xef, 0x60, 0x00, 0x0d, 0xf7, 0x00, 0x00,
    0xbf, 0xa0, 0x00, 0x08, 0xfd, 0x00, 0x00, 0x4f, 0xf1, 0x00, 0x00, 0xff,
    0x60, 0x00, 0x09, 0xfc, 0x00, 0x00, 0x2f, 0xf3, 0x00, 0x00, 0x8f, 0xb0,
    0x00, 0x00, 0xdf, 0x50, 0x00, 0x02, 0x86, 0x00, 0x0d, 0xf4, 0x00, 0x00,
    0x3f, 0xe1, 0x00, 0x00, 0xbf, 0xa0, 0x00, 0x03, 0xff, 0x20, 0x00, 0x0c,
    0xf8, 0x00, 0x00, 0x7f, 0xe0, 0x00, 0x02, 0xff, 0x20, 0x00, 0x0f, 0xf6,
    0x00, 0x00, 0xcf, 0x80, 0x00, 0x0a, 0xfa, 0x00, 0x00, 0x9f, 0xb0, 0x00,
    0x09, 0xfc, 0x00, 0x00, 0x9f, 0xb0, 0x00, 0x0b, 0xfa, 0x00, 0x00, 0xdf,
    0x70, 0x00, 0x0f, 0xf5, 0x00, 0x04, 0xff, 0x10, 0x00, 0x9f, 0xc0, 0x00,
    0x0f, 0xf6, 0x00, 0x06, 0xfe, 0x00, 0x00, 0xef, 0x50, 0x00, 0x8f, 0xb0,
    0x00, 0x07, 0x71, 0x00, 0x00, 0x00, 0x00, 0x1f, 0xf5, 0x00, 0x00, 0x00,
    0x00, 0x00, 0xff, 0x30, 0x00, 0x00, 0x00, 0x00, 0x0e, 0xf1, 0x00, 0x00,
    0x03, 0x20, 0x00, 0xcf, 0x00, 0x01, 0x40, 0xbf, 0xe9, 0x5b, 0xe4, 0x8c,
    0xff, 0x0d, 0xff, 0xff, 0xff, 0xff, 0xff, 0xf1, 0x00, 0x12, 0x9f, 0xfc,
    0x31, 0x00, 0x00, 0x00, 0x2f, 0xdb, 0xf5, 0x00, 0x00, 0x00, 0x0d, 0xf6,
    0x3f, 0xf2, 0x00, 0x00, 0x0a, 0xfe, 0x00, 0xbf, 0xd0, 0x00, 0x00, 0xbf,
    0x80, 0x03, 0xfd, 0x30, 0x00, 0x00, 0x41, 0x00, 0x05, 0x00, 0x00, 0x00,
    0x00, 0x03, 0x62, 0x00, 0x00, 0x00, 0x00, 0x00, 0x8f, 0x50, 0x00, 0x00,
    0x00, 0x00, 0x08, 0xf5, 0x00, 0x00, 0x00, 0x00, 0x00, 0x8f, 0x50, 0x00,
    0x00, 0x00, 0x00, 0x08, 0xf5, 0x00, 0x00, 0x00, 0x00, 0x00, 0x8f, 0x50,
    0x00, 0x00, 0xbf, 0xff, 0xff, 0xff, 0xff, 0xff, 0x89, 0xdd, 0xdd, 0xef,
    0xed, 0xdd, 0xd6, 0x00, 0x00, 0x08, 0xf5, 0x00, 0x00, 0x00, 0x00, 0x00,
    0x8f, 0x50, 0x00, 0x00, 0x00, 0x00, 0x08, 0xf5, 0x00, 0x00, 0x00, 0x00,
    0x00, 0x8f, 0x50, 0x00, 0x00, 0x00, 0x00, 0x08, 0xf5, 0x00, 0x00, 0x00,
    0x02, 0x44, 0x0c, 0xfd, 0x0f, 0xf8, 0x2f, 0xf2, 0x5f, 0xc0, 0x9f, 0x60,
    0xde, 0x00, 0xff, 0xff, 0xff, 0x5f, 0xff, 0xff, 0xf5, 0x02, 0x62, 0x00,
    0xef, 0xe0, 0x1f, 0xff, 0x00, 0xaf, 0x90, 0x00, 0x00, 0x00, 0x0f, 0xf3,
    0x00, 0x00, 0x00, 0x6f, 0xd0, 0x00, 0x00, 0x00, 0xcf, 0x70, 0x00, 0x00,
    0x02, 0xff, 0x10, 0x00, 0x00, 0x08, 0xfa, 0x00, 0x00, 0x00, 0x0e, 0xf4,
    0x00, 0x00, 0x00, 0x5f, 0xe0, 0x00, 0x00, 0x00, 0xbf, 0x80, 0x00, 0x00,
    0x01, 0xff, 0x20, 0x00, 0x00, 0x07, 0xfc, 0x00, 0x00, 0x00, 0x0d, 0xf6,
    0x00, 0x00, 0x00, 0x3f, 0xf0, 0x00, 0x00, 0x00, 0xaf, 0x90, 0x00, 0x00,
    0x00, 0xff, 0x30, 0x00, 0x00, 0x06, 0xfd, 0x00, 0x00, 0x00, 0x0c, 0xf7,
    0x00, 0x00, 0x00, 0x2f, 0xf1, 0x00, 0x00, 0x00, 0x8f, 0xb0, 0x00, 0x00,
    0x00, 0x00, 0x05, 0xbe, 0xfe, 0xa2, 0x00, 0x00, 0x08, 0xff, 0xff, 0xff,
    0xf4, 0x00, 0x05, 0xff, 0x81, 0x01, 0xaf, 0xf2, 0x00, 0xdf, 0x90, 0x00,
    0x00, 0xcf, 0x90, 0x2f, 0xf2, 0x00, 0x00, 0x05, 0xff, 0x06, 0xfd, 0x00,
    0x00, 0x00, 0x0f, 0xf3, 0x9f, 0xb0, 0x00, 0x00, 0x00, 0xdf, 0x6a, 0xf9,
    0x00, 0x00, 0x00, 0x0c, 0xf7, 0xbf, 0x90, 0x00, 0x00, 0x00, 0xbf, 0x8b,
    0xf9, 0x00, 0x00, 0x00, 0x0b, 0xf9, 0xaf, 0xa0, 0x00, 0x00, 0x00, 0xcf,
    0x88, 0xfb, 0x00, 0x00, 0x00, 0x0d, 0xf6, 0x5f, 0xd0, 0x00, 0x00, 0x00,
    0xff, 0x42, 0xff, 0x20, 0x00, 0x00, 0x4f, 0xf1, 0x0c, 0xf9, 0x00, 0x00,
    0x0c, 0xfb, 0x00, 0x4f, 0xf8, 0x10, 0x1a, 0xff, 0x30, 0x00, 0x6f, 0xff,
    0xff, 0xff, 0x60, 0x00, 0x00, 0x4b, 0xef, 0xea, 0x30, 0x00, 0x00, 0x00,
    0x6f, 0xf3, 0x00, 0x09, 0xff, 0xf3, 0x02, 0xdf, 0xcf, 0xf3, 0x4f, 0xfa,
    0x0f, 0xf3, 0x2e, 0x70, 0x0f, 0xf3, 0x01, 0x00, 0x0f, 0xf3, 0x00, 0x00,
    0x0f, 0xf3, 0x00, 0x00, 0x0f, 0xf3, 0x00, 0x00, 0x0f, 0xf3, 0x00, 0x00,
    0x0f, 0xf3, 0x00, 0x00, 0x0f, 0xf3, 0x00, 0x00, 0x0f, 0xf3, 0x00, 0x00,
    0x0f, 0xf3, 0x00, 0x00, 0x0f, 0xf3, 0x00, 0x00, 0x0f, 0xf3, 0x00, 0x00,
    0x0f, 0xf3, 0x00, 0x00, 0x0f, 0xf3, 0x00, 0x00, 0x0f, 0xf3, 0x00, 0x28,
    0xdf, 0xfd, 0x93, 0x00, 0x00, 0x8f, 0xff, 0xff, 0xff, 0xf6, 0x00, 0x3f,
    0xf8, 0x20, 0x02, 0xbf, 0xf3, 0x00, 0x51, 0x00, 0x00, 0x00, 0xef, 0x90,
    0x00, 0x00, 0x00, 0x00, 0x0a, 0xfb, 0x00, 0x00, 0x00, 0x00, 0x00, 0xaf,
    0xa0, 0x00, 0x00, 0x00, 0x00, 0x0d, 0xf7, 0x00, 0x00, 0x00, 0x00, 0x05,
    0xff, 0x10, 0x00, 0x00, 0x00, 0x01, 0xef, 0x70, 0x00, 0x00, 0x00, 0x01,
    0xdf, 0xb0, 0x00, 0x00, 0x00, 0x01, 0xcf, 0xc0, 0x00, 0x00, 0x00, 0x01,
    0xdf, 0xb0, 0x00, 0x00, 0x00, 0x01, 0xdf, 0xb0, 0x00, 0x00, 0x00, 0x02,
    0xdf, 0xa0, 0x00, 0x00, 0x00, 0x02, 0xef, 0x90, 0x00, 0x00, 0x00, 0x02,
    0xef, 0xa1, 0x11, 0x11, 0x11, 0x10, 0xbf, 0xff, 0xff, 0xff, 0xff, 0xff,
    0x8c, 0xff, 0xff, 0xff, 0xff, 0xff, 0xf8, 0x00, 0x4a, 0xdf, 0xfe, 0xb5,
    0x00, 0x03, 0xdf, 0xff, 0xff, 0xff, 0xfb, 0x00, 0x3f, 0xa4, 0x00, 0x01,
    0x8f, 0xf7, 0x00, 0x00, 0x00, 0x00, 0x00, 0xbf, 0xc0, 0x00, 0x00, 0x00,
    0x00, 0x09, 0xfc, 0x00, 0x00, 0x00, 0x00, 0x01, 0xef, 0x70, 0x00, 0x00,
    0x00, 0x15, 0xdf, 0xc0, 0x00, 0x00, 0xee, 0xff, 0xfb, 0x60, 0x00, 0x00,
    0x0f, 0xff, 0xff, 0xfb, 0x30, 0x00, 0x00, 0x00, 0x02, 0x5c, 0xff, 0x50,
    0x00, 0x00, 0x00, 0x00, 0x0a, 0xff, 0x00, 0x00, 0x00, 0x00, 0x00, 0x2f,
    0xf4, 0x00, 0x00, 0x00, 0x00, 0x00, 0xff, 0x50, 0x00, 0x00, 0x00, 0x00,
    0x2f, 0xf4, 0x00, 0x00, 0x00, 0x00, 0x09, 0xfe, 0x0c, 0xa4, 0x10, 0x00,
    0x2a, 0xff, 0x70, 0xdf, 0xff, 0xfe, 0xff, 0xff, 0x80, 0x02, 0x8c, 0xdf,
    0xfe, 0xc8, 0x20, 0x00, 0x00, 0x00, 0x00, 0x00, 0x2f, 0xfa, 0x00, 0x00,
    0x00, 0x00, 0x00, 0x0c, 0xff, 0xa0, 0x00, 0x00, 0x00, 0x00, 0x08, 0xfd,
    0xfa, 0x00, 0x00, 0x00, 0x00, 0x04, 0xfd, 0x8f, 0xa0, 0x00, 0x00, 0x00,
    0x01, 0xef, 0x38, 0xfa, 0x00, 0x00, 0x00, 0x00, 0xbf, 0x70, 0x8f, 0xa0,
    0x00, 0x00, 0x00, 0x6f, 0xb0, 0x08, 0xfa, 0x00, 0x00, 0x00, 0x2f, 0xe1,
    0x00, 0x9f, 0xa0, 0x00, 0x00, 0x0d, 0xf4, 0x00, 0x09, 0xfa, 0x00, 0x00,
    0x09, 0xf9, 0x00, 0x00, 0x9f, 0xa0, 0x00, 0x04, 0xfd, 0x00, 0x00, 0x09,
    0xfa, 0x00, 0x01, 0xef, 0x20, 0x00, 0x00, 0x9f, 0xa0, 0x00, 0x7f, 0xff,
    0xff, 0xff, 0xff, 0xff, 0xff, 0x57, 0xff, 0xff, 0xff, 0xff, 0xff, 0xff,
    0xf5, 0x00, 0x00, 0x00, 0x00, 0x09, 0xfa, 0x00, 0x00, 0x00, 0x00, 0x00,
    0x00, 0x9f, 0xa0, 0x00, 0x00, 0x00, 0x00, 0x00, 0x09, 0xfa, 0x00, 0x00,
    0x00, 0x00, 0x00, 0x00, 0x9f, 0xa0, 0x00, 0x04, 0xff, 0xff, 0xff, 0xff,
    0xf1, 0x00, 0x5f, 0xff, 0xff, 0xff, 0xff, 0x10, 0x07, 0xfb, 0x00, 0x00,
    0x00, 0x00, 0x00, 0x8f, 0x90, 0x00, 0x00, 0x00, 0x00, 0x0a, 0xf7, 0x00,
    0x00, 0x00, 0x00, 0x00, 0xbf, 0x60, 0x00, 0x00, 0x00, 0x00, 0x0d, 0xfc,
    0xcd, 0xdc, 0x82, 0x00, 0x00, 0xdf, 0xff, 0xff, 0xff, 0xf8, 0x00, 0x00,
    0x52, 0x10, 0x14, 0xbf, 0xf7, 0x00, 0x00, 0x00, 0x00, 0x00, 0xaf, 0xe0,
    0x00, 0x00, 0x00, 0x00, 0x02, 0xff, 0x40, 0x00, 0x00, 0x00, 0x00, 0x0f,
    0xf5, 0x00, 0x00, 0x00, 0x00, 0x00, 0xff, 0x40, 0x00, 0x00, 0x00, 0x00,
    0x3f, 0xf2, 0x00, 0x00, 0x00, 0x00, 0x0b, 0xfc, 0x05, 0xc6, 0x20, 0x00,
    0x3b, 0xff, 0x30, 0x5f, 0xff, 0xff, 0xff, 0xfe, 0x50, 0x00, 0x6a, 0xde,
    0xfe, 0xc7, 0x10, 0x00, 0x00, 0x00, 0x06, 0xbe, 0xff, 0xe2, 0x00, 0x00,
    0x4e, 0xff, 0xfe, 0xef, 0x30, 0x00, 0x5f, 0xfa, 0x30, 0x00, 0x00, 0x00,
    0x1f, 0xf6, 0x00, 0x00, 0x00, 0x00, 0x08, 0xfa, 0x00, 0x00, 0x00, 0x00,
    0x00, 0xef, 0x30, 0x00, 0x00, 0x00, 0x00, 0x2f, 0xf0, 0x18, 0xbb, 0x95,
    0x00, 0x05, 0xfd, 0x5f, 0xff, 0xff, 0xfc, 0x10, 0x6f, 0xef, 0xa3, 0x01,
    0x5e, 0xfb, 0x08, 0xff, 0x80, 0x00, 0x00, 0x4f, 0xf3, 0x8f, 0xe0, 0x00,
    0x00, 0x00, 0xdf, 0x87, 0xfc, 0x00, 0x00, 0x00, 0x0a, 0xf9, 0x5f, 0xe0,
    0x00, 0x00, 0x00, 0xaf, 0x92, 0xff, 0x30, 0x00, 0x00, 0x0d, 0xf7, 0x0b,
    0xfb, 0x00, 0x00, 0x03, 0xff, 0x20, 0x3f, 0xfa, 0x10, 0x05, 0xef, 0xa0,
    0x00, 0x5f, 0xff, 0xef, 0xff, 0xc0, 0x00, 0x00, 0x29, 0xdf, 0xec, 0x60,
    0x00, 0xdf, 0xff, 0xff, 0xff, 0xff, 0xff, 0x9d, 0xff, 0xff, 0xff, 0xff,
    0xff, 0xf9, 0x00, 0x00, 0x00, 0x00, 0x02, 0xff, 0x30, 0x00, 0x00, 0x00,
    0x00, 0x8f, 0xc0, 0x00, 0x00, 0x00, 0x00, 0x1f, 0xf4, 0x00, 0x00, 0x00,
    0x00, 0x07, 0xfd, 0x00, 0x00, 0x00, 0x00, 0x00, 0xef, 0x60, 0x00, 0x00,
    0x00, 0x00, 0x7f, 0xe0, 0x00, 0x00, 0x00, 0x00, 0x0e, 0xf7, 0x00, 0x00,
    0x00, 0x00, 0x06, 0xff, 0x00, 0x00, 0x00, 0x00, 0x00, 0xdf, 0x80, 0x00,
    0x00, 0x00, 0x00, 0x5f, 0xf1, 0x00, 0x00, 0x00, 0x00, 0x0d, 0xf9, 0x00,
    0x00, 0x00, 0x00, 0x05, 0xff, 0x20, 0x00, 0x00, 0x00, 0x00, 0xcf, 0xa0,
    0x00, 0x00, 0x00, 0x00, 0x4f, 0xf3, 0x00, 0x00, 0x00, 0x00, 0x0c, 0xfc,
    0x00, 0x00, 0x00, 0x00, 0x03, 0xff, 0x40, 0x00, 0x00, 0x00, 0x00, 0x06,
    0xce, 0xfe, 0xb6, 0x00, 0x00, 0x1d, 0xff, 0xfd, 0xff, 0xfc, 0x00, 0x0b,
    0xfe, 0x40, 0x00, 0x5f, 0xf8, 0x00, 0xff, 0x40, 0x00, 0x00, 0x7f, 0xd0,
    0x1f, 0xf2, 0x00, 0x00, 0x05, 0xfe, 0x00, 0xef, 0x60, 0x00, 0x00, 0x9f,
    0xb0, 0x06, 0xff, 0x50, 0x00, 0x6f, 0xf2, 0x00, 0x07, 0xff, 0xc7, 0xcf,
    0xd3, 0x00, 0x00, 0x04, 0xff, 0xff, 0xd0, 0x00, 0x00, 0x06, 0xef, 0xba,
    0xff, 0xd4, 0x00, 0x09, 0xfe, 0x40, 0x01, 0x9f, 0xf7, 0x04, 0xff, 0x20,
    0x00, 0x00, 0x5f, 0xf2, 0x9f, 0xa0, 0x00, 0x00, 0x00, 0xcf, 0x7a, 0xf9,
    0x00, 0x00, 0x00, 0x0b, 0xf8, 0x8f, 0xd0, 0x00, 0x00, 0x00, 0xef, 0x52,
    0xff, 0xa1, 0x00, 0x03, 0xcf, 0xe0, 0x06, 0xff, 0xfd, 0xce, 0xff, 0xe2,
    0x00, 0x02, 0x8c, 0xef, 0xec, 0x70, 0x00, 0x00, 0x06, 0xce, 0xfd, 0x81,
    0x00, 0x00, 0x1d, 0xff, 0xff, 0xff, 0xf4, 0x00, 0x0c, 0xfe, 0x50, 0x01,
    0xaf, 0xf2, 0x04, 0xff, 0x20, 0x00, 0x00, 0xaf, 0xa0, 0x8f, 0xb0, 0x00,
    0x00, 0x02, 0xff, 0x1a, 0xf9, 0x00, 0x00, 0x00, 0x0e, 0xf4, 0xaf, 0xa0,
    0x00, 0x00, 0x00, 0xdf, 0x67, 0xfe, 0x00, 0x00, 0x00, 0x4f, 0xf7, 0x1f,
    0xfa, 0x10, 0x00, 0x5f, 0xff, 0x70, 0x5f, 0xff, 0xdc, 0xff, 0x7d, 0xf6,
    0x00, 0x2a, 0xef, 0xfb, 0x40, 0xff, 0x40, 0x00, 0x00, 0x00, 0x00, 0x2f,
    0xf2, 0x00, 0x00, 0x00, 0x00, 0x06, 0xfe, 0x00, 0x00, 0x00, 0x00, 0x00,
    0xdf, 0x80, 0x00, 0x00, 0x00, 0x00, 0xaf, 0xe1, 0x00, 0x00, 0x00, 0x04,
    0xcf, 0xf4, 0x00, 0x05, 0xfd, 0xef, 0xff, 0xe4, 0x00, 0x00, 0x4e, 0xff,
    0xeb, 0x60, 0x00, 0x00, 0x0a, 0xf9, 0x01, 0xff, 0xf0, 0x0e, 0xfe, 0x00,
    0x27, 0x20, 0x00, 0x00, 0x00, 0x00, 0x00, 0x00, 0x00, 0x00, 0x00, 0x00,
    0x00, 0x00, 0x00, 0x00, 0x00, 0x02, 0x62, 0x00, 0xef, 0xe0, 0x1f, 0xff,
    0x00, 0xaf, 0x90, 0x00, 0xbf, 0x80, 0x02, 0xff, 0xf0, 0x01, 0xff, 0xd0,
    0x00, 0x37, 0x20, 0x00, 0x00, 0x00, 0x00, 0x00, 0x00, 0x00, 0x00, 0x00,
    0x00, 0x00, 0x00, 0x00, 0x00, 0x00, 0x00, 0x00, 0x00, 0x00, 0x00, 0x00,
    0x00, 0xff, 0xa0, 0x02, 0xff, 0x60, 0x05, 0xff, 0x10, 0x08, 0xfa, 0x00,
    0x0c, 0xf4, 0x00, 0x0f, 0xd0, 0x00, 0x04, 0x20, 0x00, 0x00, 0x00, 0x00,
    0x00, 0x00, 0x01, 0x30, 0x00, 0x00, 0x00, 0x00, 0x19, 0xf8, 0x00, 0x00,
    0x00, 0x01, 0x9f, 0xfe, 0x40, 0x00, 0x00, 0x29, 0xff, 0xd6, 0x00, 0x00,
    0x02, 0xaf, 0xfc, 0x40, 0x00, 0x00, 0x2a, 0xff, 0xb3, 0x00, 0x00, 0x00,
    0x8f, 0xfa, 0x20, 0x00, 0x00, 0x00, 0x09, 0xff, 0xb4, 0x00, 0x00, 0x00,
    0x00, 0x03, 0xaf, 0xfd, 0x71, 0x00, 0x00, 0x00, 0x00, 0x18, 0xef, 0xfa,
    0x30, 0x00, 0x00, 0x00, 0x00, 0x6d, 0xff, 0xc6, 0x00, 0x00, 0x00, 0x00,
    0x04, 0xbf, 0xf8, 0x00, 0x00, 0x00, 0x00, 0x00, 0x29, 0x70, 0x00, 0x00,
    0x00, 0x00, 0x00, 0x00, 0x8f, 0xff, 0xff, 0xff, 0xff, 0xff, 0x57, 0xdd,
    0xdd, 0xdd, 0xdd, 0xdd, 0xd4, 0x00, 0x00, 0x00, 0x00, 0x00, 0x00, 0x00,
    0x00, 0x00, 0x00, 0x00, 0x00, 0x00, 0x00, 0x00, 0x00, 0x00, 0x00, 0x00,
    0x07, 0xdd, 0xdd, 0xdd, 0xdd, 0xdd, 0xd4, 0x8f, 0xff, 0xff, 0xff, 0xff,
    0xff, 0x50, 0x40, 0x00, 0x00, 0x00, 0x00, 0x00, 0x0b, 0xe7, 0x10, 0x00,
    0x00, 0x00, 0x00, 0x6e, 0xff, 0x81, 0x00, 0x00, 0x00, 0x00, 0x07, 0xef,
    0xf8, 0x10, 0x00, 0x00, 0x00, 0x00, 0x6d, 0xff, 0x81, 0x00, 0x00, 0x00,
    0x00, 0x05, 0xcf, 0xf9, 0x10, 0x00, 0x00, 0x00, 0x00, 0x4b, 0xff, 0x60,
    0x00, 0x00, 0x00, 0x05, 0xbf, 0xf7, 0x00, 0x00, 0x01, 0x8e, 0xff, 0x92,
    0x00, 0x00, 0x4b, 0xff, 0xe7, 0x10, 0x00, 0x17, 0xdf, 0xfc, 0x50, 0x00,
    0x00, 0x0b, 0xff, 0xa3, 0x00, 0x00, 0x00, 0x00, 0x98, 0x10, 0x00, 0x00,
    0x00, 0x00, 0x00, 0x00, 0x00, 0x00, 0x00, 0x00, 0x00, 0x03, 0x9d, 0xff,
    0xeb, 0x50, 0x07, 0xff, 0xff, 0xff, 0xff, 0x90, 0x1d, 0x72, 0x00, 0x29,
    0xff, 0x30, 0x00, 0x00, 0x00, 0x0c, 0xf8, 0x00, 0x00, 0x00, 0x00, 0xaf,
    0x90, 0x00, 0x00, 0x00, 0x0d, 0xf6, 0x00, 0x00, 0x00, 0x08, 0xfe, 0x10,
    0x00, 0x00, 0x09, 0xfe, 0x30, 0x00, 0x00, 0x1c, 0xfd, 0x20, 0x00, 0x00,
    0x0b, 0xfb, 0x00, 0x00, 0x00, 0x02, 0xfd, 0x00, 0x00, 0x00, 0x00, 0x4f,
    0x80, 0x00, 0x00, 0x00, 0x03, 0xa4, 0x00, 0x00, 0x00, 0x00, 0x00, 0x00,
    0x00, 0x00, 0x00, 0x01, 0x63, 0x00, 0x00, 0x00, 0x00, 0xcf, 0xf1, 0x00,
    0x00, 0x00, 0x0e, 0xff, 0x20, 0x00, 0x00, 0x00, 0x7f, 0xb0, 0x00, 0x00,
    0x00, 0x00, 0x00, 0x05, 0xad, 0xef, 0xed, 0x94, 0x00, 0x00, 0x00, 0x00,
    0x00, 0x7e, 0xff, 0xdc, 0xbc, 0xef, 0xfd, 0x30, 0x00, 0x00, 0x01, 0xcf,
    0xe6, 0x10, 0x00, 0x00, 0x39, 0xff, 0x60, 0x00, 0x01, 0xdf, 0x90, 0x00,
    0x00, 0x00, 0x00, 0x03, 0xef, 0x40, 0x00, 0xbf, 0x70, 0x00, 0x5b, 0xef,
    0xec, 0x91, 0x04, 0xfd, 0x00, 0x4f, 0xb0, 0x00, 0x9f, 0xfb, 0xab, 0xff,
    0x20, 0x0a, 0xf5, 0x0b, 0xf3, 0x00, 0x6f, 0xd1, 0x00, 0x0d, 0xf1, 0x00,
    0x3f, 0x90, 0xfd, 0x00, 0x0d, 0xf3, 0x00, 0x00, 0xef, 0x00, 0x01, 0xfc,
    0x4f, 0x90, 0x02, 0xfe, 0x00, 0x00, 0x0f, 0xf0, 0x00, 0x0f, 0xd6, 0xf7,
    0x00, 0x4f, 0xc0, 0x00, 0x00, 0xff, 0x00, 0x00, 0xfc, 0x7f, 0x60, 0x03,
    0xfc, 0x00, 0x00, 0x3f, 0xe0, 0x00, 0x3f, 0xa7, 0xf7, 0x00, 0x1f, 0xf1,
    0x00, 0x09, 0xff, 0x00, 0x08, 0xf5, 0x5f, 0x90, 0x00, 0xbf, 0xb2, 0x05,
    0xfb, 0xf7, 0x05, 0xfd, 0x01, 0xfd, 0x00, 0x01, 0xdf, 0xff, 0xf9, 0x0c,
    0xff, 0xfd, 0x20, 0x0c, 0xf4, 0x00, 0x00, 0x58, 0x73, 0x00, 0x06, 0x86,
    0x00, 0x00, 0x5f, 0xe1, 0x00, 0x00, 0x00, 0x00, 0x00, 0x00, 0x00, 0x00,
    0x00, 0xaf, 0xd3, 0x00, 0x00, 0x00, 0x00, 0x00, 0x00, 0x00, 0x00, 0x00,
    0xaf, 0xfa, 0x52, 0x10, 0x13, 0x6a, 0xc0, 0x00, 0x00, 0x00, 0x00, 0x5d,
    0xff, 0xff, 0xff, 0xff, 0xfa, 0x00, 0x00, 0x00, 0x00, 0x00, 0x02, 0x69,
    0xaa, 0xa8, 0x51, 0x00, 0x00, 0x00, 0x00, 0x00, 0x00, 0x0e, 0xf8, 0x00,
    0x00, 0x00, 0x00, 0x00, 0x00, 0x05, 0xff, 0xe0, 0x00, 0x00, 0x00, 0x00,
    0x00, 0x00, 0xcf, 0xdf, 0x50, 0x00, 0x00, 0x00, 0x00, 0x00, 0x2f, 0xe5,
    0xfc, 0x00, 0x00, 0x00, 0x00, 0x00, 0x09, 0xf9, 0x0e, 0xf2, 0x00, 0x00,
    0x00, 0x00, 0x00, 0xef, 0x20, 0x9f, 0x90, 0x00, 0x00, 0x00, 0x00, 0x5f,
    0xc0, 0x02, 0xfe, 0x00, 0x00, 0x00, 0x00, 0x0c, 0xf5, 0x00, 0x0c, 0xf5,
    0x00, 0x00, 0x00, 0x02, 0xfe, 0x00, 0x00, 0x5f, 0xc0, 0x00, 0x00, 0x00,
    0x9f, 0x80, 0x00, 0x00, 0xef, 0x20, 0x00, 0x00, 0x0f, 0xff, 0xff, 0xff,
    0xff, 0xf9, 0x00, 0x00, 0x06, 0xff, 0xff, 0xff, 0xff, 0xff, 0xf0, 0x00,
    0x00, 0xcf, 0x71, 0x11, 0x11, 0x11, 0xef, 0x60, 0x00, 0x3f, 0xf1, 0x00,
    0x00, 0x00, 0x08, 0xfc, 0x00, 0x09, 0xfa, 0x00, 0x00, 0x00, 0x00, 0x2f,
    0xf2, 0x00, 0xff, 0x40, 0x00, 0x00, 0x00, 0x00, 0xcf, 0x90, 0x6f, 0xe0,
    0x00, 0x00, 0x00, 0x00, 0x06, 0xff, 0x0c, 0xf8, 0x00, 0x00, 0x00, 0x00,
    0x00, 0x0f, 0xf6, 0x7f, 0xff, 0xff, 0xfe, 0xd9, 0x50, 0x00, 0x7f, 0xff,
    0xff, 0xff, 0xff, 0xfc, 0x00, 0x7f, 0xd0, 0x00, 0x00, 0x3a, 0xff, 0x80,
    0x7f, 0xd0, 0x00, 0x00, 0x00, 0xcf, 0xc0, 0x7f, 0xd0, 0x00, 0x00, 0x00,
    0x9f, 0xd0, 0x7f, 0xd0, 0x00, 0x00, 0x00, 0xcf, 0x90, 0x7f, 0xd0, 0x00,
    0x00, 0x29, 0xfe, 0x10, 0x7f, 0xfe, 0xee, 0xef, 0xfd, 0x81, 0x00, 0x7f,
    0xff, 0xff, 0xff, 0xfe, 0xa3, 0x00, 0x7f, 0xd0, 0x00, 0x01, 0x4a, 0xff,
    0x60, 0x7f, 0xd0, 0x00, 0x00, 0x00, 0x8f, 0xf1, 0x7f, 0xd0, 0x00, 0x00,
    0x00, 0x2f, 0xf6, 0x7f, 0xd0, 0x00, 0x00, 0x00, 0x0f, 0xf7, 0x7f, 0xd0,
    0x00, 0x00, 0x00, 0x2f, 0xf6, 0x7f, 0xd0, 0x00, 0x00, 0x00, 0xaf, 0xf2,
    0x7f, 0xd0, 0x00, 0x00, 0x29, 0xff, 0xb0, 0x7f, 0xff, 0xff, 0xff, 0xff,
    0xfb, 0x00, 0x7f, 0xff, 0xff, 0xff, 0xea, 0x50, 0x00, 0x00, 0x00, 0x03,
    0x9d, 0xef, 0xfd, 0xa5, 0x00, 0x00, 0x1b, 0xff, 0xff, 0xff, 0xff, 0xf6,
    0x00, 0x2e, 0xff, 0xa4, 0x10, 0x14, 0x9c, 0x00, 0x0d, 0xff, 0x40, 0x00,
    0x00, 0x00, 0x00, 0x06, 0xff, 0x50, 0x00, 0x00, 0x00, 0x00, 0x00, 0xdf,
    0xc0, 0x00, 0x00, 0x00, 0x00, 0x00, 0x1f, 0xf6, 0x00, 0x00, 0x00, 0x00,
    0x00, 0x04, 0xff, 0x20, 0x00, 0x00, 0x00, 0x00, 0x00, 0x5f, 0xf1, 0x00,
    0x00, 0x00, 0x00, 0x00, 0x05, 0xff, 0x10, 0x00, 0x00, 0x00, 0x00, 0x00,
    0x4f, 0xf3, 0x00, 0x00, 0x00, 0x00, 0x00, 0x02, 0xff, 0x60, 0x00, 0x00,
    0x00, 0x00, 0x00, 0x0d, 0xfb, 0x00, 0x00, 0x00, 0x00, 0x00, 0x00, 0x8f,
    0xf4, 0x00, 0x00, 0x00, 0x00, 0x00, 0x01, 0xef, 0xe3, 0x00, 0x00, 0x00,
    0x00, 0x00, 0x04, 0xff, 0xf9, 0x41, 0x01, 0x25, 0x80, 0x00, 0x03, 0xef,
    0xff, 0xff, 0xff, 0xfe, 0x00, 0x00, 0x00, 0x6b, 0xef, 0xff, 0xda, 0x50,
    0x7f, 0xff, 0xff, 0xfe, 0xc9, 0x30, 0x00, 0x00, 0x7f, 0xff, 0xff, 0xff,
    0xff, 0xfb, 0x10, 0x00, 0x7f, 0xd0, 0x00, 0x01, 0x5a, 0xff, 0xe2, 0x00,
    0x7f, 0xd0, 0x00, 0x00, 0x00, 0x4e, 0xfd, 0x00, 0x7f, 0xd0, 0x00, 0x00,
    0x00, 0x04, 0xff, 0x80, 0x7f, 0xd0, 0x00, 0x00, 0x00, 0x00, 0xbf, 0xe0,
    0x7f, 0xd0, 0x00, 0x00, 0x00, 0x00, 0x6f, 0xf2, 0x7f, 0xd0, 0x00, 0x00,
    0x00, 0x00, 0x3f, 0xf4, 0x7f, 0xd0, 0x00, 0x00, 0x00, 0x00, 0x1f, 0xf5,
    0x7f, 0xd0, 0x00, 0x00, 0x00, 0x00, 0x1f, 0xf5, 0x7f, 0xd0, 0x00, 0x00,
    0x00, 0x00, 0x3f, 0xf4, 0x7f, 0xd0, 0x00, 0x00, 0x00, 0x00, 0x6f, 0xf1,
    0x7f, 0xd0, 0x00, 0x00, 0x00, 0x00, 0xcf, 0xd0, 0x7f, 0xd0, 0x00, 0x00,
    0x00, 0x06, 0xff, 0x60, 0x7f, 0xd0, 0x00, 0x00, 0x00, 0x5f, 0xfc, 0x00,
    0x7f, 0xd0, 0x00, 0x02, 0x6c, 0xff, 0xd1, 0x00, 0x7f, 0xff, 0xff, 0xff,
    0xff, 0xfa, 0x10, 0x00, 0x7f, 0xff, 0xff, 0xfe, 0xb7, 0x20, 0x00, 0x00,
    0x7f, 0xff, 0xff, 0xff, 0xff, 0xe7, 0xff, 0xff, 0xff, 0xff, 0xfe, 0x7f,
    0xd0, 0x00, 0x00, 0x00, 0x07, 0xfd, 0x00, 0x00, 0x00, 0x00, 0x7f, 0xd0,
    0x00, 0x00, 0x00, 0x07, 0xfd, 0x00, 0x00, 0x00, 0x00, 0x7f, 0xd0, 0x00,
    0x00, 0x00, 0x07, 0xff, 0xff, 0xff, 0xff, 0xf6, 0x7f, 0xff, 0xff, 0xff,
    0xff, 0x67, 0xfd, 0x00, 0x00, 0x00, 0x00, 0x7f, 0xd0, 0x00, 0x00, 0x00,
    0x07, 0xfd, 0x00, 0x00, 0x00, 0x00, 0x7f, 0xd0, 0x00, 0x00, 0x00, 0x07,
    0xfd, 0x00, 0x00, 0x00, 0x00, 0x7f, 0xd0, 0x00, 0x00, 0x00, 0x07, 0xfd,
    0x00, 0x00, 0x00, 0x00, 0x7f, 0xff, 0xff, 0xff, 0xff, 0xe7, 0xff, 0xff,
    0xff, 0xff, 0xfe, 0x7f, 0xff, 0xff, 0xff, 0xff, 0xe7, 0xff, 0xff, 0xff,
    0xff, 0xfe, 0x7f, 0xd0, 0x00, 0x00, 0x00, 0x07, 0xfd, 0x00, 0x00, 0x00,
    0x00, 0x7f, 0xd0, 0x00, 0x00, 0x00, 0x07, 0xfd, 0x00, 0x00, 0x00, 0x00,
    0x7f, 0xd0, 0x00, 0x00, 0x00, 0x07, 0xfd, 0x00, 0x00, 0x00, 0x00, 0x7f,
    0xff, 0xff, 0xff, 0xff, 0x67, 0xff, 0xff, 0xff, 0xff, 0xf6, 0x7f, 0xd0,
    0x00, 0x00, 0x00, 0x07, 0xfd, 0x00, 0x00, 0x00, 0x00, 0x7f, 0xd0, 0x00,
    0x00, 0x00, 0x07, 0xfd, 0x00, 0x00, 0x00, 0x00, 0x7f, 0xd0, 0x00, 0x00,
    0x00, 0x07, 0xfd, 0x00, 0x00, 0x00, 0x00, 0x7f, 0xd0, 0x00, 0x00, 0x00,
    0x07, 0xfd, 0x00, 0x00, 0x00, 0x00, 0x00, 0x00, 0x01, 0x7b, 0xef, 0xfe,
    0xc9, 0x40, 0x00, 0x00, 0x8f, 0xff, 0xff, 0xff, 0xff, 0xf8, 0x00, 0x0c,
    0xff, 0xc7, 0x31, 0x02, 0x48, 0xc1, 0x00, 0xaf, 0xf7, 0x00, 0x00, 0x00,
    0x00, 0x00, 0x05, 0xff, 0x70, 0x00, 0x00, 0x00, 0x00, 0x00, 0x0d, 0xfc,
    0x00, 0x00, 0x00, 0x00, 0x00, 0x00, 0x1f, 0xf6, 0x00, 0x00, 0x00, 0x00,
    0x00, 0x00, 0x4f, 0xf2, 0x00, 0x00, 0x00, 0x00, 0x00, 0x00, 0x6f, 0xf1,
    0x00, 0x00, 0x06, 0xff, 0xff, 0xff, 0x6f, 0xf1, 0x00, 0x00, 0x06, 0xff,
    0xff, 0xff, 0x5f, 0xf2, 0x00, 0x00, 0x00, 0x00, 0x05, 0xff, 0x2f, 0xf6,
    0x00, 0x00, 0x00, 0x00, 0x05, 0xff, 0x0e, 0xfb, 0x00, 0x00, 0x00, 0x00,
    0x05, 0xff, 0x08, 0xff, 0x40, 0x00, 0x00, 0x00, 0x05, 0xff, 0x00, 0xdf,
    0xe4, 0x00, 0x00, 0x00, 0x05, 0xff, 0x00, 0x3e, 0xff, 0xa5, 0x20, 0x01,
    0x39, 0xff, 0x00, 0x02, 0xcf, 0xff, 0xff, 0xff, 0xff, 0xff, 0x00, 0x00,
    0x04, 0xad, 0xff, 0xfe, 0xda, 0x73, 0x7f, 0xd0, 0x00, 0x00, 0x00, 0x00,
    0xaf, 0xb7, 0xfd, 0x00, 0x00, 0x00, 0x00, 0x0a, 0xfb, 0x7f, 0xd0, 0x00,
    0x00, 0x00, 0x00, 0xaf, 0xb7, 0xfd, 0x00, 0x00, 0x00, 0x00, 0x0a, 0xfb,
    0x7f, 0xd0, 0x00, 0x00, 0x00, 0x00, 0xaf, 0xb7, 0xfd, 0x00, 0x00, 0x00,
    0x00, 0x0a, 0xfb, 0x7f, 0xd0, 0x00, 0x00, 0x00, 0x00, 0xaf, 0xb7, 0xff,
    0xff, 0xff, 0xff, 0xff, 0xff, 0xfb, 0x7f, 0xff, 0xff, 0xff, 0xff, 0xff,
    0xff, 0xb7, 0xfd, 0x00, 0x00, 0x00, 0x00, 0x0a, 0xfb, 0x7f, 0xd0, 0x00,
    0x00, 0x00, 0x00, 0xaf, 0xb7, 0xfd, 0x00, 0x00, 0x00, 0x00, 0x0a, 0xfb,
    0x7f, 0xd0, 0x00, 0x00, 0x00, 0x00, 0xaf, 0xb7, 0xfd, 0x00, 0x00, 0x00,
    0x00, 0x0a, 0xfb, 0x7f, 0xd0, 0x00, 0x00, 0x00, 0x00, 0xaf, 0xb7, 0xfd,
    0x00, 0x00, 0x00, 0x00, 0x0a, 0xfb, 0x7f, 0xd0, 0x00, 0x00, 0x00, 0x00,
    0xaf, 0xb7, 0xfd, 0x00, 0x00, 0x00, 0x00, 0x0a, 0xfb, 0xff, 0xff, 0xff,
    0xc6, 0xaf, 0xfe, 0x94, 0x00, 0xcf, 0x90, 0x00, 0x0c, 0xf9, 0x00, 0x00,
    0xcf, 0x90, 0x00, 0x0c, 0xf9, 0x00, 0x00, 0xcf, 0x90, 0x00, 0x0c, 0xf9,
    0x00, 0x00, 0xcf, 0x90, 0x00, 0x0c, 0xf9, 0x00, 0x00, 0xcf, 0x90, 0x00,
    0x0c, 0xf9, 0x00, 0x00, 0xcf, 0x90, 0x00, 0x0c, 0xf9, 0x00, 0x00, 0xcf,
    0x90, 0x00, 0x0c, 0xf9, 0x00, 0x6a, 0xff, 0xe9, 0x4f, 0xff, 0xff, 0xfc,
    0x00, 0x00, 0x09, 0xfb, 0x00, 0x00, 0x09, 0xfb, 0x00, 0x00, 0x09, 0xfb,
    0x00, 0x00, 0x09, 0xfb, 0x00, 0x00, 0x09, 0xfb, 0x00, 0x00, 0x09, 0xfb,
    0x00, 0x00, 0x09, 0xfb, 0x00, 0x00, 0x09, 0xfb, 0x00, 0x00, 0x09, 0xfb,
    0x00, 0x00, 0x09, 0xfb, 0x00, 0x00, 0x09, 0xfb, 0x00, 0x00, 0x09, 0xfb,
    0x00, 0x00, 0x09, 0xfb, 0x00, 0x00, 0x09, 0xfb, 0x00, 0x00, 0x09, 0xfb,
    0x00, 0x00, 0x09, 0xfb, 0x00, 0x00, 0x09, 0xfb, 0x00, 0x00, 0x09, 0xfb,
    0x00, 0x00, 0x0a, 0xfa, 0x00, 0x00, 0x0d, 0xf8, 0x02, 0x02, 0x9f, 0xf3,
    0x0f, 0xff, 0xff, 0x90, 0x0d, 0xff, 0xc6, 0x00, 0x00, 0x00, 0x00, 0x00,
    0x7f, 0xd0, 0x00, 0x00, 0x00, 0x6f, 0xf5, 0x07, 0xfd, 0x00, 0x00, 0x00,
    0x5f, 0xf6, 0x00, 0x7f, 0xd0, 0x00, 0x00, 0x4f, 0xf7, 0x00, 0x07, 0xfd,
    0x00, 0x00, 0x3f, 0xf8, 0x00, 0x00, 0x7f, 0xd0, 0x00, 0x2e, 0xf9, 0x00,
    0x00, 0x07, 0xfd, 0x00, 0x1e, 0xfa, 0x00, 0x00, 0x00, 0x7f, 0xd0, 0x1d,
    0xfb, 0x00, 0x00, 0x00, 0x07, 0xfd, 0x0c, 0xfc, 0x00, 0x00, 0x00, 0x00,
    0x7f, 0xec, 0xff, 0xe1, 0x00, 0x00, 0x00, 0x07, 0xff, 0xfa, 0xff, 0xb0,
    0x00, 0x00, 0x00, 0x7f, 0xf7, 0x06, 0xff, 0x70, 0x00, 0x00, 0x07, 0xfd,
    0x00, 0x0a, 0xff, 0x30, 0x00, 0x00, 0x7f, 0xd0, 0x00, 0x0d, 0xfe, 0x10,
    0x00, 0x07, 0xfd, 0x00, 0x00, 0x2f, 0xfb, 0x00, 0x00, 0x7f, 0xd0, 0x00,
    0x00, 0x5f, 0xf7, 0x00, 0x07, 0xfd, 0x00, 0x00, 0x00, 0x9f, 0xf3, 0x00,
    0x7f, 0xd0, 0x00, 0x00, 0x00, 0xcf, 0xe1, 0x07, 0xfd, 0x00, 0x00, 0x00,
    0x01, 0xef, 0xb0, 0x7f, 0xd0, 0x00, 0x00, 0x00, 0x07, 0xfd, 0x00, 0x00,
    0x00, 0x00, 0x7f, 0xd0, 0x00, 0x00, 0x00, 0x07, 0xfd, 0x00, 0x00, 0x00,
    0x00, 0x7f, 0xd0, 0x00, 0x00, 0x00, 0x07, 0xfd, 0x00, 0x00, 0x00, 0x00,
    0x7f, 0xd0, 0x00, 0x00, 0x00, 0x07, 0xfd, 0x00, 0x00, 0x00, 0x00, 0x7f,
    0xd0, 0x00, 0x00, 0x00, 0x07, 0xfd, 0x00, 0x00, 0x00, 0x00, 0x7f, 0xd0,
    0x00, 0x00, 0x00, 0x07, 0xfd, 0x00, 0x00, 0x00, 0x00, 0x7f, 0xd0, 0x00,
    0x00, 0x00, 0x07, 0xfd, 0x00, 0x00, 0x00, 0x00, 0x7f, 0xd0, 0x00, 0x00,
    0x00, 0x07, 0xfd, 0x00, 0x00, 0x00, 0x00, 0x7f, 0xff, 0xff, 0xff, 0xff,
    0xf7, 0xff, 0xff, 0xff, 0xff, 0xff, 0x7f, 0xff, 0x20, 0x00, 0x00, 0x00,
    0x00, 0x09, 0xff, 0xf1, 0x7f, 0xff, 0x90, 0x00, 0x00, 0x00, 0x00, 0x0e,
    0xff, 0xf1, 0x7f, 0xbf, 0xe0, 0x00, 0x00, 0x00, 0x00, 0x5f, 0xdf, 0xf1,
    0x7f, 0x9c, 0xf5, 0x00, 0x00, 0x00, 0x00, 0xcf, 0x7f, 0xf1, 0x7f, 0xa6,
    0xfb, 0x00, 0x00, 0x00, 0x02, 0xfe, 0x3f, 0xf1, 0x7f, 0xa1, 0xff, 0x10,
    0x00, 0x00, 0x08, 0xf8, 0x3f, 0xf1, 0x7f, 0xa0, 0xaf, 0x80, 0x00, 0x00,
    0x0e, 0xf2, 0x3f, 0xf1, 0x7f, 0xb0, 0x4f, 0xe0, 0x00, 0x00, 0x5f, 0xc0,
    0x4f, 0xf1, 0x7f, 0xb0, 0x0e, 0xf4, 0x00, 0x00, 0xbf, 0x50, 0x4f, 0xf1,
    0x7f, 0xb0, 0x08, 0xfa, 0x00, 0x02, 0xff, 0x00, 0x4f, 0xf1, 0x7f, 0xb0,
    0x02, 0xff, 0x10, 0x08, 0xf9, 0x00, 0x4f, 0xf1, 0x7f, 0xb0, 0x00, 0xcf,
    0x70, 0x0e, 0xf3, 0x00, 0x4f, 0xf1, 0x7f, 0xb0, 0x00, 0x6f, 0xd0, 0x5f,
    0xc0, 0x00, 0x4f, 0xf1, 0x7f, 0xb0, 0x00, 0x0f, 0xf3, 0xbf, 0x60, 0x00,
    0x4f, 0xf1, 0x7f, 0xb0, 0x00, 0x09, 0xfb, 0xff, 0x00, 0x00, 0x4f, 0xf1,
    0x7f, 0xb0, 0x00, 0x03, 0xff, 0xf9, 0x00, 0x00, 0x4f, 0xf1, 0x7f, 0xb0,
    0x00, 0x00, 0xdf, 0xf3, 0x00, 0x00, 0x4f, 0xf1, 0x7f, 0xb0, 0x00, 0x00,
    0x7f, 0xd0, 0x00, 0x00, 0x4f, 0xf1, 0x7f, 0xf8, 0x00, 0x00, 0x00, 0x00,
    0x0f, 0xf3, 0x7f, 0xff, 0x30, 0x00, 0x00, 0x00, 0x0f, 0xf3, 0x7f, 0xff,
    0xd0, 0x00, 0x00, 0x00, 0x0f, 0xf3, 0x7f, 0xaf, 0xf8, 0x00, 0x00, 0x00,
    0x0f, 0xf3, 0x7f, 0x97, 0xff, 0x20, 0x00, 0x00, 0x0f, 0xf3, 0x7f, 0x90,
    0xcf, 0xc0, 0x00, 0x00, 0x0f, 0xf3, 0x7f, 0xa0, 0x2f, 0xf7, 0x00, 0x00,
    0x0f, 0xf3, 0x7f, 0xa0, 0x07, 0xff, 0x20, 0x00, 0x0f, 0xf3, 0x7f, 0xb0,
    0x00, 0xcf, 0xc0, 0x00, 0x0f, 0xf3, 0x7f, 0xb0, 0x00, 0x2f, 0xf6, 0x00,
    0x0f, 0xf3, 0x7f, 0xb0, 0x00, 0x07, 0xff, 0x20, 0x0f, 0xf3, 0x7f, 0xb0,
    0x00, 0x00, 0xcf, 0xb0, 0x0e, 0xf3, 0x7f, 0xb0, 0x00, 0x00, 0x2f, 0xf6,
    0x0e, 0xf3, 0x7f, 0xb0, 0x00, 0x00, 0x07, 0xff, 0x1d, 0xf3, 0x7f, 0xb0,
    0x00, 0x00, 0x00, 0xcf, 0xbc, 0xf3, 0x7f, 0xb0, 0x00, 0x00, 0x00, 0x2f,
    0xff, 0xf3, 0x7f, 0xb0, 0x00, 0x00, 0x00, 0x07, 0xff, 0xf3, 0x7f, 0xb0,
    0x00, 0x00, 0x00, 0x00, 0xcf, 0xf3, 0x00, 0x00, 0x06, 0xbe, 0xff, 0xec,
    0x71, 0x00, 0x00, 0x00, 0x03, 0xef, 0xff, 0xff, 0xff, 0xff, 0x60, 0x00,
    0x00, 0x4f, 0xfe, 0x83, 0x10, 0x25, 0xcf, 0xf8, 0x00, 0x01, 0xef, 0xd2,
    0x00, 0x00, 0x00, 0x09, 0xff, 0x30, 0x08, 0xff, 0x20, 0x00, 0x00, 0x00,
    0x00, 0xcf, 0xc0, 0x0d, 0xfa, 0x00, 0x00, 0x00, 0x00, 0x00, 0x5f, 0xf2,
    0x2f, 0xf5, 0x00, 0x00, 0x00, 0x00, 0x00, 0x0f, 0xf7, 0x4f, 0xf2, 0x00,
    0x00, 0x00, 0x00, 0x00, 0x0d, 0xf9, 0x5f, 0xf1, 0x00, 0x00, 0x00, 0x00,
    0x00, 0x0c, 0xfa, 0x5f, 0xf1, 0x00, 0x00, 0x00, 0x00, 0x00, 0x0c, 0xfa,
    0x4f, 0xf2, 0x00, 0x00, 0x00, 0x00, 0x00, 0x0d, 0xf9, 0x2f, 0xf5, 0x00,
    0x00, 0x00, 0x00, 0x00, 0x1f, 0xf7, 0x0e, 0xfa, 0x00, 0x00, 0x00, 0x00,
    0x00, 0x5f, 0xf3, 0x08, 0xff, 0x20, 0x00, 0x00, 0x00, 0x00, 0xdf, 0xc0,
    0x01, 0xef, 0xd1, 0x00, 0x00, 0x00, 0x0a, 0xff, 0x40, 0x00, 0x4f, 0xfe,
    0x83, 0x10, 0x26, 0xdf, 0xf8, 0x00, 0x00, 0x03, 0xdf, 0xff, 0xff, 0xff,
    0xff, 0x60, 0x00, 0x00, 0x00, 0x06, 0xad, 0xff, 0xeb, 0x71, 0x00, 0x00,
    0x7f, 0xff, 0xff, 0xfd, 0xa4, 0x00, 0x07, 0xff, 0xff, 0xff, 0xff, 0xfb,
    0x00, 0x7f, 0xd0, 0x00, 0x03, 0xaf, 0xfa, 0x07, 0xfd, 0x00, 0x00, 0x00,
    0x9f, 0xf1, 0x7f, 0xd0, 0x00, 0x00, 0x02, 0xff, 0x57, 0xfd, 0x00, 0x00,
    0x00, 0x0f, 0xf6, 0x7f, 0xd0, 0x00, 0x00, 0x03, 0xff, 0x47, 0xfd, 0x00,
    0x00, 0x00, 0xaf, 0xe0, 0x7f, 0xd0, 0x00, 0x25, 0xcf, 0xf6, 0x07, 0xff,
    0xff, 0xff, 0xff, 0xf6, 0x00, 0x7f, 0xff, 0xff, 0xeb, 0x71, 0x00, 0x07,
    0xfd, 0x00, 0x00, 0x00, 0x00, 0x00, 0x7f, 0xd0, 0x00, 0x00, 0x00, 0x00,
    0x07, 0xfd, 0x00, 0x00, 0x00, 0x00, 0x00, 0x7f, 0xd0, 0x00, 0x00, 0x00,
    0x00, 0x07, 0xfd, 0x00, 0x00, 0x00, 0x00, 0x00, 0x7f, 0xd0, 0x00, 0x00,
    0x00, 0x00, 0x07, 0xfd, 0x00, 0x00, 0x00, 0x00, 0x00, 0x00, 0x00, 0x06,
    0xbe, 0xff, 0xec, 0x71, 0x00, 0x00, 0x00, 0x03, 0xef, 0xff, 0xff, 0xff,
    0xff, 0x60, 0x00, 0x00, 0x4f, 0xfe, 0x83, 0x10, 0x25, 0xcf, 0xf8, 0x00,
    0x01, 0xef, 0xd2, 0x00, 0x00, 0x00, 0x09, 0xff, 0x30, 0x08, 0xff, 0x20,
    0x00, 0x00, 0x00, 0x00, 0xcf, 0xc0, 0x0d, 0xfa, 0x00, 0x00, 0x00, 0x00,
    0x00, 0x5f, 0xf2, 0x2f, 0xf5, 0x00, 0x00, 0x00, 0x00, 0x00, 0x0f, 0xf7,
    0x4f, 0xf2, 0x00, 0x00, 0x00, 0x00, 0x00, 0x0d, 0xf9, 0x5f, 0xf1, 0x00,
    0x00, 0x00, 0x00, 0x00, 0x0c, 0xfa, 0x5f, 0xf1, 0x00, 0x00, 0x00, 0x00,
    0x00, 0x0c, 0xfa, 0x4f, 0xf2, 0x00, 0x00, 0x00, 0x00, 0x00, 0x0d, 0xf9,
    0x2f, 0xf5, 0x00, 0x00, 0x00, 0x00, 0x00, 0x1f, 0xf7, 0x0e, 0xfa, 0x00,
    0x00, 0x00, 0x00, 0x00, 0x5f, 0xf3, 0x08, 0xff, 0x20, 0x00, 0x00, 0x00,
    0x00, 0xdf, 0xc0, 0x01, 0xef, 0xd1, 0x00, 0x00, 0x00, 0x0a, 0xff, 0x40,
    0x00, 0x4f, 0xfe, 0x83, 0x10, 0x26, 0xdf, 0xf7, 0x00, 0x00, 0x03, 0xdf,
    0xff, 0xff, 0xff, 0xff, 0x60, 0x00, 0x00, 0x00, 0x06, 0xad, 0xff, 0xff,
    0xa0, 0x00, 0x00, 0x00, 0x00, 0x00, 0x00, 0x00, 0xbf, 0xf4, 0x00, 0x00,
    0x00, 0x00, 0x00, 0x00, 0x00, 0x0c, 0xff, 0x40, 0x00, 0x00, 0x00, 0x00,
    0x00, 0x00, 0x01, 0xdf, 0xf4, 0x00, 0x00, 0x00, 0x00, 0x00, 0x00, 0x00,
    0x2e, 0xff, 0x40, 0x7f, 0xff, 0xff, 0xfd, 0xa6, 0x00, 0x00, 0x7f, 0xff,
    0xff, 0xff, 0xff, 0xd2, 0x00, 0x7f, 0xd0, 0x00, 0x03, 0x8f, 0xfd, 0x00,
    0x7f, 0xd0, 0x00, 0x00, 0x06, 0xff, 0x30, 0x7f, 0xd0, 0x00, 0x00, 0x01,
    0xff, 0x50, 0x7f, 0xd0, 0x00, 0x00, 0x01, 0xff, 0x50, 0x7f, 0xd0, 0x00,
    0x00, 0x06, 0xff, 0x10, 0x7f, 0xd0, 0x00, 0x02, 0x7f, 0xf8, 0x00, 0x7f,
    0xff, 0xff, 0xff, 0xfe, 0x70, 0x00, 0x7f, 0xff, 0xff, 0xff, 0xe0, 0x00,
    0x00, 0x7f, 0xd0, 0x00, 0x2f, 0xf5, 0x00, 0x00, 0x7f, 0xd0, 0x00, 0x09,
    0xfe, 0x00, 0x00, 0x7f, 0xd0, 0x00, 0x01, 0xff, 0x80, 0x00, 0x7f, 0xd0,
    0x00, 0x00, 0x7f, 0xf2, 0x00, 0x7f, 0xd0, 0x00, 0x00, 0x0e, 0xfb, 0x00,
    0x7f, 0xd0, 0x00, 0x00, 0x05, 0xff, 0x40, 0x7f, 0xd0, 0x00, 0x00, 0x00,
    0xcf, 0xd0, 0x7f, 0xd0, 0x00, 0x00, 0x00, 0x3f, 0xf7, 0x00, 0x07, 0xce,
    0xff, 0xda, 0x50, 0x00, 0x2e, 0xff, 0xff, 0xff, 0xff, 0x60, 0x0e, 0xfe,
    0x61, 0x01, 0x48, 0xd1, 0x04, 0xff, 0x30, 0x00, 0x00, 0x00, 0x00, 0x6f,
    0xf0, 0x00, 0x00, 0x00, 0x00, 0x05, 0xff, 0x10, 0x00, 0x00, 0x00, 0x00,
    0x1f, 0xfb, 0x10, 0x00, 0x00, 0x00, 0x00, 0x5f, 0xfe, 0x81, 0x00, 0x00,
    0x00, 0x00, 0x4d, 0xff, 0xfb, 0x50, 0x00, 0x00, 0x00, 0x04, 0xaf, 0xff,
    0xd3, 0x00, 0x00, 0x00, 0x00, 0x17, 0xef, 0xf3, 0x00, 0x00, 0x00, 0x00,
    0x01, 0xdf, 0xb0, 0x00, 0x00, 0x00, 0x00, 0x06, 0xff, 0x00, 0x00, 0x00,
    0x00, 0x00, 0x5f, 0xf0, 0x00, 0x00, 0x00, 0x00, 0x0a, 0xfd, 0x09, 0x95,
    0x20, 0x01, 0x4a, 0xff, 0x50, 0xaf, 0xff, 0xff, 0xff, 0xff, 0x70, 0x02,
    0x8c, 0xef, 0xfe, 0xc8, 0x20, 0x00, 0xbf, 0xff, 0xff, 0xff, 0xff, 0xff,
    0xff, 0x2b, 0xff, 0xff, 0xff, 0xff, 0xff, 0xff, 0xf2, 0x00, 0x00, 0x00,
    0xff, 0x60, 0x00, 0x00, 0x00, 0x00, 0x00, 0x0f, 0xf6, 0x00, 0x00, 0x00,
    0x00, 0x00, 0x00, 0xff, 0x60, 0x00, 0x00, 0x00, 0x00, 0x00, 0x0f, 0xf6,
    0x00, 0x00, 0x00, 0x00, 0x00, 0x00, 0xff, 0x60, 0x00, 0x00, 0x00, 0x00,
    0x00, 0x0f, 0xf6, 0x00, 0x00, 0x00, 0x00, 0x00, 0x00, 0xff, 0x60, 0x00,
    0x00, 0x00, 0x00, 0x00, 0x0f, 0xf6, 0x00, 0x00, 0x00, 0x00, 0x00, 0x00,
    0xff, 0x60, 0x00, 0x00, 0x00, 0x00, 0x00, 0x0f, 0xf6, 0x00, 0x00, 0x00,
    0x00, 0x00, 0x00, 0xff, 0x60, 0x00, 0x00, 0x00, 0x00, 0x00, 0x0f, 0xf6,
    0x00, 0x00, 0x00, 0x00, 0x00, 0x00, 0xff, 0x60, 0x00, 0x00, 0x00, 0x00,
    0x00, 0x0f, 0xf6, 0x00, 0x00, 0x00, 0x00, 0x00, 0x00, 0xff, 0x60, 0x00,
    0x00, 0x00, 0x00, 0x00, 0x0f, 0xf6, 0x00, 0x00, 0x00, 0xaf, 0xb0, 0x00,
    0x00, 0x00, 0x00, 0xaf, 0xaa, 0xfb, 0x00, 0x00, 0x00, 0x00, 0x0a, 0xfa,
    0xaf, 0xb0, 0x00, 0x00, 0x00, 0x00, 0xaf, 0xaa, 0xfb, 0x00, 0x00, 0x00,
    0x00, 0x0a, 0xfa, 0xaf, 0xb0, 0x00, 0x00, 0x00, 0x00, 0xaf, 0xaa, 0xfb,
    0x00, 0x00, 0x00, 0x00, 0x0a, 0xfa, 0xaf, 0xb0, 0x00, 0x00, 0x00, 0x00,
    0xaf, 0xaa, 0xfb, 0x00, 0x00, 0x00, 0x00, 0x0a, 0xfa, 0xaf, 0xb0, 0x00,
    0x00, 0x00, 0x00, 0xaf, 0xaa, 0xfb, 0x00, 0x00, 0x00, 0x00, 0x0a, 0xfa,
    0xaf, 0xb0, 0x00, 0x00, 0x00, 0x00, 0xaf, 0xaa, 0xfb, 0x00, 0x00, 0x00,
    0x00, 0x0a, 0xfa, 0x9f, 0xc0, 0x00, 0x00, 0x00, 0x00, 0xcf, 0x85, 0xff,
    0x10, 0x00, 0x00, 0x00, 0x1f, 0xf5, 0x1f, 0xfa, 0x00, 0x00, 0x00, 0x0a,
    0xfe, 0x00, 0x6f, 0xfb, 0x41, 0x01, 0x4b, 0xff, 0x50, 0x00, 0x7f, 0xff,
    0xff, 0xff, 0xff, 0x60, 0x00, 0x00, 0x29, 0xdf, 0xfe, 0xc7, 0x10, 0x00,
    0xdf, 0x90, 0x00, 0x00, 0x00, 0x00, 0x1f, 0xf6, 0x7f, 0xf0, 0x00, 0x00,
    0x00, 0x00, 0x6f, 0xf1, 0x1f, 0xf5, 0x00, 0x00, 0x00, 0x00, 0xcf, 0xa0,
    0x0b, 0xfb, 0x00, 0x00, 0x00, 0x02, 0xff, 0x40, 0x05, 0xff, 0x10, 0x00,
    0x00, 0x08, 0xfe, 0x00, 0x00, 0xff, 0x60, 0x00, 0x00, 0x0d, 0xf9, 0x00,
    0x00, 0x9f, 0xc0, 0x00, 0x00, 0x3f, 0xf3, 0x00, 0x00, 0x3f, 0xf2, 0x00,
    0x00, 0x9f, 0xd0, 0x00, 0x00, 0x0d, 0xf8, 0x00, 0x00, 0xef, 0x70, 0x00,
    0x00, 0x08, 0xfe, 0x00, 0x04, 0xff, 0x10, 0x00, 0x00, 0x02, 0xff, 0x30,
    0x0a, 0xfb, 0x00, 0x00, 0x00, 0x00, 0xcf, 0x90, 0x0f, 0xf5, 0x00, 0x00,
    0x00, 0x00, 0x6f, 0xe0, 0x5f, 0xf0, 0x00, 0x00, 0x00, 0x00, 0x1f, 0xf4,
    0xaf, 0x90, 0x00, 0x00, 0x00, 0x00, 0x0a, 0xf9, 0xff, 0x40, 0x00, 0x00,
    0x00, 0x00, 0x04, 0xff, 0xfe, 0x00, 0x00, 0x00, 0x00, 0x00, 0x00, 0xef,
    0xf8, 0x00, 0x00, 0x00, 0x00, 0x00, 0x00, 0x8f, 0xf2, 0x00, 0x00, 0x00,
    0x8f, 0xe0, 0x00, 0x00, 0x00, 0x5f, 0xf5, 0x00, 0x00, 0x00, 0x0b, 0xfb,
    0x4f, 0xf2, 0x00, 0x00, 0x00, 0xaf, 0xfa, 0x00, 0x00, 0x00, 0x0f, 0xf6,
    0x0f, 0xf6, 0x00, 0x00, 0x00, 0xff, 0xff, 0x00, 0x00, 0x00, 0x4f, 0xf2,
    0x0b, 0xfa, 0x00, 0x00, 0x04, 0xfc, 0xcf, 0x40, 0x00, 0x00, 0x8f, 0xe0,
    0x07, 0xfe, 0x00, 0x00, 0x09, 0xf8, 0x8f, 0x90, 0x00, 0x00, 0xcf, 0x90,
    0x03, 0xff, 0x30, 0x00, 0x0d, 0xf4, 0x3f, 0xe0, 0x00, 0x00, 0xff, 0x50,
    0x00, 0xef, 0x70, 0x00, 0x2f, 0xf0, 0x0e, 0xf3, 0x00, 0x04, 0xff, 0x10,
    0x00, 0xaf, 0xb0, 0x00, 0x7f, 0xb0, 0x0a, 0xf8, 0x00, 0x09, 0xfc, 0x00,
    0x00, 0x5f, 0xf0, 0x00, 0xcf, 0x60, 0x05, 0xfd, 0x00, 0x0d, 0xf8, 0x00,
    0x00, 0x1f, 0xf3, 0x01, 0xff, 0x10, 0x00, 0xff, 0x20, 0x1f, 0xf3, 0x00,
    0x00, 0x0d, 0xf8, 0x05, 0xfc, 0x00, 0x00, 0xbf, 0x70, 0x5f, 0xf0, 0x00,
    0x00, 0x08, 0xfc, 0x0a, 0xf8, 0x00, 0x00, 0x6f, 0xc0, 0x9f, 0xb0, 0x00,
    0x00, 0x04, 0xff, 0x0e, 0xf3, 0x00, 0x00, 0x2f, 0xf0, 0xdf, 0x60, 0x00,
    0x00, 0x00, 0xff, 0x6f, 0xe0, 0x00, 0x00, 0x0d, 0xf5, 0xff, 0x20, 0x00,
    0x00, 0x00, 0xbf, 0xcf, 0x90, 0x00, 0x00, 0x08, 0xfb, 0xfd, 0x00, 0x00,
    0x00, 0x00, 0x7f, 0xff, 0x50, 0x00, 0x00, 0x03, 0xff, 0xf9, 0x00, 0x00,
    0x00, 0x00, 0x3f, 0xff, 0x00, 0x00, 0x00, 0x00, 0xef, 0xf5, 0x00, 0x00,
    0x00, 0x00, 0x0e, 0xfb, 0x00, 0x00, 0x00, 0x00, 0x9f, 0xf0, 0x00, 0x00,
    0x3f, 0xf6, 0x00, 0x00, 0x00, 0x02, 0xff, 0x50, 0x07, 0xff, 0x10, 0x00,
    0x00, 0x0b, 0xfa, 0x00, 0x00, 0xcf, 0xb0, 0x00, 0x00, 0x6f, 0xe1, 0x00,
    0x00, 0x2f, 0xf5, 0x00, 0x01, 0xff, 0x50, 0x00, 0x00, 0x07, 0xfe, 0x10,
    0x0b, 0xfa, 0x00, 0x00, 0x00, 0x00, 0xcf, 0xa0, 0x5f, 0xe1, 0x00, 0x00,
    0x00, 0x00, 0x2f, 0xf5, 0xef, 0x50, 0x00, 0x00, 0x00, 0x00, 0x07, 0xff,
    0xfa, 0x00, 0x00, 0x00, 0x00, 0x00, 0x00, 0xef, 0xf1, 0x00, 0x00, 0x00,
    0x00, 0x00, 0x04, 0xff, 0xf8, 0x00, 0x00, 0x00, 0x00, 0x00, 0x1e, 0xf9,
    0xff, 0x30, 0x00, 0x00, 0x00, 0x00, 0xaf, 0xb0, 0x9f, 0xd0, 0x00, 0x00,
    0x00, 0x04, 0xff, 0x20, 0x1e, 0xf8, 0x00, 0x00, 0x00, 0x0e, 0xf7, 0x00,
    0x05, 0xff, 0x30, 0x00, 0x00, 0x9f, 0xc0, 0x00, 0x00, 0xbf, 0xc0, 0x00,
    0x04, 0xff, 0x30, 0x00, 0x00, 0x2f, 0xf7, 0x00, 0x0d, 0xf8, 0x00, 0x00,
    0x00, 0x07, 0xff, 0x20, 0x9f, 0xd0, 0x00, 0x00, 0x00, 0x00, 0xdf, 0xc0,
    0xbf, 0xc0, 0x00, 0x00, 0x00, 0x01, 0xff, 0x62, 0xff, 0x50, 0x00, 0x00,
    0x00, 0x9f, 0xd0, 0x09, 0xfd, 0x00, 0x00, 0x00, 0x2f, 0xf5, 0x00, 0x1f,
    0xf6, 0x00, 0x00, 0x0b, 0xfc, 0x00, 0x00, 0x8f, 0xe0, 0x00, 0x03, 0xff,
    0x30, 0x00, 0x00, 0xef, 0x70, 0x00, 0xcf, 0xa0, 0x00, 0x00, 0x06, 0xff,
    0x10, 0x4f, 0xf1, 0x00, 0x00, 0x00, 0x0d, 0xf8, 0x0d, 0xf8, 0x00, 0x00,
    0x00, 0x00, 0x4f, 0xf7, 0xfe, 0x00, 0x00, 0x00, 0x00, 0x00, 0xbf, 0xff,
    0x60, 0x00, 0x00, 0x00, 0x00, 0x02, 0xff, 0xc0, 0x00, 0x00, 0x00, 0x00,
    0x00, 0x0d, 0xf8, 0x00, 0x00, 0x00, 0x00, 0x00, 0x00, 0xdf, 0x80, 0x00,
    0x00, 0x00, 0x00, 0x00, 0x0d, 0xf8, 0x00, 0x00, 0x00, 0x00, 0x00, 0x00,
    0xdf, 0x80, 0x00, 0x00, 0x00, 0x00, 0x00, 0x0d, 0xf8, 0x00, 0x00, 0x00,
    0x00, 0x00, 0x00, 0xdf, 0x80, 0x00, 0x00, 0x00, 0x00, 0x00, 0x0d, 0xf8,
    0x00, 0x00, 0x00, 0x0b, 0xff, 0xff, 0xff, 0xff, 0xff, 0xf9, 0x0b, 0xff,
    0xff, 0xff, 0xff, 0xff, 0xf9, 0x00, 0x00, 0x00, 0x00, 0x00, 0x9f, 0xf1,
    0x00, 0x00, 0x00, 0x00, 0x03, 0xff, 0x60, 0x00, 0x00, 0x00, 0x00, 0x0d,
    0xfb, 0x00, 0x00, 0x00, 0x00, 0x00, 0x9f, 0xe1, 0x00, 0x00, 0x00, 0x00,
    0x04, 0xff, 0x50, 0x00, 0x00, 0x00, 0x00, 0x1e, 0xfa, 0x00, 0x00, 0x00,
    0x00, 0x00, 0xaf, 0xe0, 0x00, 0x00, 0x00, 0x00, 0x05, 0xff, 0x40, 0x00,
    0x00, 0x00, 0x00, 0x1e, 0xf9, 0x00, 0x00, 0x00, 0x00, 0x00, 0xbf, 0xd0,
    0x00, 0x00, 0x00, 0x00, 0x06, 0xff, 0x30, 0x00, 0x00, 0x00, 0x00, 0x2f,
    0xf8, 0x00, 0x00, 0x00, 0x00, 0x00, 0xcf, 0xc0, 0x00, 0x00, 0x00, 0x00,
    0x07, 0xff, 0x30, 0x00, 0x00, 0x00, 0x00, 0x0f, 0xff, 0xff, 0xff, 0xff,
    0xff, 0xfd, 0x0f, 0xff, 0xff, 0xff, 0xff, 0xff, 0xfd, 0xef, 0xff, 0xfe,
    0xef, 0xed, 0xdc, 0xef, 0x50, 0x00, 0xef, 0x50, 0x00, 0xef, 0x50, 0x00,
    0xef, 0x50, 0x00, 0xef, 0x50, 0x00, 0xef, 0x50, 0x00, 0xef, 0x50, 0x00,
    0xef, 0x50, 0x00, 0xef, 0x50, 0x00, 0xef, 0x50, 0x00, 0xef, 0x50, 0x00,
    0xef, 0x50, 0x00, 0xef, 0x50, 0x00, 0xef, 0x50, 0x00, 0xef, 0x50, 0x00,
    0xef, 0x50, 0x00, 0xef, 0x50, 0x00, 0xef, 0x50, 0x00, 0xef, 0xed, 0xdc,
    0xef, 0xff, 0xfe, 0x8f, 0xb0, 0x00, 0x00, 0x00, 0x2f, 0xf1, 0x00, 0x00,
    0x00, 0x0c, 0xf7, 0x00, 0x00, 0x00, 0x06, 0xfd, 0x00, 0x00, 0x00, 0x00,
    0xff, 0x30, 0x00, 0x00, 0x00, 0xaf, 0x90, 0x00, 0x00, 0x00, 0x3f, 0xf0,
    0x00, 0x00, 0x00, 0x0d, 0xf6, 0x00, 0x00, 0x00, 0x07, 0xfc, 0x00, 0x00,
    0x00, 0x01, 0xff, 0x20, 0x00, 0x00, 0x00, 0xbf, 0x80, 0x00, 0x00, 0x00,
    0x5f, 0xe0, 0x00, 0x00, 0x00, 0x0e, 0xf5, 0x00, 0x00, 0x00, 0x08, 0xfb,
    0x00, 0x00, 0x00, 0x02, 0xff, 0x10, 0x00, 0x00, 0x00, 0xcf, 0x70, 0x00,
    0x00, 0x00, 0x6f, 0xd0, 0x00, 0x00, 0x00, 0x0f, 0xf3, 0x5f, 0xff, 0xff,
    0x74, 0xdd, 0xdf, 0xf7, 0x00, 0x00, 0xcf, 0x70, 0x00, 0x0c, 0xf7, 0x00,
    0x00, 0xcf, 0x70, 0x00, 0x0c, 0xf7, 0x00, 0x00, 0xcf, 0x70, 0x00, 0x0c,
    0xf7, 0x00, 0x00, 0xcf, 0x70, 0x00, 0x0c, 0xf7, 0x00, 0x00, 0xcf, 0x70,
    0x00, 0x0c, 0xf7, 0x00, 0x00, 0xcf, 0x70, 0x00, 0x0c, 0xf7, 0x00, 0x00,
    0xcf, 0x70, 0x00, 0x0c, 0xf7, 0x00, 0x00, 0xcf, 0x70, 0x00, 0x0c, 0xf7,
    0x00, 0x00, 0xcf, 0x70, 0x00, 0x0c, 0xf7, 0x4d, 0xdd, 0xff, 0x75, 0xff,
    0xff, 0xf7, 0x00, 0x00, 0x00, 0x47, 0x00, 0x00, 0x00, 0x00, 0x00, 0x00,
    0xef, 0x50, 0x00, 0x00, 0x00, 0x00, 0x07, 0xff, 0xd0, 0x00, 0x00, 0x00,
    0x00, 0x0e, 0xd8, 0xf6, 0x00, 0x00, 0x00, 0x00, 0x6f, 0x60, 0xee, 0x00,
    0x00, 0x00, 0x00, 0xee, 0x00, 0x7f, 0x70, 0x00, 0x00, 0x06, 0xf8, 0x00,
    0x0e, 0xe0, 0x00, 0x00, 0x0d, 0xf1, 0x00, 0x07, 0xf8, 0x00, 0x00, 0x5f,
    0x90, 0x00, 0x00, 0xef, 0x10, 0x00, 0xdf, 0x20, 0x00, 0x00, 0x6f, 0x90,
    0x04, 0xfb, 0x00, 0x00, 0x00, 0x0e, 0xf1, 0x0c, 0xf3, 0x00, 0x00, 0x00,
    0x06, 0xfa, 0x0a, 0xaa, 0xaa, 0xaa, 0xaa, 0xaa, 0x60, 0xff, 0xff, 0xff,
    0xff, 0xff, 0xf9, 0xbf, 0xf1, 0x00, 0x1d, 0xfa, 0x00, 0x01, 0xdf, 0x50,
    0x00, 0x1c, 0xf1, 0x00, 0x28, 0xce, 0xfe, 0xc5, 0x00, 0x01, 0xff, 0xfe,
    0xdf, 0xff, 0x90, 0x00, 0x86, 0x10, 0x00, 0x9f, 0xf2, 0x00, 0x00, 0x00,
    0x00, 0x0e, 0xf6, 0x00, 0x00, 0x00, 0x00, 0x0c, 0xf7, 0x00, 0x02, 0x57,
    0x89, 0x9e, 0xf7, 0x02, 0xcf, 0xff, 0xff, 0xff, 0xf7, 0x2f, 0xfc, 0x51,
    0x00, 0x0c, 0xf7, 0x9f, 0xe1, 0x00, 0x00, 0x0c, 0xf7, 0xcf, 0xa0, 0x00,
    0x00, 0x0e, 0xf7, 0xbf, 0xa0, 0x00, 0x00, 0x5f, 0xf7, 0x8f, 0xf4, 0x00,
    0x07, 0xff, 0xf7, 0x1e, 0xff, 0xed, 0xff, 0x97, 0xf7, 0x01, 0x9e, 0xff,
    0xc5, 0x04, 0xf7, 0xcf, 0x80, 0x00, 0x00, 0x00, 0x00, 0x0c, 0xf8, 0x00,
    0x00, 0x00, 0x00, 0x00, 0xcf, 0x80, 0x00, 0x00, 0x00, 0x00, 0x0c, 0xf8,
    0x00, 0x00, 0x00, 0x00, 0x00, 0xcf, 0x70, 0x00, 0x00, 0x00, 0x00, 0x0c,
    0xf7, 0x18, 0xdf, 0xec, 0x50, 0x00, 0xcf, 0x8e, 0xff, 0xef, 0xff, 0xa0,
    0x0c, 0xff, 0xd4, 0x00, 0x07, 0xff, 0x70, 0xcf, 0xf2, 0x00, 0x00, 0x08,
    0xff, 0x0c, 0xfc, 0x00, 0x00, 0x00, 0x2f, 0xf4, 0xcf, 0x90, 0x00, 0x00,
    0x00, 0xef, 0x7c, 0xf8, 0x00, 0x00, 0x00, 0x0d, 0xf8, 0xcf, 0x80, 0x00,
    0x00, 0x00, 0xdf, 0x8c, 0xf9, 0x00, 0x00, 0x00, 0x0e, 0xf6, 0xcf, 0xc0,
    0x00, 0x00, 0x02, 0xff, 0x4c, 0xff, 0x30, 0x00, 0x00, 0x9f, 0xf0, 0xcf,
    0xfd, 0x30, 0x00, 0x7f, 0xf7, 0x0c, 0xf5, 0xef, 0xfe, 0xff, 0xfa, 0x00,
    0xcf, 0x01, 0x8d, 0xfe, 0xc5, 0x00, 0x00, 0x00, 0x02, 0x9d, 0xff, 0xda,
    0x30, 0x07, 0xff, 0xff, 0xff, 0xf5, 0x05, 0xff, 0xa3, 0x01, 0x37, 0x00,
    0xef, 0xa0, 0x00, 0x00, 0x00, 0x3f, 0xf2, 0x00, 0x00, 0x00, 0x06, 0xfe,
    0x00, 0x00, 0x00, 0x00, 0x8f, 0xd0, 0x00, 0x00, 0x00, 0x08, 0xfd, 0x00,
    0x00, 0x00, 0x00, 0x6f, 0xe0, 0x00, 0x00, 0x00, 0x04, 0xff, 0x20, 0x00,
    0x00, 0x00, 0x0e, 0xfa, 0x00, 0x00, 0x00, 0x00, 0x6f, 0xf9, 0x20, 0x01,
    0x64, 0x00, 0x8f, 0xff, 0xff, 0xff, 0x60, 0x00, 0x3a, 0xdf, 0xfd, 0x92,
    0x00, 0x00, 0x00, 0x00, 0x00, 0x8f, 0xc0, 0x00, 0x00, 0x00, 0x00, 0x08,
    0xfc, 0x00, 0x00, 0x00, 0x00, 0x00, 0x8f, 0xc0, 0x00, 0x00, 0x00, 0x00,
    0x08, 0xfc, 0x00, 0x00, 0x00, 0x00, 0x00, 0x8f, 0xc0, 0x00, 0x5c, 0xef,
    0xd7, 0x07, 0xfc, 0x00, 0xaf, 0xff, 0xef, 0xfd, 0x8f, 0xc0, 0x7f, 0xf8,
    0x00, 0x04, 0xef, 0xfc, 0x0e, 0xfa, 0x00, 0x00, 0x03, 0xff, 0xc4, 0xff,
    0x30, 0x00, 0x00, 0x0c, 0xfc, 0x7f, 0xf0, 0x00, 0x00, 0x00, 0x9f, 0xc8,
    0xfd, 0x00, 0x00, 0x00, 0x08, 0xfc, 0x8f, 0xd0, 0x00, 0x00, 0x00, 0x7f,
    0xc7, 0xfe, 0x00, 0x00, 0x00, 0x08, 0xfc, 0x4f, 0xf1, 0x00, 0x00, 0x00,
    0xbf, 0xc0, 0xff, 0x80, 0x00, 0x00, 0x2f, 0xfc, 0x08, 0xff, 0x70, 0x00,
    0x3d, 0xff, 0xc0, 0x0b, 0xff, 0xfe, 0xff, 0xd6, 0xfc, 0x00, 0x06, 0xcf,
    0xfd, 0x70, 0x2f, 0xc0, 0x00, 0x03, 0xad, 0xfe, 0xb5, 0x00, 0x00, 0x06,
    0xff, 0xfe, 0xff, 0xfa, 0x00, 0x04, 0xff, 0x70, 0x00, 0x5f, 0xf7, 0x00,
    0xdf, 0x70, 0x00, 0x00, 0x7f, 0xe0, 0x3f, 0xf0, 0x00, 0x00, 0x02, 0xff,
    0x36, 0xff, 0xcc, 0xcc, 0xcc, 0xcf, 0xf5, 0x8f, 0xff, 0xff, 0xff, 0xff,
    0xff, 0x58, 0xfd, 0x00, 0x00, 0x00, 0x00, 0x00, 0x6f, 0xf0, 0x00, 0x00,
    0x00, 0x00, 0x03, 0xff, 0x40, 0x00, 0x00, 0x00, 0x00, 0x0d, 0xfc, 0x00,
    0x00, 0x00, 0x00, 0x00, 0x4f, 0xfc, 0x30, 0x00, 0x28, 0x90, 0x00, 0x6f,
    0xff, 0xff, 0xff, 0xfb, 0x00, 0x00, 0x28, 0xdf, 0xfe, 0xc8, 0x20, 0x00,
    0x00, 0x4b, 0xef, 0xea, 0x00, 0x00, 0x6f, 0xff, 0xdf, 0xb0, 0x00, 0x0e,
    0xfb, 0x00, 0x00, 0x00, 0x01, 0xff, 0x30, 0x00, 0x00, 0x00, 0x2f, 0xf2,
    0x00, 0x00, 0x03, 0xaf, 0xff, 0xff, 0xfa, 0x00, 0x7b, 0xcf, 0xfc, 0xbb,
    0x70, 0x00, 0x02, 0xff, 0x20, 0x00, 0x00, 0x00, 0x2f, 0xf2, 0x00, 0x00,
    0x00, 0x02, 0xff, 0x20, 0x00, 0x00, 0x00, 0x2f, 0xf2, 0x00, 0x00, 0x00,
    0x02, 0xff, 0x20, 0x00, 0x00, 0x00, 0x2f, 0xf2, 0x00, 0x00, 0x00, 0x02,
    0xff, 0x20, 0x00, 0x00, 0x00, 0x2f, 0xf2, 0x00, 0x00, 0x00, 0x02, 0xff,
    0x20, 0x00, 0x00, 0x00, 0x2f, 0xf2, 0x00, 0x00, 0x00, 0x02, 0xff, 0x20,
    0x00, 0x00, 0x00, 0x2f, 0xf2, 0x00, 0x00, 0x00, 0x00, 0x05, 0xce, 0xfd,
    0x80, 0x2f, 0xc0, 0x0a, 0xff, 0xfe, 0xff, 0xd6, 0xfc, 0x06, 0xff, 0x81,
    0x00, 0x5e, 0xff, 0xc0, 0xef, 0xa0, 0x00, 0x00, 0x3f, 0xfc, 0x4f, 0xf2,
    0x00, 0x00, 0x00, 0xcf, 0xc7, 0xfe, 0x00, 0x00, 0x00, 0x09, 0xfc, 0x8f,
    0xd0, 0x00, 0x00, 0x00, 0x7f, 0xc8, 0xfd, 0x00, 0x00, 0x00, 0x07, 0xfc,
    0x7f, 0xe0, 0x00, 0x00, 0x00, 0x8f, 0xc4, 0xff, 0x10, 0x00, 0x00, 0x0a,
    0xfc, 0x0e, 0xf8, 0x00, 0x00, 0x01, 0xff, 0xc0, 0x7f, 0xf7, 0x00, 0x03,
    0xcf, 0xfc, 0x00, 0xaf, 0xff, 0xde, 0xfe, 0x8f, 0xc0, 0x00, 0x6c, 0xff,
    0xd8, 0x17, 0xfc, 0x00, 0x00, 0x00, 0x00, 0x00, 0x8f, 0xb0, 0x00, 0x00,
    0x00, 0x00, 0x0a, 0xfa, 0x00, 0x00, 0x00, 0x00, 0x02, 0xff, 0x60, 0x69,
    0x40, 0x00, 0x04, 0xdf, 0xe0, 0x07, 0xff, 0xfe, 0xef, 0xff, 0xe3, 0x00,
    0x16, 0xbd, 0xef, 0xec, 0x81, 0x00, 0xcf, 0x80, 0x00, 0x00, 0x00, 0x00,
    0xcf, 0x80, 0x00, 0x00, 0x00, 0x00, 0xcf, 0x80, 0x00, 0x00, 0x00, 0x00,
    0xcf, 0x80, 0x00, 0x00, 0x00, 0x00, 0xcf, 0x80, 0x00, 0x00, 0x00, 0x00,
    0xcf, 0x70, 0x7c, 0xff, 0xd8, 0x00, 0xcf, 0x8d, 0xff, 0xef, 0xff, 0xd0,
    0xcf, 0xfe, 0x40, 0x00, 0x6f, 0xf8, 0xcf, 0xf3, 0x00, 0x00, 0x0a, 0xfc,
    0xcf, 0xc0, 0x00, 0x00, 0x06, 0xfe, 0xcf, 0x90, 0x00, 0x00, 0x04, 0xff,
    0xcf, 0x80, 0x00, 0x00, 0x04, 0xff, 0xcf, 0x80, 0x00, 0x00, 0x04, 0xff,
    0xcf, 0x80, 0x00, 0x00, 0x04, 0xff, 0xcf, 0x80, 0x00, 0x00, 0x04, 0xff,
    0xcf, 0x80, 0x00, 0x00, 0x04, 0xff, 0xcf, 0x80, 0x00, 0x00, 0x04, 0xff,
    0xcf, 0x80, 0x00, 0x00, 0x04, 0xff, 0xcf, 0x80, 0x00, 0x00, 0x04, 0xff,
    0x9f, 0x5e, 0xfa, 0x7d, 0x40, 0x00, 0x00, 0x0c, 0xf8, 0xcf, 0x8c, 0xf8,
    0xcf, 0x8c, 0xf8, 0xcf, 0x8c, 0xf8, 0xcf, 0x8c, 0xf8, 0xcf, 0x8c, 0xf8,
    0xcf, 0x8c, 0xf8, 0xcf, 0x80, 0x00, 0x00, 0x9f, 0x50, 0x00, 0x0e, 0xfa,
    0x00, 0x00, 0x7d, 0x40, 0x00, 0x00, 0x00, 0x00, 0x00, 0x00, 0x00, 0x00,
    0x0c, 0xf8, 0x00, 0x00, 0xcf, 0x80, 0x00, 0x0c, 0xf8, 0x00, 0x00, 0xcf,
    0x80, 0x00, 0x0c, 0xf8, 0x00, 0x00, 0xcf, 0x80, 0x00, 0x0c, 0xf8, 0x00,
    0x00, 0xcf, 0x80, 0x00, 0x0c, 0xf8, 0x00, 0x00, 0xcf, 0x80, 0x00, 0x0c,
    0xf8, 0x00, 0x00, 0xcf, 0x80, 0x00, 0x0c, 0xf8, 0x00, 0x00, 0xcf, 0x80,
    0x00, 0x0c, 0xf8, 0x00, 0x00, 0xcf, 0x70, 0x00, 0x0d, 0xf7, 0x00, 0x04,
    0xff, 0x47, 0xfe, 0xff, 0xc0, 0x5e, 0xfe, 0x91, 0x00, 0xcf, 0x70, 0x00,
    0x00, 0x00, 0x00, 0xcf, 0x70, 0x00, 0x00, 0x00, 0x00, 0xcf, 0x70, 0x00,
    0x00, 0x00, 0x00, 0xcf, 0x70, 0x00, 0x00, 0x00, 0x00, 0xcf, 0x70, 0x00,
    0x00, 0x00, 0x00, 0xcf, 0x70, 0x00, 0x01, 0xdf, 0xc0, 0xcf, 0x70, 0x00,
    0x0c, 0xfc, 0x00, 0xcf, 0x70, 0x00, 0xbf, 0xd1, 0x00, 0xcf, 0x70, 0x0a,
    0xfd, 0x10, 0x00, 0xcf, 0x70, 0xaf, 0xe2, 0x00, 0x00, 0xcf, 0x67, 0xfe,
    0x20, 0x00, 0x00, 0xcf, 0xbf, 0xfe, 0x10, 0x00, 0x00, 0xcf, 0xfd, 0xdf,
    0xc0, 0x00, 0x00, 0xcf, 0xc1, 0x3f, 0xf8, 0x00, 0x00, 0xcf, 0x70, 0x07,
    0xff, 0x40, 0x00, 0xcf, 0x70, 0x00, 0xbf, 0xe1, 0x00, 0xcf, 0x70, 0x00,
    0x1e, 0xfc, 0x00, 0xcf, 0x70, 0x00, 0x03, 0xff, 0x80, 0xcf, 0x70, 0x00,
    0x00, 0x7f, 0xf4, 0xcf, 0x8c, 0xf8, 0xcf, 0x8c, 0xf8, 0xcf, 0x8c, 0xf8,
    0xcf, 0x8c, 0xf8, 0xcf, 0x8c, 0xf8, 0xcf, 0x8c, 0xf8, 0xcf, 0x8c, 0xf8,
    0xcf, 0x8c, 0xf8, 0xcf, 0x8c, 0xf8, 0xcf, 0x80, 0xcf, 0x20, 0x8d, 0xfe,
    0xb4, 0x00, 0x29, 0xef, 0xeb, 0x30, 0x0c, 0xf5, 0xdf, 0xff, 0xff, 0xf5,
    0x4f, 0xff, 0xff, 0xff, 0x40, 0xcf, 0xfd, 0x40, 0x02, 0xdf, 0xef, 0xc2,
    0x00, 0x3e, 0xfc, 0x0c, 0xff, 0x20, 0x00, 0x03, 0xff, 0xe0, 0x00, 0x00,
    0x5f, 0xf1, 0xcf, 0xc0, 0x00, 0x00, 0x0f, 0xf9, 0x00, 0x00, 0x02, 0xff,
    0x2c, 0xf9, 0x00, 0x00, 0x00, 0xef, 0x60, 0x00, 0x00, 0x1f, 0xf3, 0xcf,
    0x80, 0x00, 0x00, 0x0e, 0xf5, 0x00, 0x00, 0x01, 0xff, 0x3c, 0xf8, 0x00,
    0x00, 0x00, 0xef, 0x50, 0x00, 0x00, 0x1f, 0xf3, 0xcf, 0x80, 0x00, 0x00,
    0x0e, 0xf5, 0x00, 0x00, 0x01, 0xff, 0x3c, 0xf8, 0x00, 0x00, 0x00, 0xef,
    0x50, 0x00, 0x00, 0x1f, 0xf3, 0xcf, 0x80, 0x00, 0x00, 0x0e, 0xf5, 0x00,
    0x00, 0x01, 0xff, 0x3c, 0xf8, 0x00, 0x00, 0x00, 0xef, 0x50, 0x00, 0x00,
    0x1f, 0xf3, 0xcf, 0x80, 0x00, 0x00, 0x0e, 0xf5, 0x00, 0x00, 0x01, 0xff,
    0x3c, 0xf8, 0x00, 0x00, 0x00, 0xef, 0x50, 0x00, 0x00, 0x1f, 0xf3, 0xcf,
    0x20, 0x6c, 0xff, 0xd8, 0x00, 0xcf, 0x5c, 0xff, 0xef, 0xff, 0xd1, 0xcf,
    0xfe, 0x50, 0x00, 0x7f, 0xf8, 0xcf, 0xf3, 0x00, 0x00, 0x0a, 0xfc, 0xcf,
    0xc0, 0x00, 0x00, 0x06, 0xfe, 0xcf, 0x90, 0x00, 0x00, 0x04, 0xff, 0xcf,
    0x80, 0x00, 0x00, 0x04, 0xff, 0xcf, 0x80, 0x00, 0x00, 0x04, 0xff, 0xcf,
    0x80, 0x00, 0x00, 0x04, 0xff, 0xcf, 0x80, 0x00, 0x00, 0x04, 0xff, 0xcf,
    0x80, 0x00, 0x00, 0x04, 0xff, 0xcf, 0x80, 0x00, 0x00, 0x04, 0xff, 0xcf,
    0x80, 0x00, 0x00, 0x04, 0xff, 0xcf, 0x80, 0x00, 0x00, 0x04, 0xff, 0x00,
    0x02, 0x9d, 0xfe, 0xc7, 0x10, 0x00, 0x00, 0x6f, 0xff, 0xff, 0xff, 0xe3,
    0x00, 0x05, 0xff, 0x91, 0x00, 0x3c, 0xfe, 0x10, 0x0e, 0xfa, 0x00, 0x00,
    0x00, 0xef, 0x90, 0x3f, 0xf2, 0x00, 0x00, 0x00, 0x6f, 0xe0, 0x6f, 0xe0,
    0x00, 0x00, 0x00, 0x2f, 0xf2, 0x8f, 0xd0, 0x00, 0x00, 0x00, 0x1f, 0xf4,
    0x8f, 0xd0, 0x00, 0x00, 0x00, 0x1f, 0xf4, 0x6f, 0xe0, 0x00, 0x00, 0x00,
    0x2f, 0xf3, 0x3f, 0xf2, 0x00, 0x00, 0x00, 0x6f, 0xf0, 0x0d, 0xfa, 0x00,
    0x00, 0x00, 0xdf, 0xa0, 0x04, 0xff, 0x91, 0x00, 0x2c, 0xfe, 0x20, 0x00,
    0x6f, 0xff, 0xee, 0xff, 0xe3, 0x00, 0x00, 0x02, 0x9d, 0xff, 0xd8, 0x10,
    0x00, 0xcf, 0x20, 0x7d, 0xff, 0xc5, 0x00, 0x0c, 0xf6, 0xdf, 0xfe, 0xff,
    0xfa, 0x00, 0xcf, 0xfe, 0x40, 0x01, 0x8f, 0xf7, 0x0c, 0xff, 0x20, 0x00,
    0x00, 0xaf, 0xf0, 0xcf, 0xc0, 0x00, 0x00, 0x03, 0xff, 0x4c, 0xf9, 0x00,
    0x00, 0x00, 0x0f, 0xf7, 0xcf, 0x80, 0x00, 0x00, 0x00, 0xdf, 0x8c, 0xf8,
    0x00, 0x00, 0x00, 0x0d, 0xf8, 0xcf, 0x90, 0x00, 0x00, 0x00, 0xff, 0x6c,
    0xfc, 0x00, 0x00, 0x00, 0x3f, 0xf4, 0xcf, 0xf3, 0x00, 0x00, 0x0a, 0xfe,
    0x0c, 0xff, 0xe4, 0x00, 0x08, 0xff, 0x60, 0xcf, 0x8e, 0xff, 0xef, 0xff,
    0xa0, 0x0c, 0xf7, 0x18, 0xdf, 0xec, 0x50, 0x00, 0xcf, 0x70, 0x00, 0x00,
    0x00, 0x00, 0x0c, 0xf8, 0x00, 0x00, 0x00, 0x00, 0x00, 0xcf, 0x80, 0x00,
    0x00, 0x00, 0x00, 0x0c, 0xf8, 0x00, 0x00, 0x00, 0x00, 0x00, 0xcf, 0x80,
    0x00, 0x00, 0x00, 0x00, 0x0c, 0xf8, 0x00, 0x00, 0x00, 0x00, 0x00, 0x00,
    0x05, 0xbe, 0xfd, 0x80, 0x2f, 0xc0, 0x09, 0xff, 0xfe, 0xff, 0xd5, 0xfc,
    0x06, 0xff, 0x70, 0x00, 0x4e, 0xff, 0xc0, 0xef, 0xa0, 0x00, 0x00, 0x3f,
    0xfc, 0x4f, 0xf3, 0x00, 0x00, 0x00, 0xcf, 0xc6, 0xff, 0x00, 0x00, 0x00,
    0x09, 0xfc, 0x8f, 0xd0, 0x00, 0x00, 0x00, 0x8f, 0xc8, 0xfd, 0x00, 0x00,
    0x00, 0x07, 0xfc, 0x7f, 0xe0, 0x00, 0x00, 0x00, 0x9f, 0xc4, 0xff, 0x20,
    0x00, 0x00, 0x0c, 0xfc, 0x0f, 0xf8, 0x00, 0x00, 0x02, 0xff, 0xc0, 0x8f,
    0xf7, 0x00, 0x03, 0xdf, 0xfc, 0x00, 0xbf, 0xff, 0xef, 0xfd, 0x8f, 0xc0,
    0x00, 0x6c, 0xff, 0xd8, 0x08, 0xfc, 0x00, 0x00, 0x00, 0x00, 0x00, 0x8f,
    0xc0, 0x00, 0x00, 0x00, 0x00, 0x08, 0xfc, 0x00, 0x00, 0x00, 0x00, 0x00,
    0x8f, 0xc0, 0x00, 0x00, 0x00, 0x00, 0x08, 0xfc, 0x00, 0x00, 0x00, 0x00,
    0x00, 0x8f, 0xc0, 0x00, 0x00, 0x00, 0x00, 0x08, 0xfc, 0xcf, 0x10, 0x5c,
    0xff, 0x4c, 0xf3, 0x8f, 0xff, 0xf2, 0xcf, 0xaf, 0xb3, 0x12, 0x0c, 0xff,
    0x90, 0x00, 0x00, 0xcf, 0xe0, 0x00, 0x00, 0x0c, 0xfa, 0x00, 0x00, 0x00,
    0xcf, 0x80, 0x00, 0x00, 0x0c, 0xf8, 0x00, 0x00, 0x00, 0xcf, 0x80, 0x00,
    0x00, 0x0c, 0xf8, 0x00, 0x00, 0x00, 0xcf, 0x80, 0x00, 0x00, 0x0c, 0xf8,
    0x00, 0x00, 0x00, 0xcf, 0x80, 0x00, 0x00, 0x0c, 0xf8, 0x00, 0x00, 0x00,
    0x00, 0x5b, 0xef, 0xfc, 0x83, 0x00, 0xcf, 0xff, 0xef, 0xff, 0xb0, 0x7f,
    0xe3, 0x00, 0x02, 0x74, 0x0a, 0xf9, 0x00, 0x00, 0x00, 0x00, 0x8f, 0xd2,
    0x00, 0x00, 0x00, 0x01, 0xef, 0xf9, 0x30, 0x00, 0x00, 0x01, 0xaf, 0xff,
    0xc6, 0x00, 0x00, 0x00, 0x28, 0xef, 0xfd, 0x20, 0x00, 0x00, 0x00, 0x6e,
    0xfd, 0x00, 0x00, 0x00, 0x00, 0x2f, 0xf3, 0x00, 0x00, 0x00, 0x00, 0xff,
    0x37, 0x61, 0x00, 0x01, 0x9f, 0xe0, 0xaf, 0xfe, 0xde, 0xff, 0xf5, 0x02,
    0x8c, 0xff, 0xfd, 0x92, 0x00, 0x00, 0x0d, 0xb0, 0x00, 0x00, 0x02, 0xfb,
    0x00, 0x00, 0x00, 0x8f, 0xb0, 0x00, 0x04, 0xcf, 0xff, 0xff, 0xfb, 0x6b,
    0xef, 0xeb, 0xbb, 0x80, 0x09, 0xfb, 0x00, 0x00, 0x00, 0x9f, 0xb0, 0x00,
    0x00, 0x09, 0xfb, 0x00, 0x00, 0x00, 0x9f, 0xb0, 0x00, 0x00, 0x09, 0xfb,
    0x00, 0x00, 0x00, 0x9f, 0xb0, 0x00, 0x00, 0x09, 0xfb, 0x00, 0x00, 0x00,
    0x9f, 0xb0, 0x00, 0x00, 0x08, 0xfc, 0x00, 0x00, 0x00, 0x5f, 0xf5, 0x00,
    0x00, 0x00, 0xdf, 0xfe, 0xec, 0x00, 0x01, 0x9e, 0xfe, 0x90, 0xff, 0x60,
    0x00, 0x00, 0x07, 0xfd, 0xff, 0x60, 0x00, 0x00, 0x07, 0xfd, 0xff, 0x60,
    0x00, 0x00, 0x07, 0xfd, 0xff, 0x60, 0x00, 0x00, 0x07, 0xfd, 0xff, 0x60,
    0x00, 0x00, 0x07, 0xfd, 0xff, 0x60, 0x00, 0x00, 0x07, 0xfd, 0xff, 0x60,
    0x00, 0x00, 0x07, 0xfd, 0xff, 0x60, 0x00, 0x00, 0x07, 0xfd, 0xff, 0x60,
    0x00, 0x00, 0x08, 0xfd, 0xef, 0x70, 0x00, 0x00, 0x0b, 0xfd, 0xcf, 0xb0,
    0x00, 0x00, 0x2f, 0xfd, 0x7f, 0xf7, 0x00, 0x04, 0xef, 0xfd, 0x0d, 0xff,
    0xfe, 0xff, 0xe6, 0xfd, 0x00, 0x8d, 0xff, 0xd8, 0x11, 0xfd, 0xdf, 0x90,
    0x00, 0x00, 0x00, 0x6f, 0xf0, 0x6f, 0xf0, 0x00, 0x00, 0x00, 0xcf, 0xa0,
    0x1f, 0xf5, 0x00, 0x00, 0x02, 0xff, 0x40, 0x0a, 0xfb, 0x00, 0x00, 0x07,
    0xfd, 0x00, 0x04, 0xff, 0x10, 0x00, 0x0d, 0xf7, 0x00, 0x00, 0xef, 0x60,
    0x00, 0x3f, 0xf2, 0x00, 0x00, 0x8f, 0xc0, 0x00, 0x9f, 0xb0, 0x00, 0x00,
    0x2f, 0xf2, 0x00, 0xef, 0x50, 0x00, 0x00, 0x0c, 0xf7, 0x04, 0xff, 0x00,
    0x00, 0x00, 0x06, 0xfd, 0x09, 0xf9, 0x00, 0x00, 0x00, 0x01, 0xff, 0x2e,
    0xf3, 0x00, 0x00, 0x00, 0x00, 0xaf, 0xaf, 0xd0, 0x00, 0x00, 0x00, 0x00,
    0x4f, 0xff, 0x70, 0x00, 0x00, 0x00, 0x00, 0x0e, 0xff, 0x10, 0x00, 0x00,
    0x9f, 0xc0, 0x00, 0x00, 0x2f, 0xfa, 0x00, 0x00, 0x05, 0xff, 0x05, 0xff,
    0x00, 0x00, 0x07, 0xff, 0xe0, 0x00, 0x00, 0x9f, 0xb0, 0x0f, 0xf4, 0x00,
    0x00, 0xcf, 0xdf, 0x30, 0x00, 0x0d, 0xf7, 0x00, 0xcf, 0x80, 0x00, 0x1f,
    0xe8, 0xf8, 0x00, 0x01, 0xff, 0x20, 0x07, 0xfd, 0x00, 0x06, 0xfa, 0x4f,
    0xd0, 0x00, 0x5f, 0xe0, 0x00, 0x3f, 0xf1, 0x00, 0xbf, 0x60, 0xff, 0x20,
    0x0a, 0xfa, 0x00, 0x00, 0xef, 0x50, 0x0f, 0xf1, 0x0a, 0xf7, 0x00, 0xef,
    0x50, 0x00, 0x0a, 0xf9, 0x05, 0xfc, 0x00, 0x6f, 0xc0, 0x2f, 0xf1, 0x00,
    0x00, 0x6f, 0xd0, 0xaf, 0x70, 0x01, 0xff, 0x16, 0xfc, 0x00, 0x00, 0x01,
    0xff, 0x1e, 0xf2, 0x00, 0x0c, 0xf5, 0xaf, 0x80, 0x00, 0x00, 0x0d, 0xf6,
    0xfd, 0x00, 0x00, 0x7f, 0x9e, 0xf3, 0x00, 0x00, 0x00, 0x9f, 0xdf, 0x70,
    0x00, 0x02, 0xfd, 0xff, 0x00, 0x00, 0x00, 0x04, 0xff, 0xf2, 0x00, 0x00,
    0x0d, 0xff, 0xb0, 0x00, 0x00, 0x00, 0x0f, 0xfd, 0x00, 0x00, 0x00, 0x8f,
    0xf6, 0x00, 0x00, 0x1e, 0xfa, 0x00, 0x00, 0x00, 0xdf, 0xa0, 0x04, 0xff,
    0x50, 0x00, 0x08, 0xfe, 0x10, 0x00, 0x8f, 0xe1, 0x00, 0x3f, 0xf4, 0x00,
    0x00, 0x0c, 0xfa, 0x00, 0xdf, 0x90, 0x00, 0x00, 0x02, 0xff, 0x59, 0xfd,
    0x00, 0x00, 0x00, 0x00, 0x6f, 0xff, 0xf3, 0x00, 0x00, 0x00, 0x00, 0x0b,
    0xff, 0x70, 0x00, 0x00, 0x00, 0x00, 0x1e, 0xff, 0xa0, 0x00, 0x00, 0x00,
    0x00, 0xaf, 0xde, 0xf6, 0x00, 0x00, 0x00, 0x05, 0xff, 0x25, 0xff, 0x20,
    0x00, 0x00, 0x1f, 0xf7, 0x00, 0xbf, 0xc0, 0x00, 0x00, 0xcf, 0xc0, 0x00,
    0x1e, 0xf8, 0x00, 0x07, 0xff, 0x20, 0x00, 0x05, 0xff, 0x30, 0x3f, 0xf6,
    0x00, 0x00, 0x00, 0xaf, 0xd0, 0xcf, 0xa0, 0x00, 0x00, 0x00, 0x6f, 0xf1,
    0x5f, 0xf1, 0x00, 0x00, 0x00, 0xbf, 0xb0, 0x0e, 0xf6, 0x00, 0x00, 0x01,
    0xff, 0x40, 0x08, 0xfc, 0x00, 0x00, 0x07, 0xfe, 0x00, 0x02, 0xff, 0x30,
    0x00, 0x0d, 0xf8, 0x00, 0x00, 0xbf, 0x90, 0x00, 0x3f, 0xf2, 0x00, 0x00,
    0x5f, 0xe0, 0x00, 0x9f, 0xc0, 0x00, 0x00, 0x0e, 0xf5, 0x00, 0xef, 0x60,
    0x00, 0x00, 0x08, 0xfb, 0x04, 0xff, 0x00, 0x00, 0x00, 0x02, 0xff, 0x19,
    0xfa, 0x00, 0x00, 0x00, 0x00, 0xbf, 0x6e, 0xf3, 0x00, 0x00, 0x00, 0x00,
    0x5f, 0xdf, 0xd0, 0x00, 0x00, 0x00, 0x00, 0x0e, 0xff, 0x70, 0x00, 0x00,
    0x00, 0x00, 0x08, 0xff, 0x10, 0x00, 0x00, 0x00, 0x00, 0x09, 0xfb, 0x00,
    0x00, 0x00, 0x00, 0x00, 0x0f, 0xf5, 0x00, 0x00, 0x00, 0x00, 0x00, 0x8f,
    0xe0, 0x00, 0x00, 0x00, 0x00, 0x06, 0xff, 0x50, 0x00, 0x00, 0x00, 0xad,
    0xef, 0xfa, 0x00, 0x00, 0x00, 0x00, 0x9f, 0xfd, 0x60, 0x00, 0x00, 0x00,
    0x00, 0x8f, 0xff, 0xff, 0xff, 0xff, 0x06, 0xbb, 0xbb, 0xbb, 0xef, 0xf0,
    0x00, 0x00, 0x00, 0x1e, 0xf7, 0x00, 0x00, 0x00, 0x0b, 0xfc, 0x00, 0x00,
    0x00, 0x06, 0xff, 0x10, 0x00, 0x00, 0x02, 0xff, 0x50, 0x00, 0x00, 0x00,
    0xcf, 0xa0, 0x00, 0x00, 0x00, 0x8f, 0xe1, 0x00, 0x00, 0x00, 0x3f, 0xf4,
    0x00, 0x00, 0x00, 0x0d, 0xf9, 0x00, 0x00, 0x00, 0x09, 0xfd, 0x00, 0x00,
    0x00, 0x04, 0xff, 0x30, 0x00, 0x00, 0x00, 0xef, 0xec, 0xcc, 0xcc, 0xcc,
    0x2f, 0xff, 0xff, 0xff, 0xff, 0xf3, 0x00, 0x00, 0x01, 0x8d, 0xf0, 0x00,
    0x00, 0x3f, 0xff, 0xf0, 0x00, 0x00, 0xcf, 0xd2, 0x00, 0x00, 0x00, 0xff,
    0x40, 0x00, 0x00, 0x01, 0xff, 0x20, 0x00, 0x00, 0x01, 0xff, 0x20, 0x00,
    0x00, 0x01, 0xff, 0x20, 0x00, 0x00, 0x01, 0xff, 0x20, 0x00, 0x00, 0x03,
    0xff, 0x00, 0x00, 0x00, 0x2c, 0xfb, 0x00, 0x00, 0x3e, 0xfe, 0x90, 0x00,
    0x00, 0x4f, 0xfd, 0x70, 0x00, 0x00, 0x00, 0x4d, 0xfa, 0x00, 0x00, 0x00,
    0x04, 0xff, 0x00, 0x00, 0x00, 0x01, 0xff, 0x20, 0x00, 0x00, 0x01, 0xff,
    0x20, 0x00, 0x00, 0x01, 0xff, 0x20, 0x00, 0x00, 0x01, 0xff, 0x20, 0x00,
    0x00, 0x00, 0xff, 0x40, 0x00, 0x00, 0x00, 0xdf, 0xc1, 0x00, 0x00, 0x00,
    0x4f, 0xff, 0xe0, 0x00, 0x00, 0x02, 0x9d, 0xf0, 0xcf, 0x1c, 0xf1, 0xcf,
    0x1c, 0xf1, 0xcf, 0x1c, 0xf1, 0xcf, 0x1c, 0xf1, 0xcf, 0x1c, 0xf1, 0xcf,
    0x1c, 0xf1, 0xcf, 0x1c, 0xf1, 0xcf, 0x1c, 0xf1, 0xcf, 0x1c, 0xf1, 0xcf,
    0x1c, 0xf1, 0xcf, 0x1c, 0xf1, 0xcf, 0x1c, 0xf1, 0xcf, 0x10, 0x2f, 0xd8,
    0x10, 0x00, 0x00, 0x2e, 0xff, 0xe2, 0x00, 0x00, 0x00, 0x2d, 0xfb, 0x00,
    0x00, 0x00, 0x06, 0xfe, 0x00, 0x00, 0x00, 0x04, 0xff, 0x00, 0x00, 0x00,
    0x04, 0xff, 0x00, 0x00, 0x00, 0x04, 0xff, 0x00, 0x00, 0x00, 0x04, 0xff,
    0x00, 0x00, 0x00, 0x03, 0xff, 0x10, 0x00, 0x00, 0x00, 0xdf, 0xb1, 0x00,
    0x00, 0x00, 0x1a, 0xff, 0xe2, 0x00, 0x00, 0x08, 0xdf, 0xf2, 0x00, 0x00,
    0xcf, 0xc3, 0x00, 0x00, 0x02, 0xff, 0x20, 0x00, 0x00, 0x04, 0xff, 0x00,
    0x00, 0x00, 0x04, 0xff, 0x00, 0x00, 0x00, 0x04, 0xff, 0x00, 0x00, 0x00,
    0x04, 0xff, 0x00, 0x00, 0x00, 0x06, 0xfe, 0x00, 0x00, 0x00, 0x2d, 0xfb,
    0x00, 0x00, 0x2e, 0xff, 0xe2, 0x00, 0x00, 0x2f, 0xd8, 0x10, 0x00, 0x00,
    0x19, 0xef, 0xeb, 0x72, 0x00, 0x06, 0x7b, 0xff, 0xdf, 0xff, 0xff, 0xdf,
    0xf8, 0x95, 0x00, 0x03, 0x8c, 0xef, 0xe8, 0x00, 0x00, 0x06, 0xbe, 0xfe,
    0xc6, 0x00, 0x00, 0x1c, 0xff, 0xff, 0xff, 0xfd, 0x20, 0x0b, 0xff, 0x71,
    0x01, 0x7e, 0xfd, 0x02, 0xff, 0x50, 0x00, 0x00, 0x4f, 0xf4, 0x4f, 0xf6,
    0x00, 0x00, 0x00, 0xef, 0x60, 0x7d, 0xfd, 0x50, 0x00, 0x0d, 0xf7, 0x00,
    0x2d, 0xfc, 0x00, 0x00, 0xdf, 0x80, 0x4f, 0xf7, 0x20, 0x00, 0x0d, 0xf8,
    0x0d, 0xf9, 0x00, 0x00, 0x00, 0xdf, 0x80, 0xff, 0x50, 0x00, 0x00, 0x0d,
    0xf8, 0x0f, 0xf4, 0x00, 0x00, 0x00, 0xdf, 0x80, 0xff, 0x40, 0x00, 0x00,
    0x0d, 0xf8, 0x0f, 0xf4, 0x00, 0x00, 0x00, 0xdf, 0x80, 0xff, 0x40, 0x00,
    0x00, 0x0d, 0xf8, 0x0f, 0xf4, 0x00, 0x00, 0x00, 0xdf, 0x80, 0x4c, 0xfe,
    0x70, 0x00, 0x3f, 0xf1, 0x5f, 0xff, 0xf3, 0x00, 0x3f, 0xf1, 0x01, 0x0e,
    0xf6, 0x00, 0x3f, 0xf1, 0x00, 0x0d, 0xf5, 0x00, 0x3f, 0xf1, 0x00, 0x6f,
    0xe0, 0x00, 0x3f, 0xf1, 0x01, 0xff, 0x50, 0x00, 0x3f, 0xf1, 0x09, 0xfc,
    0x00, 0x00, 0x3f, 0xf1, 0x0e, 0xf6, 0x00, 0x00, 0x3f, 0xf1, 0x0f, 0xf5,
    0x00, 0x00, 0x3f, 0xf1, 0x0f, 0xf5, 0x00, 0x00, 0x3f, 0xf1, 0x0f, 0xf5,
    0x00, 0x00, 0x3f, 0xf1, 0x0d, 0xf9, 0x00, 0x00, 0x6f, 0xf0, 0x08, 0xff,
    0x51, 0x04, 0xef, 0xb0, 0x01, 0xdf, 0xff, 0xff, 0xff, 0x20, 0x00, 0x08,
    0xdf, 0xfe, 0x92, 0x00, 0xdf, 0x30, 0x8f, 0x00, 0x2f, 0xf2, 0xbf, 0xb9,
    0xfe, 0x00, 0x2f, 0xf2, 0x3e, 0xfd, 0xfd, 0x00, 0x2f, 0xf2, 0x00, 0x09,
    0xfa, 0x00, 0x2f, 0xf2, 0x00, 0x5f, 0xf2, 0x00, 0x2f, 0xf2, 0x02, 0xff,
    0x60, 0x00, 0x2f, 0xf2, 0x0a, 0xfc, 0x00, 0x00, 0x2f, 0xf2, 0x0e, 0xf6,
    0x00, 0x00, 0x2f, 0xf2, 0x0f, 0xf5, 0x00, 0x00, 0x2f, 0xf2, 0x0f, 0xf5,
    0x00, 0x00, 0x2f, 0xf2, 0x0f, 0xf6, 0x00, 0x00, 0x2f, 0xf2, 0x0d, 0xf9,
    0x00, 0x00, 0x5f, 0xf1, 0x08, 0xff, 0x50, 0x03, 0xef, 0xc0, 0x00, 0xdf,
    0xff, 0xff, 0xff, 0x30, 0x00, 0x08, 0xdf, 0xfd, 0x92, 0x00, 0x00, 0x4a,
    0xef, 0xfe, 0xa3, 0x00, 0x08, 0xff, 0xff, 0xff, 0xff, 0x70, 0x3f, 0xfc,
    0x30, 0x14, 0xcf, 0xf3, 0x9f, 0xe0, 0x00, 0x00, 0x1e, 0xf9, 0xcf, 0x90,
    0x00, 0x00, 0x09, 0xfc, 0xef, 0x70, 0x00, 0x00, 0x07, 0xfd, 0xef, 0x60,
    0x00, 0x00, 0x07, 0xfd, 0xef, 0x66, 0xcf, 0xf1, 0x07, 0xfd, 0xef, 0xcf,
    0xff, 0xf1, 0x07, 0xfd, 0xef, 0xfa, 0x20, 0x00, 0x07, 0xfd, 0xef, 0xc0,
    0x00, 0x00, 0x07, 0xfd, 0xef, 0x70, 0x00, 0x00, 0x07, 0xfd, 0xef, 0x60,
    0x00, 0x00, 0x07, 0xfd, 0xef, 0x60, 0x00, 0x00, 0x07, 0xfd, 0xef, 0x60,
    0x00, 0x00, 0x07, 0xfd, 0x06, 0xdf, 0xd5, 0x4d, 0xfd, 0x70, 0x06, 0xff,
    0xff, 0xfe, 0xff, 0xff, 0x80, 0xcf, 0xb0, 0x3f, 0xf3, 0x0a, 0xfe, 0x0d,
    0xf6, 0x00, 0x78, 0x00, 0x5f, 0xf0, 0xef, 0x60, 0x00, 0x00, 0x04, 0xff,
    0x0e, 0xf6, 0x00, 0x00, 0x00, 0x4f, 0xf0, 0xef, 0x60, 0x00, 0x00, 0x04,
    0xff, 0x0e, 0xf6, 0x6c, 0xff, 0x20, 0x4f, 0xf0, 0xef, 0xbf, 0xff, 0xf1,
    0x04, 0xff, 0x0e, 0xff, 0xa3, 0x00, 0x00, 0x4f, 0xf0, 0xef, 0xc0, 0x00,
    0x00, 0x04, 0xff, 0x0e, 0xf7, 0x00, 0x00, 0x00, 0x4f, 0xf0, 0xef, 0x60,
    0x00, 0x00, 0x04, 0xff, 0x0e, 0xf6, 0x00, 0x00, 0x00, 0x4f, 0xf0, 0xef,
    0x60, 0x00, 0x00, 0x04, 0xff, 0x00, 0xdf, 0x30, 0x8f, 0x00, 0x00, 0xef,
    0x7b, 0xfb, 0x9f, 0xf0, 0x00, 0x0e, 0xf7, 0x3e, 0xfd, 0xfd, 0x00, 0x00,
    0xef, 0x70, 0x00, 0x9f, 0x90, 0x00, 0x0e, 0xf7, 0x00, 0x6f, 0xf1, 0x00,
    0x00, 0xef, 0x70, 0x2f, 0xf5, 0x00, 0x00, 0x0e, 0xf7, 0x0b, 0xfb, 0x00,
    0x00, 0x00, 0xef, 0x70, 0xff, 0x50, 0x00, 0x00, 0x0e, 0xf7, 0x0f, 0xf3,
    0x00, 0x00, 0x00, 0xef, 0x71, 0xff, 0x40, 0x00, 0x00, 0x0e, 0xf6, 0x1f,
    0xf8, 0x00, 0x00, 0x00, 0xff, 0x61, 0xff, 0xe1, 0x00, 0x00, 0x4f, 0xf4,
    0x1f, 0xfd, 0xd5, 0x11, 0x5e, 0xfe, 0x01, 0xfe, 0x4f, 0xff, 0xff, 0xff,
    0x50, 0x1f, 0xd0, 0x2a, 0xef, 0xeb, 0x40, 0x00, 0xdf, 0x70, 0x0e, 0xfe,
    0xc5, 0x00, 0x08, 0xfc, 0x00, 0xcd, 0xff, 0xfa, 0x00, 0x4f, 0xf1, 0x00,
    0x00, 0x7f, 0xf7, 0x00, 0xff, 0x60, 0x00, 0x00, 0x9f, 0xe0, 0x0a, 0xfa,
    0x00, 0x00, 0x01, 0xff, 0x40, 0x5f, 0xf0, 0x00, 0x00, 0x0e, 0xf7, 0x01,
    0xff, 0x40, 0x00, 0x00, 0xcf, 0x80, 0x0c, 0xf9, 0x00, 0x00, 0x0c, 0xf8,
    0x00, 0x7f, 0xd0, 0x00, 0x00, 0xef, 0x60, 0x02, 0xff, 0x20, 0x00, 0x2f,
    0xf3, 0x00, 0x0e, 0xf7, 0x00, 0x07, 0xff, 0x00, 0x00, 0x9f, 0xc0, 0x02,
    0xff, 0x80, 0x00, 0x04, 0xff, 0x24, 0xef, 0xe1, 0x00, 0x00, 0x0f, 0xff,
    0xff, 0xe3, 0x00, 0x00, 0x00, 0xbf, 0xfd, 0x81, 0x00, 0x00, 0x02, 0x8c,
    0xef, 0xed, 0x82, 0x00, 0x00, 0xff, 0xff, 0xff, 0xff, 0xf4, 0x00, 0x0f,
    0xa4, 0x10, 0x15, 0xdf, 0xf1, 0x00, 0x20, 0x00, 0x00, 0x01, 0xef, 0x90,
    0x00, 0x00, 0x00, 0x00, 0x08, 0xfe, 0x00, 0x00, 0x00, 0x00, 0x00, 0x4f,
    0xf1, 0x00, 0x00, 0x00, 0x00, 0x03, 0xff, 0x20, 0x2f, 0xff, 0xf0, 0x00,
    0x2f, 0xf3, 0x02, 0xee, 0xff, 0x00, 0x02, 0xff, 0x20, 0x00, 0x2f, 0xf0,
    0x00, 0x4f, 0xf1, 0x00, 0x02, 0xff, 0x00, 0x07, 0xfe, 0x00, 0x00, 0x2f,
    0xf0, 0x00, 0xdf, 0xa0, 0x00, 0x02, 0xff, 0x02, 0xaf, 0xf2, 0x00, 0x00,
    0x2f, 0xff, 0xff, 0xf5, 0x00, 0x00, 0x02, 0xff, 0xfd, 0x92, 0x00, 0x00,
    0x06, 0xad, 0xff, 0xec, 0x60, 0x00, 0xaf, 0xff, 0xff, 0xff, 0xfd, 0x10,
    0xab, 0x52, 0x00, 0x28, 0xff, 0xb0, 0x10, 0x00, 0x00, 0x00, 0x6f, 0xf2,
    0x00, 0x00, 0x00, 0x00, 0x0f, 0xf6, 0x00, 0x00, 0x00, 0x00, 0x0c, 0xf8,
    0x78, 0x30, 0x00, 0x00, 0x0b, 0xf9, 0xef, 0x60, 0x00, 0x00, 0x0b, 0xf9,
    0xef, 0x60, 0x00, 0x00, 0x0b, 0xf9, 0xef, 0x60, 0x00, 0x00, 0x0c, 0xf9,
    0xdf, 0x70, 0x00, 0x00, 0x0f, 0xf9, 0xcf, 0xb0, 0x00, 0x00, 0x8f, 0xf9,
    0x7f, 0xf9, 0x20, 0x29, 0xfe, 0xf9, 0x0c, 0xff, 0xff, 0xff, 0xc6, 0xf9,
    0x00, 0x8d, 0xff, 0xc7, 0x05, 0xf9, 0x4c, 0xfe, 0x70, 0x00, 0x0f, 0xf5,
    0x4f, 0xff, 0xf3, 0x00, 0x1f, 0xf4, 0x01, 0x0e, 0xf6, 0x01, 0x9f, 0xe0,
    0x00, 0x0d, 0xf5, 0x2f, 0xfd, 0x20, 0x00, 0x6f, 0xe0, 0x1a, 0xff, 0x70,
    0x01, 0xff, 0x50, 0x00, 0x7f, 0xf0, 0x09, 0xfc, 0x00, 0x00, 0x3f, 0xf1,
    0x0e, 0xf6, 0x00, 0x00, 0x3f, 0xf1, 0x0f, 0xf5, 0x00, 0x00, 0x3f, 0xf1,
    0x0f, 0xf5, 0x00, 0x00, 0x3f, 0xf1, 0x0f, 0xf5, 0x00, 0x00, 0x3f, 0xf1,
    0x0d, 0xf9, 0x00, 0x00, 0x6f, 0xf0, 0x08, 0xff, 0x51, 0x03, 0xef, 0xb0,
    0x01, 0xdf, 0xff, 0xff, 0xff, 0x20, 0x00, 0x07, 0xdf, 0xfe, 0x92, 0x00,
    0xdf, 0x30, 0x8f, 0x00, 0x0c, 0xf8, 0xbf, 0xb9, 0xfe, 0x00, 0x0e, 0xf6,
    0x3e, 0xfd, 0xfd, 0x00, 0x7f, 0xf1, 0x00, 0x08, 0xfa, 0x0f, 0xfe, 0x30,
    0x00, 0x5f, 0xf2, 0x09, 0xef, 0xa0, 0x01, 0xef, 0x70, 0x00, 0x4f, 0xf2,
    0x09, 0xfd, 0x00, 0x00, 0x0f, 0xf4, 0x0c, 0xf8, 0x00, 0x00, 0x0f, 0xf4,
    0x0d, 0xf7, 0x00, 0x00, 0x0f, 0xf4, 0x0e, 0xf7, 0x00, 0x00, 0x0f, 0xf4,
    0x0d, 0xf7, 0x00, 0x00, 0x0f, 0xf4, 0x0b, 0xfb, 0x00, 0x00, 0x3f, 0xf3,
    0x06, 0xff, 0x61, 0x03, 0xdf, 0xe0, 0x00, 0xcf, 0xff, 0xff, 0xff, 0x40,
    0x00, 0x07, 0xcf, 0xfe, 0xa2, 0x00, 0x00, 0x07, 0xce, 0xfe, 0xa4, 0x00,
    0x00, 0x00, 0x00, 0xdf, 0x70, 0x1d, 0xff, 0xff, 0xff, 0xfa, 0x00, 0x00,
    0x00, 0x0d, 0xf7, 0x0c, 0xfe, 0x61, 0x02, 0x9f, 0xf6, 0x00, 0x00, 0x00,
    0xdf, 0x72, 0xff, 0x50, 0x00, 0x00, 0xbf, 0xd0, 0x00, 0x00, 0x0d, 0xf7,
    0x4f, 0xf7, 0x00, 0x00, 0x05, 0xff, 0x00, 0x00, 0x00, 0xdf, 0x70, 0x6c,
    0xfe, 0x70, 0x00, 0x4f, 0xf0, 0x00, 0x00, 0x0d, 0xf7, 0x00, 0x3c, 0xfe,
    0x00, 0x04, 0xff, 0x00, 0x00, 0x00, 0xdf, 0x70, 0x3f, 0xf7, 0x10, 0x00,
    0x4f, 0xf0, 0x00, 0x00, 0x0d, 0xf7, 0x0a, 0xfb, 0x00, 0x00, 0x04, 0xff,
    0x00, 0x00, 0x00, 0xdf, 0x70, 0xcf, 0x80, 0x00, 0x00, 0x4f, 0xf1, 0x00,
    0x00, 0x0d, 0xf7, 0x0d, 0xf8, 0x00, 0x00, 0x04, 0xff, 0x50, 0x00, 0x00,
    0xef, 0x60, 0xdf, 0x80, 0x00, 0x00, 0x4f, 0xfc, 0x00, 0x00, 0x2f, 0xf5,
    0x0c, 0xfb, 0x00, 0x00, 0x04, 0xfd, 0xfb, 0x30, 0x3c, 0xff, 0x10, 0x9f,
    0xff, 0xa0, 0x00, 0x4f, 0xb7, 0xff, 0xff, 0xff, 0x80, 0x01, 0xae, 0xfb,
    0x00, 0x04, 0xfa, 0x04, 0xbf, 0xfc, 0x50, 0x00, 0x00, 0x07, 0xce, 0xfe,
    0xa4, 0x00, 0x00, 0x00, 0x00, 0xff, 0x50, 0x2d, 0xff, 0xff, 0xff, 0xf8,
    0x00, 0x00, 0x00, 0x0f, 0xf5, 0x0c, 0xfe, 0x61, 0x02, 0xaf, 0xf4, 0x00,
    0x00, 0x00, 0xff, 0x52, 0xff, 0x50, 0x00, 0x00, 0xcf, 0xb0, 0x00, 0x00,
    0x0f, 0xf5, 0x4f, 0xf6, 0x00, 0x00, 0x07, 0xfd, 0x00, 0x00, 0x00, 0xff,
    0x50, 0x7d, 0xfe, 0x60, 0x00, 0x6f, 0xe0, 0x00, 0x00, 0x0f, 0xf5, 0x00,
    0x2c, 0xff, 0x00, 0x06, 0xfe, 0x00, 0x00, 0x00, 0xff, 0x50, 0x2f, 0xf9,
    0x30, 0x00, 0x6f, 0xe0, 0x00, 0x00, 0x0f, 0xf5, 0x0a, 0xfb, 0x00, 0x00,
    0x06, 0xfe, 0x00, 0x00, 0x00, 0xff, 0x50, 0xcf, 0x80, 0x00, 0x00, 0x6f,
    0xe0, 0x00, 0x00, 0x0f, 0xf5, 0x0d, 0xf8, 0x00, 0x00, 0x05, 0xff, 0x00,
    0x00, 0x04, 0xff, 0x50, 0xdf, 0x80, 0x00, 0x00, 0x4f, 0xf3, 0x00, 0x00,
    0xcf, 0xf5, 0x0c, 0xfa, 0x00, 0x00, 0x00, 0xff, 0xd3, 0x02, 0xbf, 0xff,
    0x50, 0x9f, 0xff, 0x90, 0x00, 0x06, 0xff, 0xff, 0xff, 0x8e, 0xf5, 0x01,
    0xae, 0xfc, 0x00, 0x00, 0x05, 0xcf, 0xfc, 0x50, 0xff, 0x40, 0x00, 0x00,
    0x00, 0x00, 0x00, 0x00, 0x00, 0x00, 0x2f, 0xf2, 0x00, 0x00, 0x00, 0x00,
    0x00, 0x20, 0x00, 0x00, 0x08, 0xfe, 0x00, 0x00, 0x00, 0x00, 0x00, 0x0a,
    0xc6, 0x21, 0x39, 0xff, 0x70, 0x00, 0x00, 0x00, 0x00, 0x00, 0xaf, 0xff,
    0xff, 0xff, 0xb0, 0x00, 0x00, 0x00, 0x00, 0x00, 0x02, 0x7c, 0xef, 0xeb,
    0x60, 0x00, 0x00, 0x00, 0x6b, 0xef, 0xec, 0x70, 0x00, 0x00, 0x1d, 0xff,
    0xff, 0xff, 0xfe, 0x30, 0x00, 0xbf, 0xf7, 0x10, 0x16, 0xef, 0xe0, 0x02,
    0xff, 0x60, 0x00, 0x00, 0x2f, 0xf5, 0x04, 0xff, 0x80, 0x00, 0x00, 0x0d,
    0xf8, 0x00, 0x6b, 0xfe, 0x70, 0x00, 0x0b, 0xf9, 0x00, 0x02, 0xcf, 0xf0,
    0x00, 0x0b, 0xf9, 0x00, 0x2f, 0xf9, 0x10, 0x00, 0x0b, 0xf9, 0x00, 0x7f,
    0xe0, 0x00, 0x00, 0x0b, 0xf9, 0x00, 0x9f, 0xb0, 0x00, 0x00, 0x0b, 0xf9,
    0x00, 0x9f, 0xb0, 0x00, 0x00, 0x0b, 0xf9, 0x00, 0x9f, 0xb0, 0x00, 0x00,
    0x0b, 0xf9, 0x00, 0xbf, 0xa0, 0x00, 0x00, 0x0b, 0xf9, 0x5f, 0xff, 0x80,
    0x00, 0x00, 0x0b, 0xf9, 0x5e, 0xfb, 0x10, 0x00, 0x00, 0x0b, 0xf9, 0x00,
    0x00, 0x00, 0x00, 0x00, 0x0b, 0xf9, 0x00, 0x00, 0x7c, 0xfe, 0xc7, 0x0b,
    0xf9, 0x00, 0x0b, 0xff, 0xff, 0xff, 0xef, 0xf9, 0x00, 0x2f, 0xfa, 0x10,
    0x28, 0xef, 0xf9, 0x00, 0x5f, 0xf1, 0x00, 0x00, 0x1b, 0xf9, 0x00, 0x00,
    0x6b, 0xef, 0xec, 0x70, 0x00, 0x00, 0x1d, 0xff, 0xff, 0xff, 0xfe, 0x30,
    0x00, 0xbf, 0xf7, 0x10, 0x16, 0xef, 0xe0, 0x02, 0xff, 0x60, 0x00, 0x00,
    0x2f, 0xf5, 0x04, 0xff, 0x80, 0x00, 0x00, 0x0d, 0xf8, 0x00, 0x6b, 0xfe,
    0x70, 0x00, 0x0b, 0xf9, 0x00, 0x02, 0xcf, 0xf0, 0x00, 0x0b, 0xf9, 0x00,
    0x2f, 0xf9, 0x10, 0x00, 0x0b, 0xf9, 0x00, 0x7f, 0xe0, 0x00, 0x00, 0x0b,
    0xf9, 0x00, 0x9f, 0xb0, 0x00, 0x00, 0x0b, 0xf9, 0x00, 0x9f, 0xb0, 0x00,
    0x00, 0x0b, 0xf9, 0x00, 0x9f, 0xb0, 0x00, 0x00, 0x0b, 0xf9, 0x00, 0xbf,
    0xa0, 0x00, 0x00, 0x0b, 0xf9, 0x5f, 0xff, 0x80, 0x00, 0x00, 0x0b, 0xf9,
    0x5e, 0xfb, 0x10, 0x00, 0x00, 0x0b, 0xf9, 0x00, 0x00, 0x00, 0x00, 0x00,
    0x0b, 0xf9, 0x00, 0x07, 0xcd, 0x90, 0x08, 0x1b, 0xf9, 0x00, 0x8f, 0xff,
    0xfb, 0xcf, 0xef, 0xf9, 0x00, 0xef, 0x80, 0x8f, 0xf8, 0xff, 0xf9, 0x00,
    0xff, 0x30, 0x0d, 0x70, 0x2e, 0xf9, 0x00, 0x00, 0x00, 0x00, 0x00, 0x1f,
    0xf3, 0x02, 0x8c, 0xef, 0xfc, 0x71, 0xbf, 0xe0, 0x1f, 0xff, 0xff, 0xff,
    0xff, 0xfe, 0x40, 0x1e, 0x73, 0x00, 0x15, 0xef, 0xf0, 0x00, 0x00, 0x00,
    0x00, 0x00, 0x2f, 0xf6, 0x00, 0x00, 0x00, 0x00, 0x00, 0x0a, 0xfc, 0x00,
    0x00, 0x00, 0x00, 0x00, 0x06, 0xff, 0x00, 0x03, 0xee, 0xec, 0x00, 0x04,
    0xff, 0x10, 0x04, 0xff, 0xfe, 0x00, 0x03, 0xff, 0x10, 0x00, 0x04, 0xfe,
    0x00, 0x04, 0xff, 0x10, 0x00, 0x04, 0xfe, 0x00, 0x05, 0xff, 0x00, 0x00,
    0x04, 0xfe, 0x00, 0x08, 0xfc, 0x00, 0x00, 0x04, 0xfe, 0x00, 0x0e, 0xf8,
    0x00, 0x00, 0x04, 0xfe, 0x02, 0xbf, 0xf1, 0x00, 0x00, 0x04, 0xff, 0xff,
    0xff, 0x40, 0x00, 0x00, 0x04, 0xff, 0xfd, 0x82, 0x00, 0x00, 0x00, 0x00,
    0x00, 0x00, 0x00, 0x00, 0x00, 0x00, 0x6c, 0xc6, 0x04, 0x62, 0xff, 0x00,
    0x06, 0xff, 0xff, 0x9f, 0xfb, 0xff, 0x00, 0x0c, 0xf7, 0x1b, 0xfd, 0xbf,
    0xff, 0x00, 0x0e, 0xf2, 0x02, 0xe1, 0x0b, 0xff, 0x00, 0xdf, 0x30, 0xba,
    0x07, 0xdf, 0xe8, 0x00, 0xbf, 0x96, 0xfa, 0xbf, 0xff, 0xff, 0x80, 0x3e,
    0xfd, 0xff, 0xf9, 0x21, 0xbf, 0xf0, 0x00, 0x07, 0xff, 0x60, 0x00, 0x4f,
    0xf1, 0x00, 0x3f, 0xf8, 0x00, 0x00, 0x2f, 0xf2, 0x00, 0xdf, 0xc0, 0x00,
    0x00, 0x2f, 0xf2, 0x03, 0xff, 0x40, 0x00, 0x00, 0x2f, 0xf2, 0x06, 0xff,
    0x00, 0x00, 0x00, 0x2f, 0xf2, 0x07, 0xfe, 0x00, 0x00, 0x00, 0x2f, 0xf2,
    0x07, 0xfd, 0x00, 0x00, 0x00, 0x2f, 0xf2, 0x07, 0xfd, 0x00, 0x00, 0x00,
    0x2f, 0xf2, 0x07, 0xfd, 0x00, 0x00, 0x00, 0x2f, 0xf2, 0x07, 0xfd, 0x00,
    0x00, 0x00, 0x2f, 0xf2, 0x07, 0xfd, 0x00, 0x00, 0x00, 0x2f, 0xf2, 0x07,
    0xfd, 0x00, 0x00, 0x00, 0x2f, 0xf2, 0x00, 0x4c, 0xfd, 0x55, 0xdf, 0xc4,
    0x00, 0x00, 0x00, 0x3f, 0xf2, 0x03, 0xff, 0xff, 0xff, 0xff, 0xff, 0x30,
    0x00, 0x00, 0x3f, 0xf2, 0x0a, 0xfd, 0x13, 0xff, 0x21, 0xdf, 0x90, 0x00,
    0x00, 0x3f, 0xf2, 0x0f, 0xf5, 0x00, 0x76, 0x00, 0xaf, 0xb0, 0x00, 0x00,
    0x3f, 0xf2, 0x3f, 0xf1, 0x00, 0x00, 0x00, 0x9f, 0xb0, 0x00, 0x00, 0x3f,
    0xf2, 0x4f, 0xf0, 0x00, 0x00, 0x00, 0x9f, 0xb0, 0x00, 0x00, 0x3f, 0xf2,
    0x5f, 0xf0, 0x00, 0x00, 0x00, 0x9f, 0xb0, 0x00, 0x00, 0x3f, 0xf2, 0x5f,
    0xf0, 0x00, 0x00, 0x00, 0x9f, 0xb0, 0x00, 0x00, 0x3f, 0xf2, 0x4f, 0xf0,
    0x00, 0x00, 0x00, 0x9f, 0xb0, 0x00, 0x00, 0x3f, 0xf2, 0x3f, 0xf1, 0x00,
    0x00, 0x00, 0x9f, 0xc0, 0x00, 0x00, 0x3f, 0xf2, 0x0f, 0xf4, 0x00, 0x00,
    0x00, 0x9f, 0xf0, 0x00, 0x00, 0x4f, 0xf1, 0x0d, 0xfa, 0x00, 0x00, 0x00,
    0x9f, 0xf8, 0x00, 0x00, 0x7f, 0xf0, 0x06, 0xff, 0x82, 0x01, 0x00, 0x9f,
    0xdf, 0x81, 0x15, 0xff, 0xb0, 0x00, 0xbf, 0xff, 0xfe, 0x00, 0x9f, 0x6b,
    0xff, 0xff, 0xff, 0x30, 0x00, 0x07, 0xce, 0xff, 0x00, 0x9f, 0x50, 0x7d,
    0xfe, 0xb3, 0x00, 0x00, 0x07, 0xce, 0xfe, 0xa4, 0x00, 0x00, 0x00, 0x00,
    0xff, 0x50, 0x2e, 0xff, 0xff, 0xff, 0xf9, 0x00, 0x00, 0x00, 0x0f, 0xf5,
    0x0c, 0xfe, 0x51, 0x02, 0xaf, 0xf5, 0x00, 0x00, 0x00, 0xff, 0x52, 0xff,
    0x50, 0x00, 0x00, 0xcf, 0xb0, 0x00, 0x00, 0x0f, 0xf5, 0x4f, 0xf7, 0x00,
    0x00, 0x07, 0xfd, 0x00, 0x00, 0x00, 0xff, 0x50, 0x6c, 0xfe, 0x70, 0x00,
    0x6f, 0xe0, 0x00, 0x00, 0x0f, 0xf5, 0x00, 0x3c, 0xfe, 0x00, 0x06, 0xfe,
    0x00, 0x00, 0x00, 0xff, 0x50, 0x3f, 0xf7, 0x10, 0x00, 0x6f, 0xe0, 0x00,
    0x00, 0x0f, 0xf5, 0x0a, 0xfb, 0x00, 0x00, 0x06, 0xfe, 0x00, 0x00, 0x00,
    0xff, 0x50, 0xcf, 0x80, 0x00, 0x00, 0x6f, 0xe0, 0x00, 0x00, 0x0f, 0xf5,
    0x0d, 0xf8, 0x00, 0x00, 0x05, 0xff, 0x00, 0x00, 0x04, 0xff, 0x50, 0xdf,
    0x80, 0x00, 0x00, 0x4f, 0xf3, 0x00, 0x00, 0xcf, 0xf5, 0x0c, 0xfb, 0x00,
    0x00, 0x00, 0xff, 0xd3, 0x03, 0xbf, 0xdf, 0x50, 0x9f, 0xff, 0xa0, 0x00,
    0x07, 0xff, 0xff, 0xff, 0x8a, 0xf5, 0x01, 0xae, 0xfb, 0x00, 0x00, 0x05,
    0xcf, 0xfc, 0x50, 0x9f, 0x50, 0x00, 0x04, 0xae, 0xff, 0xda, 0x40, 0x00,
    0x08, 0xff, 0xff, 0xff, 0xff, 0x80, 0x05, 0xff, 0xb3, 0x00, 0x2a, 0xff,
    0x40, 0xdf, 0xc0, 0x00, 0x00, 0x0d, 0xfa, 0x1f, 0xf4, 0x00, 0x00, 0x00,
    0x8f, 0xd4, 0xff, 0x00, 0x00, 0x00, 0x06, 0xfe, 0x6f, 0xe0, 0x00, 0x00,
    0x00, 0x6f, 0xe6, 0xfe, 0x00, 0x00, 0x00, 0x06, 0xfe, 0x6f, 0xe0, 0x00,
    0x00, 0x00, 0x6f, 0xe4, 0xff, 0x00, 0x00, 0x00, 0x06, 0xfe, 0x2f, 0xf3,
    0x00, 0x00, 0x00, 0x6f, 0xe0, 0xef, 0xa0, 0x00, 0x00, 0x06, 0xfe, 0x07,
    0xff, 0x81, 0x01, 0x00, 0x6f, 0xe0, 0x0b, 0xff, 0xff, 0xc0, 0x06, 0xfe,
    0x00, 0x06, 0xcf, 0xfd, 0x00, 0x6f, 0xe0, 0x00, 0x3b, 0xfe, 0x81, 0xbf,
    0xea, 0x10, 0x02, 0xff, 0xff, 0xfd, 0xff, 0xff, 0xd0, 0x0a, 0xfd, 0x21,
    0xdf, 0x60, 0x5f, 0xf4, 0x0f, 0xf6, 0x00, 0x49, 0x00, 0x0e, 0xf6, 0x3f,
    0xf2, 0x00, 0x00, 0x00, 0x0e, 0xf7, 0x4f, 0xf0, 0x00, 0x00, 0x00, 0x0e,
    0xf7, 0x5f, 0xf0, 0x00, 0x00, 0x00, 0x0e, 0xf7, 0x5f, 0xf0, 0x00, 0x00,
    0x00, 0x0e, 0xf7, 0x4f, 0xf0, 0x00, 0x00, 0x00, 0x0e, 0xf7, 0x3f, 0xf1,
    0x00, 0x00, 0x00, 0x0e, 0xf7, 0x0f, 0xf4, 0x00, 0x00, 0x00, 0x0e, 0xf7,
    0x0c, 0xfa, 0x00, 0x00, 0x00, 0x0e, 0xf7, 0x05, 0xff, 0x81, 0x01, 0x00,
    0x0e, 0xf7, 0x00, 0xaf, 0xff, 0xff, 0x00, 0x0e, 0xf7, 0x00, 0x06, 0xcf,
    0xff, 0x10, 0x0e, 0xf7, 0x00, 0x06, 0xbe, 0xfe, 0xc7, 0x00, 0x00, 0x1d,
    0xff, 0xff, 0xff, 0xfe, 0x20, 0x0c, 0xff, 0x61, 0x01, 0x6e, 0xfd, 0x02,
    0xff, 0x50, 0x00, 0x00, 0x3f, 0xf5, 0x4f, 0xf7, 0x00, 0x00, 0x00, 0xdf,
    0x70, 0x6c, 0xfe, 0x70, 0x00, 0x0c, 0xf8, 0x00, 0x3c, 0xfe, 0x00, 0x00,
    0xcf, 0x80, 0x3f, 0xf6, 0x10, 0x00, 0x0c, 0xf8, 0x0a, 0xfa, 0x00, 0x00,
    0x00, 0xcf, 0x80, 0xcf, 0x80, 0x00, 0x00, 0x0c, 0xf8, 0x0d, 0xf8, 0x00,
    0x00, 0x00, 0xcf, 0x80, 0xdf, 0x80, 0x00, 0x00, 0x0c, 0xf8, 0x0c, 0xfa,
    0x00, 0x00, 0x00, 0xcf, 0x80, 0x9f, 0xff, 0xa0, 0x00, 0x0c, 0xf8, 0x01,
    0xae, 0xfb, 0x00, 0x00, 0xcf, 0x80, 0xde, 0x01, 0x8d, 0xfe, 0xc5, 0x00,
    0xdf, 0x2d, 0xff, 0xff, 0xff, 0x90, 0xdf, 0xdf, 0x71, 0x03, 0xcf, 0xf3,
    0xdf, 0xf6, 0x00, 0x00, 0x1e, 0xf8, 0xdf, 0xd0, 0x00, 0x00, 0x0b, 0xfa,
    0xdf, 0x90, 0x00, 0x00, 0x09, 0xfb, 0xdf, 0x80, 0x00, 0x00, 0x09, 0xfb,
    0xdf, 0x80, 0x00, 0x00, 0x09, 0xfb, 0xdf, 0x80, 0x00, 0x00, 0x09, 0xfb,
    0xdf, 0x80, 0x00, 0x00, 0x09, 0xfb, 0xdf, 0x80, 0x00, 0x00, 0x09, 0xfb,
    0xdf, 0x80, 0x00, 0x00, 0x09, 0xfb, 0xdf, 0x80, 0x00, 0x00, 0x09, 0xfb,
    0xdf, 0x80, 0x00, 0x00, 0x09, 0xfb, 0xdf, 0x80, 0x00, 0x00, 0x09, 0xfb,
    0x00, 0x5b, 0xef, 0xfe, 0xc9, 0x40, 0x0a, 0xff, 0xff, 0xff, 0xff, 0xf0,
    0x2f, 0xf7, 0x10, 0x01, 0x37, 0xb0, 0x5f, 0xf0, 0x00, 0x00, 0x00, 0x00,
    0x3f, 0xfa, 0x20, 0x00, 0x00, 0x00, 0x09, 0xff, 0xfd, 0x83, 0x00, 0x00,
    0x00, 0x3a, 0xff, 0xff, 0xe6, 0x00, 0x00, 0x00, 0x05, 0xaf, 0xff, 0xc0,
    0x0e, 0xf4, 0x00, 0x00, 0x7f, 0xf7, 0x0e, 0xf4, 0x00, 0x00, 0x09, 0xfc,
    0x0e, 0xf4, 0x00, 0x00, 0x06, 0xfd, 0x0e, 0xf4, 0x00, 0x00, 0x09, 0xfc,
    0x0e, 0xf7, 0x10, 0x01, 0x7f, 0xf6, 0x0e, 0xff, 0xff, 0xff, 0xff, 0xb0,
    0x02, 0x8b, 0xef, 0xfe, 0xb5, 0x00, 0xef, 0x60, 0x00, 0x00, 0x0a, 0xfa,
    0xef, 0x60, 0x00, 0x00, 0x0a, 0xfa, 0xef, 0x60, 0x00, 0x00, 0x0a, 0xfa,
    0xef, 0x60, 0x00, 0x00, 0x0a, 0xfa, 0xef, 0x60, 0x00, 0x00, 0x0a, 0xfa,
    0xef, 0x60, 0x00, 0x00, 0x0a, 0xfa, 0xef, 0x60, 0x00, 0x00, 0x0a, 0xfa,
    0xef, 0x60, 0x00, 0x00, 0x0a, 0xfa, 0xef, 0x60, 0x00, 0x00, 0x0a, 0xfa,
    0xef, 0x60, 0x00, 0x00, 0x0b, 0xfa, 0xdf, 0x80, 0x00, 0x00, 0x0f, 0xfa,
    0xbf, 0xd0, 0x00, 0x00, 0x7f, 0xfa, 0x6f, 0xfa, 0x20, 0x28, 0xfd, 0xfa,
    0x0c, 0xff, 0xff, 0xff, 0xc5, 0xfa, 0x00, 0x7d, 0xff, 0xc7, 0x04, 0xfa,
    0xef, 0x60, 0x00, 0x00, 0x0b, 0xf9, 0xef, 0x60, 0x00, 0x00, 0x0b, 0xf9,
    0xef, 0x60, 0x00, 0x00, 0x0b, 0xf9, 0xef, 0x60, 0x00, 0x00, 0x0b, 0xf9,
    0xef, 0x60, 0x00, 0x00, 0x0b, 0xf9, 0xef, 0x60, 0x00, 0x00, 0x0b, 0xf9,
    0xef, 0x60, 0x00, 0x00, 0x0b, 0xf9, 0xef, 0x60, 0x00, 0x00, 0x0b, 0xf9,
    0xef, 0x60, 0x00, 0x00, 0x0b, 0xf9, 0xef, 0x70, 0x00, 0x00, 0x0b, 0xf9,
    0xdf, 0x80, 0x00, 0x00, 0x0d, 0xf8, 0x9f, 0xd0, 0x00, 0x00, 0x3f, 0xf5,
    0x3f, 0xfb, 0x30, 0x15, 0xef, 0xe0, 0x08, 0xff, 0xff, 0xff, 0xff, 0x40,
    0x00, 0x4b, 0xef, 0xfd, 0x92, 0x00, 0x00, 0x00, 0x00, 0x00, 0x0b, 0xf9,
    0x00, 0x00, 0x00, 0x00, 0x0b, 0xf9, 0x00, 0x00, 0x00, 0x00, 0x0b, 0xf9,
    0x00, 0x00, 0x00, 0x00, 0x0b, 0xf9, 0x00, 0x00, 0x00, 0x00, 0x0b, 0xf9,
    0xef, 0x60, 0x00, 0x00, 0x0b, 0xf9, 0xef, 0x60, 0x00, 0x00, 0x0b, 0xf9,
    0xef, 0x60, 0x00, 0x00, 0x0b, 0xf9, 0xef, 0x60, 0x00, 0x00, 0x0b, 0xf9,
    0xef, 0x60, 0x00, 0x00, 0x0b, 0xf9, 0xef, 0x60, 0x00, 0x00, 0x0b, 0xf9,
    0xef, 0x60, 0x00, 0x00, 0x0b, 0xf9, 0xef, 0x60, 0x00, 0x00, 0x0b, 0xf9,
    0xef, 0x60, 0x00, 0x00, 0x0b, 0xf9, 0xef, 0x70, 0x00, 0x00, 0x0b, 0xf9,
    0xdf, 0x80, 0x00, 0x00, 0x0d, 0xf8, 0x9f, 0xd0, 0x00, 0x00, 0x3f, 0xf5,
    0x3f, 0xfb, 0x30, 0x15, 0xdf, 0xe0, 0x08, 0xff, 0xff, 0xff, 0xff, 0x40,
    0x00, 0x4b, 0xef, 0xfd, 0x92, 0x00, 0x09, 0xdf, 0xc0, 0x00, 0x00, 0xbf,
    0x97, 0xff, 0xfa, 0x00, 0x00, 0x0b, 0xf9, 0xbf, 0xa0, 0x00, 0x00, 0x00,
    0xbf, 0x9c, 0xf8, 0x00, 0x00, 0x00, 0x0b, 0xf9, 0xcf, 0x80, 0x00, 0x00,
    0x00, 0xbf, 0x9c, 0xf8, 0x00, 0x5a, 0x30, 0x0b, 0xf9, 0xcf, 0x80, 0x0e,
    0xfc, 0x00, 0xbf, 0x9c, 0xf7, 0x08, 0xff, 0xf5, 0x0b, 0xf9, 0xcf, 0x72,
    0xff, 0x5f, 0xd0, 0xbf, 0x9c, 0xf7, 0xaf, 0x70, 0xaf, 0x7a, 0xf9, 0xcf,
    0x9f, 0xd0, 0x01, 0xfe, 0xaf, 0x9c, 0xff, 0xf5, 0x00, 0x08, 0xff, 0xf9,
    0xcf, 0xfb, 0x00, 0x00, 0x0e, 0xff, 0x9c, 0xff, 0x20, 0x00, 0x00, 0x5f,
    0xf9, 0xcf, 0x90, 0x00, 0x00, 0x00, 0xcf, 0x90, 0x00, 0x00, 0x00, 0x00,
    0x00, 0xbf, 0x90, 0x00, 0x00, 0x00, 0x00, 0x0b, 0xf9, 0x00, 0x00, 0x00,
    0x00, 0x00, 0xbf, 0x90, 0x00, 0x00, 0x00, 0x00, 0x0b, 0xf9, 0x00, 0x00,
    0x00, 0x00, 0x00, 0xbf, 0x90, 0x9d, 0xfa, 0x00, 0x00, 0x0b, 0xf9, 0x7f,
    0xff, 0xa0, 0x00, 0x00, 0xbf, 0x9b, 0xfa, 0x00, 0x00, 0x00, 0x0b, 0xf9,
    0xcf, 0x80, 0x00, 0x00, 0x00, 0xbf, 0x9c, 0xf8, 0x00, 0x00, 0x00, 0x0b,
    0xf9, 0xcf, 0x80, 0x05, 0xa3, 0x00, 0xbf, 0x9c, 0xf8, 0x00, 0xef, 0xc0,
    0x0b, 0xf9, 0xcf, 0x70, 0x8f, 0xff, 0x50, 0xbf, 0x9c, 0xf7, 0x2f, 0xf5,
    0xfd, 0x0b, 0xf9, 0xcf, 0x7a, 0xf7, 0x0a, 0xf7, 0xaf, 0x9c, 0xf9, 0xfd,
    0x00, 0x1f, 0xea, 0xf9, 0xcf, 0xff, 0x50, 0x00, 0x8f, 0xff, 0x9c, 0xff,
    0xb0, 0x00, 0x00, 0xef, 0xf9, 0xcf, 0xf2, 0x00, 0x00, 0x05, 0xff, 0x9c,
    0xf9, 0x00, 0x00, 0x00, 0x0c, 0xf9, 0xdf, 0x80, 0x00, 0x1f, 0xf1, 0x00,
    0x07, 0xfe, 0xaf, 0xa0, 0x00, 0x5f, 0xf5, 0x00, 0x09, 0xfb, 0x8f, 0xd0,
    0x00, 0x9f, 0xfa, 0x00, 0x0c, 0xf9, 0x5f, 0xf0, 0x00, 0xef, 0xee, 0x00,
    0x0e, 0xf6, 0x2f, 0xf2, 0x02, 0xfd, 0xcf, 0x20, 0x1f, 0xf3, 0x0f, 0xf4,
    0x06, 0xf9, 0x8f, 0x70, 0x3f, 0xf0, 0x0d, 0xf7, 0x0b, 0xf5, 0x4f, 0xb0,
    0x6f, 0xe0, 0x0a, 0xf9, 0x0f, 0xf1, 0x0f, 0xf0, 0x8f, 0xb0, 0x07, 0xfb,
    0x3f, 0xc0, 0x0b, 0xf3, 0xaf, 0x80, 0x04, 0xfc, 0x7f, 0x70, 0x07, 0xf7,
    0xcf, 0x60, 0x02, 0xfe, 0xaf, 0x30, 0x02, 0xfb, 0xdf, 0x30, 0x00, 0xff,
    0xee, 0x00, 0x00, 0xdf, 0xff, 0x00, 0x00, 0xcf, 0xf9, 0x00, 0x00, 0x9f,
    0xfd, 0x00, 0x00, 0x9f, 0xf5, 0x00, 0x00, 0x4f, 0xfb, 0x00, 0x00, 0x7f,
    0xf1, 0x00, 0x00, 0x0f, 0xf8, 0x00, 0x00, 0x00, 0x00, 0x00, 0x00, 0x00,
    0x02, 0xff, 0x10, 0x00, 0x00, 0x00, 0x00, 0x00, 0x00, 0x4f, 0xf0, 0x00,
    0x00, 0x00, 0x00, 0x00, 0x00, 0x06, 0xfd, 0x00, 0x00, 0x00, 0x00, 0x00,
    0x00, 0x00, 0x8f, 0xa0, 0x00, 0x00, 0x00, 0x00, 0x00, 0x00, 0x0a, 0xf8,
    0x0d, 0xf8, 0x00, 0x02, 0xff, 0x00, 0x00, 0xcf, 0x60, 0xbf, 0xa0, 0x00,
    0x6f, 0xf4, 0x00, 0x0e, 0xf4, 0x08, 0xfc, 0x00, 0x0b, 0xff, 0x80, 0x00,
    0xff, 0x10, 0x5f, 0xe0, 0x00, 0xfe, 0xfd, 0x00, 0x2f, 0xf0, 0x03, 0xff,
    0x10, 0x4f, 0xbd, 0xf1, 0x05, 0xfd, 0x00, 0x0f, 0xf3, 0x08, 0xf8, 0xaf,
    0x50, 0x7f, 0xa0, 0x00, 0xdf, 0x50, 0xcf, 0x36, 0xfa, 0x08, 0xf8, 0x00,
    0x0b, 0xf7, 0x1f, 0xf0, 0x2f, 0xe0, 0xaf, 0x60, 0x00, 0x8f, 0x85, 0xfa,
    0x00, 0xdf, 0x2c, 0xf4, 0x00, 0x06, 0xfa, 0x8f, 0x60, 0x09, 0xf6, 0xef,
    0x10, 0x00, 0x3f, 0xcc, 0xf1, 0x00, 0x4f, 0x9f, 0xf0, 0x00, 0x00, 0xfe,
    0xfc, 0x00, 0x00, 0xfe, 0xfd, 0x00, 0x00, 0x0e, 0xff, 0x80, 0x00, 0x0b,
    0xff, 0xa0, 0x00, 0x00, 0xbf, 0xf3, 0x00, 0x00, 0x6f, 0xf8, 0x00, 0x00,
    0x08, 0xfe, 0x00, 0x00, 0x01, 0xff, 0x60, 0x00, 0x00, 0x00, 0x6b, 0xef,
    0xec, 0x70, 0x00, 0x00, 0x1d, 0xff, 0xff, 0xff, 0xfe, 0x20, 0x00, 0xbf,
    0xf7, 0x10, 0x16, 0xef, 0xe0, 0x02, 0xff, 0x60, 0x00, 0x00, 0x3f, 0xf5,
    0x04, 0xff, 0x80, 0x00, 0x00, 0x0d, 0xf8, 0x00, 0x6b, 0xfe, 0x80, 0x00,
    0x0b, 0xf9, 0x00, 0x03, 0xcf, 0xf0, 0x00, 0x0b, 0xf9, 0x00, 0x2f, 0xf9,
    0x10, 0x00, 0x0b, 0xf9, 0x00, 0x7f, 0xe0, 0x00, 0x00, 0x0b, 0xf9, 0x00,
    0x9f, 0xb0, 0x00, 0x00, 0x0b, 0xf9, 0x00, 0x9f, 0xb0, 0x00, 0x00, 0x0b,
    0xf9, 0x00, 0x9f, 0xb0, 0x00, 0x00, 0x0b, 0xf9, 0x00, 0xbf, 0xa0, 0x00,
    0x00, 0x0b, 0xf9, 0x5f, 0xff, 0x80, 0x00, 0x00, 0x0b, 0xf9, 0x6f, 0xfb,
    0x10, 0x00, 0x00, 0x0b, 0xf9, 0xbf, 0xa0, 0x00, 0x00, 0x07, 0xfd, 0xbf,
    0xa0, 0x00, 0x00, 0x07, 0xfd, 0xbf, 0xa0, 0x00, 0x00, 0x07, 0xfd, 0xbf,
    0xa0, 0x00, 0x00, 0x07, 0xfd, 0xbf, 0xa0, 0x00, 0x00, 0x07, 0xfd, 0xbf,
    0xa0, 0x00, 0x00, 0x07, 0xfd, 0xbf, 0xa0, 0x00, 0x00, 0x07, 0xfd, 0xbf,
    0xa0, 0x00, 0x00, 0x07, 0xfd, 0xbf, 0xa0, 0x00, 0x00, 0x07, 0xfd, 0xbf,
    0xb0, 0x00, 0x00, 0x07, 0xfd, 0xbf, 0xe0, 0x00, 0x00, 0x09, 0xfc, 0xbf,
    0xf7, 0x00, 0x00, 0x0d, 0xfa, 0xbf, 0xdf, 0x82, 0x02, 0xaf, 0xf5, 0xbf,
    0x5c, 0xff, 0xff, 0xff, 0xb0, 0xbf, 0x30, 0x7d, 0xff, 0xc7, 0x00, 0x00,
    0x6c, 0xff, 0xd3, 0x00, 0xff, 0x50, 0x8f, 0xff, 0xff, 0x10, 0x0f, 0xf5,
    0x1f, 0xfa, 0x10, 0x10, 0x00, 0xff, 0x53, 0xff, 0x20, 0x00, 0x00, 0x0f,
    0xf5, 0x1f, 0xf3, 0x00, 0x00, 0x00, 0xff, 0x50, 0xaf, 0xd4, 0x10, 0x00,
    0x0f, 0xf5, 0x00, 0x8f, 0xff, 0xb0, 0x00, 0xff, 0x50, 0x2c, 0xff, 0xd8,
    0x00, 0x0f, 0xf5, 0x0c, 0xfc, 0x10, 0x00, 0x00, 0xff, 0x51, 0xff, 0x40,
    0x00, 0x00, 0x0f, 0xf5, 0x2f, 0xf3, 0x00, 0x00, 0x00, 0xff, 0x40, 0xff,
    0x70, 0x00, 0x00, 0x4f, 0xf2, 0x0b, 0xff, 0x60, 0x00, 0x4e, 0xfd, 0x00,
    0x2e, 0xff, 0xff, 0xff, 0xff, 0x30, 0x00, 0x18, 0xce, 0xff, 0xd8, 0x10,
    0x00, 0x00, 0x6b, 0xef, 0xed, 0xa4, 0x01, 0xcf, 0xff, 0xff, 0xff, 0xe0,
    0x8f, 0xf6, 0x00, 0x02, 0x69, 0x0b, 0xf9, 0x00, 0x00, 0x00, 0x00, 0xbf,
    0xc0, 0x00, 0x00, 0x00, 0x05, 0xff, 0xc4, 0x00, 0x00, 0x00, 0x08, 0xff,
    0xfe, 0x81, 0x00, 0x00, 0x04, 0xbf, 0xff, 0xfa, 0x10, 0x00, 0x00, 0x27,
    0xdf, 0xfd, 0x00, 0x00, 0x00, 0x00, 0x7f, 0xf6, 0x00, 0x00, 0x00, 0x00,
    0xbf, 0xa0, 0x00, 0x00, 0x00, 0x0c, 0xf9, 0x6a, 0x52, 0x00, 0x29, 0xff,
    0x4c, 0xff, 0xff, 0xff, 0xff, 0x90, 0x27, 0xbe, 0xff, 0xea, 0x40, 0x00,
    0x00, 0x06, 0xbe, 0xfe, 0xc7, 0x00, 0x00, 0x1c, 0xff, 0xff, 0xff, 0xfe,
    0x20, 0x0b, 0xff, 0x71, 0x01, 0x6e, 0xfd, 0x02, 0xff, 0x50, 0x00, 0x00,
    0x3f, 0xf5, 0x4f, 0xf6, 0x00, 0x00, 0x00, 0xdf, 0x71, 0x7d, 0xfe, 0x60,
    0x00, 0x0c, 0xf8, 0x00, 0x2c, 0xff, 0x00, 0x00, 0xcf, 0x80, 0x2f, 0xf8,
    0x30, 0x00, 0x0c, 0xf8, 0x0a, 0xfa, 0x00, 0x00, 0x00, 0xcf, 0x80, 0xcf,
    0x80, 0x00, 0x00, 0x0c, 0xf8, 0x0d, 0xf8, 0x00, 0x00, 0x00, 0xcf, 0x80,
    0xdf, 0x80, 0x00, 0x00, 0x0c, 0xf8, 0x0c, 0xfa, 0x00, 0x00, 0x00, 0xff,
    0xe0, 0x9f, 0xff, 0xa0, 0x00, 0x0f, 0xff, 0x01, 0xae, 0xfb, 0x00, 0x00,
    0xff, 0xf0, 0x00, 0x00, 0x00, 0x00, 0x0c, 0xf8, 0x00, 0x00, 0x00, 0x00,
    0x00, 0xcf, 0x80, 0x00, 0x00, 0x00, 0x00, 0x0c, 0xf8, 0x00, 0x00, 0x00,
    0x00, 0x00, 0xcf, 0x80, 0x00, 0x00, 0x00, 0x00, 0x0c, 0xf8, 0x00, 0x5a,
    0xdf, 0xfe, 0xb5, 0x00, 0x09, 0xff, 0xff, 0xff, 0xff, 0x90, 0x09, 0xb5,
    0x10, 0x01, 0x9f, 0xf3, 0x01, 0x00, 0x00, 0x00, 0x0d, 0xf8, 0x00, 0x00,
    0x00, 0x00, 0x0a, 0xfb, 0x00, 0x00, 0x00, 0x00, 0x08, 0xfb, 0x00, 0x28,
    0xce, 0xff, 0xff, 0xfb, 0x06, 0xff, 0xff, 0xff, 0xff, 0xfb, 0x3f, 0xfc,
    0x41, 0x00, 0x08, 0xfb, 0x8f, 0xe0, 0x00, 0x00, 0x08, 0xfb, 0xbf, 0xa0,
    0x00, 0x00, 0x08, 0xfb, 0xaf, 0xc0, 0x00, 0x00, 0x08, 0xfb, 0x6f, 0xf7,
    0x00, 0x10, 0x08, 0xfb, 0x0c, 0xff, 0xff, 0xf0, 0x08, 0xfb, 0x00, 0x8d,
    0xff, 0xf3, 0x08, 0xfb, 0x00, 0x00, 0x6b, 0xef, 0xec, 0x70, 0x00, 0x00,
    0x1c, 0xff, 0xff, 0xff, 0xfe, 0x20, 0x00, 0xbf, 0xf7, 0x10, 0x16, 0xef,
    0xe0, 0x02, 0xff, 0x60, 0x00, 0x00, 0x3f, 0xf5, 0x04, 0xff, 0x70, 0x00,
    0x00, 0x0d, 0xf8, 0x00, 0x7d, 0xfe, 0x60, 0x00, 0x0b, 0xf9, 0x00, 0x02,
    0xcf, 0xf0, 0x00, 0x0b, 0xf9, 0x00, 0x1f, 0xfa, 0x30, 0x00, 0x0b, 0xf9,
    0x00, 0x7f, 0xe0, 0x00, 0x00, 0x0b, 0xf9, 0x00, 0x9f, 0xb0, 0x00, 0x00,
    0x0b, 0xf9, 0x00, 0x9f, 0xb0, 0x00, 0x00, 0x0b, 0xf9, 0x00, 0x9f, 0xb0,
    0x00, 0x00, 0x0b, 0xf9, 0x00, 0xbf, 0xa0, 0x00, 0x00, 0x0f, 0xff, 0x5f,
    0xff, 0x80, 0x00, 0x00, 0x0f, 0xff, 0x6f, 0xfb, 0x10, 0x00, 0x00, 0x0f,
    0xff, 0x00, 0x00, 0x00, 0x00, 0x00, 0x0b, 0xf9, 0x00, 0x00, 0x00, 0x00,
    0x00, 0x0b, 0xf9, 0x00, 0x00, 0x00, 0x00, 0x00, 0x0b, 0xf9, 0x00, 0x00,
    0x00, 0x00, 0x00, 0x0b, 0xf9, 0x00, 0x00, 0x00, 0x00, 0x00, 0x0b, 0xf9,
    0x06, 0xce, 0xfe, 0xc6, 0x00, 0x00, 0x0e, 0xff, 0xff, 0xff, 0xd2, 0x00,
    0x08, 0x31, 0x02, 0x7f, 0xfd, 0x00, 0x00, 0x00, 0x00, 0x04, 0xff, 0x60,
    0x00, 0x00, 0x00, 0x00, 0xbf, 0xb0, 0x00, 0x00, 0x00, 0x00, 0x6f, 0xf0,
    0x00, 0x00, 0x00, 0x00, 0x4f, 0xf1, 0x00, 0x00, 0x00, 0x00, 0x3f, 0xf2,
    0x00, 0x00, 0x00, 0x00, 0x4f, 0xf1, 0x00, 0x00, 0x00, 0x00, 0x6f, 0xf0,
    0x00, 0x00, 0x00, 0x00, 0xbf, 0xc0, 0x00, 0x00, 0x00, 0x04, 0xff, 0x60,
    0x05, 0x72, 0x01, 0x6f, 0xfd, 0x00, 0x0d, 0xff, 0xff, 0xff, 0xe2, 0x00,
    0x03, 0xad, 0xff, 0xd8, 0x10, 0x00, 0x00, 0x00, 0x00, 0x00, 0x00, 0x4b,
    0x90, 0x04, 0xae, 0xff, 0xd9, 0x4d, 0xfa, 0x08, 0xff, 0xff, 0xff, 0xff,
    0xfb, 0x03, 0xff, 0xc4, 0x00, 0x4c, 0xff, 0x20, 0x9f, 0xe0, 0x00, 0x00,
    0x1e, 0xf8, 0x0c, 0xf9, 0x00, 0x00, 0x00, 0x9f, 0xc0, 0xef, 0x70, 0x00,
    0x00, 0x07, 0xfd, 0x0e, 0xf6, 0x00, 0x00, 0x00, 0x7f, 0xd0, 0xef, 0x66,
    0xcf, 0xf1, 0x07, 0xfd, 0x0e, 0xfc, 0xff, 0xff, 0x10, 0x7f, 0xd0, 0xef,
    0xfa, 0x30, 0x00, 0x07, 0xfd, 0x0e, 0xfc, 0x00, 0x00, 0x00, 0x7f, 0xd0,
    0xef, 0x70, 0x00, 0x00, 0x07, 0xfd, 0x0e, 0xf6, 0x00, 0x00, 0x00, 0x7f,
    0xd0, 0xef, 0x60, 0x00, 0x00, 0x07, 0xfd, 0x0e, 0xf6, 0x00, 0x00, 0x00,
    0x7f, 0xd0, 0xef, 0x60, 0x00, 0x00, 0x05, 0xff, 0x00, 0xef, 0x60, 0x00,
    0x00, 0x05, 0xff, 0x00, 0xef, 0x60, 0x00, 0x00, 0x05, 0xff, 0x00, 0xef,
    0x60, 0x00, 0x00, 0x05, 0xff, 0x00, 0xef, 0x60, 0x00, 0x00, 0x05, 0xff,
    0x00, 0xef, 0x60, 0x1f, 0xc0, 0x05, 0xff, 0x00, 0xef, 0x60, 0x3f, 0xf1,
    0x05, 0xff, 0x00, 0xef, 0x60, 0x0f, 0xff, 0xff, 0xff, 0xfa, 0xef, 0x60,
    0x03, 0xac, 0xdf, 0xff, 0xd8, 0xdf, 0x70, 0x00, 0x00, 0x06, 0xff, 0x00,
    0xcf, 0x90, 0x00, 0x00, 0x08, 0xfd, 0x00, 0x9f, 0xe0, 0x00, 0x00, 0x0d,
    0xfa, 0x00, 0x3f, 0xfb, 0x30, 0x02, 0xaf, 0xf4, 0x00, 0x07, 0xff, 0xff,
    0xff, 0xff, 0x80, 0x00, 0x00, 0x3a, 0xdf, 0xfd, 0xa4, 0x00, 0x00, 0x00,
    0x00, 0x00, 0x00, 0x00, 0x7f, 0xd0, 0x05, 0xad, 0xff, 0xeb, 0x7e, 0xf8,
    0x09, 0xff, 0xff, 0xff, 0xff, 0xfb, 0x00, 0x9b, 0x51, 0x00, 0x19, 0xff,
    0x20, 0x01, 0x00, 0x00, 0x00, 0x0d, 0xf8, 0x00, 0x00, 0x00, 0x00, 0x00,
    0xaf, 0xb0, 0x00, 0x00, 0x00, 0x00, 0x08, 0xfb, 0x00, 0x02, 0x8c, 0xef,
    0xff, 0xff, 0xb0, 0x06, 0xff, 0xff, 0xff, 0xff, 0xfb, 0x03, 0xff, 0xc4,
    0x10, 0x00, 0x8f, 0xb0, 0x8f, 0xe0, 0x00, 0x00, 0x08, 0xfb, 0x0b, 0xfa,
    0x00, 0x00, 0x00, 0x8f, 0xb0, 0xaf, 0xc0, 0x00, 0x00, 0x08, 0xfb, 0x06,
    0xff, 0x70, 0x01, 0x00, 0x8f, 0xb0, 0x0c, 0xff, 0xff, 0xf0, 0x08, 0xfb,
    0x00, 0x08, 0xdf, 0xff, 0x30, 0x8f, 0xb0, 0xbf, 0xa0, 0x00, 0x00, 0xcf,
    0xd1, 0xbf, 0xa0, 0x00, 0x0a, 0xfe, 0x20, 0xbf, 0xa0, 0x00, 0x8f, 0xf3,
    0x00, 0xbf, 0xa0, 0x05, 0xff, 0x40, 0x00, 0xbf, 0xa0, 0x3f, 0xf5, 0x00,
    0x00, 0xbf, 0xa2, 0xef, 0xfe, 0xa3, 0x00, 0xbf, 0xbd, 0xff, 0xef, 0xff,
    0x50, 0xbf, 0xff, 0x90, 0x02, 0xdf, 0xe0, 0xbf, 0xfa, 0x00, 0x00, 0x3f,
    0xf4, 0xbf, 0xc0, 0x00, 0x00, 0x0e, 0xf6, 0xbf, 0xa0, 0x00, 0x00, 0x0d,
    0xf7, 0xbf, 0xa0, 0x00, 0x00, 0x0d, 0xf7, 0xbf, 0xa0, 0x00, 0x00, 0x0d,
    0xf7, 0xbf, 0xa0, 0x00, 0x00, 0x0d, 0xf7, 0xbf, 0xa0, 0x00, 0x00, 0x0d,
    0xf7, 0x00, 0x00, 0x00, 0x00, 0x00, 0x00, 0x03, 0xff, 0x20, 0x00, 0x00,
    0x00, 0x00, 0x00, 0x00, 0x7f, 0xf0, 0x00, 0x00, 0x00, 0x00, 0x00, 0x00,
    0x5e, 0xf7, 0x00, 0x00, 0x00, 0x00, 0x06, 0xff, 0xff, 0xc5, 0x00, 0xdf,
    0x70, 0x00, 0x00, 0x4c, 0xcf, 0xfe, 0x30, 0x0b, 0xf9, 0x00, 0x00, 0x00,
    0x00, 0x1c, 0xfb, 0x00, 0x9f, 0xb0, 0x00, 0x01, 0x00, 0x00, 0x5f, 0xe0,
    0x06, 0xfc, 0x00, 0x07, 0xfb, 0x00, 0x04, 0xfe, 0x00, 0x4f, 0xe0, 0x00,
    0xdf, 0xf1, 0x00, 0x6f, 0xc0, 0x02, 0xff, 0x00, 0x2f, 0xcf, 0x60, 0x09,
    0xf9, 0x00, 0x0f, 0xf2, 0x08, 0xf5, 0xfc, 0x00, 0xcf, 0x60, 0x00, 0xdf,
    0x40, 0xef, 0x0c, 0xf2, 0x0f, 0xf4, 0x00, 0x0a, 0xf6, 0x3f, 0xc0, 0x7f,
    0x71, 0xff, 0x10, 0x00, 0x8f, 0x88, 0xf6, 0x02, 0xfc, 0x3f, 0xe0, 0x00,
    0x06, 0xf9, 0xdf, 0x10, 0x0c, 0xf6, 0xfb, 0x00, 0x00, 0x3f, 0xbf, 0xb0,
    0x00, 0x7f, 0xbf, 0x90, 0x00, 0x01, 0xff, 0xf6, 0x00, 0x02, 0xff, 0xf6,
    0x00, 0x00, 0x0f, 0xff, 0x10, 0x00, 0x0c, 0xff, 0x30, 0x00, 0x00, 0xcf,
    0xb0, 0x00, 0x00, 0x7f, 0xf1, 0x00, 0x00, 0x02, 0x8c, 0xef, 0xed, 0x81,
    0x00, 0x00, 0xff, 0xff, 0xff, 0xff, 0xe3, 0x00, 0x0e, 0x83, 0x10, 0x15,
    0xdf, 0xf1, 0x00, 0x00, 0x00, 0x00, 0x01, 0xef, 0x80, 0x00, 0x00, 0x00,
    0x00, 0x08, 0xfd, 0x00, 0x00, 0x00, 0x00, 0x00, 0x4f, 0xf1, 0x4e, 0xee,
    0xee, 0x20, 0x02, 0xff, 0x36, 0xff, 0xff, 0xf2, 0x00, 0x1f, 0xf4, 0x6f,
    0xe0, 0x00, 0x00, 0x01, 0xff, 0x36, 0xfe, 0x00, 0x00, 0x00, 0x3f, 0xf2,
    0x4f, 0xf0, 0x00, 0x00, 0x06, 0xff, 0x01, 0xff, 0x50, 0x00, 0x00, 0xdf,
    0xa0, 0x0a, 0xfe, 0x40, 0x02, 0xaf, 0xf3, 0x00, 0x1d, 0xff, 0xff, 0xff,
    0xf7, 0x00, 0x00, 0x18, 0xdf, 0xfd, 0xa3, 0x00, 0x00, 0x00, 0x00, 0x00,
    0x00, 0x00, 0x7f, 0xd0, 0x28, 0xce, 0xff, 0xd8, 0x4e, 0xf9, 0x0f, 0xff,
    0xff, 0xff, 0xff, 0xfb, 0x10, 0xd8, 0x30, 0x01, 0x5d, 0xff, 0x10, 0x00,
    0x00, 0x00, 0x00, 0x1e, 0xf8, 0x00, 0x00, 0x00, 0x00, 0x00, 0x8f, 0xe0,
    0x00, 0x00, 0x00, 0x00, 0x04, 0xff, 0x14, 0xee, 0xee, 0xe2, 0x00, 0x2f,
    0xf3, 0x6f, 0xff, 0xff, 0x20, 0x01, 0xff, 0x46, 0xfe, 0x00, 0x00, 0x00,
    0x1f, 0xf3, 0x6f, 0xe0, 0x00, 0x00, 0x03, 0xff, 0x24, 0xff, 0x00, 0x00,
    0x00, 0x6f, 0xf0, 0x1f, 0xf5, 0x00, 0x00, 0x0d, 0xfb, 0x00, 0xaf, 0xe4,
    0x00, 0x2a, 0xff, 0x30, 0x01, 0xdf, 0xff, 0xff, 0xff, 0x70, 0x00, 0x01,
    0x8d, 0xff, 0xda, 0x30, 0x00, 0x00, 0x8e, 0xff, 0x20, 0x6f, 0xf0, 0xbf,
    0xff, 0xf0, 0x06, 0xff, 0x3f, 0xf8, 0x00, 0x00, 0x6f, 0xf7, 0xfe, 0x00,
    0x00, 0x06, 0xff, 0x8f, 0xd0, 0x00, 0x00, 0x7f, 0xf6, 0xff, 0x00, 0x00,
    0x0b, 0xff, 0x1f, 0xfb, 0x20, 0x18, 0xff, 0xf0, 0x6f, 0xff, 0xff, 0xff,
    0xff, 0x00, 0x4b, 0xef, 0xd8, 0x7f, 0xf0, 0x00, 0x00, 0x00, 0x06, 0xff,
    0x00, 0x00, 0x00, 0x00, 0x6f, 0xf0, 0x00, 0x00, 0x00, 0x06, 0xff, 0x00,
    0x00, 0x00, 0x00, 0x6f, 0xf0, 0x00, 0x00, 0x00, 0x06, 0xff, 0x00, 0x00,
    0x00, 0x00, 0x6f, 0xf0, 0xbc, 0x30, 0x00, 0x0f, 0xf5, 0x00, 0x00, 0xcf,
    0xff, 0xff, 0xc1, 0x9d, 0xee, 0xea, 0x00, 0x00, 0x00, 0x00, 0x00, 0x00,
    0x00, 0x00, 0x00, 0x00, 0x07, 0x82, 0x00, 0x00, 0xff, 0x40, 0x00, 0x0d,
    0xff, 0xee, 0xea, 0x2c, 0xff, 0xff, 0xc0, 0x5b, 0x60, 0x00, 0x00, 0x00,
    0x09, 0xfb, 0x00, 0x00, 0x00, 0x00, 0x7f, 0xfd, 0xdd, 0xdd, 0xdd, 0x10,
    0x9e, 0xff, 0xff, 0xff, 0xf1, 0x4a, 0xdf, 0xfd, 0x70, 0x0b, 0xff, 0xff,
    0xff, 0xb0, 0x96, 0x20, 0x1a, 0xff, 0x30, 0x00, 0x00, 0x0f, 0xf6, 0x00,
    0x00, 0x00, 0xef, 0x70, 0x00, 0x00, 0x0d, 0xf7, 0x00, 0x00, 0x00, 0xdf,
    0x70, 0x00, 0x00, 0x0d, 0xf7, 0x00, 0x00, 0x00, 0xdf, 0x70, 0x00, 0x00,
    0x0d, 0xf7, 0x00, 0x00, 0x00, 0xdf, 0x70, 0x00, 0x00, 0x0d, 0xf7, 0x00,
    0x00, 0x00, 0xdf, 0x70, 0x00, 0x00, 0x0d, 0xf7, 0x00, 0x00, 0x00, 0xdf,
    0x70, 0x00, 0x00, 0x00, 0x00, 0x00, 0x00, 0x00, 0x00, 0x3c, 0xff, 0xa1,
    0x00, 0x00, 0x00, 0x00, 0x00, 0xdd, 0x45, 0xf9, 0x00, 0x00, 0x00, 0x00,
    0x00, 0xec, 0x13, 0xf9, 0x00, 0x00, 0x00, 0x00, 0x00, 0x5f, 0xff, 0xd2,
    0x00, 0x00, 0x00, 0x00, 0x00, 0x00, 0x22, 0x00, 0x00, 0x00, 0x00, 0x00,
    0x00, 0x00, 0x00, 0x00, 0x00, 0x00, 0x00, 0x00, 0x00, 0x00, 0x00, 0x00,
    0x04, 0xad, 0xff, 0xd7, 0x00, 0x00, 0x00, 0x00, 0x0b, 0xff, 0xff, 0xff,
    0xb0, 0x00, 0x00, 0x00, 0x09, 0x62, 0x01, 0xaf, 0xf3, 0x00, 0x00, 0x00,
    0x00, 0x00, 0x00, 0x0f, 0xf6, 0x00, 0x00, 0x00, 0x00, 0x00, 0x00, 0x0e,
    0xf7, 0x00, 0x00, 0x00, 0x00, 0x00, 0x00, 0x0d, 0xf7, 0x00, 0x00, 0x00,
    0x00, 0x00, 0x00, 0x0d, 0xf7, 0x00, 0x00, 0x00, 0x00, 0x00, 0x00, 0x0d,
    0xf7, 0x00, 0x00, 0x00, 0x00, 0x00, 0x00, 0x0d, 0xf7, 0x00, 0x00, 0x00,
    0x00, 0x00, 0x00, 0x0d, 0xf7, 0x00, 0x00, 0x00, 0x00, 0x00, 0x00, 0x0d,
    0xf7, 0x00, 0x00, 0x00, 0x00, 0x00, 0x00, 0x0d, 0xf7, 0x00, 0x00, 0x00,
    0x00, 0x00, 0x00, 0x0d, 0xf7, 0x00, 0x00, 0x00, 0x00, 0x00, 0x00, 0x0d,
    0xf7, 0x00, 0x00, 0x00, 0x00, 0x00, 0x00, 0x0d, 0xf7, 0x06, 0xde, 0xee,
    0xee, 0xee, 0xe9, 0x5f, 0xff, 0xff, 0xff, 0xff, 0xfb, 0x00, 0x00, 0x00,
    0x00, 0x07, 0xfb, 0x00, 0x00, 0x00, 0x00, 0x07, 0xfb, 0x06, 0xde, 0xee,
    0xee, 0xef, 0xff, 0x5f, 0xff, 0xff, 0xff, 0xff, 0xfb, 0x00, 0x00, 0x00,
    0x03, 0xcf, 0xd4, 0x00, 0x00, 0x00, 0x00, 0xcb, 0x4a, 0xe0, 0x06, 0xde,
    0xee, 0xef, 0xb3, 0x9e, 0x05, 0xff, 0xff, 0xff, 0xff, 0xfd, 0x40, 0x00,
    0x00, 0x00, 0xfe, 0x03, 0xfb, 0x00, 0x00, 0x00, 0xfe, 0x03, 0xfb, 0x06,
    0xde, 0xee, 0xff, 0xef, 0xff, 0x5f, 0xff, 0xff, 0xff, 0xff, 0xfb, 0x14,
    0x20, 0xaf, 0xf6, 0x4c, 0xfa, 0x06, 0xfa, 0x06, 0xfa, 0x06, 0xfa, 0x06,
    0x71, 0x00, 0x28, 0x50, 0xff, 0xc0, 0x05, 0xfb, 0x06, 0xfe, 0x00, 0x5f,
    0xb0, 0x0f, 0xf0, 0x07, 0xfa, 0x00, 0xcf, 0xda, 0xff, 0x50, 0x01, 0xae,
    0xfd, 0x60, 0x04, 0x72, 0x03, 0xff, 0xf0, 0x4f, 0xff, 0x20, 0xcf, 0xa0,
    0x00, 0x00, 0x6f, 0x30, 0x00, 0x00, 0x00, 0x00, 0x6f, 0x30, 0x00, 0x00,
    0xff, 0xff, 0xff, 0xfc, 0x82, 0x00, 0xff, 0xff, 0xff, 0xff, 0xff, 0x60,
    0xff, 0x51, 0x7f, 0x56, 0xef, 0xf1, 0xff, 0x40, 0x6f, 0x30, 0x4f, 0xf4,
    0xff, 0x40, 0x6f, 0x30, 0x1f, 0xf4, 0xff, 0x40, 0x6f, 0x30, 0x4f, 0xf1,
    0xff, 0x40, 0x6f, 0x44, 0xef, 0x90, 0xff, 0xff, 0xff, 0xff, 0xc6, 0x00,
    0xff, 0xff, 0xff, 0xff, 0xe9, 0x10, 0xff, 0x51, 0x7f, 0x55, 0xcf, 0xe2,
    0xff, 0x40, 0x6f, 0x30, 0x1e, 0xfa, 0xff, 0x40, 0x6f, 0x30, 0x09, 0xfd,
    0xff, 0x40, 0x6f, 0x30, 0x0a, 0xfe, 0xff, 0x40, 0x6f, 0x30, 0x1e, 0xfb,
    0xff, 0x40, 0x6f, 0x34, 0xcf, 0xf5, 0xff, 0xff, 0xff, 0xff, 0xff, 0x80,
    0xff, 0xff, 0xff, 0xfe, 0xa4, 0x00, 0x00, 0x00, 0x7f, 0x30, 0x00, 0x00,
    0x00, 0x00, 0x6f, 0x30, 0x00, 0x00, 0x00, 0x00, 0x6f, 0x30, 0x00, 0x00,
    0x8f, 0xd0, 0x00, 0x8f, 0xd0, 0x00, 0x8f, 0xd0, 0x00, 0x8f, 0xd0, 0x00,
    0x8f, 0xd0, 0x00, 0x8f, 0xd0, 0x00, 0x8f, 0xd0, 0x00, 0x8f, 0xd0, 0x00,
    0x8f, 0xd0, 0x00, 0x8f, 0xd0, 0x00, 0x8f, 0xd0, 0x00, 0x8f, 0xd0, 0x00,
    0x7f, 0xe0, 0x00, 0x4f, 0xff, 0xf0, 0x07, 0xdf, 0xd1, 0x8f, 0xd0, 0x00,
    0x06, 0xfe, 0x00, 0x08, 0xfd, 0x00, 0x00, 0x6f, 0xe0, 0x00, 0x8f, 0xd0,
    0x00, 0x06, 0xfe, 0x00, 0x08, 0xfd, 0x00, 0x00, 0x6f, 0xe0, 0x00, 0x8f,
    0xd0, 0x00, 0x06, 0xfe, 0x00, 0x08, 0xfd, 0x00, 0x00, 0x6f, 0xe0, 0x00,
    0x8f, 0xd0, 0x00, 0x06, 0xfe, 0x00, 0x08, 0xfd, 0x00, 0x00, 0x6f, 0xe0,
    0x00, 0x8f, 0xd0, 0x00, 0x06, 0xfe, 0x00, 0x08, 0xfd, 0x00, 0x00, 0x6f,
    0xe0, 0x00, 0x8f, 0xd0, 0x00, 0x06, 0xfe, 0x00, 0x08, 0xfd, 0x00, 0x00,
    0x6f, 0xe0, 0x00, 0x7f, 0xe0, 0x00, 0x05, 0xff, 0x10, 0x04, 0xff, 0xff,
    0x00, 0x2f, 0xff, 0xf1, 0x07, 0xdf, 0xd1, 0x00, 0x6d, 0xfd, 0x20, 0x3b,
    0xff, 0xff, 0xff, 0xf1, 0xbf, 0xff, 0xee, 0xee, 0xe1, 0x03, 0xdf, 0x50,
    0x00, 0x00, 0x00, 0x5f, 0xe0, 0x00, 0x00, 0x00, 0x2f, 0xf1, 0x00, 0x00,
    0x00, 0x2f, 0xf2, 0x00, 0x00, 0x00, 0x2f, 0xf2, 0x00, 0x00, 0x00, 0x4f,
    0xf5, 0x00, 0x00, 0x00, 0x4f, 0xf5, 0x00, 0x00, 0x00, 0x3f, 0xf4, 0x00,
    0x00, 0x00, 0x2f, 0xf2, 0x00, 0x00, 0x00, 0x2f, 0xf2, 0x00, 0x00, 0x00,
    0x2f, 0xf2, 0x00, 0x00, 0x00, 0x2f, 0xf2, 0x00, 0x00, 0x00, 0x2f, 0xf2,
    0x00, 0x00, 0x00, 0x2f, 0xf2, 0x00, 0x00, 0x00, 0x2f, 0xf2, 0x00, 0x00,
    0x00, 0x2f, 0xf2, 0x00, 0x00, 0x00, 0x2f, 0xf2, 0x00, 0x00, 0x00, 0x1f,
    0xf5, 0x00, 0x00, 0x00, 0x0e, 0xff, 0xf5, 0x00, 0x00, 0x03, 0xcf, 0xe5,
    0x00, 0x3b, 0xef, 0xd8, 0x00, 0x8f, 0xff, 0xff, 0xb0, 0x43, 0x00, 0x7f,
    0xf1, 0x00, 0x00, 0x2f, 0xf2, 0x00, 0x00, 0x6f, 0xe0, 0x00, 0x01, 0xef,
    0x60, 0x00, 0x0c, 0xfb, 0x00, 0x00, 0x6f, 0xe1, 0x00, 0x00, 0xbf, 0xa0,
    0x00, 0x00, 0xcf, 0x80, 0x00, 0x00, 0xcf, 0x80, 0x00, 0x00, 0xcf, 0x80,
    0x00, 0x00, 0xcf, 0x80, 0x00, 0x00, 0xcf, 0x80, 0x00, 0x00, 0xcf, 0x80,
    0x00, 0x00, 0xcf, 0x80, 0x00, 0x00, 0xcf, 0x80, 0x00, 0x00, 0xcf, 0x80,
    0x00, 0x00, 0xcf, 0x80, 0x00, 0x00, 0xbf, 0xb0, 0x00, 0x00, 0x8f, 0xff,
    0xb0, 0x00, 0x0a, 0xef, 0xa0, 0x0e, 0xff, 0xff, 0xff, 0x92, 0xee, 0xee,
    0xff, 0xf9, 0x00, 0x00, 0x5f, 0xe3, 0x00, 0x00, 0x0e, 0xf5, 0x00, 0x00,
    0x01, 0xff, 0x30, 0x00, 0x00, 0x2f, 0xf2, 0x00, 0x00, 0x02, 0xff, 0x20,
    0x00, 0x00, 0x4f, 0xf5, 0x00, 0x00, 0x04, 0xff, 0x50, 0x00, 0x00, 0x3f,
    0xf4, 0x00, 0x00, 0x02, 0xff, 0x20, 0x00, 0x00, 0x2f, 0xf2, 0x00, 0x00,
    0x02, 0xff, 0x20, 0x00, 0x00, 0x2f, 0xf2, 0x00, 0x00, 0x02, 0xff, 0x20,
    0x00, 0x00, 0x2f, 0xf2, 0x00, 0x00, 0x02, 0xff, 0x20, 0x00, 0x00, 0x2f,
    0xf2, 0x00, 0x00, 0x02, 0xff, 0x20, 0x00, 0x00, 0x1f, 0xf5, 0x00, 0x00,
    0x00, 0xef, 0xff, 0x50, 0x00, 0x03, 0xcf, 0xe5, 0x4a, 0xdf, 0xfd, 0x70,
    0x0b, 0xff, 0xff, 0xff, 0xb0, 0x96, 0x20, 0x1a, 0xff, 0x30, 0x00, 0x00,
    0x0f, 0xf6, 0x00, 0x00, 0x00, 0xef, 0x70, 0x00, 0x00, 0x0d, 0xf7, 0x00,
    0x00, 0x00, 0xdf, 0x70, 0x00, 0x00, 0x0d, 0xf7, 0x00, 0x00, 0x00, 0xdf,
    0x70, 0x00, 0x00, 0x0d, 0xf7, 0x00, 0x00, 0x00, 0xdf, 0x70, 0x00, 0x00,
    0x0d, 0xf7, 0x00, 0x00, 0x00, 0xff, 0xc0, 0x00, 0x00, 0x0f, 0xfe, 0x00,
    0x00, 0x00, 0xff, 0xe0, 0x00, 0x00, 0x0d, 0xf7, 0x00, 0x00, 0x00, 0xdf,
    0x70, 0x00, 0x00, 0x0d, 0xf7, 0x00, 0x00, 0x00, 0xdf, 0x70, 0x00, 0x00,
    0x0d, 0xf7, 0x06, 0xdf, 0xc2, 0x6e, 0xfd, 0x40, 0x6f, 0xff, 0xfe, 0xff,
    0xff, 0xf1, 0xcf, 0xa0, 0x7f, 0xe1, 0x2f, 0xf4, 0xef, 0x50, 0x3f, 0xb0,
    0x0e, 0xf5, 0xff, 0x40, 0x17, 0x50, 0x0e, 0xf5, 0xdf, 0x50, 0x00, 0x00,
    0x0e, 0xf5, 0xaf, 0xc1, 0x10, 0x00, 0x0e, 0xf5, 0x4f, 0xff, 0xf0, 0x00,
    0x0e, 0xf5, 0x06, 0xdf, 0xd2, 0x00, 0x0e, 0xf5, 0x00, 0x00, 0x00, 0x00,
    0x0e, 0xf5, 0x00, 0x00, 0x00, 0x00, 0x0e, 0xf5, 0x00, 0x00, 0x00, 0x00,
    0x0e, 0xf5, 0x00, 0x00, 0x00, 0x00, 0x0e, 0xf5, 0x00, 0x00, 0x00, 0x00,
    0x0e, 0xf5, 0x00, 0x00, 0x00, 0x00, 0x0e, 0xf5, 0x00, 0x00, 0x00, 0x00,
    0x0e, 0xf5, 0x00, 0x00, 0x00, 0x00, 0x0e, 0xf5, 0x00, 0x00, 0x00, 0x00,
    0x0e, 0xf5, 0x00, 0x00, 0x00, 0x00, 0x0e, 0xf5, 0x00, 0x00, 0x00, 0x00,
    0x0e, 0xf5, 0x06, 0xdf, 0xff, 0xff, 0xf6, 0x4f, 0xfa, 0x99, 0x99, 0x93,
    0x9f, 0x50, 0x00, 0x00, 0x00, 0x8f, 0x50, 0x9a, 0x05, 0xf6, 0x3f, 0xec,
    0xff, 0xbe, 0xf3, 0x05, 0xde, 0x37, 0xee, 0x70, 0x6a, 0x7a, 0xfa, 0xaf,
    0xaa, 0xfa, 0xaf, 0xaa, 0xfa, 0x3b, 0xda, 0x10, 0x00, 0x05, 0xff, 0xf9,
    0x00, 0x00, 0x02, 0x6f, 0xc0, 0x00, 0x00, 0x06, 0xf9, 0x00, 0x00, 0x28,
    0xff, 0xee, 0xee, 0x69, 0xff, 0xff, 0xff, 0xf7, 0x00, 0x30, 0x02, 0x10,
    0x00, 0x03, 0xef, 0xb9, 0xff, 0x70, 0x00, 0xcf, 0x9c, 0xe8, 0xff, 0x10,
    0x0e, 0xf0, 0x00, 0x0b, 0xf1, 0x00, 0xcf, 0x51, 0x02, 0xef, 0x99, 0x04,
    0xff, 0xd0, 0xaf, 0xff, 0xf0, 0x01, 0x42, 0x03, 0x44, 0x44, 0x00, 0x00,
    0x18, 0x50, 0x00, 0x03, 0xfb, 0x00, 0x2b, 0xff, 0xfb, 0x83, 0xff, 0xff,
    0xfb, 0x00, 0x3f, 0xb0, 0x00, 0x03, 0xfb, 0x00, 0x2a, 0xdd, 0xdd, 0x4c,
    0xff, 0xff, 0xf4, 0xff, 0x60, 0x00, 0x0c, 0xd3, 0x00, 0x00, 0x00, 0x00,
    0x00, 0x00, 0x00, 0x00, 0x00, 0x2b, 0xfe, 0x90, 0xbe, 0x47, 0xf7, 0xea,
    0x00, 0xea, 0xcd, 0x14, 0xf8, 0x3e, 0xff, 0xc1, 0x00, 0x22, 0x00, 0x00,
    0x00, 0xbf, 0xe0, 0x00, 0x05, 0xfb, 0x80, 0x08, 0xff, 0xf0, 0x00, 0x0f,
    0xd5, 0x70, 0x00, 0x0d, 0xa0, 0x00, 0x00, 0x00, 0x00, 0x00, 0x00, 0x00,
    0x03, 0x9c, 0xdd, 0xb6, 0x00, 0x00, 0x09, 0xff, 0xff, 0xff, 0xfe, 0x20,
    0x06, 0xff, 0x82, 0x01, 0x5d, 0xfe, 0x00, 0xef, 0x80, 0x00, 0x00, 0x1f,
    0xf6, 0x3f, 0xf1, 0x0a, 0xfd, 0x40, 0x9f, 0xb5, 0xfd, 0x07, 0xff, 0xfe,
    0x06, 0xfd, 0x6f, 0xc0, 0xaf, 0xff, 0xf2, 0x5f, 0xe5, 0xfd, 0x0a, 0xff,
    0xff, 0x16, 0xfd, 0x3f, 0xf1, 0x5f, 0xff, 0xc0, 0x9f, 0xb0, 0xef, 0x70,
    0x6a, 0x91, 0x1e, 0xf6, 0x06, 0xff, 0x70, 0x00, 0x3d, 0xfd, 0x00, 0x09,
    0xff, 0xfe, 0xff, 0xfe, 0x30, 0x00, 0x04, 0xae, 0xfe, 0xc7, 0x10, 0x00,
    0x00, 0x05, 0xbe, 0xfe, 0xa4, 0x00, 0x00, 0x0b, 0xff, 0xff, 0xff, 0xf8,
    0x00, 0x08, 0xff, 0x71, 0x02, 0xaf, 0xf5, 0x00, 0xff, 0x70, 0x00, 0x00,
    0xbf, 0xd0, 0x4f, 0xf1, 0x00, 0x00, 0x04, 0xff, 0x16, 0xfe, 0x00, 0x00,
    0x00, 0x1f, 0xf3, 0x7f, 0xd0, 0x00, 0x00, 0x00, 0xff, 0x46, 0xfe, 0x00,
    0x00, 0x00, 0x1f, 0xf3, 0x4f, 0xf1, 0x00, 0x00, 0x04, 0xff, 0x10, 0xff,
    0x80, 0x00, 0x00, 0xbf, 0xc0, 0x08, 0xff, 0x71, 0x01, 0x9f, 0xf5, 0x00,
    0x0b, 0xff, 0xff, 0xff, 0xf8, 0x00, 0x00, 0x05, 0xbe, 0xfe, 0xb4, 0x00,
    0x00, 0x00, 0x3a, 0xdf, 0xec, 0x81, 0x00, 0x06, 0xff, 0xff, 0xff, 0xfe,
    0x20, 0x2f, 0xfb, 0x30, 0x15, 0xef, 0xd0, 0x7f, 0xd0, 0x00, 0x00, 0x3f,
    0xf4, 0x9f, 0xa0, 0x00, 0x00, 0x0d, 0xf8, 0x8f, 0xb0, 0x00, 0x00, 0x0b,
    0xfa, 0x5f, 0xf5, 0x00, 0x00, 0x0a, 0xfa, 0x0d, 0xff, 0xf4, 0x00, 0x0b,
    0xf9, 0x02, 0xcf, 0xf5, 0x00, 0x0e, 0xf6, 0x00, 0x00, 0x00, 0x00, 0x5f,
    0xf2, 0x00, 0x00, 0x10, 0x05, 0xef, 0xb0, 0x00, 0x00, 0xdf, 0xff, 0xfd,
    0x10, 0x00, 0x00, 0xbf, 0xfd, 0x81, 0x00, 0x7f, 0xc0, 0x00, 0x00, 0x00,
    0x00, 0x00, 0x7f, 0xc0, 0x00, 0x00, 0x00, 0x00, 0x00, 0x7f, 0xc0, 0x00,
    0x00, 0x00, 0x00, 0x00, 0x7f, 0xc0, 0x07, 0xca, 0x15, 0xcb, 0x30, 0x7f,
    0xc0, 0x5f, 0xff, 0xcf, 0xff, 0xf1, 0x7f, 0xc0, 0xbf, 0x83, 0xfb, 0x1f,
    0xf5, 0x7f, 0xc0, 0xdf, 0x40, 0xb5, 0x0d, 0xf6, 0x7f, 0xc0, 0xdf, 0x50,
    0x00, 0x0d, 0xf7, 0x7f, 0xc0, 0xaf, 0x90, 0x00, 0x0d, 0xf7, 0x7f, 0xc0,
    0x4f, 0xff, 0x50, 0x0d, 0xf6, 0x6f, 0xd0, 0x05, 0xbc, 0x40, 0x0e, 0xf6,
    0x4f, 0xf0, 0x00, 0x00, 0x00, 0x1f, 0xf4, 0x0f, 0xf8, 0x00, 0x00, 0x00,
    0x7f, 0xf0, 0x08, 0xff, 0x92, 0x00, 0x17, 0xff, 0x90, 0x00, 0xaf, 0xff,
    0xff, 0xff, 0xfb, 0x00, 0x00, 0x04, 0xad, 0xff, 0xeb, 0x50, 0x00, 0x00,
    0x7d, 0xe9, 0x1a, 0xed, 0x60, 0x07, 0xff, 0xff, 0xdf, 0xff, 0xf6, 0x0e,
    0xf9, 0x0b, 0xf7, 0x0a, 0xfc, 0x3f, 0xf1, 0x04, 0xa1, 0x06, 0xfd, 0x6f,
    0xe0, 0x00, 0x00, 0x06, 0xfe, 0x7f, 0xd0, 0x00, 0x00, 0x06, 0xfe, 0x7f,
    0xc0, 0x00, 0x00, 0x06, 0xfe, 0x6f, 0xd0, 0x00, 0x00, 0x06, 0xfe, 0x5f,
    0xf0, 0x00, 0x00, 0x06, 0xfe, 0x2f, 0xf3, 0x00, 0x00, 0x06, 0xfe, 0x0c,
    0xfb, 0x00, 0x00, 0x06, 0xfe, 0x04, 0xff, 0xff, 0x00, 0x06, 0xfe, 0x00,
    0x5d, 0xff, 0x20, 0x06, 0xfe, 0x00, 0x00, 0x00, 0x00, 0x06, 0x82, 0x00,
    0x00, 0x00, 0x00, 0x0d, 0xf5, 0x00, 0x00, 0x00, 0x00, 0x0e, 0xf4, 0x00,
    0x00, 0x00, 0x00, 0x7f, 0xf1, 0x00, 0x19, 0xdf, 0xff, 0xff, 0xa0, 0x02,
    0xef, 0xff, 0xff, 0xd8, 0x00, 0x0b, 0xfe, 0x40, 0x00, 0x00, 0x00, 0x1f,
    0xf5, 0x00, 0x00, 0x00, 0x00, 0x5f, 0xf0, 0x00, 0x01, 0x9c, 0xa0, 0x6f,
    0xd0, 0x00, 0x0c, 0xff, 0xb0, 0x7f, 0xc0, 0x00, 0x2f, 0xf2, 0x00, 0x6f,
    0xe0, 0x00, 0x4f, 0xc0, 0x00, 0x3f, 0xf2, 0x00, 0x4f, 0xd0, 0x00, 0x0d,
    0xfd, 0x30, 0x0e, 0xf5, 0x00, 0x04, 0xff, 0xff, 0xff, 0xff, 0xfa, 0x00,
    0x2a, 0xef, 0xff, 0xff, 0xfb, 0x00, 0x00, 0x00, 0x00, 0x00, 0x00, 0x00,
    0x00, 0xaf, 0xd4, 0x08, 0xc4, 0x00, 0x07, 0xe4, 0x9e, 0x0a, 0xf6, 0x00,
    0x09, 0xb0, 0x2f, 0x1c, 0xf5, 0x00, 0x06, 0xf5, 0xae, 0x5f, 0xf1, 0x00,
    0x19, 0xff, 0xff, 0xff, 0x90, 0x02, 0xef, 0xff, 0xee, 0xc7, 0x00, 0x0c,
    0xfe, 0x40, 0x00, 0x00, 0x00, 0x2f, 0xf5, 0x00, 0x00, 0x00, 0x00, 0x5f,
    0xf0, 0x00, 0x01, 0x9c, 0xa0, 0x7f, 0xd0, 0x00, 0x0b, 0xff, 0xc0, 0x7f,
    0xd0, 0x00, 0x2f, 0xf2, 0x00, 0x6f, 0xe0, 0x00, 0x4f, 0xc0, 0x00, 0x3f,
    0xf2, 0x00, 0x3f, 0xd0, 0x00, 0x0d, 0xfd, 0x30, 0x0e, 0xf5, 0x00, 0x04,
    0xff, 0xff, 0xff, 0xff, 0xfb, 0x00, 0x2a, 0xef, 0xff, 0xff, 0xfb, 0x7f,
    0xa0, 0x00, 0x00, 0x00, 0x00, 0x03, 0xff, 0x00, 0x00, 0x00, 0x00, 0x00,
    0x0e, 0xf3, 0x00, 0x00, 0x00, 0x00, 0x00, 0xaf, 0x85, 0xbe, 0xeb, 0x40,
    0x00, 0x06, 0xff, 0xff, 0xff, 0xff, 0x70, 0x00, 0x2f, 0xfb, 0x30, 0x2a,
    0xff, 0x20, 0x00, 0xef, 0x10, 0x00, 0x0d, 0xf8, 0x00, 0x02, 0x30, 0x00,
    0x00, 0x7f, 0xc0, 0x00, 0x00, 0x00, 0x00, 0x05, 0xff, 0x00, 0x00, 0x00,
    0x00, 0x00, 0x4f, 0xf0, 0x00, 0x00, 0x00, 0x00, 0x05, 0xff, 0x00, 0x00,
    0x00, 0x00, 0x00, 0x8f, 0xd0, 0x00, 0x03, 0x00, 0x00, 0x0d, 0xf9, 0x00,
    0x0b, 0xf6, 0x00, 0x1a, 0xff, 0x20, 0x00, 0xaf, 0xff, 0xff, 0xff, 0x70,
    0x00, 0x00, 0x5b, 0xef, 0xeb, 0x40, 0x00, 0x00, 0x00, 0x00, 0x00, 0x00,
    0x00, 0x05, 0xfe, 0x00, 0x00, 0x00, 0x00, 0x00, 0x00, 0x05, 0xfe, 0x00,
    0x00, 0x00, 0x00, 0x00, 0x00, 0x05, 0xfe, 0x00, 0x8e, 0xd6, 0x2c, 0xec,
    0x30, 0x05, 0xfe, 0x09, 0xff, 0xff, 0xdf, 0xff, 0xf1, 0x05, 0xfe, 0x1f,
    0xf6, 0x1e, 0xf3, 0x2f, 0xf4, 0x05, 0xfe, 0x4f, 0xf0, 0x07, 0x90, 0x0e,
    0xf5, 0x05, 0xfe, 0x6f, 0xd0, 0x00, 0x00, 0x0e, 0xf5, 0x05, 0xfe, 0x7f,
    0xc0, 0x00, 0x00, 0x0e, 0xf5, 0x05, 0xfe, 0x7f, 0xc0, 0x00, 0x00, 0x0e,
    0xf5, 0x05, 0xfe, 0x6f, 0xd0, 0x00, 0x00, 0x0e, 0xf5, 0x05, 0xfe, 0x5f,
    0xf0, 0x00, 0x00, 0x0e, 0xf5, 0x05, 0xfe, 0x2f, 0xf2, 0x00, 0x00, 0x0e,
    0xf5, 0x08, 0xfb, 0x0d, 0xfb, 0x00, 0x00, 0x0e, 0xf5, 0x4f, 0xf6, 0x04,
    0xff, 0xfe, 0x00, 0x0e, 0xff, 0xff, 0xb0, 0x00, 0x5d, 0xff, 0x20, 0x0e,
    0xfe, 0xc6, 0x00, 0x00, 0x00, 0x00, 0x00, 0x09, 0xf9, 0x00, 0x00, 0x00,
    0x00, 0x00, 0xaf, 0x80, 0x00, 0x00, 0x00, 0x00, 0x3e, 0xf5, 0x00, 0x01,
    0x8d, 0xff, 0xff, 0xfe, 0x00, 0x01, 0xdf, 0xff, 0xff, 0xeb, 0x20, 0x00,
    0xaf, 0xe5, 0x00, 0x00, 0x00, 0x00, 0x0f, 0xf6, 0x00, 0x00, 0x00, 0x00,
    0x04, 0xff, 0x00, 0x00, 0x00, 0x00, 0x00, 0x6f, 0xd0, 0x00, 0x00, 0x01,
    0xd5, 0x07, 0xfc, 0x00, 0x00, 0x00, 0x9f, 0xf0, 0x6f, 0xc0, 0x00, 0x00,
    0x01, 0xff, 0x55, 0xff, 0x00, 0x03, 0x00, 0x0c, 0xf6, 0x2f, 0xf4, 0x09,
    0xf4, 0x00, 0xcf, 0x50, 0xdf, 0xe9, 0xff, 0xa0, 0x3f, 0xf3, 0x04, 0xff,
    0xfc, 0xaf, 0xff, 0xfb, 0x00, 0x04, 0xce, 0x21, 0xaf, 0xfa, 0x10, 0x00,
    0x00, 0x00, 0x00, 0x04, 0xfe, 0x00, 0x00, 0x00, 0x00, 0x04, 0xfd, 0x00,
    0x00, 0x00, 0x00, 0x06, 0xfc, 0x00, 0x4b, 0xc9, 0x19, 0xdf, 0xf9, 0x05,
    0xff, 0xff, 0xff, 0xff, 0xb1, 0x0e, 0xf8, 0x1d, 0xfe, 0x20, 0x00, 0x3f,
    0xf1, 0x05, 0xfd, 0x00, 0x00, 0x5f, 0xe0, 0x00, 0xff, 0x20, 0x00, 0x7f,
    0xd0, 0x00, 0x9f, 0x90, 0x00, 0x7f, 0xc0, 0x00, 0x3f, 0xf0, 0x00, 0x6f,
    0xd0, 0x00, 0x0d, 0xf6, 0x00, 0x5f, 0xf0, 0x00, 0x07, 0xfc, 0x00, 0x2f,
    0xf3, 0x00, 0x01, 0xff, 0x30, 0x0d, 0xfb, 0x00, 0x00, 0xbf, 0x90, 0x05,
    0xff, 0xff, 0x00, 0x5f, 0xf0, 0x00, 0x5d, 0xff, 0x20, 0x0e, 0xf6, 0x00,
    0x8e, 0xff, 0x20, 0x6f, 0xf0, 0x00, 0x0e, 0xf6, 0x0b, 0xff, 0xff, 0x00,
    0x6f, 0xf0, 0x00, 0x0e, 0xf6, 0x3f, 0xf8, 0x00, 0x00, 0x6f, 0xf0, 0x00,
    0x0e, 0xf6, 0x7f, 0xe0, 0x00, 0x00, 0x6f, 0xf0, 0x00, 0x0f, 0xf6, 0x8f,
    0xd0, 0x00, 0x00, 0x7f, 0xf0, 0x00, 0x0f, 0xf6, 0x6f, 0xf0, 0x00, 0x00,
    0xef, 0xf0, 0x00, 0x6f, 0xf6, 0x1f, 0xfb, 0x20, 0x18, 0xff, 0xf1, 0x15,
    0xff, 0xf6, 0x06, 0xff, 0xff, 0xff, 0xff, 0xff, 0xff, 0xff, 0xf6, 0x00,
    0x4b, 0xef, 0xd7, 0x6f, 0xfe, 0xfb, 0x3e, 0xf6, 0x00, 0x00, 0x00, 0x00,
    0x6f, 0xf0, 0x00, 0x0e, 0xf6, 0x00, 0x00, 0x00, 0x00, 0x6f, 0xf0, 0x00,
    0x0e, 0xf6, 0x00, 0x00, 0x00, 0x00, 0x6f, 0xf0, 0x00, 0x0e, 0xf6, 0x00,
    0x00, 0x00, 0x00, 0x6f, 0xf0, 0x00, 0x0e, 0xf6, 0x00, 0x00, 0x00, 0x00,
    0x6f, 0xf0, 0x00, 0x0e, 0xf6, 0x00, 0x00, 0x00, 0x00, 0x6f, 0xf0, 0x00,
    0x0e, 0xf6, 0x02, 0xae, 0xfc, 0x50, 0x00, 0x00, 0x00, 0x00, 0x00, 0x00,
    0x01, 0xef, 0xfe, 0xff, 0x30, 0x00, 0x00, 0x00, 0x00, 0x00, 0x00, 0x7f,
    0xd1, 0x09, 0xf8, 0x0b, 0x90, 0x4c, 0x21, 0x50, 0x00, 0x0a, 0xf8, 0x00,
    0x7f, 0x70, 0xff, 0x29, 0xf7, 0x6f, 0x40, 0x00, 0xbf, 0x80, 0x05, 0xd3,
    0x4f, 0xf9, 0xdf, 0xdb, 0xfc, 0x00, 0x09, 0xfc, 0x00, 0x00, 0x0b, 0xf9,
    0xff, 0x5f, 0xfa, 0xfd, 0xc1, 0x3f, 0xf8, 0x00, 0x1a, 0xfa, 0x1f, 0xe0,
    0xbf, 0x08, 0xee, 0x10, 0x9f, 0xff, 0xff, 0xfd, 0x10, 0x66, 0x02, 0x30,
    0x00, 0x00, 0x00, 0x6c, 0xff, 0xd8, 0x10, 0x00, 0x00, 0x00, 0x00, 0x00,
    0x00, 0x00, 0x00, 0x00, 0x00, 0x00, 0x00, 0x00, 0x00, 0x00, 0x00, 0x48,
    0x30, 0x00, 0x00, 0x00, 0x00, 0x00, 0x00, 0x00, 0x01, 0x5a, 0xff, 0xfe,
    0x00, 0x00, 0x00, 0x00, 0x00, 0x00, 0x02, 0x7c, 0xff, 0xff, 0xff, 0xf0,
    0x00, 0x00, 0x00, 0x00, 0x03, 0x8d, 0xff, 0xff, 0xff, 0xff, 0xff, 0x00,
    0x00, 0x00, 0x00, 0x4e, 0xff, 0xff, 0xff, 0xff, 0xff, 0xff, 0xf0, 0x00,
    0x00, 0x00, 0x0d, 0xff, 0xff, 0xff, 0xff, 0xff, 0xff, 0xff, 0x00, 0x00,
    0x00, 0x00, 0xdf, 0xff, 0xff, 0xff, 0xff, 0xff, 0xff, 0xf0, 0x00, 0x00,
    0x00, 0x0d, 0xff, 0xff, 0xff, 0xff, 0xff, 0xff, 0xff, 0x00, 0x00, 0x00,
    0x00, 0xdf, 0xff, 0xff, 0xff, 0xff, 0xe9, 0x4d, 0xf0, 0x00, 0x00, 0x00,
    0x0d, 0xff, 0xff, 0xff, 0xc7, 0x30, 0x00, 0xdf, 0x00, 0x00, 0x00, 0x00,
    0xdf, 0xff, 0xb6, 0x10, 0x00, 0x00, 0x0d, 0xf0, 0x00, 0x00, 0x00, 0x0d,
    0xf5, 0x00, 0x00, 0x00, 0x00, 0x00, 0xdf, 0x00, 0x00, 0x00, 0x00, 0xdf,
    0x00, 0x00, 0x00, 0x00, 0x00, 0x0d, 0xf0, 0x00, 0x00, 0x00, 0x0d, 0xf0,
    0x00, 0x00, 0x00, 0x00, 0x00, 0xdf, 0x00, 0x00, 0x00, 0x00, 0xdf, 0x00,
    0x00, 0x00, 0x00, 0x00, 0x0d, 0xf0, 0x00, 0x00, 0x00, 0x0d, 0xf0, 0x00,
    0x00, 0x16, 0x9b, 0x95, 0xef, 0x00, 0x00, 0x00, 0x00, 0xdf, 0x00, 0x00,
    0x6f, 0xff, 0xff, 0xff, 0xf0, 0x00, 0x00, 0x00, 0x0d, 0xf0, 0x00, 0x2f,
    0xff, 0xff, 0xff, 0xff, 0x00, 0x00, 0x00, 0x00, 0xdf, 0x00, 0x03, 0xff,
    0xff, 0xff, 0xff, 0xe0, 0x05, 0xbe, 0xfe, 0xae, 0xf0, 0x00, 0x09, 0xff,
    0xff, 0xff, 0xf5, 0x0a, 0xff, 0xff, 0xff, 0xff, 0x00, 0x00, 0x03, 0x9c,
    0xdb, 0x72, 0x03, 0xff, 0xff, 0xff, 0xff, 0xf0, 0x00, 0x00, 0x00, 0x00,
    0x00, 0x00, 0x1f, 0xff, 0xff, 0xff, 0xfc, 0x00, 0x00, 0x00, 0x00, 0x00,
    0x00, 0x00, 0x4e, 0xff, 0xff, 0xfd, 0x20, 0x00, 0x00, 0x00, 0x00, 0x00,
    0x00, 0x00, 0x04, 0x78, 0x73, 0x00, 0x00, 0x00, 0x00, 0x00, 0x00, 0x00,
    0x00, 0x38, 0x99, 0x99, 0x60, 0x01, 0x89, 0x99, 0x99, 0x99, 0x99, 0x99,
    0x99, 0x83, 0xef, 0xff, 0xff, 0xf5, 0x0a, 0xff, 0xff, 0xff, 0xff, 0xff,
    0xff, 0xff, 0xfe, 0xff, 0xff, 0xff, 0xf6, 0x0b, 0xff, 0xff, 0xff, 0xff,
    0xff, 0xff, 0xff, 0xff, 0xff, 0xff, 0xff, 0xf6, 0x0b, 0xff, 0xff, 0xff,
    0xff, 0xff, 0xff, 0xff, 0xff, 0xff, 0xff, 0xff, 0xf6, 0x0b, 0xff, 0xff,
    0xff, 0xff, 0xff, 0xff, 0xff, 0xff, 0x9f, 0xff, 0xff, 0xd1, 0x05, 0xff,
    0xff, 0xff, 0xff, 0xff, 0xff, 0xff, 0xf9, 0x00, 0x00, 0x00, 0x00, 0x00,
    0x00, 0x00, 0x00, 0x00, 0x00, 0x00, 0x00, 0x00, 0x00, 0x00, 0x00, 0x00,
    0x00, 0x00, 0x00, 0x00, 0x00, 0x00, 0x00, 0x00, 0x00, 0x9f, 0xff, 0xff,
    0xd1, 0x05, 0xff, 0xff, 0xff, 0xff, 0xff, 0xff, 0xff, 0xf9, 0xff, 0xff,
    0xff, 0xf6, 0x0b, 0xff, 0xff, 0xff, 0xff, 0xff, 0xff, 0xff, 0xff, 0xff,
    0xff, 0xff, 0xf6, 0x0b, 0xff, 0xff, 0xff, 0xff, 0xff, 0xff, 0xff, 0xff,
    0xff, 0xff, 0xff, 0xf6, 0x0b, 0xff, 0xff, 0xff, 0xff, 0xff, 0xff, 0xff,
    0xff, 0xef, 0xff, 0xff, 0xf5, 0x0a, 0xff, 0xff, 0xff, 0xff, 0xff, 0xff,
    0xff, 0xfe, 0x39, 0x99, 0x99, 0x70, 0x01, 0x89, 0x99, 0x99, 0x99, 0x99,
    0x99, 0x99, 0x93, 0x00, 0x00, 0x00, 0x00, 0x00, 0x00, 0x00, 0x00, 0x00,
    0x00, 0x00, 0x00, 0x00, 0x39, 0x99, 0x99, 0x70, 0x01, 0x89, 0x99, 0x99,
    0x99, 0x99, 0x99, 0x99, 0x93, 0xef, 0xff, 0xff, 0xf5, 0x0a, 0xff, 0xff,
    0xff, 0xff, 0xff, 0xff, 0xff, 0xfe, 0xff, 0xff, 0xff, 0xf6, 0x0b, 0xff,
    0xff, 0xff, 0xff, 0xff, 0xff, 0xff, 0xff, 0xff, 0xff, 0xff, 0xf6, 0x0b,
    0xff, 0xff, 0xff, 0xff, 0xff, 0xff, 0xff, 0xff, 0xff, 0xff, 0xff, 0xf6,
    0x0b, 0xff, 0xff, 0xff, 0xff, 0xff, 0xff, 0xff, 0xff, 0x9f, 0xff, 0xff,
    0xd1, 0x05, 0xff, 0xff, 0xff, 0xff, 0xff, 0xff, 0xff, 0xf9, 0x00, 0x00,
    0x00, 0x00, 0x00, 0x00, 0x00, 0x00, 0x00, 0x05, 0x30, 0x00, 0x00, 0x00,
    0x00, 0x00, 0x00, 0x00, 0x00, 0x00, 0x00, 0xaf, 0xf6, 0x00, 0x00, 0x00,
    0x00, 0x00, 0x00, 0x00, 0x00, 0x00, 0x0a, 0xff, 0xff, 0x60, 0x00, 0x00,
    0x00, 0x00, 0x00, 0x00, 0x00, 0x00, 0xaf, 0xff, 0xff, 0xf2, 0x00, 0x00,
    0x00, 0x00, 0x00, 0x00, 0x00, 0x0a, 0xff, 0xff, 0xff, 0xf1, 0x00, 0x00,
    0x10, 0x00, 0x00, 0x00, 0x00, 0x9f, 0xff, 0xff, 0xff, 0x40, 0x00, 0x3e,
    0xf6, 0x00, 0x00, 0x00, 0x09, 0xff, 0xff, 0xff, 0xf4, 0x00, 0x03, 0xff,
    0xff, 0x60, 0x00, 0x00, 0x9f, 0xff, 0xff, 0xff, 0x40, 0x00, 0x1e, 0xff,
    0xff, 0xf6, 0x00, 0x09, 0xff, 0xff, 0xff, 0xf4, 0x00, 0x00, 0x2f, 0xff,
    0xff, 0xff, 0x60, 0x9f, 0xff, 0xff, 0xff, 0x40, 0x00, 0x00, 0x08, 0xff,
    0xff, 0xff, 0xfc, 0xff, 0xff, 0xff, 0xf4, 0x00, 0x00, 0x00, 0x00, 0x8f,
    0xff, 0xff, 0xff, 0xff, 0xff, 0xff, 0x40, 0x00, 0x00, 0x00, 0x00, 0x08,
    0xff, 0xff, 0xff, 0xff, 0xff, 0xf4, 0x00, 0x00, 0x00, 0x00, 0x00, 0x00,
    0x8f, 0xff, 0xff, 0xff, 0xff, 0x40, 0x00, 0x00, 0x00, 0x00, 0x00, 0x00,
    0x08, 0xff, 0xff, 0xff, 0xf4, 0x00, 0x00, 0x00, 0x00, 0x00, 0x00, 0x00,
    0x00, 0x8f, 0xff, 0xff, 0x40, 0x00, 0x00, 0x00, 0x00, 0x00, 0x00, 0x00,
    0x00, 0x08, 0xff, 0xf4, 0x00, 0x00, 0x00, 0x00, 0x00, 0x00, 0x00, 0x00,
    0x00, 0x00, 0x6b, 0x40, 0x00, 0x00, 0x00, 0x00, 0x00, 0x00, 0x00, 0x1c,
    0xe4, 0x00, 0x00, 0x00, 0x06, 0xfa, 0x00, 0x01, 0xdf, 0xff, 0x40, 0x00,
    0x00, 0x7f, 0xff, 0xb0, 0x0d, 0xff, 0xff, 0xf4, 0x00, 0x07, 0xff, 0xff,
    0xfa, 0x2f, 0xff, 0xff, 0xff, 0x40, 0x7f, 0xff, 0xff, 0xff, 0x0a, 0xff,
    0xff, 0xff, 0xf9, 0xff, 0xff, 0xff, 0xf6, 0x00, 0xaf, 0xff, 0xff, 0xff,
    0xff, 0xff, 0xff, 0x70, 0x00, 0x0a, 0xff, 0xff, 0xff, 0xff, 0xff, 0xf7,
    0x00, 0x00, 0x00, 0xaf, 0xff, 0xff, 0xff, 0xff, 0x70, 0x00, 0x00, 0x00,
    0x0c, 0xff, 0xff, 0xff, 0xf9, 0x00, 0x00, 0x00, 0x00, 0x7f, 0xff, 0xff,
    0xff, 0xff, 0x40, 0x00, 0x00, 0x07, 0xff, 0xff, 0xff, 0xff, 0xff, 0xf4,
    0x00, 0x00, 0x7f, 0xff, 0xff, 0xff, 0xff, 0xff, 0xff, 0x40, 0x07, 0xff,
    0xff, 0xff, 0xfc, 0xff, 0xff, 0xff, 0xf4, 0x2f, 0xff, 0xff, 0xff, 0x70,
    0xaf, 0xff, 0xff, 0xfe, 0x1f, 0xff, 0xff, 0xf7, 0x00, 0x0a, 0xff, 0xff,
    0xfc, 0x03, 0xff, 0xff, 0x70, 0x00, 0x00, 0xaf, 0xff, 0xd1, 0x00, 0x3f,
    0xf7, 0x00, 0x00, 0x00, 0x0a, 0xfd, 0x10, 0x00, 0x01, 0x20, 0x00, 0x00,
    0x00, 0x00, 0x20, 0x00, 0x00, 0x00, 0x00, 0x00, 0x05, 0x66, 0x60, 0x00,
    0x00, 0x00, 0x00, 0x00, 0x00, 0x00, 0x00, 0x01, 0xff, 0xff, 0x50, 0x00,
    0x00, 0x00, 0x00, 0x00, 0x00, 0x42, 0x00, 0x4f, 0xff, 0xf8, 0x00, 0x05,
    0x00, 0x00, 0x00, 0x00, 0x6f, 0xf5, 0x07, 0xff, 0xff, 0xb0, 0x3d, 0xf9,
    0x00, 0x00, 0x00, 0x5f, 0xff, 0xfe, 0xff, 0xff, 0xff, 0xff, 0xff, 0xf9,
    0x00, 0x00, 0x0e, 0xff, 0xff, 0xff, 0xff, 0xff, 0xff, 0xff, 0xff, 0xf2,
    0x00, 0x00, 0x5f, 0xff, 0xff, 0xff, 0xff, 0xff, 0xff, 0xff, 0xf9, 0x00,
    0x00, 0x00, 0x9f, 0xff, 0xff, 0xff, 0xff, 0xff, 0xff, 0xfd, 0x00, 0x00,
    0x00, 0x0a, 0xff, 0xff, 0xf6, 0x10, 0x4d, 0xff, 0xff, 0xe0, 0x00, 0x06,
    0x9c, 0xff, 0xff, 0xf3, 0x00, 0x00, 0x1d, 0xff, 0xff, 0xc9, 0x60, 0xff,
    0xff, 0xff, 0xfa, 0x00, 0x00, 0x00, 0x6f, 0xff, 0xff, 0xff, 0x4f, 0xff,
    0xff, 0xff, 0x70, 0x00, 0x00, 0x02, 0xff, 0xff, 0xff, 0xf4, 0xff, 0xff,
    0xff, 0xf8, 0x00, 0x00, 0x00, 0x3f, 0xff, 0xff, 0xff, 0x4e, 0xff, 0xff,
    0xff, 0xd0, 0x00, 0x00, 0x09, 0xff, 0xff, 0xff, 0xf3, 0x01, 0x3d, 0xff,
    0xff, 0x90, 0x00, 0x05, 0xff, 0xff, 0xf6, 0x30, 0x00, 0x00, 0x7f, 0xff,
    0xff, 0xd8, 0x7b, 0xff, 0xff, 0xfc, 0x00, 0x00, 0x00, 0x0d, 0xff, 0xff,
    0xff, 0xff, 0xff, 0xff, 0xff, 0xf3, 0x00, 0x00, 0x0a, 0xff, 0xff, 0xff,
    0xff, 0xff, 0xff, 0xff, 0xff, 0xe1, 0x00, 0x00, 0xcf, 0xff, 0xff, 0xff,
    0xff, 0xff, 0xff, 0xff, 0xff, 0x20, 0x00, 0x01, 0xdf, 0xfe, 0x7d, 0xff,
    0xff, 0xf8, 0xbf, 0xff, 0x40, 0x00, 0x00, 0x01, 0xcb, 0x10, 0x4f, 0xff,
    0xf9, 0x00, 0x8e, 0x40, 0x00, 0x00, 0x00, 0x00, 0x00, 0x02, 0xff, 0xff,
    0x70, 0x00, 0x00, 0x00, 0x00, 0x00, 0x00, 0x00, 0x00, 0x0e, 0xff, 0xf4,
    0x00, 0x00, 0x00, 0x00, 0x00, 0x00, 0x00, 0x00, 0x00, 0x00, 0x28, 0x60,
    0x00, 0x59, 0x98, 0x00, 0x00, 0x00, 0x00, 0x00, 0x00, 0x04, 0xff, 0xfa,
    0x00, 0xbf, 0xff, 0x00, 0x00, 0x00, 0x00, 0x00, 0x00, 0x7f, 0xff, 0xff,
    0xc1, 0xbf, 0xff, 0x00, 0x00, 0x00, 0x00, 0x00, 0x09, 0xff, 0xd2, 0x7f,
    0xfd, 0xdf, 0xff, 0x00, 0x00, 0x00, 0x00, 0x01, 0xcf, 0xfb, 0x19, 0x45,
    0xff, 0xff, 0xff, 0x00, 0x00, 0x00, 0x00, 0x2d, 0xff, 0x91, 0xcf, 0xf6,
    0x3e, 0xff, 0xff, 0x00, 0x00, 0x00, 0x04, 0xff, 0xf6, 0x3e, 0xff, 0xff,
    0x92, 0xcf, 0xff, 0x00, 0x00, 0x00, 0x7f, 0xfe, 0x45, 0xff, 0xff, 0xff,
    0xfb, 0x1b, 0xff, 0xc1, 0x00, 0x0a, 0xff, 0xd2, 0x7f, 0xff, 0xff, 0xff,
    0xff, 0xd2, 0x8f, 0xfd, 0x20, 0xbf, 0xfb, 0x1a, 0xff, 0xff, 0xff, 0xff,
    0xff, 0xfe, 0x46, 0xff, 0xf2, 0x8f, 0x91, 0xcf, 0xff, 0xff, 0xff, 0xff,
    0xff, 0xff, 0xf6, 0x3e, 0xd0, 0x03, 0x07, 0xff, 0xff, 0xff, 0xff, 0xff,
    0xff, 0xff, 0xff, 0x01, 0x10, 0x00, 0x08, 0xff, 0xff, 0xff, 0xff, 0xff,
    0xff, 0xff, 0xff, 0x00, 0x00, 0x00, 0x08, 0xff, 0xff, 0xff, 0x66, 0x6b,
    0xff, 0xff, 0xff, 0x00, 0x00, 0x00, 0x08, 0xff, 0xff, 0xff, 0x00, 0x08,
    0xff, 0xff, 0xff, 0x00, 0x00, 0x00, 0x08, 0xff, 0xff, 0xff, 0x00, 0x08,
    0xff, 0xff, 0xff, 0x00, 0x00, 0x00, 0x08, 0xff, 0xff, 0xff, 0x00, 0x08,
    0xff, 0xff, 0xff, 0x00, 0x00, 0x00, 0x08, 0xff, 0xff, 0xff, 0x00, 0x08,
    0xff, 0xff, 0xff, 0x00, 0x00, 0x00, 0x05, 0xff, 0xff, 0xff, 0x00, 0x08,
    0xff, 0xff, 0xfc, 0x00, 0x00, 0x00, 0x00, 0x00, 0x00, 0x03, 0x89, 0x98,
    0x40, 0x00, 0x00, 0x00, 0x00, 0x00, 0x00, 0x00, 0x00, 0x0b, 0xff, 0xff,
    0xd0, 0x00, 0x00, 0x00, 0x00, 0x00, 0x00, 0x00, 0x00, 0x0b, 0xff, 0xff,
    0xd0, 0x00, 0x00, 0x00, 0x00, 0x00, 0x00, 0x00, 0x00, 0x0b, 0xff, 0xff,
    0xd0, 0x00, 0x00, 0x00, 0x00, 0x00, 0x00, 0x00, 0x00, 0x0b, 0xff, 0xff,
    0xd0, 0x00, 0x00, 0x00, 0x00, 0x00, 0x00, 0x00, 0x00, 0x0b, 0xff, 0xff,
    0xd0, 0x00, 0x00, 0x00, 0x00, 0x00, 0x00, 0x00, 0x00, 0x0b, 0xff, 0xff,
    0xd0, 0x00, 0x00, 0x00, 0x00, 0x00, 0x00, 0x01, 0x22, 0x2c, 0xff, 0xff,
    0xe2, 0x22, 0x10, 0x00, 0x00, 0x00, 0x00, 0x3f, 0xff, 0xff, 0xff, 0xff,
    0xff, 0xff, 0xf5, 0x00, 0x00, 0x00, 0x00, 0x1e, 0xff, 0xff, 0xff, 0xff,
    0xff, 0xff, 0xf2, 0x00, 0x00, 0x00, 0x00, 0x02, 0xef, 0xff, 0xff, 0xff,
    0xff, 0xff, 0x30, 0x00, 0x00, 0x00, 0x00, 0x00, 0x2e, 0xff, 0xff, 0xff,
    0xff, 0xf3, 0x00, 0x00, 0x00, 0x00, 0x00, 0x00, 0x02, 0xef, 0xff, 0xff,
    0xff, 0x30, 0x00, 0x00, 0x00, 0x00, 0x00, 0x00, 0x00, 0x2e, 0xff, 0xff,
    0xf4, 0x00, 0x00, 0x00, 0x00, 0x00, 0x00, 0x00, 0x00, 0x02, 0xef, 0xff,
    0x40, 0x00, 0x00, 0x00, 0x00, 0x4b, 0xbb, 0xbb, 0xbb, 0x50, 0x2e, 0xf4,
    0x03, 0xbb, 0xbb, 0xbb, 0xb5, 0xff, 0xff, 0xff, 0xff, 0xf4, 0x01, 0x20,
    0x2e, 0xff, 0xff, 0xff, 0xff, 0xff, 0xff, 0xff, 0xff, 0xff, 0x30, 0x02,
    0xef, 0xff, 0xff, 0xff, 0xff, 0xff, 0xff, 0xff, 0xff, 0xff, 0xfc, 0xbf,
    0xff, 0xff, 0xff, 0xff, 0xff, 0xff, 0xff, 0xff, 0xff, 0xff, 0xff, 0xff,
    0xff, 0xe1, 0x4f, 0xf2, 0xff, 0xff, 0xff, 0xff, 0xff, 0xff, 0xff, 0xff,
    0xff, 0xd0, 0x2f, 0xf0, 0xff, 0xff, 0xff, 0xff, 0xff, 0xff, 0xff, 0xff,
    0xff, 0xfe, 0xff, 0xff, 0xff, 0x9f, 0xff, 0xff, 0xff, 0xff, 0xff, 0xff,
    0xff, 0xff, 0xff, 0xff, 0xf9, 0x00, 0x00, 0x00, 0x00, 0x02, 0x33, 0x20,
    0x00, 0x00, 0x00, 0x00, 0x00, 0x00, 0x00, 0x04, 0xaf, 0xff, 0xff, 0xfb,
    0x50, 0x00, 0x00, 0x40, 0x00, 0x00, 0x2c, 0xff, 0xff, 0xff, 0xff, 0xff,
    0xd3, 0x01, 0xcf, 0x30, 0x00, 0x4f, 0xff, 0xff, 0xff, 0xff, 0xff, 0xff,
    0xf7, 0xdf, 0xf4, 0x00, 0x3f, 0xff, 0xff, 0xea, 0x87, 0x9d, 0xff, 0xff,
    0xff, 0xff, 0x40, 0x1e, 0xff, 0xff, 0x60, 0x00, 0x00, 0x03, 0xdf, 0xff,
    0xff, 0xf4, 0x09, 0xff, 0xfe, 0x20, 0x00, 0x00, 0x00, 0x01, 0xff, 0xff,
    0xff, 0x41, 0xff, 0xff, 0x30, 0x00, 0x00, 0x00, 0x01, 0xcf, 0xff, 0xff,
    0xf4, 0x6f, 0xff, 0x90, 0x00, 0x00, 0x00, 0x00, 0xcf, 0xff, 0xff, 0xff,
    0x4a, 0xff, 0xf2, 0x00, 0x00, 0x00, 0x00, 0x0d, 0xff, 0xff, 0xff, 0xf2,
    0x00, 0x00, 0x00, 0x00, 0x00, 0x00, 0x00, 0x00, 0x00, 0x00, 0x00, 0x00,
    0x00, 0x00, 0x00, 0x00, 0x00, 0x00, 0x00, 0x00, 0x00, 0x00, 0x00, 0x00,
    0x00, 0x00, 0x00, 0x00, 0x00, 0x00, 0x00, 0x00, 0x00, 0x00, 0x02, 0x44,
    0x44, 0x44, 0x30, 0x00, 0x00, 0x00, 0x00, 0x02, 0x44, 0x30, 0xff, 0xff,
    0xff, 0xff, 0x40, 0x00, 0x00, 0x00, 0x00, 0xef, 0xfd, 0x0f, 0xff, 0xff,
    0xff, 0xc0, 0x00, 0x00, 0x00, 0x00, 0x6f, 0xff, 0x80, 0xff, 0xff, 0xff,
    0xc1, 0x00, 0x00, 0x00, 0x00, 0x2f, 0xff, 0xf2, 0x0f, 0xff, 0xff, 0xf7,
    0x00, 0x00, 0x00, 0x00, 0x3e, 0xff, 0xf9, 0x00, 0xff, 0xff, 0xff, 0xfb,
    0x30, 0x00, 0x02, 0x8f, 0xff, 0xfe, 0x10, 0x0f, 0xff, 0xff, 0xff, 0xff,
    0xec, 0xce, 0xff, 0xff, 0xfe, 0x30, 0x00, 0xff, 0xc2, 0xbf, 0xff, 0xff,
    0xff, 0xff, 0xff, 0xfe, 0x30, 0x00, 0x0d, 0xc1, 0x00, 0x6e, 0xff, 0xff,
    0xff, 0xff, 0xf9, 0x00, 0x00, 0x00, 0x00, 0x00, 0x00, 0x05, 0xad, 0xff,
    0xeb, 0x71, 0x00, 0x00, 0x00, 0x00, 0x00, 0x00, 0x00, 0x00, 0x00, 0x00,
    0x00, 0x00, 0x48, 0x10, 0x00, 0x00, 0x00, 0x00, 0x00, 0x00, 0x00, 0x10,
    0x00, 0x00, 0xaf, 0xf6, 0x00, 0x00, 0x00, 0x00, 0x00, 0x00, 0x0b, 0xf1,
    0x00, 0x00, 0x08, 0xff, 0x80, 0x00, 0x00, 0x00, 0x00, 0x00, 0xcf, 0xf2,
    0x00, 0x02, 0x00, 0x3f, 0xf7, 0x00, 0x00, 0x00, 0x00, 0x0c, 0xff, 0xf2,
    0x00, 0x2f, 0xe6, 0x03, 0xff, 0x30, 0x00, 0x00, 0x00, 0xcf, 0xff, 0xf2,
    0x00, 0x09, 0xff, 0x90, 0x7f, 0xb0, 0x00, 0x00, 0x1c, 0xff, 0xff, 0xf2,
    0x00, 0x00, 0x3e, 0xf7, 0x0d, 0xf3, 0xdf, 0xff, 0xff, 0xff, 0xff, 0xf2,
    0x08, 0xa2, 0x02, 0xff, 0x17, 0xf8, 0xff, 0xff, 0xff, 0xff, 0xff, 0xf2,
    0x0c, 0xfe, 0x20, 0x8f, 0x72, 0xfc, 0xff, 0xff, 0xff, 0xff, 0xff, 0xf2,
    0x00, 0x9f, 0x90, 0x2f, 0xb0, 0xfe, 0xff, 0xff, 0xff, 0xff, 0xff, 0xf2,
    0x00, 0x1f, 0xd0, 0x0f, 0xd0, 0xef, 0xff, 0xff, 0xff, 0xff, 0xff, 0xf2,
    0x00, 0x4f, 0xb0, 0x1f, 0xc0, 0xff, 0xff, 0xff, 0xff, 0xff, 0xff, 0xf2,
    0x07, 0xff, 0x40, 0x6f, 0x91, 0xfd, 0xff, 0xff, 0xff, 0xff, 0xff, 0xf2,
    0x0d, 0xf6, 0x00, 0xdf, 0x35, 0xfa, 0x36, 0x66, 0x6f, 0xff, 0xff, 0xf2,
    0x00, 0x10, 0x0a, 0xfb, 0x0a, 0xf5, 0x00, 0x00, 0x03, 0xff, 0xff, 0xf2,
    0x00, 0x04, 0xcf, 0xd1, 0x3f, 0xe0, 0x00, 0x00, 0x00, 0x3f, 0xff, 0xf2,
    0x00, 0x2f, 0xfc, 0x10, 0xdf, 0x60, 0x00, 0x00, 0x00, 0x03, 0xff, 0xf2,
    0x00, 0x08, 0x50, 0x0b, 0xfb, 0x00, 0x00, 0x00, 0x00, 0x00, 0x3f, 0xf1,
    0x00, 0x00, 0x02, 0xcf, 0xc1, 0x00, 0x00, 0x00, 0x00, 0x00, 0x03, 0x60,
    0x00, 0x00, 0x7f, 0xfb, 0x10, 0x00, 0x00, 0x00, 0x00, 0x00, 0x00, 0x00,
    0x00, 0x00, 0x9d, 0x60, 0x00, 0x00, 0x1a, 0xdd, 0xdd, 0xdd, 0xdd, 0xdd,
    0xdd, 0xdd, 0xdd, 0xdd, 0xdd, 0xdd, 0xdd, 0x90, 0xbf, 0xff, 0xff, 0xff,
    0xff, 0xff, 0xff, 0xff, 0xff, 0xff, 0xff, 0xff, 0xff, 0xf9, 0xfe, 0x00,
    0x00, 0x00, 0x00, 0x00, 0x00, 0x00, 0x00, 0x00, 0x00, 0x00, 0x01, 0xfd,
    0xfd, 0x00, 0x00, 0x00, 0x00, 0x00, 0x00, 0x00, 0x00, 0x00, 0x00, 0x00,
    0x00, 0xfd, 0xfd, 0x00, 0x03, 0x86, 0x00, 0x00, 0x00, 0x00, 0x00, 0x00,
    0x00, 0x00, 0x00, 0xfd, 0xfd, 0x00, 0x5f, 0xff, 0xd0, 0x00, 0x00, 0x00,
    0x00, 0x00, 0x00, 0x00, 0x00, 0xfd, 0xfd, 0x00, 0xdf, 0xff, 0xf6, 0x00,
    0x00, 0x00, 0x00, 0x00, 0x00, 0x00, 0x00, 0xfd, 0xfd, 0x00, 0xff, 0xff,
    0xf7, 0x00, 0x00, 0x00, 0x08, 0xd1, 0x00, 0x00, 0x00, 0xfd, 0xfd, 0x00,
    0xaf, 0xff, 0xf3, 0x00, 0x00, 0x00, 0x7f, 0xfd, 0x10, 0x00, 0x00, 0xfd,
    0xfd, 0x00, 0x0a, 0xfd, 0x50, 0x00, 0x00, 0x07, 0xff, 0xff, 0xd1, 0x00,
    0x00, 0xfd, 0xfd, 0x00, 0x00, 0x00, 0x00, 0x00, 0x00, 0x7f, 0xff, 0xff,
    0xfd, 0x10, 0x00, 0xfd, 0xfd, 0x00, 0x00, 0x00, 0x00, 0x00, 0x07, 0xff,
    0xff, 0xff, 0xff, 0xd1, 0x00, 0xfd, 0xfd, 0x00, 0x00, 0x01, 0xd4, 0x00,
    0x6f, 0xff, 0xff, 0xff, 0xff, 0xfd, 0x00, 0xfd, 0xfd, 0x00, 0x00, 0x1e,
    0xff, 0x46, 0xff, 0xff, 0xff, 0xff, 0xff, 0xff, 0x20, 0xfd, 0xfd, 0x00,
    0x01, 0xef, 0xff, 0xff, 0xff, 0xff, 0xff, 0xff, 0xff, 0xff, 0x20, 0xfd,
    0xfd, 0x00, 0x1e, 0xff, 0xff, 0xff, 0xff, 0xff, 0xff, 0xff, 0xff, 0xff,
    0x20, 0xfd, 0xfd, 0x00, 0xef, 0xff, 0xff, 0xff, 0xff, 0xff, 0xff, 0xff,
    0xff, 0xff, 0x20, 0xfd, 0xfd, 0x00, 0xff, 0xff, 0xff, 0xff, 0xff, 0xff,
    0xff, 0xff, 0xff, 0xff, 0x20, 0xfd, 0xfd, 0x00, 0xff, 0xff, 0xff, 0xff,
    0xff, 0xff, 0xff, 0xff, 0xff, 0xff, 0x20, 0xfd, 0xfd, 0x00, 0x44, 0x44,
    0x44, 0x44, 0x44, 0x44, 0x44, 0x44, 0x44, 0x44, 0x00, 0xfd, 0xfe, 0x00,
    0x00, 0x00, 0x00, 0x00, 0x00, 0x00, 0x00, 0x00, 0x00, 0x00, 0x01, 0xfd,
    0xbf, 0xff, 0xff, 0xff, 0xff, 0xff, 0xff, 0xff, 0xff, 0xff, 0xff, 0xff,
    0xff, 0xf9, 0x1a, 0xdd, 0xdd, 0xdd, 0xdd, 0xdd, 0xdd, 0xdd, 0xdd, 0xdd,
    0xdd, 0xdd, 0xdd, 0x90, 0x24, 0x40, 0x00, 0x00, 0x00, 0x00, 0x00, 0x2f,
    0xff, 0xa0, 0x00, 0x00, 0x00, 0x00, 0x6d, 0xff, 0xfb, 0x00, 0x00, 0x00,
    0x00, 0x6f, 0xdf, 0xff, 0xb0, 0x00, 0x00, 0x00, 0x6f, 0xfd, 0xff, 0xfb,
    0x00, 0x00, 0x00, 0x6f, 0xff, 0xdf, 0xff, 0xb0, 0x00, 0x00, 0x6f, 0xff,
    0xfd, 0xff, 0xfb, 0x00, 0x00, 0x6f, 0xff, 0xff, 0xdf, 0xff, 0xb0, 0x00,
    0x6f, 0xff, 0xff, 0xfd, 0xff, 0xfb, 0x00, 0x6f, 0xff, 0xff, 0xff, 0xdf,
    0xff, 0xb0, 0x6f, 0xff, 0xff, 0xff, 0xfd, 0xff, 0xfb, 0x6f, 0xff, 0xff,
    0xff, 0xff, 0xdf, 0xff, 0xef, 0xff, 0xff, 0xff, 0xff, 0xfd, 0xff, 0xfd,
    0xef, 0xff, 0xff, 0xff, 0xff, 0xdf, 0xff, 0xb2, 0xef, 0xff, 0xff, 0xff,
    0xfd, 0xff, 0xfb, 0x02, 0xef, 0xff, 0xff, 0xff, 0xdf, 0xff, 0xb0, 0x02,
    0xef, 0xff, 0xff, 0xfd, 0xff, 0xfb, 0x00, 0x02, 0xef, 0xff, 0xff, 0xdf,
    0xff, 0xb0, 0x00, 0x02, 0xef, 0xff, 0xfd, 0xff, 0xfb, 0x00, 0x00, 0x02,
    0xef, 0xff, 0xdf, 0xff, 0xb0, 0x00, 0x00, 0x02, 0xef, 0xfd, 0xff, 0xfb,
    0x00, 0x00, 0x00, 0x02, 0xef, 0xdf, 0xff, 0xb0, 0x00, 0x00, 0x00, 0x02,
    0xed, 0xcf, 0xf8, 0x00, 0x00, 0x00, 0x00, 0x02, 0xb0, 0x61, 0x00, 0x00,
    0x00, 0x00, 0x00, 0x00, 0x00, 0x00, 0x00, 0x0f, 0xf7, 0x00, 0x00, 0x00,
    0x00, 0x00, 0x00, 0x00, 0x00, 0x00, 0xff, 0xfe, 0x60, 0x00, 0x00, 0x00,
    0x00, 0x00, 0x00, 0x00, 0x0f, 0xff, 0xff, 0xd4, 0x00, 0x00, 0x00, 0x00,
    0x00, 0x00, 0x00, 0xff, 0xff, 0xff, 0xfb, 0x20, 0x00, 0x00, 0x00, 0x00,
    0x00, 0x0f, 0xff, 0xff, 0xff, 0xff, 0x91, 0x00, 0x00, 0x00, 0x00, 0x00,
    0xff, 0xff, 0xff, 0xff, 0xff, 0xf7, 0x00, 0x00, 0x00, 0x00, 0x0f, 0xff,
    0xff, 0xff, 0xff, 0xff, 0xfe, 0x60, 0x00, 0x00, 0x00, 0xff, 0xff, 0xff,
    0xff, 0xff, 0xff, 0xff, 0xd4, 0x00, 0x00, 0x0f, 0xff, 0xff, 0xff, 0xff,
    0xff, 0xff, 0xff, 0xfb, 0x20, 0x00, 0xff, 0xff, 0xff, 0xff, 0xff, 0xff,
    0xff, 0xff, 0xff, 0x91, 0x0f, 0xff, 0xff, 0xff, 0xff, 0xff, 0xff, 0xff,
    0xff, 0xff, 0xf3, 0xff, 0xff, 0xff, 0xff, 0xff, 0xff, 0xff, 0xff, 0xff,
    0xf7, 0x0f, 0xff, 0xff, 0xff, 0xff, 0xff, 0xff, 0xff, 0xff, 0x91, 0x00,
    0xff, 0xff, 0xff, 0xff, 0xff, 0xff, 0xff, 0xfb, 0x20, 0x00, 0x0f, 0xff,
    0xff, 0xff, 0xff, 0xff, 0xff, 0xc4, 0x00, 0x00, 0x00, 0xff, 0xff, 0xff,
    0xff, 0xff, 0xfe, 0x60, 0x00, 0x00, 0x00, 0x0f, 0xff, 0xff, 0xff, 0xff,
    0xf7, 0x00, 0x00, 0x00, 0x00, 0x00, 0xff, 0xff, 0xff, 0xff, 0x91, 0x00,
    0x00, 0x00, 0x00, 0x00, 0x0f, 0xff, 0xff, 0xfb, 0x20, 0x00, 0x00, 0x00,
    0x00, 0x00, 0x00, 0xff, 0xff, 0xd4, 0x00, 0x00, 0x00, 0x00, 0x00, 0x00,
    0x00, 0x0f, 0xfe, 0x60, 0x00, 0x00, 0x00, 0x00, 0x00, 0x00, 0x00, 0x00,
    0xd7, 0x00, 0x00, 0x00, 0x00, 0x00, 0x00, 0x00, 0x00, 0x00, 0x00, 0x24,
    0x44, 0x44, 0x44, 0x30, 0x00, 0x02, 0x44, 0x44, 0x44, 0x43, 0x0f, 0xff,
    0xff, 0xff, 0xff, 0x30, 0x00, 0xff, 0xff, 0xff, 0xff, 0xf3, 0xff, 0xff,
    0xff, 0xff, 0xf4, 0x00, 0x0f, 0xff, 0xff, 0xff, 0xff, 0x4f, 0xff, 0xff,
    0xff, 0xff, 0x40, 0x00, 0xff, 0xff, 0xff, 0xff, 0xf4, 0xff, 0xff, 0xff,
    0xff, 0xf4, 0x00, 0x0f, 0xff, 0xff, 0xff, 0xff, 0x4f, 0xff, 0xff, 0xff,
    0xff, 0x40, 0x00, 0xff, 0xff, 0xff, 0xff, 0xf4, 0xff, 0xff, 0xff, 0xff,
    0xf4, 0x00, 0x0f, 0xff, 0xff, 0xff, 0xff, 0x4f, 0xff, 0xff, 0xff, 0xff,
    0x40, 0x00, 0xff, 0xff, 0xff, 0xff, 0xf4, 0xff, 0xff, 0xff, 0xff, 0xf4,
    0x00, 0x0f, 0xff, 0xff, 0xff, 0xff, 0x4f, 0xff, 0xff, 0xff, 0xff, 0x40,
    0x00, 0xff, 0xff, 0xff, 0xff, 0xf4, 0xff, 0xff, 0xff, 0xff, 0xf4, 0x00,
    0x0f, 0xff, 0xff, 0xff, 0xff, 0x4f, 0xff, 0xff, 0xff, 0xff, 0x40, 0x00,
    0xff, 0xff, 0xff, 0xff, 0xf4, 0xff, 0xff, 0xff, 0xff, 0xf4, 0x00, 0x0f,
    0xff, 0xff, 0xff, 0xff, 0x4f, 0xff, 0xff, 0xff, 0xff, 0x40, 0x00, 0xff,
    0xff, 0xff, 0xff, 0xf4, 0xff, 0xff, 0xff, 0xff, 0xf4, 0x00, 0x0f, 0xff,
    0xff, 0xff, 0xff, 0x4f, 0xff, 0xff, 0xff, 0xff, 0x40, 0x00, 0xff, 0xff,
    0xff, 0xff, 0xf4, 0xff, 0xff, 0xff, 0xff, 0xf4, 0x00, 0x0f, 0xff, 0xff,
    0xff, 0xff, 0x4f, 0xff, 0xff, 0xff, 0xff, 0x40, 0x00, 0xff, 0xff, 0xff,
    0xff, 0xf4, 0xff, 0xff, 0xff, 0xff, 0xf4, 0x00, 0x0f, 0xff, 0xff, 0xff,
    0xff, 0x4f, 0xff, 0xff, 0xff, 0xff, 0x40, 0x00, 0xff, 0xff, 0xff, 0xff,
    0xf4, 0xff, 0xff, 0xff, 0xff, 0xf4, 0x00, 0x0f, 0xff, 0xff, 0xff, 0xff,
    0x4f, 0xff, 0xff, 0xff, 0xff, 0x40, 0x00, 0xff, 0xff, 0xff, 0xff, 0xf4,
    0xcf, 0xff, 0xff, 0xff, 0xf2, 0x00, 0x0c, 0xff, 0xff, 0xff, 0xff, 0x20,
    0x24, 0x44, 0x44, 0x44, 0x44, 0x44, 0x44, 0x44, 0x44, 0x44, 0x43, 0x0f,
    0xff, 0xff, 0xff, 0xff, 0xff, 0xff, 0xff, 0xff, 0xff, 0xff, 0xf3, 0xff,
    0xff, 0xff, 0xff, 0xff, 0xff, 0xff, 0xff, 0xff, 0xff, 0xff, 0x4f, 0xff,
    0xff, 0xff, 0xff, 0xff, 0xff, 0xff, 0xff, 0xff, 0xff, 0xf4, 0xff, 0xff,
    0xff, 0xff, 0xff, 0xff, 0xff, 0xff, 0xff, 0xff, 0xff, 0x4f, 0xff, 0xff,
    0xff, 0xff, 0xff, 0xff, 0xff, 0xff, 0xff, 0xff, 0xf4, 0xff, 0xff, 0xff,
    0xff, 0xff, 0xff, 0xff, 0xff, 0xff, 0xff, 0xff, 0x4f, 0xff, 0xff, 0xff,
    0xff, 0xff, 0xff, 0xff, 0xff, 0xff, 0xff, 0xf4, 0xff, 0xff, 0xff, 0xff,
    0xff, 0xff, 0xff, 0xff, 0xff, 0xff, 0xff, 0x4f, 0xff, 0xff, 0xff, 0xff,
    0xff, 0xff, 0xff, 0xff, 0xff, 0xff, 0xf4, 0xff, 0xff, 0xff, 0xff, 0xff,
    0xff, 0xff, 0xff, 0xff, 0xff, 0xff, 0x4f, 0xff, 0xff, 0xff, 0xff, 0xff,
    0xff, 0xff, 0xff, 0xff, 0xff, 0xf4, 0xff, 0xff, 0xff, 0xff, 0xff, 0xff,
    0xff, 0xff, 0xff, 0xff, 0xff, 0x4f, 0xff, 0xff, 0xff, 0xff, 0xff, 0xff,
    0xff, 0xff, 0xff, 0xff, 0xf4, 0xff, 0xff, 0xff, 0xff, 0xff, 0xff, 0xff,
    0xff, 0xff, 0xff, 0xff, 0x4f, 0xff, 0xff, 0xff, 0xff, 0xff, 0xff, 0xff,
    0xff, 0xff, 0xff, 0xf4, 0xff, 0xff, 0xff, 0xff, 0xff, 0xff, 0xff, 0xff,
    0xff, 0xff, 0xff, 0x4f, 0xff, 0xff, 0xff, 0xff, 0xff, 0xff, 0xff, 0xff,
    0xff, 0xff, 0xf4, 0xff, 0xff, 0xff, 0xff, 0xff, 0xff, 0xff, 0xff, 0xff,
    0xff, 0xff, 0x4f, 0xff, 0xff, 0xff, 0xff, 0xff, 0xff, 0xff, 0xff, 0xff,
    0xff, 0xf4, 0xff, 0xff, 0xff, 0xff, 0xff, 0xff, 0xff, 0xff, 0xff, 0xff,
    0xff, 0x4f, 0xff, 0xff, 0xff, 0xff, 0xff, 0xff, 0xff, 0xff, 0xff, 0xff,
    0xf4, 0xcf, 0xff, 0xff, 0xff, 0xff, 0xff, 0xff, 0xff, 0xff, 0xff, 0xff,
    0x20, 0x02, 0x00, 0x00, 0x00, 0x00, 0x00, 0x24, 0x41, 0x1e, 0x30, 0x00,
    0x00, 0x00, 0x00, 0xef, 0xfa, 0x1f, 0xe3, 0x00, 0x00, 0x00, 0x00, 0xff,
    0xfc, 0x1f, 0xfe, 0x30, 0x00, 0x00, 0x00, 0xff, 0xfc, 0x1f, 0xff, 0xe3,
    0x00, 0x00, 0x00, 0xff, 0xfc, 0x1f, 0xff, 0xfe, 0x30, 0x00, 0x00, 0xff,
    0xfc, 0x1f, 0xff, 0xff, 0xe3, 0x00, 0x00, 0xff, 0xfc, 0x1f, 0xff, 0xff,
    0xfe, 0x30, 0x00, 0xff, 0xfc, 0x1f, 0xff, 0xff, 0xff, 0xe3, 0x00, 0xff,
    0xfc, 0x1f, 0xff, 0xff, 0xff, 0xfe, 0x30, 0xff, 0xfc, 0x1f, 0xff, 0xff,
    0xff, 0xff, 0xe3, 0xff, 0xfc, 0x1f, 0xff, 0xff, 0xff, 0xff, 0xfe, 0xff,
    0xfc, 0x1f, 0xff, 0xff, 0xff, 0xff, 0xfc, 0xff, 0xfc, 0x1f, 0xff, 0xff,
    0xff, 0xff, 0xc0, 0xff, 0xfc, 0x1f, 0xff, 0xff, 0xff, 0xfc, 0x00, 0xff,
    0xfc, 0x1f, 0xff, 0xff, 0xff, 0xc0, 0x00, 0xff, 0xfc, 0x1f, 0xff, 0xff,
    0xfc, 0x00, 0x00, 0xff, 0xfc, 0x1f, 0xff, 0xff, 0xc0, 0x00, 0x00, 0xff,
    0xfc, 0x1f, 0xff, 0xfc, 0x00, 0x00, 0x00, 0xff, 0xfc, 0x1f, 0xff, 0xc0,
    0x00, 0x00, 0x00, 0xff, 0xfc, 0x1f, 0xfc, 0x10, 0x00, 0x00, 0x00, 0xff,
    0xfc, 0x1f, 0xc1, 0x00, 0x00, 0x00, 0x00, 0xff, 0xfc, 0x1c, 0x10, 0x00,
    0x00, 0x00, 0x00, 0xcf, 0xf8, 0x00, 0x00, 0x00, 0x00, 0x00, 0x1d, 0xb0,
    0x00, 0x00, 0x00, 0x00, 0x00, 0x01, 0xdf, 0xfc, 0x00, 0x00, 0x00, 0x00,
    0x00, 0x1d, 0xff, 0xff, 0xc0, 0x00, 0x00, 0x00, 0x01, 0xdf, 0xff, 0xff,
    0xf2, 0x00, 0x00, 0x00, 0x1d, 0xff, 0xff, 0xff, 0x70, 0x00, 0x00, 0x01,
    0xdf, 0xff, 0xff, 0xf7, 0x00, 0x00, 0x00, 0x1d, 0xff, 0xff, 0xff, 0x70,
    0x00, 0x00, 0x01, 0xdf, 0xff, 0xff, 0xf7, 0x00, 0x00, 0x00, 0x1d, 0xff,
    0xff, 0xff, 0x70, 0x00, 0x00, 0x01, 0xdf, 0xff, 0xff, 0xf7, 0x00, 0x00,
    0x00, 0x1d, 0xff, 0xff, 0xff, 0x70, 0x00, 0x00, 0x00, 0xaf, 0xff, 0xff,
    0xf9, 0x00, 0x00, 0x00, 0x00, 0x5f, 0xff, 0xff, 0xfe, 0x20, 0x00, 0x00,
    0x00, 0x05, 0xff, 0xff, 0xff, 0xe2, 0x00, 0x00, 0x00, 0x00, 0x5f, 0xff,
    0xff, 0xfe, 0x20, 0x00, 0x00, 0x00, 0x05, 0xff, 0xff, 0xff, 0xe2, 0x00,
    0x00, 0x00, 0x00, 0x5f, 0xff, 0xff, 0xfe, 0x20, 0x00, 0x00, 0x00, 0x05,
    0xff, 0xff, 0xff, 0xe2, 0x00, 0x00, 0x00, 0x00, 0x5f, 0xff, 0xff, 0xfe,
    0x20, 0x00, 0x00, 0x00, 0x05, 0xff, 0xff, 0xff, 0xe1, 0x00, 0x00, 0x00,
    0x00, 0x5f, 0xff, 0xff, 0xf1, 0x00, 0x00, 0x00, 0x00, 0x05, 0xff, 0xff,
    0x30, 0x00, 0x00, 0x00, 0x00, 0x00, 0x5f, 0xf3, 0x00, 0x00, 0x00, 0x00,
    0x00, 0x00, 0x03, 0x20, 0x00, 0x00, 0x00, 0x00, 0x00, 0x27, 0xbe, 0xff,
    0xec, 0x94, 0x00, 0x00, 0x00, 0x00, 0x00, 0x00, 0x00, 0x04, 0xcf, 0xff,
    0xff, 0xff, 0xff, 0xfe, 0x70, 0x00, 0x00, 0x00, 0x00, 0x00, 0x1b, 0xff,
    0xff, 0xf9, 0x33, 0xff, 0xff, 0xff, 0xe5, 0x00, 0x00, 0x00, 0x00, 0x4e,
    0xff, 0xef, 0xf5, 0x00, 0x1f, 0xff, 0xff, 0xef, 0xf9, 0x00, 0x00, 0x00,
    0x5f, 0xfe, 0x69, 0xf9, 0x04, 0xdf, 0xff, 0xff, 0xf6, 0x8f, 0xfb, 0x00,
    0x00, 0x4f, 0xfc, 0x20, 0xef, 0x23, 0xff, 0xff, 0xff, 0xff, 0xb0, 0x5f,
    0xfa, 0x00, 0x1e, 0xfc, 0x00, 0x0f, 0xf0, 0x8f, 0xff, 0xff, 0xff, 0xfd,
    0x00, 0x4f, 0xf6, 0x0a, 0xfd, 0x00, 0x00, 0xff, 0xae, 0xff, 0xff, 0xff,
    0xff, 0xd0, 0x00, 0x5f, 0xf1, 0xff, 0x30, 0x00, 0x0e, 0xff, 0xff, 0xff,
    0xff, 0xff, 0xfb, 0x00, 0x00, 0xaf, 0x5a, 0xf9, 0x00, 0x00, 0x9f, 0xff,
    0xff, 0xff, 0xff, 0xff, 0x60, 0x00, 0x1e, 0xf1, 0x1e, 0xf6, 0x00, 0x01,
    0xff, 0xff, 0xff, 0xff, 0xff, 0xd0, 0x00, 0x0c, 0xf6, 0x00, 0x4f, 0xf6,
    0x00, 0x04, 0xff, 0xff, 0xff, 0xff, 0xe2, 0x00, 0x0b, 0xfa, 0x00, 0x00,
    0x5f, 0xf8, 0x00, 0x03, 0xcf, 0xff, 0xff, 0xb1, 0x00, 0x2d, 0xfb, 0x00,
    0x00, 0x00, 0x4f, 0xfd, 0x40, 0x00, 0x36, 0x76, 0x20, 0x00, 0x8f, 0xf9,
    0x00, 0x00, 0x00, 0x00, 0x1b, 0xff, 0xd7, 0x30, 0x00, 0x01, 0x49, 0xef,
    0xe5, 0x00, 0x00, 0x00, 0x00, 0x00, 0x04, 0xcf, 0xff, 0xfe, 0xee, 0xff,
    0xfe, 0x81, 0x00, 0x00, 0x00, 0x00, 0x00, 0x00, 0x00, 0x27, 0xbe, 0xff,
    0xec, 0x95, 0x00, 0x00, 0x00, 0x00, 0x00, 0x00, 0x00, 0x00, 0x00, 0x00,
    0x00, 0x00, 0x00, 0x04, 0x00, 0x00, 0x00, 0x00, 0x00, 0x00, 0x00, 0x00,
    0x00, 0x00, 0x00, 0x00, 0x08, 0xfb, 0x10, 0x00, 0x00, 0x00, 0x00, 0x00,
    0x00, 0x00, 0x27, 0xbd, 0xff, 0xec, 0xff, 0xf2, 0x00, 0x00, 0x00, 0x00,
    0x00, 0x00, 0x04, 0xcf, 0xff, 0xff, 0xff, 0xff, 0xf9, 0x00, 0x00, 0x00,
    0x00, 0x00, 0x00, 0x1a, 0xff, 0xff, 0xf9, 0x33, 0xff, 0xff, 0x10, 0x02,
    0x00, 0x00, 0x00, 0x00, 0x3e, 0xff, 0xdf, 0xf5, 0x01, 0x4f, 0xff, 0x80,
    0x02, 0xf9, 0x00, 0x00, 0x00, 0x4f, 0xfd, 0x3a, 0xf9, 0x07, 0xff, 0xff,
    0xe0, 0x00, 0x4f, 0xfa, 0x00, 0x00, 0x3f, 0xfb, 0x00, 0xef, 0x24, 0xff,
    0xff, 0xf6, 0x00, 0x00, 0x4f, 0xf9, 0x00, 0x1e, 0xfb, 0x00, 0x0f, 0xf0,
    0x9f, 0xff, 0xfd, 0x00, 0x09, 0x00, 0x3f, 0xf6, 0x0a, 0xfc, 0x00, 0x00,
    0xff, 0xae, 0xff, 0xff, 0x50, 0x04, 0xd0, 0x00, 0x5f, 0xf1, 0xff, 0x20,
    0x00, 0x0d, 0xff, 0xff, 0xff, 0xc0, 0x00, 0xda, 0x00, 0x00, 0xaf, 0x5a,
    0xfa, 0x00, 0x00, 0x7f, 0xff, 0xff, 0xf3, 0x00, 0x6f, 0x40, 0x00, 0x2f,
    0xf2, 0x1e, 0xf7, 0x00, 0x00, 0xdf, 0xff, 0xfa, 0x00, 0x0e, 0xa0, 0x00,
    0x1d, 0xf7, 0x00, 0x3f, 0xf7, 0x00, 0x02, 0xdf, 0xff, 0x20, 0x08, 0xc0,
    0x00, 0x1c, 0xfa, 0x00, 0x00, 0x3f, 0xfa, 0x00, 0x0a, 0xff, 0x90, 0x00,
    0x60, 0x00, 0x3e, 0xfb, 0x00, 0x00, 0x00, 0x2d, 0xfe, 0x54, 0xff, 0xf1,
    0x00, 0x00, 0x00, 0x8f, 0xfa, 0x00, 0x00, 0x00, 0x00, 0x09, 0xff, 0xff,
    0xf8, 0x00, 0x01, 0x49, 0xef, 0xf6, 0x00, 0x00, 0x00, 0x00, 0x00, 0x02,
    0xcf, 0xfe, 0x00, 0x0b, 0xff, 0xff, 0x91, 0x00, 0x00, 0x00, 0x00, 0x00,
    0x00, 0x0d, 0xff, 0x60, 0x04, 0xfd, 0xa6, 0x10, 0x00, 0x00, 0x00, 0x00,
    0x00, 0x00, 0x00, 0x9f, 0xd0, 0x00, 0x00, 0x00, 0x00, 0x00, 0x00, 0x00,
    0x00, 0x00, 0x00, 0x00, 0x00, 0x22, 0x00, 0x00, 0x00, 0x00, 0x00, 0x00,
    0x00, 0x00, 0x00, 0x00, 0x00, 0x00, 0x00, 0x00, 0x00, 0x22, 0x00, 0x00,
    0x00, 0x00, 0x00, 0x00, 0x00, 0x00, 0x00, 0x00, 0x00, 0x06, 0xff, 0x60,
    0x00, 0x00, 0x00, 0x00, 0x00, 0x00, 0x00, 0x00, 0x00, 0x00, 0x1f, 0xff,
    0xf1, 0x00, 0x00, 0x00, 0x00, 0x00, 0x00, 0x00, 0x00, 0x00, 0x00, 0x9f,
    0xff, 0xf9, 0x00, 0x00, 0x00, 0x00, 0x00, 0x00, 0x00, 0x00, 0x00, 0x02,
    0xff, 0xff, 0xff, 0x20, 0x00, 0x00, 0x00, 0x00, 0x00, 0x00, 0x00, 0x00,
    0x0b, 0xff, 0xff, 0xff, 0xb0, 0x00, 0x00, 0x00, 0x00, 0x00, 0x00, 0x00,
    0x00, 0x3f, 0xff, 0xff, 0xff, 0xf3, 0x00, 0x00, 0x00, 0x00, 0x00, 0x00,
    0x00, 0x00, 0xcf, 0xff, 0xff, 0xff, 0xfc, 0x00, 0x00, 0x00, 0x00, 0x00,
    0x00, 0x00, 0x05, 0xff, 0xf2, 0x22, 0x2f, 0xff, 0x50, 0x00, 0x00, 0x00,
    0x00, 0x00, 0x00, 0x0d, 0xff, 0xf0, 0x00, 0x0f, 0xff, 0xd0, 0x00, 0x00,
    0x00, 0x00, 0x00, 0x00, 0x6f, 0xff, 0xf0, 0x00, 0x0f, 0xff, 0xf6, 0x00,
    0x00, 0x00, 0x00, 0x00, 0x00, 0xef, 0xff, 0xf0, 0x00, 0x0f, 0xff, 0xfe,
    0x00, 0x00, 0x00, 0x00, 0x00, 0x07, 0xff, 0xff, 0xf0, 0x00, 0x1f, 0xff,
    0xff, 0x70, 0x00, 0x00, 0x00, 0x00, 0x1f, 0xff, 0xff, 0xf1, 0x00, 0x1f,
    0xff, 0xff, 0xf1, 0x00, 0x00, 0x00, 0x00, 0x9f, 0xff, 0xff, 0xf2, 0x00,
    0x2f, 0xff, 0xff, 0xf9, 0x00, 0x00, 0x00, 0x02, 0xff, 0xff, 0xff, 0xfe,
    0xdd, 0xef, 0xff, 0xff, 0xff, 0x20, 0x00, 0x00, 0x0a, 0xff, 0xff, 0xff,
    0xff, 0xff, 0xff, 0xff, 0xff, 0xff, 0xa0, 0x00, 0x00, 0x3f, 0xff, 0xff,
    0xff, 0xf3, 0x00, 0x3f, 0xff, 0xff, 0xff, 0xf3, 0x00, 0x00, 0xbf, 0xff,
    0xff, 0xff, 0xf2, 0x00, 0x2f, 0xff, 0xff, 0xff, 0xfb, 0x00, 0x04, 0xff,
    0xff, 0xff, 0xff, 0xf2, 0x00, 0x2f, 0xff, 0xff, 0xff, 0xff, 0x40, 0x0d,
    0xff, 0xff, 0xff, 0xff, 0xf2, 0x00, 0x2f, 0xff, 0xff, 0xff, 0xff, 0xd0,
    0x5f, 0xff, 0xff, 0xff, 0xff, 0xfd, 0xbb, 0xdf, 0xff, 0xff, 0xff, 0xff,
    0xf5, 0xdf, 0xff, 0xff, 0xff, 0xff, 0xff, 0xff, 0xff, 0xff, 0xff, 0xff,
    0xff, 0xfd, 0xef, 0xff, 0xff, 0xff, 0xff, 0xff, 0xff, 0xff, 0xff, 0xff,
    0xff, 0xff, 0xfe, 0x5e, 0xff, 0xff, 0xff, 0xff, 0xff, 0xff, 0xff, 0xff,
    0xff, 0xff, 0xff, 0xe5, 0x00, 0x00, 0x00, 0x00, 0x00, 0x00, 0x00, 0x00,
    0x00, 0x00, 0x89, 0x00, 0x00, 0x00, 0x00, 0x00, 0x00, 0x00, 0x00, 0x00,
    0x00, 0x00, 0x00, 0x9f, 0x90, 0x00, 0x00, 0x00, 0x00, 0x00, 0x00, 0x00,
    0x00, 0x00, 0x00, 0x00, 0x9f, 0xf9, 0x00, 0xbc, 0xcb, 0xa7, 0x20, 0x00,
    0x00, 0x00, 0x59, 0xbc, 0xcc, 0xef, 0xff, 0x90, 0xff, 0xff, 0xff, 0xf9,
    0x00, 0x00, 0x5e, 0xff, 0xff, 0xff, 0xff, 0xff, 0xf9, 0xff, 0xff, 0xff,
    0xff, 0xb0, 0x05, 0xff, 0xff, 0xff, 0xff, 0xff, 0xff, 0xfc, 0xef, 0xff,
    0xff, 0xff, 0xf7, 0x3f, 0xff, 0xff, 0xff, 0xff, 0xff, 0xff, 0xc0, 0x00,
    0x00, 0x18, 0xff, 0xf2, 0xdf, 0xff, 0xc3, 0x00, 0x00, 0x9f, 0xfc, 0x00,
    0x00, 0x00, 0x00, 0x7f, 0x96, 0xff, 0xfd, 0x00, 0x00, 0x00, 0x9f, 0xc0,
    0x00, 0x00, 0x00, 0x00, 0x0c, 0x2d, 0xff, 0xf4, 0x00, 0x00, 0x00, 0x9c,
    0x00, 0x00, 0x00, 0x00, 0x00, 0x01, 0x5f, 0xff, 0xb0, 0x00, 0x00, 0x00,
    0x10, 0x00, 0x00, 0x00, 0x00, 0x00, 0x00, 0xcf, 0xff, 0x40, 0x00, 0x00,
    0x00, 0x00, 0x00, 0x00, 0x00, 0x00, 0x00, 0x03, 0xff, 0xfd, 0x00, 0x00,
    0x00, 0x00, 0x00, 0x00, 0x00, 0x00, 0x00, 0x00, 0x0b, 0xff, 0xf6, 0x92,
    0x00, 0x00, 0x00, 0x89, 0x00, 0x00, 0x00, 0x00, 0x00, 0x5f, 0xff, 0xe1,
    0xfb, 0x00, 0x00, 0x00, 0x9f, 0x90, 0x00, 0x00, 0x00, 0x04, 0xff, 0xff,
    0x68, 0xff, 0x90, 0x00, 0x00, 0x9f, 0xf9, 0x00, 0xbc, 0xcc, 0xef, 0xff,
    0xfc, 0x1f, 0xff, 0xff, 0xcc, 0xcc, 0xef, 0xff, 0x90, 0xff, 0xff, 0xff,
    0xff, 0xe1, 0x09, 0xff, 0xff, 0xff, 0xff, 0xff, 0xff, 0xf9, 0xff, 0xff,
    0xff, 0xfc, 0x20, 0x00, 0x8f, 0xff, 0xff, 0xff, 0xff, 0xff, 0xfc, 0xef,
    0xff, 0xdb, 0x50, 0x00, 0x00, 0x03, 0x9d, 0xff, 0xff, 0xff, 0xff, 0xc0,
    0x00, 0x00, 0x00, 0x00, 0x00, 0x00, 0x00, 0x00, 0x00, 0x00, 0x9f, 0xfc,
    0x00, 0x00, 0x00, 0x00, 0x00, 0x00, 0x00, 0x00, 0x00, 0x00, 0x00, 0x9f,
    0xc0, 0x00, 0x00, 0x00, 0x00, 0x00, 0x00, 0x00, 0x00, 0x00, 0x00, 0x00,
    0x9c, 0x00, 0x00, 0x00, 0x00, 0x00, 0x00, 0x00, 0x00, 0x00, 0x00, 0x00,
    0x00, 0x10, 0x00, 0x00, 0x00, 0x00, 0x1a, 0x30, 0x06, 0xbb, 0xbb, 0xbb,
    0xbb, 0xbb, 0xbb, 0xbb, 0x20, 0x00, 0x00, 0x00, 0xdf, 0xe1, 0x03, 0xff,
    0xff, 0xff, 0xff, 0xff, 0xff, 0xff, 0x40, 0x00, 0x00, 0x0b, 0xff, 0xfc,
    0x00, 0x6f, 0xff, 0xff, 0xff, 0xff, 0xff, 0xff, 0x40, 0x00, 0x00, 0x8f,
    0xff, 0xff, 0xa0, 0x08, 0xff, 0xff, 0xff, 0xff, 0xff, 0xff, 0x40, 0x00,
    0x05, 0xff, 0xff, 0xff, 0xf8, 0x00, 0x00, 0x00, 0x00, 0x00, 0x6f, 0xff,
    0x40, 0x00, 0x3f, 0xff, 0xff, 0xff, 0xff, 0x50, 0x00, 0x00, 0x00, 0x00,
    0x6f, 0xff, 0x40, 0x00, 0xef, 0xff, 0xff, 0xff, 0xff, 0xf0, 0x00, 0x00,
    0x00, 0x00, 0x6f, 0xff, 0x40, 0x00, 0x8b, 0xbc, 0xff, 0xfd, 0xbb, 0x90,
    0x00, 0x00, 0x00, 0x00, 0x6f, 0xff, 0x40, 0x00, 0x00, 0x04, 0xff, 0xf6,
    0x00, 0x00, 0x00, 0x00, 0x00, 0x00, 0x6f, 0xff, 0x40, 0x00, 0x00, 0x04,
    0xff, 0xf6, 0x00, 0x00, 0x00, 0x00, 0x04, 0x66, 0xaf, 0xff, 0x96, 0x63,
    0x00, 0x04, 0xff, 0xf6, 0x00, 0x00, 0x00, 0x00, 0x1f, 0xff, 0xff, 0xff,
    0xff, 0xfe, 0x00, 0x04, 0xff, 0xf6, 0x00, 0x00, 0x00, 0x00, 0x09, 0xff,
    0xff, 0xff, 0xff, 0xf7, 0x00, 0x04, 0xff, 0xf6, 0x00, 0x00, 0x00, 0x00,
    0x00, 0xbf, 0xff, 0xff, 0xff, 0x90, 0x00, 0x04, 0xff, 0xfd, 0xbb, 0xbb,
    0xbb, 0xbb, 0x40, 0x1d, 0xff, 0xff, 0xfc, 0x00, 0x00, 0x04, 0xff, 0xff,
    0xff, 0xff, 0xff, 0xff, 0xf3, 0x02, 0xef, 0xff, 0xd1, 0x00, 0x00, 0x04,
    0xff, 0xff, 0xff, 0xff, 0xff, 0xff, 0xfe, 0x10, 0x4f, 0xff, 0x20, 0x00,
    0x00, 0x03, 0xff, 0xff, 0xff, 0xff, 0xff, 0xff, 0xff, 0x90, 0x06, 0xe4,
    0x00, 0x00, 0x00, 0x46, 0x66, 0x66, 0x40, 0x00, 0x00, 0x00, 0x00, 0x00,
    0x00, 0x00, 0x01, 0xdf, 0xff, 0xff, 0xff, 0xe2, 0x00, 0x00, 0x00, 0x00,
    0x00, 0x00, 0x00, 0xaf, 0xff, 0xff, 0xff, 0xff, 0xc0, 0x00, 0x00, 0x00,
    0x00, 0x00, 0x00, 0x0e, 0xff, 0xff, 0xff, 0xff, 0xff, 0x10, 0x00, 0x00,
    0x00, 0x00, 0x00, 0x00, 0xff, 0xff, 0xff, 0xff, 0xff, 0xfc, 0xbb, 0xbb,
    0xbb, 0xbb, 0xb9, 0x30, 0x0f, 0xff, 0xff, 0xff, 0xff, 0xff, 0xff, 0xff,
    0xff, 0xff, 0xff, 0xff, 0x50, 0xff, 0xff, 0xff, 0xff, 0xff, 0xff, 0xff,
    0xff, 0xff, 0xff, 0xff, 0xfe, 0x0f, 0xff, 0xff, 0xff, 0xff, 0xff, 0xff,
    0xff, 0xff, 0xff, 0xff, 0xff, 0xf1, 0xff, 0xff, 0xff, 0xff, 0xff, 0xff,
    0xff, 0xff, 0xff, 0xff, 0xff, 0xff, 0x2f, 0xff, 0xff, 0xff, 0xff, 0xff,
    0xff, 0xff, 0xff, 0xff, 0xff, 0xff, 0xf2, 0xff, 0xff, 0xff, 0xff, 0xff,
    0xff, 0xff, 0xff, 0xff, 0xff, 0xff, 0xff, 0x2f, 0xff, 0xff, 0xff, 0xff,
    0xff, 0xff, 0xff, 0xff, 0xff, 0xff, 0xff, 0xf2, 0xff, 0xff, 0xff, 0xff,
    0xff, 0xff, 0xff, 0xff, 0xff, 0xff, 0xff, 0xff, 0x2f, 0xff, 0xff, 0xff,
    0xff, 0xff, 0xff, 0xff, 0xff, 0xff, 0xff, 0xff, 0xf2, 0xff, 0xff, 0xff,
    0xff, 0xff, 0xff, 0xff, 0xff, 0xff, 0xff, 0xff, 0xff, 0x2f, 0xff, 0xff,
    0xff, 0xff, 0xff, 0xff, 0xff, 0xff, 0xff, 0xff, 0xff, 0xf2, 0xff, 0xff,
    0xff, 0xff, 0xff, 0xff, 0xff, 0xff, 0xff, 0xff, 0xff, 0xff, 0x2f, 0xff,
    0xff, 0xff, 0xff, 0xff, 0xff, 0xff, 0xff, 0xff, 0xff, 0xff, 0xf2, 0xdf,
    0xff, 0xff, 0xff, 0xff, 0xff, 0xff, 0xff, 0xff, 0xff, 0xff, 0xff, 0x06,
    0xff, 0xff, 0xff, 0xff, 0xff, 0xff, 0xff, 0xff, 0xff, 0xff, 0xff, 0x80,
    0x06, 0xdf, 0xff, 0xff, 0xff, 0xff, 0xff, 0xff, 0xff, 0xff, 0xfe, 0x80,
    0x00, 0x7d, 0xdd, 0xdd, 0xdd, 0xdd, 0xdd, 0xdd, 0xda, 0x30, 0x00, 0x00,
    0xff, 0xff, 0xff, 0xff, 0xff, 0xff, 0xff, 0xff, 0xf5, 0x00, 0x00, 0xfd,
    0x00, 0xff, 0xff, 0xfa, 0x00, 0x1f, 0xea, 0xff, 0x50, 0x00, 0xfd, 0x00,
    0xff, 0xff, 0xf9, 0x00, 0x0f, 0xd0, 0x8f, 0xf4, 0x00, 0xfd, 0x00, 0xff,
    0xff, 0xf9, 0x00, 0x0f, 0xd0, 0x09, 0xff, 0x40, 0xfd, 0x00, 0xff, 0xff,
    0xf9, 0x00, 0x0f, 0xd0, 0x00, 0x9f, 0xf3, 0xfd, 0x00, 0xff, 0xff, 0xf9,
    0x00, 0x0f, 0xd0, 0x00, 0x0a, 0xfb, 0xfd, 0x00, 0xff, 0xff, 0xf9, 0x00,
    0x0f, 0xd0, 0x00, 0x00, 0xff, 0xfd, 0x00, 0xff, 0xff, 0xff, 0xff, 0xff,
    0xd0, 0x00, 0x00, 0xdf, 0xfd, 0x00, 0x7d, 0xdd, 0xdd, 0xdd, 0xdd, 0x50,
    0x00, 0x00, 0xdf, 0xfd, 0x00, 0x00, 0x00, 0x00, 0x00, 0x00, 0x00, 0x00,
    0x00, 0xdf, 0xfd, 0x00, 0x00, 0x00, 0x00, 0x00, 0x00, 0x00, 0x00, 0x00,
    0xdf, 0xfd, 0x00, 0x00, 0x00, 0x00, 0x00, 0x00, 0x00, 0x00, 0x00, 0xdf,
    0xfd, 0x00, 0x6d, 0xdd, 0xdd, 0xdd, 0xdd, 0xdd, 0xdd, 0x40, 0xdf, 0xfd,
    0x00, 0xff, 0xff, 0xff, 0xff, 0xff, 0xff, 0xff, 0xd0, 0xdf, 0xfd, 0x00,
    0xfd, 0x00, 0x00, 0x00, 0x00, 0x00, 0x0f, 0xd0, 0xdf, 0xfd, 0x00, 0xfd,
    0x00, 0x00, 0x00, 0x00, 0x00, 0x0f, 0xd0, 0xdf, 0xfd, 0x00, 0xfd, 0x00,
    0x00, 0x00, 0x00, 0x00, 0x0f, 0xd0, 0xdf, 0xfd, 0x00, 0xfd, 0x00, 0x00,
    0x00, 0x00, 0x00, 0x0f, 0xd0, 0xdf, 0xfd, 0x00, 0xfd, 0x00, 0x00, 0x00,
    0x00, 0x00, 0x0f, 0xd0, 0xdf, 0xfd, 0x00, 0xfd, 0x00, 0x00, 0x00, 0x00,
    0x00, 0x0f, 0xd0, 0xdf, 0xff, 0xff, 0xff, 0xff, 0xff, 0xff, 0xff, 0xff,
    0xff, 0xff, 0xff, 0x7d, 0xdd, 0xdd, 0xdd, 0xdd, 0xdd, 0xdd, 0xdd, 0xdd,
    0xdd, 0xd7, 0x00, 0x00, 0x00, 0x00, 0x00, 0x01, 0xdd, 0x10, 0x00, 0x00,
    0x00, 0x00, 0x00, 0x00, 0x00, 0x00, 0x00, 0x00, 0x05, 0xff, 0x50, 0x00,
    0x00, 0x00, 0x00, 0x00, 0x00, 0x00, 0x00, 0x00, 0x05, 0xbf, 0xff, 0xfb,
    0x50, 0x00, 0x00, 0x00, 0x00, 0x00, 0x00, 0x00, 0x01, 0xcf, 0xff, 0xff,
    0xff, 0xfc, 0x10, 0x00, 0x00, 0x00, 0x00, 0x00, 0x00, 0x0d, 0xff, 0xff,
    0xff, 0xff, 0xff, 0xd0, 0x00, 0x00, 0x00, 0x00, 0x00, 0x00, 0x9f, 0xff,
    0xff, 0xff, 0xff, 0xff, 0xf9, 0x00, 0x00, 0x00, 0x00, 0x00, 0x01, 0xff,
    0xff, 0xff, 0xff, 0xff, 0xff, 0xff, 0x10, 0x00, 0x00, 0x00, 0x00, 0x05,
    0xff, 0xff, 0xff, 0xff, 0xff, 0xff, 0xff, 0x50, 0x00, 0x00, 0x00, 0x00,
    0x07, 0xff, 0xff, 0xff, 0xff, 0xff, 0xff, 0xff, 0x60, 0x00, 0x00, 0x00,
    0x00, 0x07, 0xff, 0xff, 0xff, 0xff, 0xff, 0xff, 0xff, 0x70, 0x00, 0x00,
    0x00, 0x00, 0x08, 0xff, 0xff, 0xff, 0xff, 0xff, 0xff, 0xff, 0x80, 0x00,
    0x00, 0x00, 0x00, 0x0a, 0xff, 0xff, 0xff, 0xff, 0xff, 0xff, 0xff, 0xa0,
    0x00, 0x00, 0x00, 0x00, 0x0c, 0xff, 0xff, 0xff, 0xff, 0xff, 0xff, 0xff,
    0xc0, 0x00, 0x00, 0x00, 0x00, 0x0f, 0xff, 0xff, 0xff, 0xff, 0xff, 0xff,
    0xff, 0xf0, 0x00, 0x00, 0x00, 0x00, 0x4f, 0xff, 0xff, 0xff, 0xff, 0xff,
    0xff, 0xff, 0xf4, 0x00, 0x00, 0x00, 0x00, 0xaf, 0xff, 0xff, 0xff, 0xff,
    0xff, 0xff, 0xff, 0xfa, 0x00, 0x00, 0x00, 0x01, 0xff, 0xff, 0xff, 0xff,
    0xff, 0xff, 0xff, 0xff, 0xff, 0x10, 0x00, 0x00, 0x09, 0xff, 0xff, 0xff,
    0xff, 0xff, 0xff, 0xff, 0xff, 0xff, 0x90, 0x00, 0x00, 0x4f, 0xff, 0xff,
    0xff, 0xff, 0xff, 0xff, 0xff, 0xff, 0xff, 0xf4, 0x00, 0x03, 0xef, 0xff,
    0xff, 0xff, 0xff, 0xff, 0xff, 0xff, 0xff, 0xff, 0xfe, 0x30, 0x0e, 0xff,
    0xff, 0xff, 0xff, 0xff, 0xff, 0xff, 0xff, 0xff, 0xff, 0xff, 0xe0, 0x0a,
    0xff, 0xff, 0xff, 0xff, 0xff, 0xff, 0xff, 0xff, 0xff, 0xff, 0xff, 0xa0,
    0x00, 0x34, 0x44, 0x44, 0x4c, 0x9f, 0xff, 0xff, 0xc4, 0x44, 0x44, 0x43,
    0x00, 0x00, 0x00, 0x00, 0x00, 0x07, 0xca, 0xff, 0xff, 0x70, 0x00, 0x00,
    0x00, 0x00, 0x00, 0x00, 0x00, 0x00, 0x01, 0xeb, 0x8f, 0xfe, 0x10, 0x00,
    0x00, 0x00, 0x00, 0x00, 0x00, 0x00, 0x00, 0x00, 0x1a, 0xff, 0xa1, 0x00,
    0x00, 0x00, 0x00, 0x00, 0x3c, 0xdd, 0xdd, 0xdd, 0xdd, 0xdd, 0xdd, 0xdd,
    0xdd, 0xdd, 0xdd, 0xdd, 0xdd, 0xb2, 0xef, 0xff, 0xff, 0xff, 0xff, 0xff,
    0xff, 0xff, 0xff, 0xff, 0xff, 0xff, 0xff, 0xfb, 0xfd, 0x00, 0x00, 0x00,
    0x00, 0x00, 0x00, 0x00, 0x00, 0x00, 0x00, 0x00, 0x00, 0xfd, 0xfd, 0x00,
    0x00, 0x00, 0x00, 0x00, 0x00, 0x00, 0x00, 0x00, 0x00, 0x00, 0x00, 0xfd,
    0xfd, 0x00, 0xfd, 0x04, 0xf1, 0x0f, 0xf0, 0x2f, 0xf0, 0x1f, 0x40, 0xdf,
    0x00, 0xfd, 0xfd, 0x00, 0xdb, 0x03, 0xd1, 0x0d, 0xd0, 0x1d, 0xd0, 0x1d,
    0x30, 0xdf, 0x00, 0xfd, 0xfd, 0x00, 0x00, 0x00, 0x00, 0x00, 0x00, 0x00,
    0x00, 0x00, 0x00, 0xdf, 0x00, 0xfd, 0xfd, 0x00, 0x00, 0x00, 0x00, 0x00,
    0x00, 0x00, 0x00, 0x00, 0x00, 0xdf, 0x00, 0xfd, 0xfd, 0x00, 0xff, 0xfa,
    0x0d, 0xf0, 0x0f, 0xd0, 0x0f, 0xd0, 0xbf, 0xff, 0x00, 0xfd, 0xfd, 0x00,
    0xdd, 0xd9, 0x0b, 0xd0, 0x0d, 0xb0, 0x0d, 0xb0, 0x9d, 0xdd, 0x00, 0xfd,
    0xfd, 0x00, 0x00, 0x00, 0x00, 0x00, 0x00, 0x00, 0x00, 0x00, 0x00, 0x00,
    0x00, 0xfd, 0xfd, 0x00, 0xdb, 0x03, 0xdd, 0xdd, 0xdd, 0xdd, 0xdd, 0xdd,
    0x30, 0xbd, 0x00, 0xfd, 0xfd, 0x00, 0xfd, 0x04, 0xff, 0xff, 0xff, 0xff,
    0xff, 0xff, 0x40, 0xdf, 0x00, 0xfd, 0xfd, 0x00, 0x00, 0x00, 0x00, 0x00,
    0x00, 0x00, 0x00, 0x00, 0x00, 0x00, 0x00, 0xfd, 0xfd, 0x00, 0x00, 0x00,
    0x00, 0x00, 0x00, 0x00, 0x00, 0x00, 0x00, 0x00, 0x00, 0xfd, 0xef, 0xdd,
    0xdd, 0xdd, 0xdd, 0xdd, 0xdd, 0xdd, 0xdd, 0xdd, 0xdd, 0xdd, 0xdd, 0xfc,
    0x5e, 0xff, 0xff, 0xff, 0xff, 0xff, 0xff, 0xff, 0xff, 0xff, 0xff, 0xff,
    0xff, 0xe3, 0x00, 0x00, 0x00, 0x00, 0x00, 0x36, 0x8a, 0xaa, 0x97, 0x51,
    0x00, 0x00, 0x00, 0x00, 0x00, 0x00, 0x00, 0x00, 0x4a, 0xef, 0xff, 0xff,
    0xff, 0xff, 0xfd, 0x71, 0x00, 0x00, 0x00, 0x00, 0x00, 0x05, 0xdf, 0xff,
    0xff, 0xff, 0xff, 0xff, 0xff, 0xff, 0xfa, 0x20, 0x00, 0x00, 0x00, 0x2c,
    0xff, 0xff, 0xff, 0xff, 0xff, 0xff, 0xff, 0xff, 0xff, 0xff, 0x80, 0x00,
    0x00, 0x5f, 0xff, 0xff, 0xfe, 0x95, 0x21, 0x00, 0x14, 0x7c, 0xff, 0xff,
    0xff, 0xc1, 0x00, 0x7f, 0xff, 0xff, 0xd5, 0x00, 0x00, 0x00, 0x00, 0x00,
    0x02, 0x9f, 0xff, 0xff, 0xe2, 0x5f, 0xff, 0xff, 0x70, 0x00, 0x15, 0x8a,
    0xba, 0x96, 0x30, 0x00, 0x2c, 0xff, 0xff, 0xd1, 0xdf, 0xfd, 0x20, 0x04,
    0xbf, 0xff, 0xff, 0xff, 0xff, 0xe7, 0x00, 0x08, 0xff, 0xf5, 0x01, 0xdc,
    0x10, 0x3c, 0xff, 0xff, 0xff, 0xff, 0xff, 0xff, 0xfe, 0x70, 0x05, 0xf6,
    0x00, 0x00, 0x00, 0x6f, 0xff, 0xff, 0xff, 0xff, 0xff, 0xff, 0xff, 0xff,
    0xb1, 0x00, 0x00, 0x00, 0x00, 0x5f, 0xff, 0xff, 0xe9, 0x41, 0x01, 0x26,
    0xbf, 0xff, 0xff, 0xd0, 0x00, 0x00, 0x00, 0x01, 0xef, 0xff, 0x70, 0x00,
    0x00, 0x00, 0x00, 0x3c, 0xff, 0xf8, 0x00, 0x00, 0x00, 0x00, 0x02, 0xeb,
    0x10, 0x06, 0xae, 0xfe, 0xc8, 0x30, 0x08, 0xf8, 0x00, 0x00, 0x00, 0x00,
    0x00, 0x01, 0x00, 0x5e, 0xff, 0xff, 0xff, 0xff, 0xb1, 0x01, 0x00, 0x00,
    0x00, 0x00, 0x00, 0x00, 0x00, 0x6f, 0xff, 0xff, 0xff, 0xff, 0xff, 0xe0,
    0x00, 0x00, 0x00, 0x00, 0x00, 0x00, 0x00, 0x02, 0xef, 0xff, 0xeb, 0xcf,
    0xff, 0xf8, 0x00, 0x00, 0x00, 0x00, 0x00, 0x00, 0x00, 0x00, 0x02, 0xdb,
    0x30, 0x00, 0x06, 0xe7, 0x00, 0x00, 0x00, 0x00, 0x00, 0x00, 0x00, 0x00,
    0x00, 0x00, 0x00, 0x47, 0x61, 0x00, 0x00, 0x00, 0x00, 0x00, 0x00, 0x00,
    0x00, 0x00, 0x00, 0x00, 0x00, 0x8f, 0xff, 0xf0, 0x00, 0x00, 0x00, 0x00,
    0x00, 0x00, 0x00, 0x00, 0x00, 0x00, 0x00, 0x01, 0xef, 0xf7, 0x00, 0x00,
    0x00, 0x00, 0x00, 0x00, 0x00, 0x00, 0x00, 0x00, 0x00, 0x00, 0x02, 0xd7,
    0x00, 0x00, 0x00, 0x00, 0x00, 0x00, 0x00, 0x1a, 0xdd, 0xdd, 0xdd, 0xdd,
    0xdd, 0xdd, 0xdd, 0xdd, 0xdd, 0xdd, 0xdd, 0xdd, 0xdd, 0xdd, 0x90, 0x00,
    0xbf, 0xff, 0xff, 0xff, 0xff, 0xff, 0xff, 0xff, 0xff, 0xff, 0xff, 0xff,
    0xff, 0xff, 0xff, 0xf9, 0x00, 0xfe, 0x00, 0x00, 0x00, 0x00, 0x00, 0x00,
    0x00, 0x00, 0x00, 0x00, 0x00, 0x00, 0x00, 0x01, 0xfd, 0x00, 0xfd, 0x00,
    0x00, 0x00, 0x00, 0x00, 0x00, 0x00, 0x00, 0x00, 0x00, 0x00, 0x00, 0x00,
    0x00, 0xfd, 0x00, 0xfd, 0x02, 0xff, 0xff, 0xff, 0xff, 0xff, 0xff, 0xff,
    0xff, 0xff, 0xff, 0xff, 0xff, 0x00, 0xfe, 0x00, 0xfd, 0x02, 0xff, 0xff,
    0xff, 0xff, 0xff, 0xff, 0xff, 0xff, 0xff, 0xff, 0xff, 0xff, 0x00, 0xff,
    0xe3, 0xfd, 0x02, 0xff, 0xff, 0xff, 0xff, 0xff, 0xff, 0xff, 0xff, 0xff,
    0xff, 0xff, 0xff, 0x00, 0xab, 0xfa, 0xfd, 0x02, 0xff, 0xff, 0xff, 0xff,
    0xff, 0xff, 0xff, 0xff, 0xff, 0xff, 0xff, 0xff, 0x00, 0x02, 0xfb, 0xfd,
    0x02, 0xff, 0xff, 0xff, 0xff, 0xff, 0xff, 0xff, 0xff, 0xff, 0xff, 0xff,
    0xff, 0x00, 0x02, 0xfb, 0xfd, 0x02, 0xff, 0xff, 0xff, 0xff, 0xff, 0xff,
    0xff, 0xff, 0xff, 0xff, 0xff, 0xff, 0x00, 0x02, 0xfb, 0xfd, 0x02, 0xff,
    0xff, 0xff, 0xff, 0xff, 0xff, 0xff, 0xff, 0xff, 0xff, 0xff, 0xff, 0x00,
    0x02, 0xfb, 0xfd, 0x02, 0xff, 0xff, 0xff, 0xff, 0xff, 0xff, 0xff, 0xff,
    0xff, 0xff, 0xff, 0xff, 0x00, 0x02, 0xfb, 0xfd, 0x02, 0xff, 0xff, 0xff,
    0xff, 0xff, 0xff, 0xff, 0xff, 0xff, 0xff, 0xff, 0xff, 0x00, 0x89, 0xfa,
    0xfd, 0x02, 0xff, 0xff, 0xff, 0xff, 0xff, 0xff, 0xff, 0xff, 0xff, 0xff,
    0xff, 0xff, 0x00, 0xff, 0xf4, 0xfd, 0x02, 0xff, 0xff, 0xff, 0xff, 0xff,
    0xff, 0xff, 0xff, 0xff, 0xff, 0xff, 0xff, 0x00, 0xfe, 0x10, 0xfd, 0x00,
    0x22, 0x22, 0x22, 0x22, 0x22, 0x22, 0x22, 0x22, 0x22, 0x22, 0x22, 0x22,
    0x00, 0xfd, 0x00, 0xfe, 0x00, 0x00, 0x00, 0x00, 0x00, 0x00, 0x00, 0x00,
    0x00, 0x00, 0x00, 0x00, 0x00, 0x00, 0xfd, 0x00, 0xcf, 0xed, 0xdd, 0xdd,
    0xdd, 0xdd, 0xdd, 0xdd, 0xdd, 0xdd, 0xdd, 0xdd, 0xdd, 0xdd, 0xde, 0xfa,
    0x00, 0x2c, 0xff, 0xff, 0xff, 0xff, 0xff, 0xff, 0xff, 0xff, 0xff, 0xff,
    0xff, 0xff, 0xff, 0xff, 0xb1, 0x00, 0x1a, 0xdd, 0xdd, 0xdd, 0xdd, 0xdd,
    0xdd, 0xdd, 0xdd, 0xdd, 0xdd, 0xdd, 0xdd, 0xdd, 0xdd, 0x90, 0x00, 0xbf,
    0xff, 0xff, 0xff, 0xff, 0xff, 0xff, 0xff, 0xff, 0xff, 0xff, 0xff, 0xff,
    0xff, 0xff, 0xf9, 0x00, 0xfe, 0x00, 0x00, 0x00, 0x00, 0x00, 0x00, 0x00,
    0x00, 0x00, 0x00, 0x00, 0x00, 0x00, 0x01, 0xfd, 0x00, 0xfd, 0x00, 0x00,
    0x00, 0x00, 0x00, 0x00, 0x00, 0x00, 0x00, 0x00, 0x00, 0x00, 0x00, 0x00,
    0xfd, 0x00, 0xfd, 0x00, 0xff, 0xff, 0xff, 0xff, 0xff, 0xff, 0xff, 0xff,
    0xff, 0x90, 0x00, 0x00, 0x00, 0xfe, 0x00, 0xfd, 0x00, 0xff, 0xff, 0xff,
    0xff, 0xff, 0xff, 0xff, 0xff, 0xff, 0x90, 0x00, 0x00, 0x00, 0xff, 0xe3,
    0xfd, 0x00, 0xff, 0xff, 0xff, 0xff, 0xff, 0xff, 0xff, 0xff, 0xff, 0x90,
    0x00, 0x00, 0x00, 0xab, 0xfa, 0xfd, 0x00, 0xff, 0xff, 0xff, 0xff, 0xff,
    0xff, 0xff, 0xff, 0xff, 0x90, 0x00, 0x00, 0x00, 0x02, 0xfb, 0xfd, 0x00,
    0xff, 0xff, 0xff, 0xff, 0xff, 0xff, 0xff, 0xff, 0xff, 0x90, 0x00, 0x00,
    0x00, 0x02, 0xfb, 0xfd, 0x00, 0xff, 0xff, 0xff, 0xff, 0xff, 0xff, 0xff,
    0xff, 0xff, 0x90, 0x00, 0x00, 0x00, 0x02, 0xfb, 0xfd, 0x00, 0xff, 0xff,
    0xff, 0xff, 0xff, 0xff, 0xff, 0xff, 0xff, 0x90, 0x00, 0x00, 0x00, 0x02,
    0xfb, 0xfd, 0x00, 0xff, 0xff, 0xff, 0xff, 0xff, 0xff, 0xff, 0xff, 0xff,
    0x90, 0x00, 0x00, 0x00, 0x02, 0xfb, 0xfd, 0x00, 0xff, 0xff, 0xff, 0xff,
    0xff, 0xff, 0xff, 0xff, 0xff, 0x90, 0x00, 0x00, 0x00, 0x89, 0xfa, 0xfd,
    0x00, 0xff, 0xff, 0xff, 0xff, 0xff, 0xff, 0xff, 0xff, 0xff, 0x90, 0x00,
    0x00, 0x00, 0xff, 0xf4, 0xfd, 0x00, 0xff, 0xff, 0xff, 0xff, 0xff, 0xff,
    0xff, 0xff, 0xff, 0x90, 0x00, 0x00, 0x00, 0xfe, 0x10, 0xfd, 0x00, 0x22,
    0x22, 0x22, 0x22, 0x22, 0x22, 0x22, 0x22, 0x22, 0x10, 0x00, 0x00, 0x00,
    0xfd, 0x00, 0xfe, 0x00, 0x00, 0x00, 0x00, 0x00, 0x00, 0x00, 0x00, 0x00,
    0x00, 0x00, 0x00, 0x00, 0x00, 0xfd, 0x00, 0xcf, 0xed, 0xdd, 0xdd, 0xdd,
    0xdd, 0xdd, 0xdd, 0xdd, 0xdd, 0xdd, 0xdd, 0xdd, 0xdd, 0xde, 0xfa, 0x00,
    0x2c, 0xff, 0xff, 0xff, 0xff, 0xff, 0xff, 0xff, 0xff, 0xff, 0xff, 0xff,
    0xff, 0xff, 0xff, 0xb1, 0x00, 0x1a, 0xdd, 0xdd, 0xdd, 0xdd, 0xdd, 0xdd,
    0xdd, 0xdd, 0xdd, 0xdd, 0xdd, 0xdd, 0xdd, 0xdd, 0x90, 0x00, 0xbf, 0xff,
    0xff, 0xff, 0xff, 0xff, 0xff, 0xff, 0xff, 0xff, 0xff, 0xff, 0xff, 0xff,
    0xff, 0xf9, 0x00, 0xfe, 0x00, 0x00, 0x00, 0x00, 0x00, 0x00, 0x00, 0x00,
    0x00, 0x00, 0x00, 0x00, 0x00, 0x01, 0xfd, 0x00, 0xfd, 0x00, 0x00, 0x00,
    0x00, 0x00, 0x00, 0x00, 0x00, 0x00, 0x00, 0x00, 0x00, 0x00, 0x00, 0xfd,
    0x00, 0xfd, 0x04, 0xff, 0xff, 0xff, 0xf2, 0x00, 0x00, 0x00, 0x00, 0x00,
    0x00, 0x00, 0x00, 0x00, 0xfe, 0x00, 0xfd, 0x04, 0xff, 0xff, 0xff, 0xf2,
    0x00, 0x00, 0x00, 0x00, 0x00, 0x00, 0x00, 0x00, 0x00, 0xff, 0xe3, 0xfd,
    0x04, 0xff, 0xff, 0xff, 0xf2, 0x00, 0x00, 0x00, 0x00, 0x00, 0x00, 0x00,
    0x00, 0x00, 0xab, 0xfa, 0xfd, 0x04, 0xff, 0xff, 0xff, 0xf2, 0x00, 0x00,
    0x00, 0x00, 0x00, 0x00, 0x00, 0x00, 0x00, 0x02, 0xfb, 0xfd, 0x04, 0xff,
    0xff, 0xff, 0xf2, 0x00, 0x00, 0x00, 0x00, 0x00, 0x00, 0x00, 0x00, 0x00,
    0x02, 0xfb, 0xfd, 0x04, 0xff, 0xff, 0xff, 0xf2, 0x00, 0x00, 0x00, 0x00,
    0x00, 0x00, 0x00, 0x00, 0x00, 0x02, 0xfb, 0xfd, 0x04, 0xff, 0xff, 0xff,
    0xf2, 0x00, 0x00, 0x00, 0x00, 0x00, 0x00, 0x00, 0x00, 0x00, 0x02, 0xfb,
    0xfd, 0x04, 0xff, 0xff, 0xff, 0xf2, 0x00, 0x00, 0x00, 0x00, 0x00, 0x00,
    0x00, 0x00, 0x00, 0x02, 0xfb, 0xfd, 0x04, 0xff, 0xff, 0xff, 0xf2, 0x00,
    0x00, 0x00, 0x00, 0x00, 0x00, 0x00, 0x00, 0x00, 0x89, 0xfa, 0xfd, 0x04,
    0xff, 0xff, 0xff, 0xf2, 0x00, 0x00, 0x00, 0x00, 0x00, 0x00, 0x00, 0x00,
    0x00, 0xff, 0xf4, 0xfd, 0x04, 0xff, 0xff, 0xff, 0xf2, 0x00, 0x00, 0x00,
    0x00, 0x00, 0x00, 0x00, 0x00, 0x00, 0xfe, 0x10, 0xfd, 0x00, 0x22, 0x22,
    0x22, 0x20, 0x00, 0x00, 0x00, 0x00, 0x00, 0x00, 0x00, 0x00, 0x00, 0xfd,
    0x00, 0xfe, 0x00, 0x00, 0x00, 0x00, 0x00, 0x00, 0x00, 0x00, 0x00, 0x00,
    0x00, 0x00, 0x00, 0x00, 0xfd, 0x00, 0xcf, 0xed, 0xdd, 0xdd, 0xdd, 0xdd,
    0xdd, 0xdd, 0xdd, 0xdd, 0xdd, 0xdd, 0xdd, 0xdd, 0xde, 0xfa, 0x00, 0x2c,
    0xff, 0xff, 0xff, 0xff, 0xff, 0xff, 0xff, 0xff, 0xff, 0xff, 0xff, 0xff,
    0xff, 0xff, 0xb1, 0x00, 0x1a, 0xdd, 0xdd, 0xdd, 0xdd, 0xdd, 0xdd, 0xdd,
    0xdd, 0xdd, 0xdd, 0xdd, 0xdd, 0xdd, 0xdd, 0x90, 0x00, 0xbf, 0xff, 0xff,
    0xff, 0xff, 0xff, 0xff, 0xff, 0xff, 0xff, 0xff, 0xff, 0xff, 0xff, 0xff,
    0xf8, 0x00, 0xfe, 0x00, 0x00, 0x00, 0x00, 0x00, 0x00, 0x00, 0x00, 0x00,
    0x00, 0x00, 0x00, 0x00, 0x01, 0xfd, 0x00, 0xfd, 0x00, 0x00, 0x00, 0x00,
    0x00, 0x00, 0x00, 0x00, 0x00, 0x00, 0x00, 0x00, 0x00, 0x00, 0xfd, 0x00,
    0xfd, 0x00, 0x00, 0x00, 0x00, 0x00, 0x00, 0x00, 0x00, 0x00, 0x00, 0x00,
    0x00, 0x00, 0x00, 0xfd, 0x00, 0xfd, 0x00, 0x00, 0x00, 0x00, 0x00, 0x00,
    0x00, 0x00, 0x00, 0x00, 0x00, 0x00, 0x00, 0x00, 0xff, 0xd2, 0xfd, 0x00,
    0x00, 0x00, 0x00, 0x00, 0x00, 0x00, 0x00, 0x00, 0x00, 0x00, 0x00, 0x00,
    0x00, 0xab, 0xfa, 0xfd, 0x00, 0x00, 0x00, 0x00, 0x00, 0x00, 0x00, 0x00,
    0x00, 0x00, 0x00, 0x00, 0x00, 0x00, 0x02, 0xfb, 0xfd, 0x00, 0x00, 0x00,
    0x00, 0x00, 0x00, 0x00, 0x00, 0x00, 0x00, 0x00, 0x00, 0x00, 0x00, 0x02,
    0xfb, 0xfd, 0x00, 0x00, 0x00, 0x00, 0x00, 0x00, 0x00, 0x00, 0x00, 0x00,
    0x00, 0x00, 0x00, 0x00, 0x02, 0xfb, 0xfd, 0x00, 0x00, 0x00, 0x00, 0x00,
    0x00, 0x00, 0x00, 0x00, 0x00, 0x00, 0x00, 0x00, 0x00, 0x02, 0xfb, 0xfd,
    0x00, 0x00, 0x00, 0x00, 0x00, 0x00, 0x00, 0x00, 0x00, 0x00, 0x00, 0x00,
    0x00, 0x00, 0x02, 0xfb, 0xfd, 0x00, 0x00, 0x00, 0x00, 0x00, 0x00, 0x00,
    0x00, 0x00, 0x00, 0x00, 0x00, 0x00, 0x00, 0x89, 0xfa, 0xfd, 0x00, 0x00,
    0x00, 0x00, 0x00, 0x00, 0x00, 0x00, 0x00, 0x00, 0x00, 0x00, 0x00, 0x00,
    0xff, 0xf4, 0xfd, 0x00, 0x00, 0x00, 0x00, 0x00, 0x00, 0x00, 0x00, 0x00,
    0x00, 0x00, 0x00, 0x00, 0x00, 0xfe, 0x20, 0xfd, 0x00, 0x00, 0x00, 0x00,
    0x00, 0x00, 0x00, 0x00, 0x00, 0x00, 0x00, 0x00, 0x00, 0x00, 0xfd, 0x00,
    0xfe, 0x00, 0x00, 0x00, 0x00, 0x00, 0x00, 0x00, 0x00, 0x00, 0x00, 0x00,
    0x00, 0x00, 0x00, 0xfd, 0x00, 0xcf, 0xed, 0xdd, 0xdd, 0xdd, 0xdd, 0xdd,
    0xdd, 0xdd, 0xdd, 0xdd, 0xdd, 0xdd, 0xdd, 0xde, 0xfa, 0x00, 0x2c, 0xff,
    0xff, 0xff, 0xff, 0xff, 0xff, 0xff, 0xff, 0xff, 0xff, 0xff, 0xff, 0xff,
    0xff, 0xb1, 0x00, 0xaf, 0xff, 0xff, 0xff, 0xff, 0xaf, 0xaa, 0xaa, 0xaa,
    0xdf, 0xaf, 0x00, 0x00, 0x00, 0xaf, 0xaf, 0x00, 0x00, 0x00, 0xaf, 0xaf,
    0x00, 0x00, 0x00, 0xaf, 0xaf, 0x00, 0x00, 0x00, 0xaf, 0xaf, 0x00, 0x00,
    0x00, 0xaf, 0xaf, 0x00, 0x00, 0x00, 0xaf, 0xaf, 0x00, 0x00, 0x00, 0xaf,
    0xaf, 0x00, 0x00, 0x00, 0xaf, 0xaf, 0x00, 0x00, 0x00, 0xaf, 0xaf, 0x00,
    0x00, 0x00, 0xaf, 0xaf, 0x00, 0x00, 0x00, 0xaf, 0xaf, 0x00, 0x00, 0x00,
    0xaf, 0xaf, 0x00, 0x00, 0x00, 0xaf, 0xaf, 0x00, 0x00, 0x00, 0xaf, 0xaf,
    0x00, 0x00, 0x00, 0xaf, 0xaf, 0x00, 0x00, 0x00, 0xaf, 0xaf, 0x00, 0x00,
    0x00, 0xaf, 0xaf, 0x00, 0x00, 0x00, 0xaf, 0xaf, 0xaa, 0xaa, 0xaa, 0xdf,
    0xaf, 0xff, 0xff, 0xff, 0xff,

};


/*---------------------
 *  GLYPH DESCRIPTION
 *--------------------*/

static const lv_font_fmt_txt_glyph_dsc_t glyph_dsc[] = {
    {.bitmap_index = 0, .adv_w = 0, .box_w = 0, .box_h = 0, .ofs_x = 0, .ofs_y = 0} /* id = 0 reserved */,
    {.bitmap_index = 0, .adv_w = 108, .box_w = 0, .box_h = 0, .ofs_x = 0, .ofs_y = 0},
    {.bitmap_index = 0, .adv_w = 112, .box_w = 5, .box_h = 18, .ofs_x = 1, .ofs_y = 0},
    {.bitmap_index = 45, .adv_w = 170, .box_w = 8, .box_h = 7, .ofs_x = 1, .ofs_y = 11},
    {.bitmap_index = 73, .adv_w = 269, .box_w = 17, .box_h = 18, .ofs_x = 0, .ofs_y = 0},
    {.bitmap_index = 226, .adv_w = 238, .box_w = 13, .box_h = 21, .ofs_x = 1, .ofs_y = -2},
    {.bitmap_index = 363, .adv_w = 346, .box_w = 20, .box_h = 18, .ofs_x = 1, .ofs_y = 0},
    {.bitmap_index = 543, .adv_w = 305, .box_w = 18, .box_h = 18, .ofs_x = 1, .ofs_y = 0},
    {.bitmap_index = 705, .adv_w = 94, .box_w = 4, .box_h = 7, .ofs_x = 1, .ofs_y = 11},
    {.bitmap_index = 719, .adv_w = 125, .box_w = 7, .box_h = 23, .ofs_x = 1, .ofs_y = -5},
    {.bitmap_index = 800, .adv_w = 125, .box_w = 7, .box_h = 23, .ofs_x = 0, .ofs_y = -5},
    {.bitmap_index = 881, .adv_w = 229, .box_w = 13, .box_h = 12, .ofs_x = 1, .ofs_y = 7},
    {.bitmap_index = 959, .adv_w = 238, .box_w = 13, .box_h = 13, .ofs_x = 1, .ofs_y = 3},
    {.bitmap_index = 1044, .adv_w = 111, .box_w = 4, .box_h = 7, .ofs_x = 1, .ofs_y = -3},
    {.bitmap_index = 1058, .adv_w = 134, .box_w = 7, .box_h = 2, .ofs_x = 1, .ofs_y = 6},
    {.bitmap_index = 1065, .adv_w = 111, .box_w = 5, .box_h = 4, .ofs_x = 1, .ofs_y = 0},
    {.bitmap_index = 1075, .adv_w = 155, .box_w = 10, .box_h = 18, .ofs_x = 0, .ofs_y = 0},
    {.bitmap_index = 1165, .adv_w = 238, .box_w = 13, .box_h = 18, .ofs_x = 1, .ofs_y = 0},
    {.bitmap_index = 1282, .adv_w = 238, .box_w = 8, .box_h = 18, .ofs_x = 2, .ofs_y = 0},
    {.bitmap_index = 1354, .adv_w = 238, .box_w = 13, .box_h = 18, .ofs_x = 1, .ofs_y = 0},
    {.bitmap_index = 1471, .adv_w = 238, .box_w = 13, .box_h = 18, .ofs_x = 1, .ofs_y = 0},
    {.bitmap_index = 1588, .adv_w = 238, .box_w = 15, .box_h = 18, .ofs_x = 0, .ofs_y = 0},
    {.bitmap_index = 1723, .adv_w = 238, .box_w = 13, .box_h = 18, .ofs_x = 1, .ofs_y = 0},
    {.bitmap_index = 1840, .adv_w = 238, .box_w = 13, .box_h = 18, .ofs_x = 1, .ofs_y = 0},
    {.bitmap_index = 1957, .adv_w = 238, .box_w = 13, .box_h = 18, .ofs_x = 1, .ofs_y = 0},
    {.bitmap_index = 2074, .adv_w = 238, .box_w = 13, .box_h = 18, .ofs_x = 1, .ofs_y = 0},
    {.bitmap_index = 2191, .adv_w = 238, .box_w = 13, .box_h = 18, .ofs_x = 1, .ofs_y = 0},
    {.bitmap_index = 2308, .adv_w = 111, .box_w = 5, .box_h = 14, .ofs_x = 1, .ofs_y = 0},
    {.bitmap_index = 2343, .adv_w = 111, .box_w = 6, .box_h = 18, .ofs_x = 0, .ofs_y = -4},
    {.bitmap_index = 2397, .adv_w = 238, .box_w = 13, .box_h = 14, .ofs_x = 1, .ofs_y = 2},
    {.bitmap_index = 2488, .adv_w = 238, .box_w = 13, .box_h = 7, .ofs_x = 1, .ofs_y = 6},
    {.bitmap_index = 2534, .adv_w = 238, .box_w = 13, .box_h = 14, .ofs_x = 1, .ofs_y = 2},
    {.bitmap_index = 2625, .adv_w = 181, .box_w = 11, .box_h = 18, .ofs_x = 0, .ofs_y = 0},
    {.bitmap_index = 2724, .adv_w = 374, .box_w = 21, .box_h = 20, .ofs_x = 1, .ofs_y = -2},
    {.bitmap_index = 2934, .adv_w = 266, .box_w = 17, .box_h = 18, .ofs_x = 0, .ofs_y = 0},
    {.bitmap_index = 3087, .adv_w = 270, .box_w = 14, .box_h = 18, .ofs_x = 2, .ofs_y = 0},
    {.bitmap_index = 3213, .adv_w = 263, .box_w = 15, .box_h = 18, .ofs_x = 1, .ofs_y = 0},
    {.bitmap_index = 3348, .adv_w = 304, .box_w = 16, .box_h = 18, .ofs_x = 2, .ofs_y = 0},
    {.bitmap_index = 3492, .adv_w = 231, .box_w = 11, .box_h = 18, .ofs_x = 2, .ofs_y = 0},
    {.bitmap_index = 3591, .adv_w = 216, .box_w = 11, .box_h = 18, .ofs_x = 2, .ofs_y = 0},
    {.bitmap_index = 3690, .adv_w = 303, .box_w = 16, .box_h = 18, .ofs_x = 1, .ofs_y = 0},
    {.bitmap_index = 3834, .adv_w = 308, .box_w = 15, .box_h = 18, .ofs_x = 2, .ofs_y = 0},
    {.bitmap_index = 3969, .adv_w = 141, .box_w = 7, .box_h = 18, .ofs_x = 1, .ofs_y = 0},
    {.bitmap_index = 4032, .adv_w = 114, .box_w = 8, .box_h = 24, .ofs_x = -3, .ofs_y = -6},
    {.bitmap_index = 4128, .adv_w = 258, .box_w = 15, .box_h = 18, .ofs_x = 2, .ofs_y = 0},
    {.bitmap_index = 4263, .adv_w = 218, .box_w = 11, .box_h = 18, .ofs_x = 2, .ofs_y = 0},
    {.bitmap_index = 4362, .adv_w = 377, .box_w = 20, .box_h = 18, .ofs_x = 2, .ofs_y = 0},
    {.bitmap_index = 4542, .adv_w = 316, .box_w = 16, .box_h = 18, .ofs_x = 2, .ofs_y = 0},
    {.bitmap_index = 4686, .adv_w = 325, .box_w = 18, .box_h = 18, .ofs_x = 1, .ofs_y = 0},
    {.bitmap_index = 4848, .adv_w = 252, .box_w = 13, .box_h = 18, .ofs_x = 2, .ofs_y = 0},
    {.bitmap_index = 4965, .adv_w = 325, .box_w = 18, .box_h = 22, .ofs_x = 1, .ofs_y = -4},
    {.bitmap_index = 5163, .adv_w = 259, .box_w = 14, .box_h = 18, .ofs_x = 2, .ofs_y = 0},
    {.bitmap_index = 5289, .adv_w = 228, .box_w = 13, .box_h = 18, .ofs_x = 1, .ofs_y = 0},
    {.bitmap_index = 5406, .adv_w = 231, .box_w = 15, .box_h = 18, .ofs_x = 0, .ofs_y = 0},
    {.bitmap_index = 5541, .adv_w = 304, .box_w = 15, .box_h = 18, .ofs_x = 2, .ofs_y = 0},
    {.bitmap_index = 5676, .adv_w = 250, .box_w = 16, .box_h = 18, .ofs_x = 0, .ofs_y = 0},
    {.bitmap_index = 5820, .adv_w = 387, .box_w = 24, .box_h = 18, .ofs_x = 0, .ofs_y = 0},
    {.bitmap_index = 6036, .adv_w = 244, .box_w = 16, .box_h = 18, .ofs_x = 0, .ofs_y = 0},
    {.bitmap_index = 6180, .adv_w = 235, .box_w = 15, .box_h = 18, .ofs_x = 0, .ofs_y = 0},
    {.bitmap_index = 6315, .adv_w = 238, .box_w = 14, .box_h = 18, .ofs_x = 0, .ofs_y = 0},
    {.bitmap_index = 6441, .adv_w = 137, .box_w = 6, .box_h = 22, .ofs_x = 2, .ofs_y = -4},
    {.bitmap_index = 6507, .adv_w = 155, .box_w = 10, .box_h = 18, .ofs_x = 0, .ofs_y = 0},
    {.bitmap_index = 6597, .adv_w = 137, .box_w = 7, .box_h = 22, .ofs_x = 0, .ofs_y = -4},
    {.bitmap_index = 6674, .adv_w = 238, .box_w = 14, .box_h = 12, .ofs_x = 0, .ofs_y = 7},
    {.bitmap_index = 6758, .adv_w = 185, .box_w = 13, .box_h = 2, .ofs_x = -1, .ofs_y = -4},
    {.bitmap_index = 6771, .adv_w = 117, .box_w = 6, .box_h = 4, .ofs_x = 1, .ofs_y = 16},
    {.bitmap_index = 6783, .adv_w = 233, .box_w = 12, .box_h = 14, .ofs_x = 1, .ofs_y = 0},
    {.bitmap_index = 6867, .adv_w = 256, .box_w = 13, .box_h = 19, .ofs_x = 2, .ofs_y = 0},
    {.bitmap_index = 6991, .adv_w = 200, .box_w = 11, .box_h = 14, .ofs_x = 1, .ofs_y = 0},
    {.bitmap_index = 7068, .adv_w = 256, .box_w = 13, .box_h = 19, .ofs_x = 1, .ofs_y = 0},
    {.bitmap_index = 7192, .adv_w = 235, .box_w = 13, .box_h = 14, .ofs_x = 1, .ofs_y = 0},
    {.bitmap_index = 7283, .adv_w = 143, .box_w = 11, .box_h = 19, .ofs_x = 0, .ofs_y = 0},
    {.bitmap_index = 7388, .adv_w = 256, .box_w = 13, .box_h = 20, .ofs_x = 1, .ofs_y = -6},
    {.bitmap_index = 7518, .adv_w = 257, .box_w = 12, .box_h = 19, .ofs_x = 2, .ofs_y = 0},
    {.bitmap_index = 7632, .adv_w = 107, .box_w = 3, .box_h = 19, .ofs_x = 2, .ofs_y = 0},
    {.bitmap_index = 7661, .adv_w = 107, .box_w = 7, .box_h = 25, .ofs_x = -2, .ofs_y = -6},
    {.bitmap_index = 7749, .adv_w = 222, .box_w = 12, .box_h = 19, .ofs_x = 2, .ofs_y = 0},
    {.bitmap_index = 7863, .adv_w = 107, .box_w = 3, .box_h = 19, .ofs_x = 2, .ofs_y = 0},
    {.bitmap_index = 7892, .adv_w = 389, .box_w = 21, .box_h = 14, .ofs_x = 2, .ofs_y = 0},
    {.bitmap_index = 8039, .adv_w = 257, .box_w = 12, .box_h = 14, .ofs_x = 2, .ofs_y = 0},
    {.bitmap_index = 8123, .adv_w = 252, .box_w = 14, .box_h = 14, .ofs_x = 1, .ofs_y = 0},
    {.bitmap_index = 8221, .adv_w = 256, .box_w = 13, .box_h = 20, .ofs_x = 2, .ofs_y = -6},
    {.bitmap_index = 8351, .adv_w = 256, .box_w = 13, .box_h = 20, .ofs_x = 1, .ofs_y = -6},
    {.bitmap_index = 8481, .adv_w = 172, .box_w = 9, .box_h = 14, .ofs_x = 2, .ofs_y = 0},
    {.bitmap_index = 8544, .adv_w = 199, .box_w = 11, .box_h = 14, .ofs_x = 1, .ofs_y = 0},
    {.bitmap_index = 8621, .adv_w = 150, .box_w = 9, .box_h = 17, .ofs_x = 0, .ofs_y = 0},
    {.bitmap_index = 8698, .adv_w = 257, .box_w = 12, .box_h = 14, .ofs_x = 2, .ofs_y = 0},
    {.bitmap_index = 8782, .adv_w = 211, .box_w = 14, .box_h = 14, .ofs_x = 0, .ofs_y = 0},
    {.bitmap_index = 8880, .adv_w = 327, .box_w = 21, .box_h = 14, .ofs_x = 0, .ofs_y = 0},
    {.bitmap_index = 9027, .adv_w = 220, .box_w = 14, .box_h = 14, .ofs_x = 0, .ofs_y = 0},
    {.bitmap_index = 9125, .adv_w = 212, .box_w = 14, .box_h = 20, .ofs_x = 0, .ofs_y = -6},
    {.bitmap_index = 9265, .adv_w = 196, .box_w = 11, .box_h = 14, .ofs_x = 1, .ofs_y = 0},
    {.bitmap_index = 9342, .adv_w = 158, .box_w = 10, .box_h = 22, .ofs_x = 0, .ofs_y = -4},
    {.bitmap_index = 9452, .adv_w = 229, .box_w = 3, .box_h = 25, .ofs_x = 6, .ofs_y = -6},
    {.bitmap_index = 9490, .adv_w = 158, .box_w = 10, .box_h = 22, .ofs_x = 0, .ofs_y = -4},
    {.bitmap_index = 9600, .adv_w = 238, .box_w = 13, .box_h = 3, .ofs_x = 1, .ofs_y = 7},
    {.bitmap_index = 9620, .adv_w = 250, .box_w = 13, .box_h = 15, .ofs_x = 1, .ofs_y = 0},
    {.bitmap_index = 9718, .adv_w = 228, .box_w = 12, .box_h = 15, .ofs_x = 1, .ofs_y = 0},
    {.bitmap_index = 9808, .adv_w = 228, .box_w = 12, .box_h = 15, .ofs_x = 1, .ofs_y = 0},
    {.bitmap_index = 9898, .adv_w = 255, .box_w = 12, .box_h = 15, .ofs_x = 2, .ofs_y = 0},
    {.bitmap_index = 9988, .adv_w = 258, .box_w = 13, .box_h = 15, .ofs_x = 2, .ofs_y = 0},
    {.bitmap_index = 10086, .adv_w = 249, .box_w = 13, .box_h = 15, .ofs_x = 1, .ofs_y = 0},
    {.bitmap_index = 10184, .adv_w = 223, .box_w = 13, .box_h = 15, .ofs_x = 0, .ofs_y = 0},
    {.bitmap_index = 10282, .adv_w = 221, .box_w = 13, .box_h = 15, .ofs_x = 0, .ofs_y = 0},
    {.bitmap_index = 10380, .adv_w = 251, .box_w = 12, .box_h = 15, .ofs_x = 2, .ofs_y = 0},
    {.bitmap_index = 10470, .adv_w = 229, .box_w = 12, .box_h = 15, .ofs_x = 1, .ofs_y = 0},
    {.bitmap_index = 10560, .adv_w = 231, .box_w = 12, .box_h = 15, .ofs_x = 1, .ofs_y = 0},
    {.bitmap_index = 10650, .adv_w = 377, .box_w = 21, .box_h = 15, .ofs_x = 1, .ofs_y = 0},
    {.bitmap_index = 10808, .adv_w = 378, .box_w = 21, .box_h = 20, .ofs_x = 1, .ofs_y = -5},
    {.bitmap_index = 11018, .adv_w = 251, .box_w = 14, .box_h = 20, .ofs_x = 0, .ofs_y = -5},
    {.bitmap_index = 11158, .adv_w = 251, .box_w = 14, .box_h = 20, .ofs_x = 0, .ofs_y = -5},
    {.bitmap_index = 11298, .adv_w = 228, .box_w = 14, .box_h = 21, .ofs_x = 0, .ofs_y = -5},
    {.bitmap_index = 11445, .adv_w = 260, .box_w = 14, .box_h = 15, .ofs_x = 1, .ofs_y = 0},
    {.bitmap_index = 11550, .adv_w = 376, .box_w = 22, .box_h = 15, .ofs_x = 1, .ofs_y = 0},
    {.bitmap_index = 11715, .adv_w = 378, .box_w = 21, .box_h = 15, .ofs_x = 1, .ofs_y = 0},
    {.bitmap_index = 11873, .adv_w = 256, .box_w = 13, .box_h = 15, .ofs_x = 1, .ofs_y = 0},
    {.bitmap_index = 11971, .adv_w = 265, .box_w = 14, .box_h = 15, .ofs_x = 1, .ofs_y = 0},
    {.bitmap_index = 12076, .adv_w = 250, .box_w = 13, .box_h = 15, .ofs_x = 1, .ofs_y = 0},
    {.bitmap_index = 12174, .adv_w = 253, .box_w = 12, .box_h = 15, .ofs_x = 2, .ofs_y = 0},
    {.bitmap_index = 12264, .adv_w = 226, .box_w = 12, .box_h = 15, .ofs_x = 1, .ofs_y = 0},
    {.bitmap_index = 12354, .adv_w = 255, .box_w = 12, .box_h = 15, .ofs_x = 2, .ofs_y = 0},
    {.bitmap_index = 12444, .adv_w = 251, .box_w = 12, .box_h = 15, .ofs_x = 2, .ofs_y = 0},
    {.bitmap_index = 12534, .adv_w = 252, .box_w = 12, .box_h = 20, .ofs_x = 2, .ofs_y = 0},
    {.bitmap_index = 12654, .adv_w = 270, .box_w = 13, .box_h = 15, .ofs_x = 2, .ofs_y = 0},
    {.bitmap_index = 12752, .adv_w = 271, .box_w = 13, .box_h = 20, .ofs_x = 2, .ofs_y = 0},
    {.bitmap_index = 12882, .adv_w = 289, .box_w = 16, .box_h = 15, .ofs_x = 1, .ofs_y = 0},
    {.bitmap_index = 13002, .adv_w = 284, .box_w = 17, .box_h = 20, .ofs_x = 1, .ofs_y = 0},
    {.bitmap_index = 13172, .adv_w = 251, .box_w = 14, .box_h = 15, .ofs_x = 0, .ofs_y = 0},
    {.bitmap_index = 13277, .adv_w = 255, .box_w = 12, .box_h = 15, .ofs_x = 2, .ofs_y = 0},
    {.bitmap_index = 13367, .adv_w = 247, .box_w = 13, .box_h = 15, .ofs_x = 1, .ofs_y = 0},
    {.bitmap_index = 13465, .adv_w = 203, .box_w = 11, .box_h = 15, .ofs_x = 1, .ofs_y = 0},
    {.bitmap_index = 13548, .adv_w = 250, .box_w = 13, .box_h = 20, .ofs_x = 1, .ofs_y = -5},
    {.bitmap_index = 13678, .adv_w = 238, .box_w = 12, .box_h = 15, .ofs_x = 1, .ofs_y = 0},
    {.bitmap_index = 13768, .adv_w = 251, .box_w = 14, .box_h = 20, .ofs_x = 0, .ofs_y = -5},
    {.bitmap_index = 13908, .adv_w = 205, .box_w = 12, .box_h = 15, .ofs_x = 0, .ofs_y = 0},
    {.bitmap_index = 13998, .adv_w = 261, .box_w = 13, .box_h = 16, .ofs_x = 2, .ofs_y = 0},
    {.bitmap_index = 14102, .adv_w = 266, .box_w = 14, .box_h = 15, .ofs_x = 2, .ofs_y = 0},
    {.bitmap_index = 14207, .adv_w = 238, .box_w = 13, .box_h = 16, .ofs_x = 1, .ofs_y = 0},
    {.bitmap_index = 14311, .adv_w = 244, .box_w = 12, .box_h = 15, .ofs_x = 2, .ofs_y = 0},
    {.bitmap_index = 14401, .adv_w = 278, .box_w = 17, .box_h = 19, .ofs_x = 1, .ofs_y = 0},
    {.bitmap_index = 14563, .adv_w = 239, .box_w = 13, .box_h = 15, .ofs_x = 1, .ofs_y = 0},
    {.bitmap_index = 14661, .adv_w = 233, .box_w = 13, .box_h = 16, .ofs_x = 1, .ofs_y = 0},
    {.bitmap_index = 14765, .adv_w = 216, .box_w = 11, .box_h = 15, .ofs_x = 0, .ofs_y = 0},
    {.bitmap_index = 14848, .adv_w = 141, .box_w = 7, .box_h = 11, .ofs_x = 1, .ofs_y = 2},
    {.bitmap_index = 14887, .adv_w = 0, .box_w = 11, .box_h = 4, .ofs_x = -9, .ofs_y = 17},
    {.bitmap_index = 14909, .adv_w = 169, .box_w = 9, .box_h = 15, .ofs_x = 0, .ofs_y = 0},
    {.bitmap_index = 14977, .adv_w = 169, .box_w = 16, .box_h = 22, .ofs_x = -7, .ofs_y = 0},
    {.bitmap_index = 15153, .adv_w = 0, .box_w = 12, .box_h = 2, .ofs_x = -14, .ofs_y = 17},
    {.bitmap_index = 15165, .adv_w = 0, .box_w = 12, .box_h = 4, .ofs_x = -14, .ofs_y = 17},
    {.bitmap_index = 15189, .adv_w = 0, .box_w = 13, .box_h = 4, .ofs_x = -14, .ofs_y = 17},
    {.bitmap_index = 15215, .adv_w = 0, .box_w = 12, .box_h = 4, .ofs_x = -14, .ofs_y = 17},
    {.bitmap_index = 15239, .adv_w = 0, .box_w = 4, .box_h = 6, .ofs_x = -6, .ofs_y = -7},
    {.bitmap_index = 15251, .adv_w = 0, .box_w = 9, .box_h = 6, .ofs_x = -11, .ofs_y = -7},
    {.bitmap_index = 15278, .adv_w = 0, .box_w = 5, .box_h = 4, .ofs_x = -6, .ofs_y = -5},
    {.bitmap_index = 15288, .adv_w = 243, .box_w = 12, .box_h = 22, .ofs_x = 2, .ofs_y = -2},
    {.bitmap_index = 15420, .adv_w = 123, .box_w = 6, .box_h = 15, .ofs_x = 2, .ofs_y = 0},
    {.bitmap_index = 15465, .adv_w = 236, .box_w = 13, .box_h = 15, .ofs_x = 2, .ofs_y = 0},
    {.bitmap_index = 15563, .adv_w = 128, .box_w = 10, .box_h = 22, .ofs_x = 0, .ofs_y = 0},
    {.bitmap_index = 15673, .adv_w = 120, .box_w = 8, .box_h = 22, .ofs_x = 0, .ofs_y = 0},
    {.bitmap_index = 15761, .adv_w = 126, .box_w = 9, .box_h = 22, .ofs_x = -1, .ofs_y = 0},
    {.bitmap_index = 15860, .adv_w = 169, .box_w = 9, .box_h = 20, .ofs_x = 0, .ofs_y = -5},
    {.bitmap_index = 15950, .adv_w = 248, .box_w = 12, .box_h = 20, .ofs_x = 2, .ofs_y = -5},
    {.bitmap_index = 16070, .adv_w = 0, .box_w = 10, .box_h = 6, .ofs_x = -12, .ofs_y = 17},
    {.bitmap_index = 16100, .adv_w = 0, .box_w = 3, .box_h = 6, .ofs_x = -5, .ofs_y = 17},
    {.bitmap_index = 16109, .adv_w = 0, .box_w = 9, .box_h = 6, .ofs_x = -10, .ofs_y = 17},
    {.bitmap_index = 16136, .adv_w = 0, .box_w = 11, .box_h = 7, .ofs_x = -11, .ofs_y = 16},
    {.bitmap_index = 16175, .adv_w = 0, .box_w = 7, .box_h = 6, .ofs_x = -9, .ofs_y = 17},
    {.bitmap_index = 16196, .adv_w = 0, .box_w = 7, .box_h = 5, .ofs_x = -7, .ofs_y = 15},
    {.bitmap_index = 16214, .adv_w = 0, .box_w = 6, .box_h = 7, .ofs_x = -7, .ofs_y = 16},
    {.bitmap_index = 16235, .adv_w = 0, .box_w = 8, .box_h = 6, .ofs_x = -8, .ofs_y = 15},
    {.bitmap_index = 16259, .adv_w = 248, .box_w = 13, .box_h = 13, .ofs_x = 1, .ofs_y = 0},
    {.bitmap_index = 16344, .adv_w = 237, .box_w = 13, .box_h = 13, .ofs_x = 1, .ofs_y = 0},
    {.bitmap_index = 16429, .adv_w = 227, .box_w = 12, .box_h = 13, .ofs_x = 1, .ofs_y = 0},
    {.bitmap_index = 16507, .adv_w = 255, .box_w = 14, .box_h = 16, .ofs_x = 1, .ofs_y = 0},
    {.bitmap_index = 16619, .adv_w = 233, .box_w = 12, .box_h = 13, .ofs_x = 1, .ofs_y = 0},
    {.bitmap_index = 16697, .adv_w = 224, .box_w = 12, .box_h = 16, .ofs_x = 1, .ofs_y = 0},
    {.bitmap_index = 16793, .adv_w = 225, .box_w = 12, .box_h = 17, .ofs_x = 1, .ofs_y = 0},
    {.bitmap_index = 16895, .adv_w = 216, .box_w = 13, .box_h = 16, .ofs_x = 0, .ofs_y = 0},
    {.bitmap_index = 16999, .adv_w = 300, .box_w = 16, .box_h = 16, .ofs_x = 1, .ofs_y = 0},
    {.bitmap_index = 17127, .adv_w = 235, .box_w = 13, .box_h = 16, .ofs_x = 1, .ofs_y = 0},
    {.bitmap_index = 17231, .adv_w = 210, .box_w = 12, .box_h = 16, .ofs_x = 1, .ofs_y = 0},
    {.bitmap_index = 17327, .adv_w = 319, .box_w = 18, .box_h = 15, .ofs_x = 0, .ofs_y = 0},
    {.bitmap_index = 17462, .adv_w = 363, .box_w = 21, .box_h = 9, .ofs_x = 1, .ofs_y = 2},
    {.bitmap_index = 17557, .adv_w = 356, .box_w = 23, .box_h = 25, .ofs_x = -1, .ofs_y = -4},
    {.bitmap_index = 17845, .adv_w = 416, .box_w = 26, .box_h = 21, .ofs_x = 0, .ofs_y = 0},
    {.bitmap_index = 18118, .adv_w = 416, .box_w = 24, .box_h = 18, .ofs_x = 1, .ofs_y = 0},
    {.bitmap_index = 18334, .adv_w = 327, .box_w = 18, .box_h = 18, .ofs_x = 1, .ofs_y = -1},
    {.bitmap_index = 18496, .adv_w = 356, .box_w = 23, .box_h = 23, .ofs_x = 0, .ofs_y = -2},
    {.bitmap_index = 18761, .adv_w = 386, .box_w = 24, .box_h = 19, .ofs_x = 0, .ofs_y = 0},
    {.bitmap_index = 18989, .adv_w = 386, .box_w = 24, .box_h = 23, .ofs_x = 0, .ofs_y = 0},
    {.bitmap_index = 19265, .adv_w = 356, .box_w = 23, .box_h = 23, .ofs_x = 0, .ofs_y = -2},
    {.bitmap_index = 19530, .adv_w = 386, .box_w = 24, .box_h = 21, .ofs_x = 0, .ofs_y = -1},
    {.bitmap_index = 19782, .adv_w = 446, .box_w = 28, .box_h = 23, .ofs_x = 0, .ofs_y = -2},
    {.bitmap_index = 20104, .adv_w = 238, .box_w = 15, .box_h = 23, .ofs_x = 0, .ofs_y = -2},
    {.bitmap_index = 20277, .adv_w = 327, .box_w = 21, .box_h = 23, .ofs_x = 0, .ofs_y = -2},
    {.bitmap_index = 20519, .adv_w = 356, .box_w = 23, .box_h = 23, .ofs_x = 0, .ofs_y = -2},
    {.bitmap_index = 20784, .adv_w = 356, .box_w = 23, .box_h = 23, .ofs_x = 0, .ofs_y = -2},
    {.bitmap_index = 21049, .adv_w = 238, .box_w = 16, .box_h = 23, .ofs_x = -1, .ofs_y = -2},
    {.bitmap_index = 21233, .adv_w = 297, .box_w = 16, .box_h = 24, .ofs_x = 2, .ofs_y = -2},
    {.bitmap_index = 21425, .adv_w = 416, .box_w = 27, .box_h = 17, .ofs_x = 0, .ofs_y = 0},
    {.bitmap_index = 21655, .adv_w = 416, .box_w = 27, .box_h = 21, .ofs_x = 0, .ofs_y = -2},
    {.bitmap_index = 21939, .adv_w = 416, .box_w = 26, .box_h = 25, .ofs_x = 0, .ofs_y = -2},
    {.bitmap_index = 22264, .adv_w = 416, .box_w = 26, .box_h = 24, .ofs_x = 0, .ofs_y = -2},
    {.bitmap_index = 22576, .adv_w = 446, .box_w = 28, .box_h = 17, .ofs_x = 0, .ofs_y = 0},
    {.bitmap_index = 22814, .adv_w = 386, .box_w = 25, .box_h = 21, .ofs_x = 0, .ofs_y = 0},
    {.bitmap_index = 23077, .adv_w = 356, .box_w = 22, .box_h = 23, .ofs_x = 0, .ofs_y = -2},
    {.bitmap_index = 23330, .adv_w = 416, .box_w = 26, .box_h = 26, .ofs_x = 0, .ofs_y = -4},
    {.bitmap_index = 23668, .adv_w = 446, .box_w = 28, .box_h = 17, .ofs_x = 0, .ofs_y = 0},
    {.bitmap_index = 23906, .adv_w = 476, .box_w = 29, .box_h = 21, .ofs_x = 0, .ofs_y = 0},
    {.bitmap_index = 24211, .adv_w = 535, .box_w = 34, .box_h = 19, .ofs_x = 0, .ofs_y = 0},
    {.bitmap_index = 24534, .adv_w = 535, .box_w = 34, .box_h = 19, .ofs_x = 0, .ofs_y = 0},
    {.bitmap_index = 24857, .adv_w = 535, .box_w = 34, .box_h = 19, .ofs_x = 0, .ofs_y = 0},
    {.bitmap_index = 25180, .adv_w = 535, .box_w = 34, .box_h = 19, .ofs_x = 0, .ofs_y = 0},
    {.bitmap_index = 25503, .adv_w = 208, .box_w = 10, .box_h = 22, .ofs_x = 1, .ofs_y = 0},
};

/*---------------------
 *  CHARACTER MAPPING
 *--------------------*/



/*Collect the unicode lists and glyph_id offsets*/
static const uint16_t unicode_list_sym[] = {
    0x0, 0xa, 0xb, 0xc, 0x12, 0x14, 0x18, 0x20,
    0x27, 0x3d, 0x47, 0x4a, 0x4b, 0x4c, 0x50, 0x52,
    0x6d, 0x6f, 0x70, 0x73, 0x78, 0x7a, 0xc6, 0xf2,
    0x11b, 0x1ea, 0x23f, 0x240, 0x242, 0x243, 0x7c1,
};
static const lv_font_fmt_txt_cmap_t cmaps[] =
{
    {
        .range_start = 32, .range_length = 95, .glyph_id_start = 1,
        .unicode_list = NULL, .glyph_id_ofs_list = NULL, .list_length = 0, .type = LV_FONT_FMT_TXT_CMAP_FORMAT0_TINY
    },
    {
        .range_start = 3585, .range_length = 58, .glyph_id_start = 96,
        .unicode_list = NULL, .glyph_id_ofs_list = NULL, .list_length = 0, .type = LV_FONT_FMT_TXT_CMAP_FORMAT0_TINY
    },
    {
        .range_start = 3647, .range_length = 29, .glyph_id_start = 154,
        .unicode_list = NULL, .glyph_id_ofs_list = NULL, .list_length = 0, .type = LV_FONT_FMT_TXT_CMAP_FORMAT0_TINY
    }
,
    {
        .range_start = 61441, .range_length = 1985, .glyph_id_start = 183,
        .unicode_list = unicode_list_sym, .glyph_id_ofs_list = NULL, .list_length = 31, .type = LV_FONT_FMT_TXT_CMAP_SPARSE_TINY
    },
};



/*--------------------
 *  ALL CUSTOM DATA
 *--------------------*/

#if LVGL_VERSION_MAJOR == 8
/*Store all the custom data of the font*/
static  lv_font_fmt_txt_glyph_cache_t cache;
#endif

#if LVGL_VERSION_MAJOR >= 8
static const lv_font_fmt_txt_dsc_t font_dsc = {
#else
static lv_font_fmt_txt_dsc_t font_dsc = {
#endif
    .glyph_bitmap = glyph_bitmap,
    .glyph_dsc = glyph_dsc,
    .cmaps = cmaps,
    .kern_dsc = NULL,
    .kern_scale = 0,
    .cmap_num = 4,
    .bpp = 4,
    .kern_classes = 0,
    .bitmap_format = 0,
#if LVGL_VERSION_MAJOR == 8
    .cache = &cache
#endif
};



/*-----------------
 *  PUBLIC FONT
 *----------------*/

/*Initialize a public general font descriptor*/
#if LVGL_VERSION_MAJOR >= 8
const lv_font_t thai_26 = {
#else
lv_font_t thai_26 = {
#endif
    .get_glyph_dsc = lv_font_get_glyph_dsc_fmt_txt,    /*Function pointer to get glyph's data*/
    .get_glyph_bitmap = lv_font_get_bitmap_fmt_txt,    /*Function pointer to get glyph's bitmap*/
    .line_height = 30,          /*The maximum line height required by the font*/
    .base_line = 7,             /*Baseline measured from the bottom of the line*/
#if !(LVGL_VERSION_MAJOR == 6 && LVGL_VERSION_MINOR == 0)
    .subpx = LV_FONT_SUBPX_NONE,
#endif
#if LV_VERSION_CHECK(7, 4, 0) || LVGL_VERSION_MAJOR >= 8
    .underline_position = -3,
    .underline_thickness = 1,
#endif
    .dsc = &font_dsc,          /*The custom font data. Will be accessed by `get_glyph_bitmap/dsc` */
#if LV_VERSION_CHECK(8, 2, 0) || LVGL_VERSION_MAJOR >= 9
    .fallback = NULL,
#endif
    .user_data = NULL,
};



#endif /*#if THAI_26*/

