/*******************************************************************************
 * Size: 18 px
 * Bpp: 4
 * Opts: --bpp 4 --size 18 --no-compress --font /tmp/opencode/thfonts/NotoSansThai.ttf -r 32-126 -r 0xE00-0xE7F --format lvgl -o thai_18.c
 ******************************************************************************/

#ifdef LV_LVGL_H_INCLUDE_SIMPLE
#include "lvgl.h"
#else
#include "lvgl/lvgl.h"
#endif

#ifndef THAI_18
#define THAI_18 1
#endif

#if THAI_18

/*-----------------
 *    BITMAPS
 *----------------*/

/*Store the image of the glyphs*/
static LV_ATTRIBUTE_LARGE_CONST const uint8_t glyph_bitmap[] = {
    0x8f, 0x57, 0xf5, 0x6f, 0x46, 0xf3, 0x5f, 0x24, 0xf1, 0x3f, 0x13, 0xf0,
    0x2f, 0x00, 0x50, 0x26, 0x0a, 0xf7, 0x7f, 0x40, 0xcd, 0x07, 0xf2, 0xbc,
    0x06, 0xf0, 0xaa, 0x05, 0xf0, 0x99, 0x04, 0xe0, 0x56, 0x02, 0x90, 0x00,
    0x00, 0xaa, 0x00, 0xb8, 0x00, 0x00, 0x00, 0xc7, 0x00, 0xe5, 0x00, 0x00,
    0x00, 0xf5, 0x01, 0xf2, 0x00, 0x00, 0x02, 0xf2, 0x04, 0xf0, 0x00, 0x0e,
    0xff, 0xff, 0xff, 0xff, 0xf2, 0x02, 0x3a, 0xc3, 0x3c, 0xa3, 0x30, 0x00,
    0x0b, 0x80, 0x0e, 0x60, 0x00, 0x00, 0x0f, 0x50, 0x1f, 0x30, 0x00, 0x8f,
    0xff, 0xff, 0xff, 0xff, 0x80, 0x13, 0x7f, 0x33, 0x9d, 0x33, 0x10, 0x00,
    0x8c, 0x00, 0xb9, 0x00, 0x00, 0x00, 0xb9, 0x00, 0xe6, 0x00, 0x00, 0x00,
    0xe6, 0x01, 0xf3, 0x00, 0x00, 0x00, 0x07, 0xb0, 0x00, 0x00, 0x00, 0x7b,
    0x00, 0x00, 0x08, 0xff, 0xff, 0xd7, 0x08, 0xf8, 0xac, 0x59, 0x70, 0xdb,
    0x07, 0xb0, 0x00, 0x0c, 0xd0, 0x7b, 0x00, 0x00, 0x5f, 0xdc, 0xb0, 0x00,
    0x00, 0x4c, 0xff, 0xc6, 0x00, 0x00, 0x07, 0xec, 0xfb, 0x00, 0x00, 0x7b,
    0x08, 0xf2, 0x00, 0x07, 0xb0, 0x5f, 0x39, 0x63, 0x8c, 0x6e, 0xd0, 0xcf,
    0xff, 0xff, 0xb2, 0x00, 0x13, 0x9c, 0x00, 0x00, 0x00, 0x07, 0xb0, 0x00,
    0x00, 0x01, 0xcf, 0xc1, 0x00, 0x00, 0xe7, 0x00, 0x00, 0xac, 0x3b, 0xa0,
    0x00, 0x7e, 0x00, 0x00, 0x0f, 0x50, 0x4f, 0x00, 0x1f, 0x50, 0x00, 0x01,
    0xf3, 0x02, 0xf2, 0x09, 0xc0, 0x00, 0x00, 0x1f, 0x30, 0x2f, 0x22, 0xf4,
    0x00, 0x00, 0x00, 0xf5, 0x03, 0xf0, 0xab, 0x2c, 0xfa, 0x00, 0x0a, 0xb0,
    0xac, 0x3f, 0x2c, 0xb3, 0xd8, 0x00, 0x2e, 0xfe, 0x3c, 0x91, 0xf3, 0x06,
    0xe0, 0x00, 0x02, 0x05, 0xf1, 0x3f, 0x10, 0x4f, 0x00, 0x00, 0x00, 0xd8,
    0x03, 0xf1, 0x04, 0xf0, 0x00, 0x00, 0x6e, 0x00, 0x1f, 0x20, 0x5e, 0x00,
    0x00, 0x0e, 0x60, 0x00, 0xc9, 0x0b, 0x90, 0x00, 0x08, 0xd0, 0x00, 0x02,
    0xdf, 0xb1, 0x00, 0x00, 0x08, 0xef, 0xd6, 0x00, 0x00, 0x00, 0x00, 0x8f,
    0x95, 0xbf, 0x40, 0x00, 0x00, 0x00, 0xcc, 0x00, 0x0f, 0x80, 0x00, 0x00,
    0x00, 0xbd, 0x00, 0x2f, 0x70, 0x00, 0x00, 0x00, 0x4f, 0x83, 0xdd, 0x00,
    0x00, 0x00, 0x00, 0x09, 0xff, 0xa1, 0x00, 0x00, 0x00, 0x00, 0x6f, 0xef,
    0x80, 0x00, 0x28, 0x20, 0x06, 0xfa, 0x08, 0xf8, 0x00, 0x9f, 0x00, 0x0e,
    0xd0, 0x00, 0x8f, 0x91, 0xea, 0x00, 0x0f, 0xa0, 0x00, 0x08, 0xfe, 0xf2,
    0x00, 0x0e, 0xd0, 0x00, 0x00, 0xdf, 0xc0, 0x00, 0x07, 0xfb, 0x54, 0x7d,
    0xfa, 0xf9, 0x00, 0x00, 0x6c, 0xff, 0xd8, 0x10, 0x8f, 0xa0, 0xcd, 0xbc,
    0xaa, 0x99, 0x56, 0x00, 0x1e, 0x80, 0x0a, 0xe0, 0x02, 0xf7, 0x00, 0x8f,
    0x10, 0x0d, 0xc0, 0x00, 0xf9, 0x00, 0x3f, 0x70, 0x04, 0xf5, 0x00, 0x4f,
    0x50, 0x03, 0xf6, 0x00, 0x1f, 0x80, 0x00, 0xdc, 0x00, 0x09, 0xf1, 0x00,
    0x2f, 0x70, 0x00, 0xae, 0x00, 0x01, 0xe8, 0x2f, 0x60, 0x00, 0x8f, 0x10,
    0x01, 0xf8, 0x00, 0x0a, 0xe0, 0x00, 0x6f, 0x30, 0x02, 0xf7, 0x00, 0x0f,
    0x90, 0x00, 0xfa, 0x00, 0x0f, 0xa0, 0x00, 0xf9, 0x00, 0x2f, 0x70, 0x06,
    0xf4, 0x00, 0xaf, 0x00, 0x1f, 0x90, 0x08, 0xf1, 0x02, 0xf6, 0x00, 0x00,
    0x00, 0xeb, 0x00, 0x00, 0x00, 0x00, 0xca, 0x00, 0x00, 0x05, 0x00, 0xb8,
    0x01, 0x50, 0x2f, 0xfb, 0xdc, 0xcf, 0xf0, 0x04, 0x58, 0xff, 0x75, 0x40,
    0x00, 0x0b, 0xbe, 0x90, 0x00, 0x00, 0x7f, 0x46, 0xf5, 0x00, 0x00, 0xad,
    0x00, 0xe9, 0x00, 0x00, 0x01, 0x00, 0x10, 0x00, 0x00, 0x00, 0x7a, 0x00,
    0x00, 0x00, 0x00, 0x8c, 0x00, 0x00, 0x00, 0x00, 0x8c, 0x00, 0x00, 0x00,
    0x00, 0x8c, 0x00, 0x00, 0x1f, 0xff, 0xff, 0xff, 0xf5, 0x03, 0x33, 0xad,
    0x33, 0x31, 0x00, 0x00, 0x8c, 0x00, 0x00, 0x00, 0x00, 0x8c, 0x00, 0x00,
    0x00, 0x00, 0x8c, 0x00, 0x00, 0x03, 0x73, 0x08, 0xf3, 0x0b, 0xe0, 0x0e,
    0x80, 0x2f, 0x20, 0x02, 0x22, 0x20, 0x4f, 0xff, 0xf1, 0x15, 0x55, 0x50,
    0x26, 0x0a, 0xf7, 0x7f, 0x40, 0x00, 0x00, 0x3f, 0x50, 0x00, 0x09, 0xe0,
    0x00, 0x00, 0xe9, 0x00, 0x00, 0x5f, 0x30, 0x00, 0x0b, 0xd0, 0x00, 0x01,
    0xf7, 0x00, 0x00, 0x6f, 0x20, 0x00, 0x0c, 0xc0, 0x00, 0x02, 0xf6, 0x00,
    0x00, 0x8f, 0x00, 0x00, 0x0e, 0xa0, 0x00, 0x04, 0xf4, 0x00, 0x00, 0xae,
    0x00, 0x00, 0x00, 0x00, 0x2a, 0xef, 0xb3, 0x00, 0x01, 0xee, 0x77, 0xdf,
    0x30, 0x07, 0xf3, 0x00, 0x0e, 0xb0, 0x0c, 0xc0, 0x00, 0x08, 0xf0, 0x0f,
    0x90, 0x00, 0x05, 0xf4, 0x1f, 0x80, 0x00, 0x03, 0xf5, 0x1f, 0x70, 0x00,
    0x03, 0xf6, 0x1f, 0x80, 0x00, 0x03, 0xf5, 0x0f, 0x90, 0x00, 0x05, 0xf4,
    0x0c, 0xc0, 0x00, 0x08, 0xf1, 0x07, 0xf3, 0x00, 0x0e, 0xc0, 0x00, 0xde,
    0x76, 0xcf, 0x40, 0x00, 0x1a, 0xef, 0xc4, 0x00, 0x00, 0x08, 0xf6, 0x01,
    0xbf, 0xf6, 0x2e, 0xd4, 0xf6, 0x08, 0x12, 0xf6, 0x00, 0x02, 0xf6, 0x00,
    0x02, 0xf6, 0x00, 0x02, 0xf6, 0x00, 0x02, 0xf6, 0x00, 0x02, 0xf6, 0x00,
    0x02, 0xf6, 0x00, 0x02, 0xf6, 0x00, 0x02, 0xf6, 0x00, 0x02, 0xf6, 0x00,
    0x6c, 0xff, 0xb4, 0x00, 0x0b, 0xfa, 0x67, 0xdf, 0x40, 0x03, 0x20, 0x00,
    0x1f, 0xb0, 0x00, 0x00, 0x00, 0x0d, 0xd0, 0x00, 0x00, 0x00, 0x0e, 0xa0,
    0x00, 0x00, 0x00, 0x5f, 0x40, 0x00, 0x00, 0x02, 0xea, 0x00, 0x00, 0x00,
    0x1d, 0xc0, 0x00, 0x00, 0x01, 0xdc, 0x10, 0x00, 0x00, 0x1d, 0xc1, 0x00,
    0x00, 0x01, 0xdc, 0x10, 0x00, 0x00, 0x0d, 0xf9, 0x88, 0x88, 0x82, 0x2f,
    0xff, 0xff, 0xff, 0xf5, 0x01, 0x8d, 0xff, 0xd6, 0x00, 0x0d, 0xd8, 0x66,
    0xcf, 0x70, 0x01, 0x00, 0x00, 0x0d, 0xc0, 0x00, 0x00, 0x00, 0x0e, 0xc0,
    0x00, 0x01, 0x14, 0xbe, 0x30, 0x00, 0x3f, 0xff, 0xb2, 0x00, 0x00, 0x14,
    0x47, 0xcf, 0x50, 0x00, 0x00, 0x00, 0x0c, 0xf0, 0x00, 0x00, 0x00, 0x06,
    0xf3, 0x00, 0x00, 0x00, 0x08, 0xf2, 0x00, 0x00, 0x00, 0x0d, 0xe0, 0x3f,
    0xa7, 0x68, 0xef, 0x50, 0x08, 0xde, 0xfe, 0xa3, 0x00, 0x00, 0x00, 0x00,
    0xdf, 0x10, 0x00, 0x00, 0x09, 0xff, 0x10, 0x00, 0x00, 0x4f, 0x9f, 0x10,
    0x00, 0x00, 0xe9, 0x7f, 0x10, 0x00, 0x09, 0xd0, 0x7f, 0x10, 0x00, 0x4f,
    0x30, 0x7f, 0x10, 0x01, 0xe8, 0x00, 0x7f, 0x10, 0x0a, 0xd0, 0x00, 0x7f,
    0x10, 0x5f, 0x52, 0x22, 0x8f, 0x21, 0xaf, 0xff, 0xff, 0xff, 0xff, 0x35,
    0x55, 0x55, 0xaf, 0x54, 0x00, 0x00, 0x00, 0x7f, 0x10, 0x00, 0x00, 0x00,
    0x7f, 0x10, 0x1f, 0xff, 0xff, 0xf6, 0x03, 0xf9, 0x77, 0x77, 0x20, 0x4f,
    0x30, 0x00, 0x00, 0x05, 0xf1, 0x00, 0x00, 0x00, 0x7f, 0x00, 0x00, 0x00,
    0x08, 0xff, 0xff, 0xd7, 0x00, 0x17, 0x54, 0x6c, 0xf9, 0x00, 0x00, 0x00,
    0x0b, 0xf1, 0x00, 0x00, 0x00, 0x6f, 0x30, 0x00, 0x00, 0x06, 0xf2, 0x00,
    0x00, 0x00, 0xde, 0x0d, 0xa7, 0x67, 0xdf, 0x40, 0x6c, 0xef, 0xea, 0x30,
    0x00, 0x00, 0x01, 0x9d, 0xff, 0x60, 0x00, 0x3f, 0xe8, 0x56, 0x30, 0x00,
    0xec, 0x10, 0x00, 0x00, 0x06, 0xf4, 0x00, 0x00, 0x00, 0x0a, 0xe0, 0x00,
    0x00, 0x00, 0x0d, 0xb5, 0xdf, 0xf9, 0x10, 0x0f, 0xdd, 0x54, 0x7f, 0xc0,
    0x0f, 0xd0, 0x00, 0x06, 0xf4, 0x0f, 0xa0, 0x00, 0x02, 0xf6, 0x0c, 0xc0,
    0x00, 0x03, 0xf6, 0x06, 0xf4, 0x00, 0x08, 0xf2, 0x00, 0xcf, 0x86, 0xaf,
    0x90, 0x00, 0x09, 0xef, 0xd7, 0x00, 0x3f, 0xff, 0xff, 0xff, 0xf6, 0x17,
    0x77, 0x77, 0x7a, 0xf4, 0x00, 0x00, 0x00, 0x0c, 0xd0, 0x00, 0x00, 0x00,
    0x3f, 0x60, 0x00, 0x00, 0x00, 0xae, 0x00, 0x00, 0x00, 0x02, 0xf8, 0x00,
    0x00, 0x00, 0x09, 0xf1, 0x00, 0x00, 0x00, 0x1f, 0xa0, 0x00, 0x00, 0x00,
    0x7f, 0x20, 0x00, 0x00, 0x00, 0xeb, 0x00, 0x00, 0x00, 0x06, 0xf4, 0x00,
    0x00, 0x00, 0x0d, 0xd0, 0x00, 0x00, 0x00, 0x5f, 0x60, 0x00, 0x00, 0x00,
    0x4b, 0xff, 0xd6, 0x00, 0x03, 0xfc, 0x65, 0xaf, 0x80, 0x0a, 0xf0, 0x00,
    0x0b, 0xe0, 0x0a, 0xe0, 0x00, 0x0a, 0xe0, 0x04, 0xf7, 0x00, 0x3f, 0x70,
    0x00, 0x7f, 0xc9, 0xf8, 0x00, 0x00, 0x2d, 0xff, 0xe4, 0x00, 0x03, 0xfa,
    0x12, 0xaf, 0x80, 0x0e, 0xb0, 0x00, 0x08, 0xf2, 0x1f, 0x70, 0x00, 0x03,
    0xf5, 0x0f, 0xb0, 0x00, 0x07, 0xf3, 0x08, 0xfa, 0x55, 0x8f, 0xb0, 0x00,
    0x6c, 0xff, 0xd7, 0x00, 0x00, 0x3b, 0xff, 0xb2, 0x00, 0x03, 0xfd, 0x76,
    0xdf, 0x20, 0x0c, 0xe0, 0x00, 0x1d, 0xc0, 0x0f, 0x90, 0x00, 0x07, 0xf1,
    0x1f, 0x80, 0x00, 0x04, 0xf4, 0x0f, 0xb0, 0x00, 0x07, 0xf5, 0x08, 0xf7,
    0x11, 0x7e, 0xf4, 0x00, 0xaf, 0xff, 0xb6, 0xf3, 0x00, 0x01, 0x31, 0x07,
    0xf0, 0x00, 0x00, 0x00, 0x0d, 0xb0, 0x00, 0x00, 0x00, 0x7f, 0x40, 0x01,
    0x65, 0x7c, 0xf8, 0x00, 0x02, 0xef, 0xeb, 0x40, 0x00, 0x7f, 0x4a, 0xf7,
    0x27, 0x10, 0x00, 0x00, 0x00, 0x00, 0x00, 0x02, 0x60, 0xaf, 0x77, 0xf4,
    0x07, 0xf4, 0x0a, 0xf6, 0x02, 0x70, 0x00, 0x00, 0x00, 0x00, 0x00, 0x00,
    0x00, 0x00, 0x00, 0x00, 0x09, 0xf2, 0x0c, 0xe0, 0x0f, 0x80, 0x3f, 0x20,
    0x26, 0x00, 0x00, 0x00, 0x00, 0x00, 0x00, 0x00, 0x00, 0x00, 0x03, 0xb5,
    0x00, 0x00, 0x02, 0xaf, 0xb2, 0x00, 0x02, 0xaf, 0xa3, 0x00, 0x02, 0xaf,
    0xa2, 0x00, 0x00, 0x1f, 0xe3, 0x00, 0x00, 0x00, 0x05, 0xcf, 0xa3, 0x00,
    0x00, 0x00, 0x03, 0xbf, 0xc5, 0x00, 0x00, 0x00, 0x02, 0x9f, 0xe3, 0x00,
    0x00, 0x00, 0x01, 0x74, 0x00, 0x00, 0x00, 0x00, 0x0f, 0xff, 0xff, 0xff,
    0xf4, 0x33, 0x33, 0x33, 0x33, 0x00, 0x00, 0x00, 0x00, 0x00, 0x01, 0x11,
    0x11, 0x11, 0x0f, 0xff, 0xff, 0xff, 0xf4, 0x34, 0x44, 0x44, 0x44, 0x10,
    0x00, 0x00, 0x00, 0x00, 0x00, 0x1d, 0x50, 0x00, 0x00, 0x00, 0x09, 0xfd,
    0x40, 0x00, 0x00, 0x00, 0x18, 0xfc, 0x40, 0x00, 0x00, 0x00, 0x18, 0xfc,
    0x40, 0x00, 0x00, 0x00, 0x1c, 0xf5, 0x00, 0x00, 0x17, 0xee, 0x70, 0x00,
    0x3a, 0xfd, 0x50, 0x00, 0x0c, 0xfb, 0x40, 0x00, 0x00, 0x19, 0x20, 0x00,
    0x00, 0x00, 0x39, 0xef, 0xea, 0x20, 0x8d, 0x97, 0x8f, 0xd0, 0x00, 0x00,
    0x05, 0xf3, 0x00, 0x00, 0x03, 0xf4, 0x00, 0x00, 0x0a, 0xe0, 0x00, 0x00,
    0xaf, 0x40, 0x00, 0x0b, 0xe3, 0x00, 0x00, 0x4f, 0x30, 0x00, 0x00, 0x7d,
    0x00, 0x00, 0x00, 0x11, 0x00, 0x00, 0x00, 0x36, 0x00, 0x00, 0x00, 0xdf,
    0x40, 0x00, 0x00, 0xae, 0x20, 0x00, 0x00, 0x00, 0x6b, 0xef, 0xec, 0x70,
    0x00, 0x00, 0x03, 0xee, 0x84, 0x34, 0x7d, 0xe3, 0x00, 0x03, 0xf9, 0x00,
    0x00, 0x00, 0x09, 0xe2, 0x00, 0xd9, 0x00, 0x7d, 0xfe, 0xc1, 0x0c, 0x90,
    0x5f, 0x10, 0x9e, 0x52, 0x6f, 0x20, 0x5f, 0x0a, 0xa0, 0x1f, 0x50, 0x03,
    0xf1, 0x02, 0xf1, 0xd6, 0x05, 0xf2, 0x00, 0x5f, 0x00, 0x3f, 0x1e, 0x50,
    0x4f, 0x10, 0x08, 0xf0, 0x05, 0xe0, 0xd6, 0x01, 0xf9, 0x02, 0xde, 0x41,
    0xd8, 0x0b, 0x90, 0x05, 0xff, 0xe5, 0x6f, 0xfa, 0x00, 0x6e, 0x00, 0x00,
    0x10, 0x00, 0x11, 0x00, 0x00, 0xda, 0x00, 0x00, 0x00, 0x00, 0x00, 0x00,
    0x02, 0xed, 0x62, 0x00, 0x38, 0x80, 0x00, 0x00, 0x01, 0x8e, 0xff, 0xff,
    0xc5, 0x00, 0x00, 0x00, 0x00, 0x01, 0x21, 0x00, 0x00, 0x00, 0x00, 0x00,
    0x00, 0x2f, 0xa0, 0x00, 0x00, 0x00, 0x00, 0x9f, 0xf1, 0x00, 0x00, 0x00,
    0x00, 0xe9, 0xf7, 0x00, 0x00, 0x00, 0x05, 0xf3, 0xbd, 0x00, 0x00, 0x00,
    0x0b, 0xe0, 0x6f, 0x30, 0x00, 0x00, 0x1f, 0x80, 0x1f, 0x90, 0x00, 0x00,
    0x7f, 0x30, 0x0b, 0xf0, 0x00, 0x00, 0xde, 0x22, 0x27, 0xf5, 0x00, 0x04,
    0xff, 0xff, 0xff, 0xfc, 0x00, 0x0a, 0xf5, 0x55, 0x55, 0xbf, 0x20, 0x1f,
    0xa0, 0x00, 0x00, 0x3f, 0x80, 0x6f, 0x40, 0x00, 0x00, 0x0d, 0xe0, 0xcd,
    0x00, 0x00, 0x00, 0x06, 0xf4, 0x4f, 0xff, 0xff, 0xc7, 0x00, 0x4f, 0x96,
    0x68, 0xcf, 0xc0, 0x4f, 0x50, 0x00, 0x0b, 0xf2, 0x4f, 0x50, 0x00, 0x06,
    0xf4, 0x4f, 0x50, 0x00, 0x08, 0xf2, 0x4f, 0x61, 0x12, 0x6f, 0x80, 0x4f,
    0xff, 0xff, 0xf6, 0x00, 0x4f, 0x84, 0x45, 0x8e, 0xd1, 0x4f, 0x50, 0x00,
    0x03, 0xf8, 0x4f, 0x50, 0x00, 0x00, 0xfb, 0x4f, 0x50, 0x00, 0x05, 0xf9,
    0x4f, 0x96, 0x66, 0x9f, 0xe2, 0x4f, 0xff, 0xff, 0xe9, 0x20, 0x00, 0x07,
    0xce, 0xfd, 0xa4, 0x01, 0xdf, 0xc8, 0x7a, 0xe7, 0x0c, 0xf5, 0x00, 0x00,
    0x00, 0x5f, 0x80, 0x00, 0x00, 0x00, 0xaf, 0x10, 0x00, 0x00, 0x00, 0xde,
    0x00, 0x00, 0x00, 0x00, 0xed, 0x00, 0x00, 0x00, 0x00, 0xde, 0x00, 0x00,
    0x00, 0x00, 0xaf, 0x10, 0x00, 0x00, 0x00, 0x6f, 0x70, 0x00, 0x00, 0x00,
    0x0d, 0xf5, 0x00, 0x00, 0x00, 0x03, 0xef, 0xc8, 0x79, 0xb4, 0x00, 0x18,
    0xdf, 0xfe, 0xb2, 0x4f, 0xff, 0xfe, 0xc7, 0x10, 0x00, 0x4f, 0x96, 0x68,
    0xbf, 0xe3, 0x00, 0x4f, 0x50, 0x00, 0x03, 0xee, 0x10, 0x4f, 0x50, 0x00,
    0x00, 0x5f, 0x70, 0x4f, 0x50, 0x00, 0x00, 0x0e, 0xd0, 0x4f, 0x50, 0x00,
    0x00, 0x0c, 0xf0, 0x4f, 0x50, 0x00, 0x00, 0x0b, 0xf0, 0x4f, 0x50, 0x00,
    0x00, 0x0c, 0xe0, 0x4f, 0x50, 0x00, 0x00, 0x0f, 0xc0, 0x4f, 0x50, 0x00,
    0x00, 0x6f, 0x60, 0x4f, 0x50, 0x00, 0x05, 0xfd, 0x00, 0x4f, 0x96, 0x68,
    0xcf, 0xd2, 0x00, 0x4f, 0xff, 0xfe, 0xb6, 0x00, 0x00, 0x4f, 0xff, 0xff,
    0xfe, 0x4f, 0xa7, 0x77, 0x76, 0x4f, 0x50, 0x00, 0x00, 0x4f, 0x50, 0x00,
    0x00, 0x4f, 0x50, 0x00, 0x00, 0x4f, 0x72, 0x22, 0x21, 0x4f, 0xff, 0xff,
    0xf9, 0x4f, 0x85, 0x55, 0x53, 0x4f, 0x50, 0x00, 0x00, 0x4f, 0x50, 0x00,
    0x00, 0x4f, 0x50, 0x00, 0x00, 0x4f, 0xa7, 0x77, 0x76, 0x4f, 0xff, 0xff,
    0xfe, 0x4f, 0xff, 0xff, 0xfe, 0x4f, 0xa7, 0x77, 0x76, 0x4f, 0x50, 0x00,
    0x00, 0x4f, 0x50, 0x00, 0x00, 0x4f, 0x50, 0x00, 0x00, 0x4f, 0x72, 0x22,
    0x21, 0x4f, 0xff, 0xff, 0xf9, 0x4f, 0x85, 0x55, 0x52, 0x4f, 0x50, 0x00,
    0x00, 0x4f, 0x50, 0x00, 0x00, 0x4f, 0x50, 0x00, 0x00, 0x4f, 0x50, 0x00,
    0x00, 0x4f, 0x50, 0x00, 0x00, 0x00, 0x04, 0xad, 0xfe, 0xd9, 0x20, 0x0b,
    0xfe, 0x97, 0x8b, 0xf4, 0x0a, 0xf7, 0x00, 0x00, 0x00, 0x04, 0xf9, 0x00,
    0x00, 0x00, 0x00, 0xaf, 0x20, 0x00, 0x00, 0x00, 0x0c, 0xe0, 0x00, 0x01,
    0x22, 0x21, 0xed, 0x00, 0x00, 0xaf, 0xff, 0xcd, 0xe0, 0x00, 0x03, 0x55,
    0xec, 0xaf, 0x10, 0x00, 0x00, 0x0d, 0xc5, 0xf8, 0x00, 0x00, 0x00, 0xdc,
    0x0d, 0xf5, 0x00, 0x00, 0x0d, 0xc0, 0x2d, 0xfc, 0x87, 0x79, 0xfc, 0x00,
    0x07, 0xce, 0xff, 0xda, 0x50, 0x4f, 0x50, 0x00, 0x00, 0x0f, 0x94, 0xf5,
    0x00, 0x00, 0x00, 0xf9, 0x4f, 0x50, 0x00, 0x00, 0x0f, 0x94, 0xf5, 0x00,
    0x00, 0x00, 0xf9, 0x4f, 0x50, 0x00, 0x00, 0x0f, 0x94, 0xf7, 0x22, 0x22,
    0x22, 0xf9, 0x4f, 0xff, 0xff, 0xff, 0xff, 0x94, 0xf8, 0x55, 0x55, 0x55,
    0xf9, 0x4f, 0x50, 0x00, 0x00, 0x0f, 0x94, 0xf5, 0x00, 0x00, 0x00, 0xf9,
    0x4f, 0x50, 0x00, 0x00, 0x0f, 0x94, 0xf5, 0x00, 0x00, 0x00, 0xf9, 0x4f,
    0x50, 0x00, 0x00, 0x0f, 0x90, 0x4f, 0xff, 0xf5, 0x02, 0xde, 0x20, 0x00,
    0xcd, 0x00, 0x00, 0xcd, 0x00, 0x00, 0xcd, 0x00, 0x00, 0xcd, 0x00, 0x00,
    0xcd, 0x00, 0x00, 0xcd, 0x00, 0x00, 0xcd, 0x00, 0x00, 0xcd, 0x00, 0x00,
    0xcd, 0x00, 0x02, 0xde, 0x20, 0x4f, 0xff, 0xf5, 0x00, 0x05, 0xf4, 0x00,
    0x05, 0xf4, 0x00, 0x05, 0xf4, 0x00, 0x05, 0xf4, 0x00, 0x05, 0xf4, 0x00,
    0x05, 0xf4, 0x00, 0x05, 0xf4, 0x00, 0x05, 0xf4, 0x00, 0x05, 0xf4, 0x00,
    0x05, 0xf4, 0x00, 0x05, 0xf4, 0x00, 0x05, 0xf4, 0x00, 0x05, 0xf4, 0x00,
    0x06, 0xf3, 0x12, 0x4d, 0xe0, 0x6f, 0xfe, 0x40, 0x04, 0x40, 0x00, 0x4f,
    0x50, 0x00, 0x06, 0xf7, 0x04, 0xf5, 0x00, 0x04, 0xf9, 0x00, 0x4f, 0x50,
    0x03, 0xfa, 0x00, 0x04, 0xf5, 0x02, 0xec, 0x00, 0x00, 0x4f, 0x51, 0xdd,
    0x00, 0x00, 0x04, 0xf6, 0xcf, 0x10, 0x00, 0x00, 0x4f, 0xef, 0xf7, 0x00,
    0x00, 0x04, 0xfc, 0x1c, 0xf3, 0x00, 0x00, 0x4f, 0x50, 0x2f, 0xd0, 0x00,
    0x04, 0xf5, 0x00, 0x5f, 0x90, 0x00, 0x4f, 0x50, 0x00, 0x9f, 0x50, 0x04,
    0xf5, 0x00, 0x00, 0xde, 0x10, 0x4f, 0x50, 0x00, 0x02, 0xfc, 0x00, 0x4f,
    0x50, 0x00, 0x00, 0x4f, 0x50, 0x00, 0x00, 0x4f, 0x50, 0x00, 0x00, 0x4f,
    0x50, 0x00, 0x00, 0x4f, 0x50, 0x00, 0x00, 0x4f, 0x50, 0x00, 0x00, 0x4f,
    0x50, 0x00, 0x00, 0x4f, 0x50, 0x00, 0x00, 0x4f, 0x50, 0x00, 0x00, 0x4f,
    0x50, 0x00, 0x00, 0x4f, 0x50, 0x00, 0x00, 0x4f, 0xa7, 0x77, 0x77, 0x4f,
    0xff, 0xff, 0xff, 0x4f, 0xf5, 0x00, 0x00, 0x00, 0x0f, 0xf9, 0x4f, 0xeb,
    0x00, 0x00, 0x00, 0x5f, 0xf9, 0x4f, 0xaf, 0x10, 0x00, 0x00, 0xbb, 0xf9,
    0x4f, 0x4f, 0x60, 0x00, 0x02, 0xf5, 0xf9, 0x4f, 0x3b, 0xc0, 0x00, 0x08,
    0xe0, 0xf9, 0x4f, 0x35, 0xf2, 0x00, 0x0d, 0x90, 0xf9, 0x4f, 0x30, 0xf8,
    0x00, 0x4f, 0x30, 0xf9, 0x4f, 0x30, 0x9e, 0x00, 0xad, 0x00, 0xf9, 0x4f,
    0x30, 0x3f, 0x40, 0xf7, 0x00, 0xf9, 0x4f, 0x30, 0x0d, 0xa6, 0xf1, 0x00,
    0xf9, 0x4f, 0x30, 0x08, 0xfd, 0xb0, 0x00, 0xf9, 0x4f, 0x30, 0x02, 0xff,
    0x50, 0x00, 0xf9, 0x4f, 0x30, 0x00, 0xce, 0x00, 0x00, 0xf9, 0x4f, 0xe0,
    0x00, 0x00, 0x09, 0xf4, 0xff, 0x90, 0x00, 0x00, 0x9f, 0x4f, 0xcf, 0x30,
    0x00, 0x09, 0xf4, 0xf3, 0xed, 0x00, 0x00, 0x9f, 0x4f, 0x35, 0xf7, 0x00,
    0x09, 0xf4, 0xf3, 0x0b, 0xf2, 0x00, 0x9f, 0x4f, 0x30, 0x2f, 0xb0, 0x09,
    0xf4, 0xf3, 0x00, 0x7f, 0x50, 0x9f, 0x4f, 0x30, 0x00, 0xce, 0x19, 0xf4,
    0xf3, 0x00, 0x03, 0xfa, 0x8f, 0x4f, 0x30, 0x00, 0x08, 0xfb, 0xf4, 0xf3,
    0x00, 0x00, 0x0d, 0xff, 0x4f, 0x30, 0x00, 0x00, 0x4f, 0xf0, 0x00, 0x18,
    0xdf, 0xfd, 0x81, 0x00, 0x03, 0xef, 0xb8, 0x7a, 0xfe, 0x30, 0x0d, 0xe3,
    0x00, 0x00, 0x2e, 0xd0, 0x6f, 0x60, 0x00, 0x00, 0x05, 0xf6, 0xbf, 0x10,
    0x00, 0x00, 0x00, 0xfb, 0xde, 0x00, 0x00, 0x00, 0x00, 0xdd, 0xed, 0x00,
    0x00, 0x00, 0x00, 0xce, 0xde, 0x00, 0x00, 0x00, 0x00, 0xde, 0xaf, 0x10,
    0x00, 0x00, 0x00, 0xfb, 0x6f, 0x60, 0x00, 0x00, 0x06, 0xf6, 0x0e, 0xe3,
    0x00, 0x00, 0x2e, 0xe0, 0x03, 0xef, 0xb7, 0x7a, 0xfe, 0x30, 0x00, 0x18,
    0xdf, 0xfd, 0x81, 0x00, 0x4f, 0xff, 0xfe, 0xa3, 0x04, 0xf9, 0x67, 0xaf,
    0xf3, 0x4f, 0x50, 0x00, 0x3f, 0xb4, 0xf5, 0x00, 0x00, 0xce, 0x4f, 0x50,
    0x00, 0x0c, 0xe4, 0xf5, 0x00, 0x01, 0xfb, 0x4f, 0x61, 0x25, 0xdf, 0x34,
    0xff, 0xff, 0xfd, 0x40, 0x4f, 0x84, 0x42, 0x00, 0x04, 0xf5, 0x00, 0x00,
    0x00, 0x4f, 0x50, 0x00, 0x00, 0x04, 0xf5, 0x00, 0x00, 0x00, 0x4f, 0x50,
    0x00, 0x00, 0x00, 0x00, 0x18, 0xdf, 0xfd, 0x81, 0x00, 0x03, 0xef, 0xb8,
    0x7a, 0xfe, 0x30, 0x0d, 0xe3, 0x00, 0x00, 0x2e, 0xd0, 0x6f, 0x60, 0x00,
    0x00, 0x05, 0xf6, 0xbf, 0x10, 0x00, 0x00, 0x00, 0xfb, 0xde, 0x00, 0x00,
    0x00, 0x00, 0xdd, 0xed, 0x00, 0x00, 0x00, 0x00, 0xce, 0xde, 0x00, 0x00,
    0x00, 0x00, 0xde, 0xaf, 0x10, 0x00, 0x00, 0x00, 0xfb, 0x6f, 0x60, 0x00,
    0x00, 0x06, 0xf6, 0x0e, 0xe3, 0x00, 0x00, 0x2e, 0xe0, 0x03, 0xef, 0xb7,
    0x7a, 0xfe, 0x30, 0x00, 0x18, 0xdf, 0xff, 0xa1, 0x00, 0x00, 0x00, 0x00,
    0x2f, 0xe1, 0x00, 0x00, 0x00, 0x00, 0x04, 0xfd, 0x10, 0x00, 0x00, 0x00,
    0x00, 0x7f, 0xc0, 0x4f, 0xff, 0xfe, 0xb4, 0x00, 0x4f, 0xa7, 0x79, 0xef,
    0x50, 0x4f, 0x50, 0x00, 0x1e, 0xd0, 0x4f, 0x50, 0x00, 0x0b, 0xf0, 0x4f,
    0x50, 0x00, 0x0e, 0xd0, 0x4f, 0x61, 0x13, 0xbf, 0x50, 0x4f, 0xff, 0xff,
    0xc4, 0x00, 0x4f, 0x84, 0x4e, 0xc0, 0x00, 0x4f, 0x50, 0x06, 0xf5, 0x00,
    0x4f, 0x50, 0x00, 0xde, 0x00, 0x4f, 0x50, 0x00, 0x5f, 0x70, 0x4f, 0x50,
    0x00, 0x0c, 0xf1, 0x4f, 0x50, 0x00, 0x03, 0xfa, 0x00, 0x4b, 0xff, 0xda,
    0x40, 0x05, 0xfd, 0x98, 0xae, 0x70, 0x0c, 0xe1, 0x00, 0x00, 0x00, 0x0d,
    0xc0, 0x00, 0x00, 0x00, 0x0a, 0xf3, 0x00, 0x00, 0x00, 0x02, 0xef, 0x92,
    0x00, 0x00, 0x00, 0x19, 0xff, 0xc3, 0x00, 0x00, 0x00, 0x06, 0xdf, 0x50,
    0x00, 0x00, 0x00, 0x0d, 0xe0, 0x00, 0x00, 0x00, 0x09, 0xf0, 0x00, 0x00,
    0x00, 0x0d, 0xd0, 0x1e, 0xa8, 0x78, 0xdf, 0x50, 0x09, 0xdf, 0xfe, 0xa3,
    0x00, 0xdf, 0xff, 0xff, 0xff, 0xfd, 0x57, 0x77, 0xee, 0x77, 0x75, 0x00,
    0x00, 0xdd, 0x00, 0x00, 0x00, 0x00, 0xdd, 0x00, 0x00, 0x00, 0x00, 0xdd,
    0x00, 0x00, 0x00, 0x00, 0xdd, 0x00, 0x00, 0x00, 0x00, 0xdd, 0x00, 0x00,
    0x00, 0x00, 0xdd, 0x00, 0x00, 0x00, 0x00, 0xdd, 0x00, 0x00, 0x00, 0x00,
    0xdd, 0x00, 0x00, 0x00, 0x00, 0xdd, 0x00, 0x00, 0x00, 0x00, 0xdd, 0x00,
    0x00, 0x00, 0x00, 0xdd, 0x00, 0x00, 0x6f, 0x30, 0x00, 0x00, 0x1f, 0x86,
    0xf3, 0x00, 0x00, 0x01, 0xf8, 0x6f, 0x30, 0x00, 0x00, 0x1f, 0x86, 0xf3,
    0x00, 0x00, 0x01, 0xf8, 0x6f, 0x30, 0x00, 0x00, 0x1f, 0x86, 0xf3, 0x00,
    0x00, 0x01, 0xf8, 0x6f, 0x30, 0x00, 0x00, 0x1f, 0x86, 0xf3, 0x00, 0x00,
    0x01, 0xf8, 0x5f, 0x40, 0x00, 0x00, 0x1f, 0x73, 0xf6, 0x00, 0x00, 0x04,
    0xf5, 0x0e, 0xe1, 0x00, 0x00, 0xcf, 0x10, 0x4f, 0xe9, 0x78, 0xdf, 0x50,
    0x00, 0x3a, 0xef, 0xeb, 0x30, 0x00, 0xdd, 0x00, 0x00, 0x00, 0x1f, 0x97,
    0xf3, 0x00, 0x00, 0x06, 0xf4, 0x1f, 0x80, 0x00, 0x00, 0xce, 0x00, 0xce,
    0x00, 0x00, 0x2f, 0x80, 0x06, 0xf4, 0x00, 0x07, 0xf3, 0x00, 0x1f, 0x90,
    0x00, 0xdd, 0x00, 0x00, 0xbe, 0x00, 0x2f, 0x70, 0x00, 0x05, 0xf4, 0x08,
    0xf2, 0x00, 0x00, 0x0f, 0xa0, 0xdc, 0x00, 0x00, 0x00, 0xaf, 0x3f, 0x70,
    0x00, 0x00, 0x04, 0xfa, 0xf1, 0x00, 0x00, 0x00, 0x0e, 0xfb, 0x00, 0x00,
    0x00, 0x00, 0x9f, 0x60, 0x00, 0x00, 0xaf, 0x00, 0x00, 0x0a, 0xf4, 0x00,
    0x00, 0x5f, 0x56, 0xf4, 0x00, 0x00, 0xff, 0x90, 0x00, 0x09, 0xf1, 0x2f,
    0x80, 0x00, 0x4f, 0xbe, 0x00, 0x00, 0xdd, 0x00, 0xdc, 0x00, 0x08, 0xe4,
    0xf2, 0x00, 0x1f, 0x90, 0x09, 0xf0, 0x00, 0xda, 0x0f, 0x70, 0x05, 0xf5,
    0x00, 0x5f, 0x40, 0x1f, 0x60, 0xbc, 0x00, 0x9f, 0x10, 0x01, 0xf8, 0x06,
    0xf1, 0x07, 0xf1, 0x0d, 0xc0, 0x00, 0x0d, 0xc0, 0xbd, 0x00, 0x2f, 0x61,
    0xf8, 0x00, 0x00, 0x8f, 0x1f, 0x80, 0x00, 0xda, 0x4f, 0x40, 0x00, 0x04,
    0xf7, 0xf4, 0x00, 0x09, 0xe8, 0xf0, 0x00, 0x00, 0x0f, 0xdf, 0x00, 0x00,
    0x4f, 0xdb, 0x00, 0x00, 0x00, 0xcf, 0xa0, 0x00, 0x00, 0xff, 0x70, 0x00,
    0x00, 0x08, 0xf6, 0x00, 0x00, 0x0b, 0xf3, 0x00, 0x00, 0x5f, 0x70, 0x00,
    0x00, 0xdd, 0x00, 0xbf, 0x10, 0x00, 0x7f, 0x30, 0x01, 0xfb, 0x00, 0x2f,
    0x80, 0x00, 0x06, 0xf4, 0x0b, 0xd0, 0x00, 0x00, 0x0c, 0xe6, 0xf4, 0x00,
    0x00, 0x00, 0x2f, 0xfa, 0x00, 0x00, 0x00, 0x00, 0xdf, 0x60, 0x00, 0x00,
    0x00, 0x7f, 0xce, 0x10, 0x00, 0x00, 0x2f, 0x81, 0xfa, 0x00, 0x00, 0x0b,
    0xe0, 0x07, 0xf4, 0x00, 0x05, 0xf4, 0x00, 0x0d, 0xd0, 0x01, 0xeb, 0x00,
    0x00, 0x4f, 0x80, 0x9f, 0x20, 0x00, 0x00, 0xaf, 0x20, 0xbf, 0x10, 0x00,
    0x00, 0xde, 0x03, 0xf8, 0x00, 0x00, 0x5f, 0x60, 0x0a, 0xf1, 0x00, 0x0d,
    0xd0, 0x00, 0x2f, 0x90, 0x06, 0xf4, 0x00, 0x00, 0x9f, 0x10, 0xec, 0x00,
    0x00, 0x01, 0xf9, 0x6f, 0x30, 0x00, 0x00, 0x08, 0xfe, 0xb0, 0x00, 0x00,
    0x00, 0x1e, 0xf2, 0x00, 0x00, 0x00, 0x00, 0xbe, 0x00, 0x00, 0x00, 0x00,
    0x0b, 0xe0, 0x00, 0x00, 0x00, 0x00, 0xbe, 0x00, 0x00, 0x00, 0x00, 0x0b,
    0xe0, 0x00, 0x00, 0x00, 0x00, 0xbe, 0x00, 0x00, 0x00, 0x1f, 0xff, 0xff,
    0xff, 0xf6, 0x07, 0x77, 0x77, 0x7d, 0xf3, 0x00, 0x00, 0x00, 0x3f, 0x90,
    0x00, 0x00, 0x00, 0xde, 0x00, 0x00, 0x00, 0x08, 0xf4, 0x00, 0x00, 0x00,
    0x3f, 0x90, 0x00, 0x00, 0x00, 0xde, 0x00, 0x00, 0x00, 0x08, 0xf4, 0x00,
    0x00, 0x00, 0x3f, 0xa0, 0x00, 0x00, 0x00, 0xce, 0x10, 0x00, 0x00, 0x07,
    0xf5, 0x00, 0x00, 0x00, 0x2f, 0xe7, 0x77, 0x77, 0x74, 0x5f, 0xff, 0xff,
    0xff, 0xf9, 0x9f, 0xff, 0x79, 0xf5, 0x52, 0x9f, 0x00, 0x09, 0xf0, 0x00,
    0x9f, 0x00, 0x09, 0xf0, 0x00, 0x9f, 0x00, 0x09, 0xf0, 0x00, 0x9f, 0x00,
    0x09, 0xf0, 0x00, 0x9f, 0x00, 0x09, 0xf0, 0x00, 0x9f, 0x00, 0x09, 0xf0,
    0x00, 0x9f, 0x11, 0x09, 0xff, 0xf7, 0x24, 0x44, 0x10, 0xae, 0x00, 0x00,
    0x04, 0xf4, 0x00, 0x00, 0x0e, 0xa0, 0x00, 0x00, 0x8f, 0x00, 0x00, 0x02,
    0xf6, 0x00, 0x00, 0x0c, 0xc0, 0x00, 0x00, 0x6f, 0x20, 0x00, 0x01, 0xf8,
    0x00, 0x00, 0x0b, 0xd0, 0x00, 0x00, 0x5f, 0x30, 0x00, 0x00, 0xe9, 0x00,
    0x00, 0x09, 0xf0, 0x00, 0x00, 0x3f, 0x50, 0x8f, 0xff, 0x72, 0x55, 0xf7,
    0x00, 0x1f, 0x70, 0x01, 0xf7, 0x00, 0x1f, 0x70, 0x01, 0xf7, 0x00, 0x1f,
    0x70, 0x01, 0xf7, 0x00, 0x1f, 0x70, 0x01, 0xf7, 0x00, 0x1f, 0x70, 0x01,
    0xf7, 0x00, 0x1f, 0x70, 0x01, 0xf7, 0x01, 0x1f, 0x78, 0xff, 0xf7, 0x24,
    0x44, 0x10, 0x00, 0x00, 0x44, 0x00, 0x00, 0x00, 0x00, 0xee, 0x00, 0x00,
    0x00, 0x06, 0xde, 0x60, 0x00, 0x00, 0x0d, 0x66, 0xd0, 0x00, 0x00, 0x4f,
    0x00, 0xe6, 0x00, 0x00, 0xb9, 0x00, 0x7d, 0x00, 0x03, 0xf2, 0x00, 0x0f,
    0x50, 0x0a, 0xb0, 0x00, 0x08, 0xd0, 0x1f, 0x40, 0x00, 0x01, 0xf5, 0x0f,
    0xff, 0xff, 0xff, 0xf0, 0x03, 0x33, 0x33, 0x33, 0x30, 0x1e, 0xd0, 0x00,
    0x4f, 0x70, 0x00, 0x4e, 0x20, 0x00, 0x6b, 0xef, 0xd5, 0x00, 0x0c, 0x96,
    0x5c, 0xf3, 0x00, 0x00, 0x00, 0x1f, 0x80, 0x00, 0x00, 0x00, 0xea, 0x00,
    0x7c, 0xef, 0xff, 0xa0, 0xaf, 0x83, 0x22, 0xea, 0x1f, 0xa0, 0x00, 0x0f,
    0xa2, 0xf8, 0x00, 0x04, 0xfa, 0x0d, 0xe4, 0x26, 0xde, 0xa0, 0x2b, 0xff,
    0xb3, 0x9a, 0x7f, 0x10, 0x00, 0x00, 0x00, 0x7f, 0x10, 0x00, 0x00, 0x00,
    0x7f, 0x10, 0x00, 0x00, 0x00, 0x7f, 0x10, 0x00, 0x00, 0x00, 0x7f, 0x2a,
    0xef, 0xb3, 0x00, 0x7f, 0xda, 0x67, 0xef, 0x20, 0x7f, 0x90, 0x00, 0x2f,
    0xa0, 0x7f, 0x30, 0x00, 0x0b, 0xe0, 0x7f, 0x20, 0x00, 0x09, 0xf0, 0x7f,
    0x20, 0x00, 0x09, 0xf0, 0x7f, 0x40, 0x00, 0x0b, 0xe0, 0x7f, 0xa0, 0x00,
    0x2f, 0xa0, 0x7f, 0xda, 0x67, 0xef, 0x20, 0x7c, 0x1a, 0xff, 0xb3, 0x00,
    0x00, 0x19, 0xef, 0xea, 0x00, 0x1d, 0xf9, 0x78, 0x90, 0x08, 0xf4, 0x00,
    0x00, 0x00, 0xdc, 0x00, 0x00, 0x00, 0x0f, 0xa0, 0x00, 0x00, 0x00, 0xfa,
    0x00, 0x00, 0x00, 0x0d, 0xc0, 0x00, 0x00, 0x00, 0x9f, 0x30, 0x00, 0x00,
    0x01, 0xef, 0x86, 0x8b, 0x00, 0x01, 0x9e, 0xfe, 0x80, 0x00, 0x00, 0x00,
    0x00, 0xf8, 0x00, 0x00, 0x00, 0x00, 0xf8, 0x00, 0x00, 0x00, 0x00, 0xf8,
    0x00, 0x00, 0x00, 0x00, 0xf8, 0x00, 0x2b, 0xfe, 0xa2, 0xf8, 0x02, 0xee,
    0x76, 0xae, 0xf8, 0x09, 0xf3, 0x00, 0x09, 0xf8, 0x0e, 0xd0, 0x00, 0x03,
    0xf8, 0x0f, 0xa0, 0x00, 0x01, 0xf8, 0x0f, 0xa0, 0x00, 0x00, 0xf8, 0x0e,
    0xc0, 0x00, 0x02, 0xf8, 0x09, 0xf3, 0x00, 0x08, 0xf8, 0x02, 0xfe, 0x76,
    0x9d, 0xf8, 0x00, 0x2b, 0xfe, 0xa1, 0xd8, 0x00, 0x19, 0xef, 0xc5, 0x00,
    0x00, 0xde, 0x75, 0xaf, 0x60, 0x08, 0xf2, 0x00, 0x0c, 0xe0, 0x0d, 0xc0,
    0x00, 0x08, 0xf2, 0x0f, 0xff, 0xff, 0xff, 0xf3, 0x0f, 0xc3, 0x33, 0x33,
    0x30, 0x0d, 0xd0, 0x00, 0x00, 0x00, 0x08, 0xf5, 0x00, 0x00, 0x00, 0x00,
    0xdf, 0x96, 0x79, 0xb0, 0x00, 0x08, 0xdf, 0xfc, 0x60, 0x00, 0x1a, 0xef,
    0xb0, 0x0a, 0xf7, 0x55, 0x00, 0xfa, 0x00, 0x00, 0x0f, 0x80, 0x00, 0x7e,
    0xff, 0xff, 0x02, 0x4f, 0xa3, 0x30, 0x00, 0xf8, 0x00, 0x00, 0x0f, 0x80,
    0x00, 0x00, 0xf8, 0x00, 0x00, 0x0f, 0x80, 0x00, 0x00, 0xf8, 0x00, 0x00,
    0x0f, 0x80, 0x00, 0x00, 0xf8, 0x00, 0x00, 0x0f, 0x80, 0x00, 0x00, 0x2b,
    0xff, 0xa1, 0xc8, 0x01, 0xee, 0x76, 0xae, 0xf8, 0x09, 0xf3, 0x00, 0x08,
    0xf8, 0x0d, 0xc0, 0x00, 0x02, 0xf8, 0x0f, 0xa0, 0x00, 0x00, 0xf8, 0x0f,
    0xa0, 0x00, 0x00, 0xf8, 0x0e, 0xc0, 0x00, 0x02, 0xf8, 0x09, 0xf3, 0x00,
    0x07, 0xf8, 0x02, 0xfe, 0x76, 0x9d, 0xf8, 0x00, 0x2b, 0xff, 0xb2, 0xf8,
    0x00, 0x00, 0x00, 0x01, 0xf7, 0x00, 0x00, 0x00, 0x07, 0xf4, 0x03, 0xc8,
    0x65, 0x9f, 0xc0, 0x01, 0x9d, 0xff, 0xd8, 0x00, 0x7f, 0x10, 0x00, 0x00,
    0x07, 0xf1, 0x00, 0x00, 0x00, 0x7f, 0x10, 0x00, 0x00, 0x07, 0xf1, 0x00,
    0x00, 0x00, 0x7f, 0x29, 0xef, 0xc5, 0x07, 0xfd, 0xa6, 0x6d, 0xf3, 0x7f,
    0x90, 0x00, 0x2f, 0x87, 0xf4, 0x00, 0x00, 0xfa, 0x7f, 0x20, 0x00, 0x0e,
    0xa7, 0xf1, 0x00, 0x00, 0xea, 0x7f, 0x10, 0x00, 0x0e, 0xa7, 0xf1, 0x00,
    0x00, 0xea, 0x7f, 0x10, 0x00, 0x0e, 0xa7, 0xf1, 0x00, 0x00, 0xea, 0x6e,
    0x26, 0xe2, 0x00, 0x00, 0x00, 0x7f, 0x17, 0xf1, 0x7f, 0x17, 0xf1, 0x7f,
    0x17, 0xf1, 0x7f, 0x17, 0xf1, 0x7f, 0x17, 0xf1, 0x00, 0x6e, 0x20, 0x06,
    0xe2, 0x00, 0x00, 0x00, 0x00, 0x00, 0x00, 0x7f, 0x10, 0x07, 0xf1, 0x00,
    0x7f, 0x10, 0x07, 0xf1, 0x00, 0x7f, 0x10, 0x07, 0xf1, 0x00, 0x7f, 0x10,
    0x07, 0xf1, 0x00, 0x7f, 0x10, 0x07, 0xf1, 0x00, 0x7f, 0x10, 0x08, 0xf1,
    0x66, 0xed, 0x0e, 0xfd, 0x30, 0x7f, 0x10, 0x00, 0x00, 0x07, 0xf1, 0x00,
    0x00, 0x00, 0x7f, 0x10, 0x00, 0x00, 0x07, 0xf1, 0x00, 0x00, 0x00, 0x7f,
    0x10, 0x02, 0xfb, 0x07, 0xf1, 0x02, 0xec, 0x00, 0x7f, 0x11, 0xdd, 0x10,
    0x07, 0xf1, 0xce, 0x10, 0x00, 0x7f, 0xaf, 0x80, 0x00, 0x07, 0xfd, 0xbf,
    0x30, 0x00, 0x7f, 0x21, 0xed, 0x00, 0x07, 0xf1, 0x04, 0xfa, 0x00, 0x7f,
    0x10, 0x08, 0xf5, 0x07, 0xf1, 0x00, 0x0c, 0xf2, 0x7f, 0x17, 0xf1, 0x7f,
    0x17, 0xf1, 0x7f, 0x17, 0xf1, 0x7f, 0x17, 0xf1, 0x7f, 0x17, 0xf1, 0x7f,
    0x17, 0xf1, 0x7f, 0x17, 0xf1, 0x7e, 0x1a, 0xef, 0xb2, 0x1a, 0xef, 0xb2,
    0x07, 0xfd, 0x96, 0x8f, 0xdd, 0xb6, 0x7f, 0xe0, 0x7f, 0x90, 0x00, 0x8f,
    0xb0, 0x00, 0x6f, 0x47, 0xf3, 0x00, 0x05, 0xf5, 0x00, 0x03, 0xf5, 0x7f,
    0x20, 0x00, 0x5f, 0x40, 0x00, 0x3f, 0x67, 0xf1, 0x00, 0x05, 0xf3, 0x00,
    0x03, 0xf6, 0x7f, 0x10, 0x00, 0x5f, 0x30, 0x00, 0x3f, 0x67, 0xf1, 0x00,
    0x05, 0xf3, 0x00, 0x03, 0xf6, 0x7f, 0x10, 0x00, 0x5f, 0x30, 0x00, 0x3f,
    0x67, 0xf1, 0x00, 0x05, 0xf3, 0x00, 0x03, 0xf6, 0x7e, 0x19, 0xef, 0xc4,
    0x07, 0xfc, 0xb6, 0x7d, 0xf3, 0x7f, 0xa0, 0x00, 0x2f, 0x87, 0xf4, 0x00,
    0x00, 0xfa, 0x7f, 0x20, 0x00, 0x0e, 0xa7, 0xf1, 0x00, 0x00, 0xea, 0x7f,
    0x10, 0x00, 0x0e, 0xa7, 0xf1, 0x00, 0x00, 0xea, 0x7f, 0x10, 0x00, 0x0e,
    0xa7, 0xf1, 0x00, 0x00, 0xea, 0x00, 0x19, 0xef, 0xd8, 0x00, 0x01, 0xdf,
    0x86, 0x9f, 0xc0, 0x08, 0xf3, 0x00, 0x05, 0xf6, 0x0d, 0xd0, 0x00, 0x00,
    0xeb, 0x0f, 0xa0, 0x00, 0x00, 0xcd, 0x0f, 0xa0, 0x00, 0x00, 0xce, 0x0d,
    0xd0, 0x00, 0x00, 0xeb, 0x08, 0xf3, 0x00, 0x05, 0xf6, 0x00, 0xde, 0x85,
    0x8f, 0xc0, 0x00, 0x19, 0xef, 0xd8, 0x00, 0x7e, 0x1a, 0xef, 0xb3, 0x00,
    0x7f, 0xda, 0x68, 0xef, 0x20, 0x7f, 0x90, 0x00, 0x2f, 0xa0, 0x7f, 0x30,
    0x00, 0x0c, 0xf0, 0x7f, 0x20, 0x00, 0x09, 0xf0, 0x7f, 0x20, 0x00, 0x09,
    0xf0, 0x7f, 0x40, 0x00, 0x0c, 0xe0, 0x7f, 0xa0, 0x00, 0x2f, 0xa0, 0x7f,
    0xda, 0x67, 0xef, 0x20, 0x7f, 0x2a, 0xef, 0xb3, 0x00, 0x7f, 0x10, 0x00,
    0x00, 0x00, 0x7f, 0x10, 0x00, 0x00, 0x00, 0x7f, 0x10, 0x00, 0x00, 0x00,
    0x7f, 0x10, 0x00, 0x00, 0x00, 0x00, 0x2b, 0xff, 0xb1, 0xc8, 0x01, 0xee,
    0x76, 0xad, 0xf8, 0x09, 0xf3, 0x00, 0x09, 0xf8, 0x0d, 0xd0, 0x00, 0x03,
    0xf8, 0x0f, 0xa0, 0x00, 0x01, 0xf8, 0x0f, 0xa0, 0x00, 0x00, 0xf8, 0x0e,
    0xc0, 0x00, 0x02, 0xf8, 0x09, 0xf3, 0x00, 0x07, 0xf8, 0x02, 0xfe, 0x76,
    0x9d, 0xf8, 0x00, 0x2b, 0xff, 0xa2, 0xf8, 0x00, 0x00, 0x00, 0x00, 0xf8,
    0x00, 0x00, 0x00, 0x00, 0xf8, 0x00, 0x00, 0x00, 0x00, 0xf8, 0x00, 0x00,
    0x00, 0x00, 0xf8, 0x7d, 0x08, 0xef, 0x17, 0xf9, 0xe9, 0x80, 0x7f, 0xd1,
    0x00, 0x07, 0xf5, 0x00, 0x00, 0x7f, 0x20, 0x00, 0x07, 0xf1, 0x00, 0x00,
    0x7f, 0x10, 0x00, 0x07, 0xf1, 0x00, 0x00, 0x7f, 0x10, 0x00, 0x07, 0xf1,
    0x00, 0x00, 0x01, 0x9e, 0xfe, 0xb3, 0x0c, 0xe7, 0x57, 0xb3, 0x0f, 0x80,
    0x00, 0x00, 0x0d, 0xe4, 0x00, 0x00, 0x02, 0xcf, 0xd7, 0x00, 0x00, 0x04,
    0xaf, 0xe2, 0x00, 0x00, 0x02, 0xfb, 0x00, 0x00, 0x00, 0xcc, 0x1d, 0x86,
    0x59, 0xf7, 0x09, 0xef, 0xfd, 0x60, 0x00, 0x61, 0x00, 0x00, 0x0f, 0x30,
    0x00, 0x04, 0xf3, 0x00, 0x08, 0xff, 0xff, 0xf0, 0x27, 0xf6, 0x33, 0x00,
    0x5f, 0x30, 0x00, 0x05, 0xf3, 0x00, 0x00, 0x5f, 0x30, 0x00, 0x05, 0xf3,
    0x00, 0x00, 0x5f, 0x30, 0x00, 0x04, 0xf5, 0x00, 0x00, 0x1f, 0xd6, 0x60,
    0x00, 0x5d, 0xfd, 0x10, 0x9f, 0x00, 0x00, 0x0f, 0x99, 0xf0, 0x00, 0x00,
    0xf9, 0x9f, 0x00, 0x00, 0x0f, 0x99, 0xf0, 0x00, 0x00, 0xf9, 0x9f, 0x00,
    0x00, 0x0f, 0x99, 0xf0, 0x00, 0x00, 0xf9, 0x9f, 0x00, 0x00, 0x1f, 0x97,
    0xf3, 0x00, 0x06, 0xf9, 0x2f, 0xc4, 0x36, 0xef, 0x90, 0x4c, 0xff, 0xb3,
    0xc9, 0xdd, 0x00, 0x00, 0x0b, 0xe0, 0x7f, 0x30, 0x00, 0x1f, 0x90, 0x1f,
    0x80, 0x00, 0x6f, 0x30, 0x0b, 0xe0, 0x00, 0xcd, 0x00, 0x05, 0xf4, 0x01,
    0xf7, 0x00, 0x00, 0xf9, 0x07, 0xf2, 0x00, 0x00, 0xae, 0x0c, 0xc0, 0x00,
    0x00, 0x4f, 0x5f, 0x60, 0x00, 0x00, 0x0e, 0xef, 0x00, 0x00, 0x00, 0x08,
    0xfa, 0x00, 0x00, 0xaf, 0x00, 0x00, 0xef, 0x10, 0x00, 0xcd, 0x6f, 0x30,
    0x03, 0xff, 0x60, 0x00, 0xf8, 0x2f, 0x70, 0x08, 0xdb, 0xa0, 0x04, 0xf4,
    0x0d, 0xb0, 0x0d, 0x97, 0xf0, 0x08, 0xf0, 0x09, 0xf0, 0x2f, 0x53, 0xf4,
    0x0c, 0xb0, 0x05, 0xf3, 0x7f, 0x00, 0xe9, 0x1f, 0x70, 0x01, 0xf7, 0xbb,
    0x00, 0x9d, 0x5f, 0x30, 0x00, 0xda, 0xf6, 0x00, 0x5f, 0xae, 0x00, 0x00,
    0x8f, 0xf1, 0x00, 0x0f, 0xfa, 0x00, 0x00, 0x4f, 0xc0, 0x00, 0x0b, 0xf6,
    0x00, 0x3f, 0x90, 0x00, 0x2f, 0xa0, 0x07, 0xf4, 0x00, 0xbe, 0x10, 0x00,
    0xce, 0x06, 0xf5, 0x00, 0x00, 0x2f, 0xaf, 0xa0, 0x00, 0x00, 0x07, 0xfe,
    0x10, 0x00, 0x00, 0x09, 0xff, 0x20, 0x00, 0x00, 0x4f, 0x7d, 0xc0, 0x00,
    0x01, 0xec, 0x04, 0xf7, 0x00, 0x0a, 0xf2, 0x00, 0x9f, 0x30, 0x5f, 0x70,
    0x00, 0x0e, 0xd0, 0xce, 0x00, 0x00, 0x0b, 0xf0, 0x6f, 0x40, 0x00, 0x1f,
    0x90, 0x0f, 0xa0, 0x00, 0x6f, 0x30, 0x09, 0xf1, 0x00, 0xcd, 0x00, 0x02,
    0xf6, 0x02, 0xf7, 0x00, 0x00, 0xcc, 0x07, 0xf1, 0x00, 0x00, 0x6f, 0x2d,
    0xb0, 0x00, 0x00, 0x0f, 0x9f, 0x50, 0x00, 0x00, 0x09, 0xfe, 0x00, 0x00,
    0x00, 0x03, 0xf9, 0x00, 0x00, 0x00, 0x06, 0xf3, 0x00, 0x00, 0x00, 0x0d,
    0xc0, 0x00, 0x00, 0x45, 0xbf, 0x30, 0x00, 0x00, 0xbf, 0xd5, 0x00, 0x00,
    0x00, 0x0f, 0xff, 0xff, 0xfa, 0x03, 0x33, 0x38, 0xf6, 0x00, 0x00, 0x1e,
    0xb0, 0x00, 0x00, 0xaf, 0x10, 0x00, 0x04, 0xf6, 0x00, 0x00, 0x1e, 0xb0,
    0x00, 0x00, 0xae, 0x10, 0x00, 0x05, 0xf5, 0x00, 0x00, 0x1e, 0xd4, 0x44,
    0x43, 0x4f, 0xff, 0xff, 0xfc, 0x00, 0x02, 0xbe, 0x40, 0x00, 0xee, 0x71,
    0x00, 0x4f, 0x60, 0x00, 0x04, 0xf4, 0x00, 0x00, 0x4f, 0x40, 0x00, 0x05,
    0xf3, 0x00, 0x03, 0xce, 0x00, 0x08, 0xfc, 0x10, 0x00, 0x27, 0xfb, 0x00,
    0x00, 0x06, 0xf2, 0x00, 0x00, 0x4f, 0x40, 0x00, 0x04, 0xf4, 0x00, 0x00,
    0x4f, 0x40, 0x00, 0x04, 0xf5, 0x00, 0x00, 0x0f, 0xd3, 0x00, 0x00, 0x4e,
    0xf4, 0x00, 0x00, 0x02, 0x10, 0xb9, 0xb9, 0xb9, 0xb9, 0xb9, 0xb9, 0xb9,
    0xb9, 0xb9, 0xb9, 0xb9, 0xb9, 0xb9, 0xb9, 0xb9, 0xb9, 0xb9, 0xb9, 0x6e,
    0xa1, 0x00, 0x02, 0x8f, 0xd0, 0x00, 0x00, 0x8f, 0x10, 0x00, 0x06, 0xf2,
    0x00, 0x00, 0x6f, 0x20, 0x00, 0x06, 0xf3, 0x00, 0x00, 0x2f, 0xb2, 0x00,
    0x00, 0x3d, 0xf5, 0x00, 0x0d, 0xe6, 0x10, 0x05, 0xf3, 0x00, 0x00, 0x6f,
    0x20, 0x00, 0x06, 0xf2, 0x00, 0x00, 0x6f, 0x20, 0x00, 0x08, 0xf1, 0x00,
    0x04, 0xed, 0x00, 0x06, 0xfd, 0x20, 0x00, 0x12, 0x00, 0x00, 0x00, 0x00,
    0x00, 0x00, 0x00, 0x00, 0x09, 0xff, 0xd7, 0x31, 0x75, 0x1c, 0x55, 0x9e,
    0xff, 0xe2, 0x00, 0x00, 0x00, 0x23, 0x00, 0x04, 0xbe, 0xfd, 0x80, 0x04,
    0xfc, 0x65, 0x9f, 0xb0, 0xbe, 0x00, 0x00, 0x8f, 0x37, 0xeb, 0x30, 0x04,
    0xf5, 0x07, 0xf8, 0x00, 0x4f, 0x56, 0xf4, 0x00, 0x04, 0xf5, 0x9f, 0x00,
    0x00, 0x4f, 0x5a, 0xf0, 0x00, 0x04, 0xf5, 0xaf, 0x00, 0x00, 0x4f, 0x5a,
    0xf0, 0x00, 0x04, 0xf5, 0x0c, 0xfc, 0x10, 0x3f, 0x60, 0x57, 0xf6, 0x03,
    0xf6, 0x00, 0x3f, 0x40, 0x3f, 0x60, 0x0d, 0xc0, 0x03, 0xf6, 0x06, 0xf4,
    0x00, 0x3f, 0x60, 0x9f, 0x00, 0x03, 0xf6, 0x09, 0xf0, 0x00, 0x3f, 0x60,
    0x7f, 0x10, 0x05, 0xf4, 0x02, 0xfc, 0x56, 0xde, 0x10, 0x04, 0xcf, 0xeb,
    0x30, 0x2f, 0x45, 0xc0, 0x2f, 0x60, 0xcf, 0xec, 0x02, 0xf6, 0x00, 0x2e,
    0x80, 0x2f, 0x60, 0x0d, 0xd0, 0x02, 0xf6, 0x06, 0xf3, 0x00, 0x2f, 0x60,
    0x9f, 0x00, 0x02, 0xf6, 0x09, 0xf0, 0x00, 0x2f, 0x60, 0x7f, 0x20, 0x04,
    0xf5, 0x02, 0xfc, 0x56, 0xde, 0x10, 0x04, 0xcf, 0xeb, 0x30, 0x02, 0xae,
    0xfe, 0xa2, 0x00, 0xdf, 0x85, 0x8f, 0xe0, 0x5f, 0x60, 0x00, 0x4f, 0x68,
    0xf1, 0x00, 0x00, 0xf8, 0x8f, 0x10, 0x00, 0x0f, 0x98, 0xf7, 0xef, 0x40,
    0xf9, 0x8f, 0xd6, 0x41, 0x0f, 0x98, 0xf3, 0x00, 0x00, 0xf9, 0x8f, 0x10,
    0x00, 0x0f, 0x98, 0xf1, 0x00, 0x00, 0xf9, 0x0a, 0xfd, 0x6d, 0xfb, 0x15,
    0xf9, 0x8f, 0x97, 0xf8, 0x8f, 0x00, 0x80, 0x0e, 0xb8, 0xf0, 0x00, 0x00,
    0xeb, 0x8f, 0x00, 0x00, 0x0e, 0xb8, 0xf6, 0xef, 0x50, 0xeb, 0x8f, 0xd6,
    0x41, 0x0e, 0xb8, 0xf3, 0x00, 0x00, 0xeb, 0x8f, 0x10, 0x00, 0x0e, 0xb8,
    0xf1, 0x00, 0x00, 0xeb, 0x2f, 0x45, 0xd0, 0x04, 0xf5, 0x0c, 0xfe, 0xc0,
    0x04, 0xf5, 0x00, 0x2e, 0x70, 0x04, 0xf5, 0x00, 0xdc, 0x00, 0x04, 0xf5,
    0x07, 0xf2, 0x00, 0x04, 0xf5, 0x0a, 0xf0, 0x00, 0x04, 0xf5, 0x0a, 0xf0,
    0x00, 0x05, 0xf4, 0x0a, 0xf5, 0x00, 0x08, 0xf2, 0x0a, 0xde, 0x85, 0x8f,
    0xd0, 0x0a, 0xa3, 0xcf, 0xeb, 0x20, 0xdc, 0x08, 0xfe, 0x91, 0x08, 0xf1,
    0x14, 0x7f, 0xc0, 0x3f, 0x60, 0x00, 0x6f, 0x50, 0xeb, 0x00, 0x00, 0xf9,
    0x09, 0xf0, 0x00, 0x0f, 0xa0, 0x4f, 0x50, 0x00, 0xf9, 0x00, 0xfa, 0x00,
    0x3f, 0x60, 0x0b, 0xe0, 0x0b, 0xf1, 0x00, 0x6f, 0x8b, 0xf7, 0x00, 0x01,
    0xff, 0xc4, 0x00, 0x19, 0xdf, 0xfc, 0x60, 0x05, 0xc7, 0x56, 0xbf, 0x80,
    0x00, 0x00, 0x00, 0xaf, 0x10, 0x00, 0x00, 0x05, 0xf5, 0x0b, 0xff, 0x20,
    0x3f, 0x70, 0x27, 0xf2, 0x02, 0xf7, 0x00, 0x5f, 0x20, 0x4f, 0x50, 0x05,
    0xf2, 0x09, 0xf1, 0x00, 0x5f, 0x68, 0xf9, 0x00, 0x05, 0xff, 0xd7, 0x00,
    0x29, 0xde, 0xfd, 0x80, 0x06, 0xc8, 0x66, 0xaf, 0xa0, 0x00, 0x00, 0x00,
    0x9f, 0x20, 0x00, 0x00, 0x04, 0xf5, 0x5a, 0x00, 0x00, 0x3f, 0x68, 0xf0,
    0x00, 0x03, 0xf6, 0x8f, 0x00, 0x00, 0x4f, 0x67, 0xf3, 0x00, 0x0a, 0xf6,
    0x2f, 0xe7, 0x6b, 0xdf, 0x60, 0x5d, 0xfe, 0xa1, 0xe6, 0x0c, 0xfc, 0x10,
    0x0f, 0x80, 0x57, 0xf6, 0x06, 0xf5, 0x00, 0x3f, 0x48, 0xfb, 0x00, 0x0d,
    0xc0, 0x19, 0xf3, 0x06, 0xf4, 0x00, 0x3f, 0x60, 0x9f, 0x00, 0x03, 0xf6,
    0x09, 0xf0, 0x00, 0x3f, 0x60, 0x7f, 0x10, 0x05, 0xf4, 0x02, 0xfc, 0x66,
    0xde, 0x10, 0x04, 0xcf, 0xeb, 0x30, 0x2f, 0x45, 0xc0, 0x0f, 0xa0, 0xcf,
    0xfc, 0x04, 0xf6, 0x00, 0x2f, 0x86, 0xfc, 0x00, 0x0c, 0xd0, 0x07, 0xf4,
    0x05, 0xf4, 0x00, 0x1f, 0x70, 0x8f, 0x10, 0x01, 0xf8, 0x08, 0xf1, 0x00,
    0x1f, 0x80, 0x6f, 0x30, 0x03, 0xf6, 0x01, 0xfd, 0x65, 0xdf, 0x20, 0x03,
    0xcf, 0xec, 0x40, 0x04, 0xcf, 0xfc, 0x60, 0x00, 0x00, 0xcd, 0x5f, 0xc6,
    0x6b, 0xf7, 0x00, 0x00, 0xcd, 0xce, 0x00, 0x00, 0xce, 0x00, 0x00, 0xcd,
    0x6d, 0xc4, 0x00, 0x9f, 0x00, 0x00, 0xcd, 0x07, 0xf9, 0x00, 0x9f, 0x00,
    0x00, 0xcd, 0x4f, 0x50, 0x00, 0x9f, 0x00, 0x00, 0xcd, 0x7f, 0x10, 0x00,
    0x9f, 0x10, 0x00, 0xcd, 0x7f, 0x10, 0x00, 0x9f, 0x70, 0x00, 0xec, 0x7f,
    0x83, 0x00, 0x9d, 0xe9, 0x6a, 0xf7, 0x1c, 0xf9, 0x00, 0x9c, 0x2b, 0xfe,
    0x80, 0x04, 0xcf, 0xfc, 0x50, 0x00, 0x00, 0xdc, 0x5f, 0xc6, 0x6b, 0xf5,
    0x00, 0x00, 0xdc, 0xce, 0x00, 0x00, 0xdd, 0x00, 0x00, 0xdc, 0x7e, 0xb4,
    0x00, 0xaf, 0x00, 0x00, 0xdc, 0x06, 0xfa, 0x00, 0xaf, 0x00, 0x00, 0xdc,
    0x4f, 0x60, 0x00, 0xaf, 0x00, 0x00, 0xdc, 0x7f, 0x20, 0x00, 0xaf, 0x00,
    0x00, 0xec, 0x7f, 0x10, 0x00, 0x9f, 0x00, 0x02, 0xfc, 0x7f, 0x51, 0x00,
    0x4f, 0xa2, 0x4d, 0xfc, 0x1c, 0xfa, 0x00, 0x07, 0xef, 0xd5, 0xdb, 0x00,
    0x00, 0x00, 0x00, 0x00, 0x01, 0xf8, 0x00, 0x00, 0x00, 0x2d, 0x87, 0x8e,
    0xf2, 0x00, 0x00, 0x00, 0x09, 0xdf, 0xeb, 0x20, 0x00, 0x4b, 0xef, 0xd8,
    0x00, 0x05, 0xfc, 0x65, 0x9f, 0xc0, 0x0b, 0xf0, 0x00, 0x07, 0xf3, 0x06,
    0xdc, 0x50, 0x03, 0xf6, 0x00, 0x7f, 0x90, 0x03, 0xf6, 0x03, 0xf7, 0x00,
    0x03, 0xf6, 0x05, 0xf4, 0x00, 0x03, 0xf6, 0x05, 0xf4, 0x00, 0x03, 0xf6,
    0x29, 0xf3, 0x00, 0x03, 0xf6, 0x8f, 0xb0, 0x00, 0x03, 0xf6, 0x00, 0x00,
    0x00, 0x03, 0xf6, 0x00, 0x3d, 0xff, 0xb6, 0xf6, 0x00, 0xee, 0x55, 0xaf,
    0xf6, 0x01, 0xf8, 0x00, 0x05, 0xf6, 0x00, 0x4b, 0xef, 0xd8, 0x00, 0x05,
    0xfc, 0x65, 0x9f, 0xc0, 0x0b, 0xf0, 0x00, 0x08, 0xf3, 0x06, 0xdc, 0x50,
    0x03, 0xf6, 0x00, 0x7f, 0x90, 0x03, 0xf6, 0x03, 0xf7, 0x00, 0x03, 0xf6,
    0x05, 0xf4, 0x00, 0x03, 0xf6, 0x05, 0xf4, 0x00, 0x03, 0xf6, 0x29, 0xf3,
    0x00, 0x03, 0xf6, 0x8f, 0xb0, 0x00, 0x03, 0xf6, 0x00, 0x00, 0x00, 0x03,
    0xf6, 0x00, 0x00, 0x00, 0x03, 0xf6, 0x02, 0xdf, 0xc3, 0xb7, 0xf6, 0x09,
    0xf4, 0x8e, 0x7d, 0xf6, 0x29, 0xdf, 0xfc, 0x7c, 0xe0, 0x6d, 0x75, 0x6b,
    0xfc, 0x10, 0x10, 0x00, 0x00, 0xce, 0x00, 0x00, 0x00, 0x00, 0x6f, 0x40,
    0x00, 0x00, 0x00, 0x4f, 0x50, 0x0c, 0xff, 0x10, 0x4f, 0x50, 0x02, 0x8f,
    0x10, 0x5f, 0x40, 0x00, 0x6f, 0x10, 0xaf, 0x00, 0x00, 0x6f, 0x69, 0xf8,
    0x00, 0x00, 0x6f, 0xfd, 0x60, 0x00, 0x00, 0x00, 0x00, 0x00, 0x00, 0x00,
    0x00, 0x00, 0x1a, 0x20, 0x0a, 0xfd, 0x3b, 0x6f, 0x40, 0x3f, 0x76, 0xe7,
    0xdf, 0x40, 0x2f, 0x47, 0x97, 0xef, 0xb1, 0x0c, 0xfe, 0xec, 0x45, 0xf9,
    0x00, 0x2e, 0xc0, 0x00, 0xdc, 0x00, 0xce, 0x10, 0x00, 0xcd, 0x01, 0xf9,
    0x00, 0x00, 0xcd, 0x03, 0xf6, 0x00, 0x00, 0xcd, 0x03, 0xf5, 0x00, 0x00,
    0xcd, 0x03, 0xf5, 0x00, 0x00, 0xcd, 0x03, 0xf5, 0x00, 0x00, 0xcd, 0x03,
    0xf5, 0x00, 0x00, 0xcd, 0x08, 0xfd, 0x6d, 0xf9, 0x00, 0x00, 0x4f, 0x54,
    0xf9, 0x8f, 0x99, 0xf5, 0x00, 0x04, 0xf5, 0xaf, 0x00, 0x50, 0x1f, 0x70,
    0x00, 0x4f, 0x5c, 0xc0, 0x00, 0x01, 0xf8, 0x00, 0x04, 0xf5, 0xdb, 0x00,
    0x00, 0x1f, 0x80, 0x00, 0x4f, 0x5d, 0xc0, 0x00, 0x01, 0xf8, 0x00, 0x04,
    0xf5, 0xbd, 0x00, 0x00, 0x1f, 0x90, 0x00, 0x4f, 0x48, 0xf2, 0x00, 0x01,
    0xfe, 0x00, 0x07, 0xf3, 0x2f, 0xd6, 0x50, 0x1f, 0xcd, 0x67, 0xee, 0x00,
    0x3c, 0xff, 0x21, 0xf4, 0x8e, 0xfc, 0x30, 0x05, 0xcf, 0xfc, 0x60, 0x00,
    0x00, 0xdc, 0x5f, 0xc6, 0x6b, 0xf6, 0x00, 0x00, 0xdc, 0xce, 0x00, 0x00,
    0xdd, 0x00, 0x00, 0xdc, 0x6d, 0xc4, 0x00, 0xaf, 0x00, 0x00, 0xdc, 0x07,
    0xf9, 0x00, 0xaf, 0x00, 0x00, 0xdc, 0x4f, 0x50, 0x00, 0xaf, 0x00, 0x00,
    0xdc, 0x7f, 0x10, 0x00, 0xaf, 0x00, 0x00, 0xec, 0x7f, 0x10, 0x00, 0x8f,
    0x10, 0x04, 0xfc, 0x7f, 0x83, 0x00, 0x4f, 0xc6, 0x7e, 0xcc, 0x1c, 0xf9,
    0x00, 0x06, 0xdf, 0xc4, 0x8c, 0x02, 0xad, 0xfe, 0xa2, 0x01, 0xee, 0x75,
    0x7e, 0xf1, 0x8f, 0x30, 0x00, 0x3f, 0x7c, 0xd0, 0x00, 0x00, 0xf9, 0xeb,
    0x00, 0x00, 0x0f, 0xae, 0xb0, 0x00, 0x00, 0xfa, 0xcd, 0x00, 0x00, 0x0f,
    0xa9, 0xf2, 0x00, 0x00, 0xfa, 0x2f, 0xd6, 0x50, 0x0f, 0xa0, 0x4c, 0xfe,
    0x10, 0xfa, 0x07, 0xee, 0x7b, 0xfd, 0x34, 0xfa, 0x7f, 0xb6, 0xec, 0xaf,
    0x00, 0x41, 0x0a, 0xfc, 0xc0, 0x00, 0x00, 0x9f, 0xdb, 0x00, 0x00, 0x09,
    0xfd, 0xc0, 0x00, 0x00, 0x9f, 0xbd, 0x00, 0x00, 0x09, 0xf8, 0xf2, 0x00,
    0x00, 0x9f, 0x1f, 0xd6, 0x51, 0x09, 0xf0, 0x3b, 0xff, 0x40, 0x9f, 0x04,
    0xbe, 0xfd, 0x80, 0x05, 0xfc, 0x65, 0x9f, 0xc0, 0xce, 0x00, 0x00, 0x7f,
    0x36, 0xdc, 0x40, 0x03, 0xf5, 0x07, 0xe9, 0x00, 0x3f, 0x64, 0xf4, 0x00,
    0x03, 0xf6, 0x7f, 0x10, 0x00, 0x3f, 0x67, 0xf1, 0x00, 0x03, 0xf6, 0x7f,
    0x83, 0x00, 0x3f, 0x61, 0xcf, 0x90, 0x03, 0xf6, 0x7b, 0x2b, 0xff, 0xc3,
    0x07, 0xee, 0x73, 0x4d, 0xf1, 0x7f, 0x80, 0x00, 0x4f, 0x67, 0xf3, 0x00,
    0x01, 0xf7, 0x7f, 0x10, 0x00, 0x1f, 0x87, 0xf1, 0x00, 0x01, 0xf8, 0x7f,
    0x10, 0x00, 0x1f, 0x87, 0xf1, 0x00, 0x01, 0xf8, 0x7f, 0x10, 0x00, 0x1f,
    0x87, 0xf1, 0x00, 0x01, 0xf8, 0x19, 0xef, 0xfe, 0xa2, 0xaf, 0x75, 0x57,
    0xb4, 0xdd, 0x00, 0x00, 0x00, 0x7f, 0xe8, 0x40, 0x00, 0x03, 0x9e, 0xfe,
    0x70, 0x59, 0x00, 0x3a, 0xf8, 0x8f, 0x00, 0x00, 0xcd, 0x8f, 0x00, 0x00,
    0xcd, 0x8f, 0x75, 0x5a, 0xf8, 0x3a, 0xef, 0xfd, 0x70, 0x8f, 0x10, 0x00,
    0x2f, 0x78, 0xf1, 0x00, 0x02, 0xf7, 0x8f, 0x10, 0x00, 0x2f, 0x78, 0xf1,
    0x00, 0x02, 0xf7, 0x8f, 0x10, 0x00, 0x2f, 0x78, 0xf1, 0x00, 0x02, 0xf7,
    0x8f, 0x10, 0x00, 0x4f, 0x77, 0xf4, 0x00, 0x0a, 0xf7, 0x2f, 0xe7, 0x6b,
    0xdf, 0x70, 0x4c, 0xfe, 0xa1, 0xe7, 0x8f, 0x10, 0x00, 0x3f, 0x68, 0xf1,
    0x00, 0x03, 0xf6, 0x8f, 0x10, 0x00, 0x3f, 0x68, 0xf1, 0x00, 0x03, 0xf6,
    0x8f, 0x10, 0x00, 0x3f, 0x68, 0xf1, 0x00, 0x03, 0xf6, 0x8f, 0x10, 0x00,
    0x3f, 0x55, 0xf5, 0x00, 0x07, 0xf3, 0x0e, 0xe7, 0x58, 0xfc, 0x00, 0x2b,
    0xef, 0xea, 0x10, 0x00, 0x00, 0x00, 0x3f, 0x60, 0x00, 0x00, 0x03, 0xf6,
    0x00, 0x00, 0x00, 0x3f, 0x68, 0xf1, 0x00, 0x03, 0xf6, 0x8f, 0x10, 0x00,
    0x3f, 0x68, 0xf1, 0x00, 0x03, 0xf6, 0x8f, 0x10, 0x00, 0x3f, 0x68, 0xf1,
    0x00, 0x03, 0xf6, 0x8f, 0x10, 0x00, 0x3f, 0x68, 0xf1, 0x00, 0x03, 0xf6,
    0x5f, 0x50, 0x00, 0x6f, 0x30, 0xee, 0x75, 0x8f, 0xd0, 0x02, 0xbe, 0xfe,
    0xa2, 0x00, 0x1b, 0xf9, 0x00, 0x07, 0xf1, 0x6f, 0x83, 0x00, 0x07, 0xf1,
    0x7f, 0x10, 0x00, 0x07, 0xf1, 0x7f, 0x10, 0x52, 0x07, 0xf1, 0x7f, 0x13,
    0xfd, 0x07, 0xf1, 0x7f, 0x1c, 0xbe, 0x67, 0xf1, 0x7f, 0x7f, 0x16, 0xe8,
    0xf1, 0x7f, 0xe7, 0x00, 0xde, 0xf1, 0x7f, 0xd0, 0x00, 0x3f, 0xf1, 0x7f,
    0x40, 0x00, 0x0a, 0xf1, 0x00, 0x00, 0x00, 0x07, 0xf1, 0x00, 0x00, 0x00,
    0x07, 0xf1, 0x00, 0x00, 0x00, 0x07, 0xf1, 0x1b, 0xf9, 0x00, 0x07, 0xf1,
    0x6f, 0x83, 0x00, 0x07, 0xf1, 0x7f, 0x10, 0x00, 0x07, 0xf1, 0x7f, 0x10,
    0x52, 0x07, 0xf1, 0x7f, 0x13, 0xfd, 0x07, 0xf1, 0x7f, 0x1c, 0xbe, 0x67,
    0xf1, 0x7f, 0x7f, 0x16, 0xe8, 0xf1, 0x7f, 0xe7, 0x00, 0xde, 0xf1, 0x7f,
    0xd0, 0x00, 0x3f, 0xf1, 0x7f, 0x40, 0x00, 0x0a, 0xf1, 0x2f, 0x70, 0x09,
    0xf0, 0x00, 0xfa, 0x0f, 0x90, 0x0d, 0xf5, 0x01, 0xf7, 0x0d, 0xc0, 0x2f,
    0xe9, 0x04, 0xf5, 0x0a, 0xf0, 0x6f, 0x8e, 0x07, 0xf2, 0x07, 0xf1, 0xab,
    0x3f, 0x29, 0xf0, 0x04, 0xf3, 0xf6, 0x0e, 0x7b, 0xc0, 0x01, 0xf8, 0xf2,
    0x0a, 0xad, 0x90, 0x00, 0xee, 0xd0, 0x05, 0xef, 0x60, 0x00, 0xcf, 0x80,
    0x00, 0xff, 0x40, 0x00, 0x9f, 0x30, 0x00, 0xbf, 0x10, 0x00, 0x00, 0x00,
    0x00, 0x00, 0xcd, 0x00, 0x00, 0x00, 0x00, 0x00, 0xea, 0x00, 0x00, 0x00,
    0x00, 0x00, 0xf8, 0x2f, 0x70, 0x09, 0xf0, 0x02, 0xf5, 0x0f, 0x90, 0x0e,
    0xf4, 0x04, 0xf3, 0x0d, 0xb0, 0x3f, 0xd8, 0x07, 0xf0, 0x0a, 0xe0, 0x7e,
    0x9d, 0x09, 0xe0, 0x07, 0xf0, 0xca, 0x5f, 0x1b, 0xc0, 0x05, 0xf3, 0xf5,
    0x0f, 0x5d, 0x90, 0x02, 0xf8, 0xf1, 0x0b, 0x9e, 0x70, 0x00, 0xfd, 0xc0,
    0x06, 0xdf, 0x40, 0x00, 0xcf, 0x70, 0x01, 0xff, 0x20, 0x00, 0xaf, 0x20,
    0x00, 0xdf, 0x00, 0x00, 0x4b, 0xef, 0xd8, 0x00, 0x05, 0xfc, 0x65, 0x9f,
    0xc0, 0x0b, 0xf0, 0x00, 0x07, 0xf4, 0x06, 0xdc, 0x50, 0x03, 0xf6, 0x00,
    0x7f, 0x90, 0x03, 0xf6, 0x03, 0xf7, 0x00, 0x03, 0xf6, 0x05, 0xf4, 0x00,
    0x03, 0xf6, 0x05, 0xf4, 0x00, 0x03, 0xf6, 0x29, 0xf3, 0x00, 0x03, 0xf6,
    0x8f, 0xb0, 0x00, 0x03, 0xf6, 0x6f, 0x30, 0x00, 0x0f, 0x96, 0xf3, 0x00,
    0x00, 0xf9, 0x6f, 0x30, 0x00, 0x0f, 0x96, 0xf3, 0x00, 0x00, 0xf9, 0x6f,
    0x30, 0x00, 0x0f, 0x96, 0xf3, 0x00, 0x00, 0xf9, 0x6f, 0x40, 0x00, 0x0f,
    0x96, 0xfb, 0x00, 0x03, 0xf7, 0x6f, 0xcb, 0x67, 0xef, 0x26, 0xf1, 0xae,
    0xfc, 0x40, 0x0a, 0xef, 0x90, 0x6f, 0x39, 0xf8, 0x53, 0x06, 0xf3, 0xce,
    0x00, 0x00, 0x6f, 0x37, 0xf5, 0x00, 0x06, 0xf3, 0x09, 0xff, 0x50, 0x6f,
    0x35, 0xf9, 0x30, 0x06, 0xf3, 0xaf, 0x00, 0x00, 0x6f, 0x3a, 0xf0, 0x00,
    0x09, 0xf1, 0x5f, 0xc6, 0x58, 0xfc, 0x00, 0x5c, 0xff, 0xe9, 0x10, 0x01,
    0xae, 0xfe, 0xc4, 0x00, 0xde, 0x75, 0x69, 0x60, 0x1f, 0x80, 0x00, 0x00,
    0x00, 0xee, 0x50, 0x00, 0x00, 0x03, 0xdf, 0xe8, 0x20, 0x00, 0x00, 0x4a,
    0xff, 0x50, 0x00, 0x00, 0x02, 0xdf, 0x00, 0x00, 0x00, 0x09, 0xf0, 0x0c,
    0x85, 0x58, 0xfb, 0x01, 0x9d, 0xef, 0xe9, 0x00, 0x04, 0xbe, 0xfd, 0x80,
    0x05, 0xfc, 0x65, 0x9f, 0xc0, 0xce, 0x00, 0x00, 0x7f, 0x36, 0xdc, 0x50,
    0x03, 0xf5, 0x07, 0xe9, 0x00, 0x3f, 0x64, 0xf4, 0x00, 0x03, 0xf6, 0x7f,
    0x10, 0x00, 0x3f, 0x67, 0xf1, 0x00, 0x03, 0xf6, 0x7f, 0x83, 0x00, 0x6f,
    0xb1, 0xcf, 0x90, 0x07, 0xfc, 0x00, 0x00, 0x00, 0x3f, 0x60, 0x00, 0x00,
    0x03, 0xf6, 0x00, 0x00, 0x00, 0x3f, 0x60, 0x00, 0x00, 0x03, 0xf6, 0x01,
    0x9d, 0xef, 0xc5, 0x00, 0x5d, 0x85, 0x6b, 0xf5, 0x00, 0x00, 0x00, 0x0e,
    0xa0, 0x00, 0x00, 0x01, 0xdc, 0x00, 0x8d, 0xff, 0xff, 0xd0, 0xaf, 0x95,
    0x44, 0xed, 0x0f, 0xa0, 0x00, 0x0c, 0xd0, 0xf8, 0x00, 0x00, 0xcd, 0x0c,
    0xe4, 0x21, 0x0c, 0xd0, 0x1a, 0xef, 0x90, 0xcd, 0x00, 0x4b, 0xef, 0xd8,
    0x00, 0x05, 0xfc, 0x65, 0x9f, 0xc0, 0x0b, 0xf0, 0x00, 0x07, 0xf4, 0x06,
    0xdc, 0x50, 0x03, 0xf6, 0x00, 0x7f, 0x90, 0x03, 0xf6, 0x03, 0xf7, 0x00,
    0x03, 0xf6, 0x05, 0xf4, 0x00, 0x03, 0xf6, 0x05, 0xf4, 0x00, 0x03, 0xf6,
    0x29, 0xf3, 0x00, 0x06, 0xfc, 0x8f, 0xb0, 0x00, 0x06, 0xfc, 0x00, 0x00,
    0x00, 0x03, 0xf6, 0x00, 0x00, 0x00, 0x03, 0xf6, 0x00, 0x00, 0x00, 0x03,
    0xf6, 0x00, 0x00, 0x00, 0x03, 0xf6, 0x2c, 0xff, 0xd7, 0x00, 0x38, 0x66,
    0xbf, 0xa0, 0x00, 0x00, 0x09, 0xf4, 0x00, 0x00, 0x02, 0xf8, 0x00, 0x00,
    0x00, 0xfa, 0x00, 0x00, 0x00, 0xfa, 0x00, 0x00, 0x02, 0xf9, 0x00, 0x00,
    0x09, 0xf4, 0x0a, 0x65, 0xaf, 0xb0, 0x1a, 0xef, 0xe8, 0x00, 0x00, 0x00,
    0x00, 0x02, 0x72, 0x02, 0xae, 0xfe, 0xcd, 0xe1, 0x0d, 0xf8, 0x58, 0xff,
    0x20, 0x5f, 0x60, 0x00, 0x4f, 0x60, 0x8f, 0x10, 0x00, 0x0f, 0x90, 0x8f,
    0x10, 0x00, 0x0f, 0x90, 0x8f, 0x6e, 0xf4, 0x0f, 0x90, 0x8f, 0xd6, 0x41,
    0x0f, 0x90, 0x8f, 0x30, 0x00, 0x0f, 0x90, 0x8f, 0x10, 0x00, 0x0f, 0x90,
    0x8f, 0x10, 0x00, 0x0f, 0x90, 0x8f, 0x10, 0x00, 0x0f, 0xa0, 0x8f, 0x10,
    0x00, 0x0f, 0xa0, 0x8f, 0x10, 0x00, 0x0f, 0xa0, 0x8f, 0x11, 0x60, 0x0f,
    0xa0, 0x8f, 0x14, 0xf3, 0x0f, 0xb0, 0x8f, 0x11, 0xef, 0xff, 0xfd, 0x8f,
    0x10, 0x02, 0x3f, 0xd2, 0x6f, 0x50, 0x00, 0x3f, 0x70, 0x1e, 0xe7, 0x57,
    0xef, 0x20, 0x02, 0xae, 0xfe, 0xb3, 0x00, 0x00, 0x00, 0x00, 0x00, 0x74,
    0x01, 0x9d, 0xef, 0xde, 0xf4, 0x05, 0xd8, 0x56, 0xbf, 0x80, 0x00, 0x00,
    0x00, 0x0e, 0xa0, 0x00, 0x00, 0x00, 0x1d, 0xc0, 0x00, 0x8d, 0xff, 0xff,
    0xd0, 0x0a, 0xf9, 0x54, 0x4e, 0xd0, 0x0f, 0xa0, 0x00, 0x0c, 0xd0, 0x0f,
    0x80, 0x00, 0x0c, 0xd0, 0x0c, 0xe4, 0x21, 0x0c, 0xd0, 0x01, 0xae, 0xf9,
    0x0c, 0xd0, 0x6f, 0x30, 0x02, 0xec, 0x06, 0xf3, 0x02, 0xec, 0x00, 0x6f,
    0x32, 0xec, 0x00, 0x06, 0xf4, 0xdf, 0xfa, 0x10, 0x6f, 0xfd, 0x47, 0xfd,
    0x06, 0xfd, 0x10, 0x08, 0xf3, 0x6f, 0x30, 0x00, 0x4f, 0x56, 0xf3, 0x00,
    0x04, 0xf5, 0x6f, 0x30, 0x00, 0x4f, 0x56, 0xf3, 0x00, 0x04, 0xf5, 0x00,
    0x00, 0x00, 0x00, 0x00, 0x66, 0x00, 0x00, 0x00, 0x00, 0x04, 0xfa, 0x00,
    0x00, 0x00, 0x5f, 0xff, 0xa1, 0x3f, 0x60, 0x00, 0x03, 0x5e, 0xa0, 0x0f,
    0x80, 0x03, 0x30, 0x08, 0xf0, 0x0e, 0xa0, 0x0e, 0xd0, 0x08, 0xf0, 0x0b,
    0xc0, 0x4d, 0xe3, 0x0b, 0xd0, 0x09, 0xe0, 0xaa, 0xb9, 0x0e, 0xa0, 0x06,
    0xf1, 0xf5, 0x6e, 0x1f, 0x70, 0x04, 0xf7, 0xf1, 0x1f, 0x6f, 0x40, 0x01,
    0xfc, 0xa0, 0x0b, 0xcf, 0x10, 0x00, 0xff, 0x50, 0x06, 0xff, 0x00, 0x00,
    0xdf, 0x00, 0x01, 0xfc, 0x00, 0x3a, 0xef, 0xeb, 0x30, 0x08, 0xa6, 0x57,
    0xdf, 0x30, 0x00, 0x00, 0x01, 0xec, 0x00, 0x00, 0x00, 0x09, 0xf0, 0xdf,
    0xff, 0x00, 0x7f, 0x2e, 0xc3, 0x30, 0x07, 0xf2, 0xdb, 0x00, 0x00, 0x9f,
    0x1b, 0xe0, 0x00, 0x0d, 0xd0, 0x4f, 0xb5, 0x5b, 0xf5, 0x00, 0x5c, 0xff,
    0xc5, 0x00, 0x00, 0x00, 0x00, 0x07, 0x43, 0xae, 0xfe, 0xbc, 0xf4, 0x9a,
    0x75, 0x7d, 0xf6, 0x00, 0x00, 0x00, 0x1e, 0xc0, 0x00, 0x00, 0x00, 0x9f,
    0x0d, 0xff, 0xf0, 0x07, 0xf2, 0xec, 0x33, 0x00, 0x7f, 0x2d, 0xb0, 0x00,
    0x09, 0xf1, 0xbe, 0x00, 0x00, 0xdd, 0x04, 0xfb, 0x55, 0xbf, 0x50, 0x05,
    0xcf, 0xfc, 0x50, 0x00, 0x07, 0xef, 0x30, 0xf9, 0x5f, 0xa5, 0x00, 0xf9,
    0x9f, 0x00, 0x00, 0xf9, 0x9f, 0x00, 0x03, 0xf9, 0x5f, 0x91, 0x2c, 0xf9,
    0x08, 0xff, 0xfc, 0xf9, 0x00, 0x13, 0x20, 0xf9, 0x00, 0x00, 0x00, 0xf9,
    0x00, 0x00, 0x00, 0xf9, 0x00, 0x00, 0x00, 0xf9, 0x04, 0x00, 0x00, 0x3f,
    0x50, 0x00, 0x1d, 0xff, 0xf6, 0x00, 0x33, 0x31, 0x00, 0x00, 0x00, 0x04,
    0x00, 0x00, 0x3f, 0x50, 0x00, 0x1d, 0xff, 0xf6, 0x00, 0x33, 0x31, 0x32,
    0x00, 0x00, 0x0e, 0xa0, 0x00, 0x00, 0x9f, 0xff, 0xff, 0xc0, 0x23, 0x33,
    0x32, 0x8d, 0xfe, 0xa0, 0xa7, 0x59, 0xf9, 0x00, 0x00, 0xdc, 0x00, 0x00,
    0xcd, 0x00, 0x00, 0xcd, 0x00, 0x00, 0xcd, 0x00, 0x00, 0xcd, 0x00, 0x00,
    0xcd, 0x00, 0x00, 0xcd, 0x00, 0x00, 0xcd, 0x5d, 0xd8, 0x00, 0x00, 0x00,
    0x0c, 0x62, 0xf0, 0x00, 0x00, 0x00, 0x5d, 0xd7, 0x00, 0x00, 0x00, 0x00,
    0x00, 0x00, 0x00, 0x00, 0x00, 0x00, 0x00, 0x08, 0xdf, 0xea, 0x00, 0x00,
    0x00, 0xa7, 0x59, 0xf9, 0x00, 0x00, 0x00, 0x00, 0x0d, 0xc0, 0x00, 0x00,
    0x00, 0x00, 0xcd, 0x00, 0x00, 0x00, 0x00, 0x0c, 0xd0, 0x00, 0x00, 0x00,
    0x00, 0xcd, 0x00, 0x00, 0x00, 0x00, 0x0c, 0xd0, 0x00, 0x00, 0x00, 0x00,
    0xcd, 0x00, 0x00, 0x00, 0x00, 0x0c, 0xd0, 0x00, 0x00, 0x00, 0x00, 0xcd,
    0x00, 0x00, 0x00, 0x00, 0x02, 0xcf, 0xff, 0xff, 0xf6, 0x03, 0x33, 0x33,
    0x33, 0x10, 0x00, 0x00, 0x00, 0x04, 0x10, 0x00, 0x00, 0x02, 0xf7, 0x2c,
    0xff, 0xff, 0xff, 0x90, 0x33, 0x33, 0x33, 0x31, 0x00, 0x00, 0x03, 0xcc,
    0x20, 0x00, 0x00, 0xb4, 0x69, 0x2c, 0xff, 0xff, 0xcc, 0x50, 0x33, 0x33,
    0x33, 0x20, 0x00, 0x00, 0x23, 0x03, 0x10, 0x00, 0x09, 0xd0, 0xf6, 0x2c,
    0xff, 0xff, 0xff, 0x90, 0x33, 0x33, 0x33, 0x31, 0x67, 0x0a, 0xf5, 0x0f,
    0x60, 0xf6, 0x43, 0x00, 0x52, 0xcf, 0x00, 0xf6, 0x4f, 0x32, 0xf5, 0x0c,
    0xff, 0xc1, 0x00, 0x11, 0x00, 0x04, 0x09, 0xfa, 0x7f, 0x70, 0x00, 0x06,
    0xa0, 0x00, 0x00, 0x11, 0x8b, 0x00, 0x00, 0x9f, 0xff, 0xff, 0xc4, 0x09,
    0xf4, 0xbf, 0x7e, 0xf1, 0x9f, 0x06, 0xa0, 0x7f, 0x39, 0xf1, 0x8c, 0x4d,
    0xc0, 0x9f, 0xff, 0xff, 0xa0, 0x09, 0xf4, 0xbf, 0x7e, 0xc0, 0x9f, 0x06,
    0xa0, 0x5f, 0x79, 0xf0, 0x6a, 0x01, 0xf9, 0x9f, 0x06, 0xa0, 0x4f, 0x89,
    0xf1, 0x8c, 0x4d, 0xf2, 0x9f, 0xff, 0xff, 0xe4, 0x02, 0x44, 0xbe, 0x20,
    0x00, 0x00, 0x03, 0x50, 0x00, 0x00, 0x4f, 0x50, 0x4f, 0x50, 0x4f, 0x50,
    0x4f, 0x50, 0x4f, 0x50, 0x4f, 0x50, 0x4f, 0x50, 0x4f, 0x50, 0x3f, 0xa4,
    0x0a, 0xfd, 0x4f, 0x50, 0x05, 0xf4, 0x04, 0xf5, 0x00, 0x5f, 0x40, 0x4f,
    0x50, 0x05, 0xf4, 0x04, 0xf5, 0x00, 0x5f, 0x40, 0x4f, 0x50, 0x05, 0xf4,
    0x04, 0xf5, 0x00, 0x5f, 0x40, 0x4f, 0x50, 0x05, 0xf4, 0x04, 0xf5, 0x00,
    0x5f, 0x40, 0x3f, 0xa4, 0x04, 0xf9, 0x40, 0xaf, 0xd0, 0x0a, 0xfb, 0x8f,
    0xff, 0xff, 0x44, 0xce, 0x44, 0x41, 0x02, 0xf6, 0x00, 0x00, 0x0f, 0x90,
    0x00, 0x00, 0xf9, 0x00, 0x00, 0x0f, 0xf0, 0x00, 0x00, 0xff, 0x00, 0x00,
    0x0f, 0x90, 0x00, 0x00, 0xf9, 0x00, 0x00, 0x0f, 0x90, 0x00, 0x00, 0xf9,
    0x00, 0x00, 0x0f, 0x90, 0x00, 0x00, 0xf9, 0x00, 0x00, 0x0f, 0xd5, 0x00,
    0x00, 0x6e, 0xe2, 0x00, 0x7e, 0xfc, 0x36, 0x65, 0xed, 0x00, 0x0a, 0xe0,
    0x02, 0xf9, 0x00, 0xdd, 0x00, 0x5f, 0x40, 0x07, 0xf2, 0x00, 0x7f, 0x20,
    0x07, 0xf2, 0x00, 0x7f, 0x20, 0x07, 0xf2, 0x00, 0x7f, 0x20, 0x07, 0xf2,
    0x00, 0x6f, 0x83, 0x01, 0xbf, 0xa0, 0x0f, 0xff, 0xff, 0x40, 0x44, 0x9f,
    0x81, 0x00, 0x0e, 0xb0, 0x00, 0x00, 0xf9, 0x00, 0x00, 0x0f, 0x90, 0x00,
    0x00, 0xff, 0x00, 0x00, 0x0f, 0xf0, 0x00, 0x00, 0xf9, 0x00, 0x00, 0x0f,
    0x90, 0x00, 0x00, 0xf9, 0x00, 0x00, 0x0f, 0x90, 0x00, 0x00, 0xf9, 0x00,
    0x00, 0x0f, 0x90, 0x00, 0x00, 0xfd, 0x50, 0x00, 0x06, 0xee, 0x20, 0x8d,
    0xfe, 0xa0, 0xa7, 0x59, 0xf9, 0x00, 0x00, 0xdc, 0x00, 0x00, 0xcd, 0x00,
    0x00, 0xcd, 0x00, 0x00, 0xcd, 0x00, 0x00, 0xcd, 0x00, 0x00, 0xcd, 0x00,
    0x00, 0xff, 0x00, 0x00, 0xff, 0x00, 0x00, 0xcd, 0x00, 0x00, 0xcd, 0x00,
    0x00, 0xcd, 0x00, 0x00, 0xcd, 0x0a, 0xfc, 0x6d, 0xe8, 0x05, 0xf8, 0xbf,
    0x8b, 0xf2, 0x8f, 0x05, 0xf0, 0x5f, 0x38, 0xf0, 0x01, 0x05, 0xf4, 0x6f,
    0x51, 0x00, 0x5f, 0x40, 0xcf, 0xe0, 0x05, 0xf4, 0x00, 0x22, 0x00, 0x5f,
    0x40, 0x00, 0x00, 0x05, 0xf4, 0x00, 0x00, 0x00, 0x5f, 0x40, 0x00, 0x00,
    0x05, 0xf4, 0x00, 0x00, 0x00, 0x5f, 0x40, 0x00, 0x00, 0x05, 0xf4, 0x00,
    0x00, 0x00, 0x5f, 0x40, 0x00, 0x00, 0x05, 0xf4, 0x04, 0xdf, 0xff, 0xf3,
    0x0f, 0x82, 0x22, 0x20, 0x0f, 0x55, 0x91, 0xd2, 0x07, 0xfc, 0xbf, 0xc0,
    0x00, 0x00, 0x01, 0x00, 0x2c, 0x43, 0xf6, 0x3f, 0x63, 0xf6, 0x00, 0x00,
    0x00, 0x6f, 0xe2, 0x00, 0x15, 0xf5, 0x00, 0x6d, 0xff, 0xff, 0x23, 0x33,
    0x33, 0x08, 0x95, 0xa4, 0x00, 0x7e, 0x8b, 0xaf, 0x00, 0x8d, 0x00, 0x6f,
    0x41, 0x1c, 0xe0, 0xdf, 0xf5, 0x01, 0x50, 0x00, 0x5f, 0x00, 0xaf, 0xff,
    0x61, 0x7f, 0x31, 0x03, 0xa0, 0x00, 0x00, 0x00, 0x06, 0xff, 0xf8, 0xcd,
    0x33, 0x15, 0x50, 0x00, 0x5d, 0xd8, 0x0c, 0x62, 0xf0, 0x5d, 0xd7, 0x00,
    0x00, 0xad, 0x48, 0xef, 0x10, 0xc5, 0x00, 0x01, 0x00, 0x00, 0x00, 0x00,
    0x00, 0x00, 0x00, 0x4c, 0xff, 0xea, 0x10, 0x3f, 0xc5, 0x46, 0xee, 0x0b,
    0xe1, 0xcf, 0x84, 0xf6, 0xeb, 0x4f, 0xff, 0x0f, 0x9d, 0xb3, 0xff, 0xf0,
    0xf9, 0xae, 0x19, 0xc5, 0x4f, 0x63, 0xfd, 0x64, 0x7e, 0xd0, 0x03, 0xbe,
    0xfe, 0x91, 0x00, 0x00, 0x00, 0x00, 0x00, 0x00, 0x5d, 0xff, 0xe7, 0x00,
    0x4f, 0xc5, 0x49, 0xf8, 0x0c, 0xe0, 0x00, 0x0b, 0xf0, 0xeb, 0x00, 0x00,
    0x7f, 0x2e, 0xb0, 0x00, 0x07, 0xf2, 0xbf, 0x10, 0x00, 0xcf, 0x03, 0xfd,
    0x65, 0xbf, 0x70, 0x03, 0xbf, 0xfd, 0x60, 0x00, 0x00, 0x00, 0x00, 0x00,
    0x00, 0x19, 0xef, 0xfc, 0x40, 0x0b, 0xf7, 0x45, 0xcf, 0x20, 0xf9, 0x00,
    0x01, 0xf9, 0x0e, 0xc2, 0x00, 0x0e, 0xb0, 0x6f, 0xf6, 0x00, 0xeb, 0x00,
    0x13, 0x10, 0x2f, 0x80, 0x00, 0x34, 0x6d, 0xf1, 0x00, 0x05, 0xff, 0xb3,
    0x00, 0x74, 0x00, 0x00, 0x00, 0x0f, 0x90, 0x00, 0x00, 0x00, 0xf9, 0x00,
    0x00, 0x00, 0x0f, 0x91, 0xcf, 0x8c, 0xf7, 0xf9, 0x6f, 0x5e, 0x8c, 0xef,
    0x95, 0xf2, 0x00, 0x9f, 0xf9, 0x1d, 0xf8, 0x09, 0xfe, 0xb0, 0x02, 0x00,
    0xaf, 0xbe, 0x10, 0x00, 0x0d, 0xc3, 0xfd, 0x75, 0x6c, 0xf5, 0x03, 0xae,
    0xfe, 0xc5, 0x00, 0x00, 0x00, 0x00, 0x00, 0x1c, 0xfb, 0x9f, 0xe4, 0x9f,
    0x5b, 0xd5, 0xdc, 0xdb, 0x01, 0x20, 0xae, 0xea, 0x00, 0x00, 0xae, 0xea,
    0x00, 0x00, 0xae, 0xcd, 0x00, 0x00, 0xae, 0x7f, 0x84, 0x00, 0xae, 0x09,
    0xfd, 0x00, 0xae, 0x00, 0x00, 0x00, 0x74, 0x00, 0x00, 0x00, 0xf8, 0x00,
    0x00, 0x06, 0xf5, 0x06, 0xef, 0xff, 0xb0, 0x5f, 0xa4, 0x32, 0x00, 0xbe,
    0x00, 0x00, 0x00, 0xea, 0x00, 0x2d, 0xf3, 0xea, 0x00, 0x9f, 0x40, 0xcd,
    0x00, 0xac, 0x00, 0x6f, 0xa5, 0x9f, 0x63, 0x06, 0xdf, 0xff, 0xfc, 0x00,
    0x6d, 0xa0, 0xc8, 0x00, 0xe1, 0xb4, 0xe8, 0x00, 0xd2, 0xc6, 0xf5, 0x06,
    0xff, 0xff, 0xb0, 0x5f, 0xa4, 0x31, 0x00, 0xce, 0x00, 0x00, 0x00, 0xea,
    0x00, 0x2d, 0xf3, 0xea, 0x00, 0x8f, 0x40, 0xcd, 0x00, 0x9c, 0x00, 0x6f,
    0xa5, 0x9f, 0x63, 0x06, 0xdf, 0xff, 0xfd, 0x8b, 0x00, 0x00, 0x00, 0x05,
    0xf1, 0x00, 0x00, 0x00, 0x1f, 0x50, 0x00, 0x00, 0x00, 0xcc, 0xdf, 0xfa,
    0x10, 0x08, 0xf6, 0x47, 0xfa, 0x00, 0x00, 0x00, 0x08, 0xf1, 0x00, 0x00,
    0x00, 0x5f, 0x30, 0x00, 0x00, 0x05, 0xf3, 0x00, 0x10, 0x00, 0x9f, 0x10,
    0x7f, 0x75, 0x8f, 0x90, 0x01, 0x9e, 0xfe, 0x90, 0x00, 0x00, 0x00, 0x00,
    0x00, 0x06, 0x50, 0x00, 0x00, 0x00, 0x00, 0xdb, 0x00, 0x00, 0x00, 0x00,
    0x0d, 0xb1, 0xcf, 0x9b, 0xfd, 0x10, 0xdb, 0xaf, 0x5d, 0xb6, 0xf7, 0x0d,
    0xbe, 0xb0, 0x21, 0x0f, 0x80, 0xdb, 0xfa, 0x00, 0x00, 0xf8, 0x0d, 0xbe,
    0xa0, 0x00, 0x0f, 0x80, 0xdb, 0xcd, 0x00, 0x00, 0xf8, 0x0e, 0xa7, 0xf8,
    0x40, 0x0f, 0xa9, 0xf4, 0x09, 0xfd, 0x00, 0xff, 0xc5, 0x00, 0x00, 0x00,
    0x00, 0x65, 0x00, 0x00, 0x00, 0x0d, 0xa0, 0x00, 0x00, 0x04, 0xf8, 0x00,
    0x7e, 0xff, 0xfd, 0x10, 0x5f, 0xa4, 0x32, 0x00, 0x0c, 0xd0, 0x00, 0x00,
    0x00, 0xea, 0x00, 0x00, 0x89, 0x0e, 0xa0, 0x00, 0x08, 0xf2, 0xcd, 0x05,
    0x70, 0x3f, 0x47, 0xfc, 0xff, 0x5a, 0xf1, 0x09, 0xf5, 0x8f, 0xe5, 0x00,
    0x00, 0x00, 0x00, 0x47, 0x00, 0x00, 0x00, 0x9e, 0x00, 0x00, 0x00, 0xbd,
    0x1b, 0xfd, 0xaf, 0xf7, 0x9f, 0x5c, 0xf5, 0x20, 0xdb, 0x03, 0xf4, 0x00,
    0xea, 0x00, 0xdb, 0x00, 0xea, 0x00, 0x6f, 0x20, 0xcd, 0x00, 0x0e, 0x90,
    0x7f, 0x84, 0x08, 0xf1, 0x0a, 0xfd, 0x02, 0xf8, 0x07, 0xef, 0x30, 0xf9,
    0x00, 0x9f, 0x05, 0xfa, 0x50, 0x0f, 0x90, 0x09, 0xf0, 0x9f, 0x00, 0x00,
    0xf9, 0x00, 0x9f, 0x09, 0xf0, 0x00, 0x2f, 0x90, 0x0e, 0xf0, 0x5f, 0x91,
    0x2c, 0xfe, 0x16, 0xff, 0x00, 0x8f, 0xff, 0xbf, 0xff, 0xfd, 0xf0, 0x00,
    0x13, 0x10, 0xf9, 0x30, 0x9f, 0x00, 0x00, 0x00, 0x0f, 0x90, 0x09, 0xf0,
    0x00, 0x00, 0x00, 0xf9, 0x00, 0x9f, 0x00, 0x00, 0x00, 0x0f, 0x90, 0x09,
    0xf0, 0x00, 0x00, 0x00, 0x00, 0x00, 0x00, 0x00, 0x00, 0x3d, 0xfd, 0x30,
    0x00, 0x00, 0x00, 0x00, 0x0d, 0xc2, 0xbd, 0x08, 0x14, 0x41, 0x10, 0x01,
    0xf7, 0x07, 0xe2, 0xf7, 0xcc, 0x9a, 0x00, 0x0f, 0x80, 0x48, 0x7f, 0xee,
    0xcf, 0xf2, 0x00, 0xbf, 0x63, 0x7f, 0x6d, 0xb5, 0xa4, 0xb7, 0x02, 0xcf,
    0xff, 0x80, 0x11, 0x00, 0x00, 0x00, 0x00, 0x12, 0x00, 0x00, 0x00, 0x00,
    0x00, 0x00, 0x00, 0x00, 0x00, 0x00, 0x00, 0x15, 0xac, 0x00, 0x00, 0x00,
    0x00, 0x00, 0x16, 0xbf, 0xff, 0xf2, 0x00, 0x00, 0x00, 0x28, 0xcf, 0xff,
    0xff, 0xff, 0x20, 0x00, 0x00, 0x0e, 0xff, 0xff, 0xff, 0xff, 0xf2, 0x00,
    0x00, 0x00, 0xff, 0xff, 0xff, 0xff, 0xff, 0x20, 0x00, 0x00, 0x0f, 0xff,
    0xff, 0xff, 0xe9, 0xf2, 0x00, 0x00, 0x00, 0xff, 0xff, 0xc7, 0x20, 0x0f,
    0x20, 0x00, 0x00, 0x0f, 0xb6, 0x10, 0x00, 0x00, 0xf2, 0x00, 0x00, 0x00,
    0xf2, 0x00, 0x00, 0x00, 0x0f, 0x20, 0x00, 0x00, 0x0f, 0x20, 0x00, 0x00,
    0x00, 0xf2, 0x00, 0x00, 0x00, 0xf2, 0x00, 0x04, 0x88, 0x5f, 0x20, 0x00,
    0x00, 0x0f, 0x20, 0x0b, 0xff, 0xff, 0xf2, 0x00, 0x00, 0x00, 0xf2, 0x01,
    0xff, 0xff, 0xff, 0x10, 0x3b, 0xef, 0xcf, 0x20, 0x07, 0xff, 0xff, 0x70,
    0x0f, 0xff, 0xff, 0xf2, 0x00, 0x00, 0x33, 0x00, 0x00, 0xef, 0xff, 0xfe,
    0x00, 0x00, 0x00, 0x00, 0x00, 0x01, 0x9c, 0xc9, 0x10, 0x00, 0x00, 0x00,
    0x00, 0x00, 0xcf, 0xff, 0xe0, 0x6f, 0xff, 0xff, 0xff, 0xff, 0xfc, 0xff,
    0xff, 0xf2, 0x9f, 0xff, 0xff, 0xff, 0xff, 0xff, 0xff, 0xff, 0xf2, 0x9f,
    0xff, 0xff, 0xff, 0xff, 0xff, 0xad, 0xdd, 0xb0, 0x4d, 0xdd, 0xdd, 0xdd,
    0xdd, 0xda, 0x00, 0x00, 0x00, 0x00, 0x00, 0x00, 0x00, 0x00, 0x00, 0xcf,
    0xff, 0xe0, 0x6f, 0xff, 0xff, 0xff, 0xff, 0xfc, 0xff, 0xff, 0xf2, 0x9f,
    0xff, 0xff, 0xff, 0xff, 0xff, 0xff, 0xff, 0xf2, 0x9f, 0xff, 0xff, 0xff,
    0xff, 0xff, 0xad, 0xdd, 0xb0, 0x4d, 0xdd, 0xdd, 0xdd, 0xdd, 0xda, 0x00,
    0x00, 0x00, 0x00, 0x00, 0x00, 0x00, 0x00, 0x00, 0xad, 0xdd, 0xb0, 0x4d,
    0xdd, 0xdd, 0xdd, 0xdd, 0xda, 0xff, 0xff, 0xf2, 0x9f, 0xff, 0xff, 0xff,
    0xff, 0xff, 0xff, 0xff, 0xf2, 0x9f, 0xff, 0xff, 0xff, 0xff, 0xff, 0xcf,
    0xff, 0xe0, 0x6f, 0xff, 0xff, 0xff, 0xff, 0xfc, 0x00, 0x00, 0x00, 0x00,
    0x00, 0x00, 0x00, 0x00, 0x00, 0x00, 0x00, 0x00, 0x00, 0x00, 0x8f, 0x60,
    0x00, 0x00, 0x00, 0x00, 0x00, 0x08, 0xff, 0xf6, 0x00, 0x00, 0x00, 0x00,
    0x00, 0x8f, 0xff, 0xfb, 0x00, 0x61, 0x00, 0x00, 0x08, 0xff, 0xff, 0xd1,
    0x0c, 0xfc, 0x10, 0x00, 0x8f, 0xff, 0xfd, 0x10, 0xaf, 0xff, 0xc1, 0x08,
    0xff, 0xff, 0xd1, 0x00, 0x8f, 0xff, 0xfc, 0x8f, 0xff, 0xfd, 0x10, 0x00,
    0x09, 0xff, 0xff, 0xff, 0xff, 0xd1, 0x00, 0x00, 0x00, 0x9f, 0xff, 0xff,
    0xfd, 0x10, 0x00, 0x00, 0x00, 0x09, 0xff, 0xff, 0xd1, 0x00, 0x00, 0x00,
    0x00, 0x00, 0x9f, 0xfd, 0x10, 0x00, 0x00, 0x00, 0x00, 0x00, 0x08, 0xb1,
    0x00, 0x00, 0x00, 0x00, 0x06, 0xe4, 0x00, 0x00, 0x3d, 0x70, 0x6f, 0xff,
    0x40, 0x03, 0xff, 0xf7, 0xdf, 0xff, 0xf4, 0x3f, 0xff, 0xfe, 0x4f, 0xff,
    0xff, 0xff, 0xff, 0xf5, 0x04, 0xff, 0xff, 0xff, 0xff, 0x50, 0x00, 0x4f,
    0xff, 0xff, 0xf5, 0x00, 0x00, 0x3f, 0xff, 0xff, 0xf4, 0x00, 0x03, 0xff,
    0xff, 0xff, 0xff, 0x40, 0x3f, 0xff, 0xff, 0xff, 0xff, 0xf4, 0xdf, 0xff,
    0xf5, 0x4f, 0xff, 0xfe, 0x7f, 0xff, 0x50, 0x04, 0xff, 0xf8, 0x07, 0xf5,
    0x00, 0x00, 0x4e, 0x80, 0x00, 0x00, 0x00, 0x12, 0x10, 0x00, 0x00, 0x00,
    0x00, 0x00, 0x00, 0xef, 0xf0, 0x00, 0x00, 0x00, 0x00, 0x2a, 0x10, 0xff,
    0xf2, 0x19, 0x40, 0x00, 0x02, 0xef, 0xed, 0xff, 0xfd, 0xdf, 0xf3, 0x00,
    0x07, 0xff, 0xff, 0xff, 0xff, 0xff, 0xf9, 0x00, 0x00, 0xbf, 0xff, 0xff,
    0xff, 0xff, 0xd0, 0x00, 0x02, 0xcf, 0xfe, 0x50, 0x3d, 0xff, 0xd2, 0x00,
    0xff, 0xff, 0xf6, 0x00, 0x04, 0xff, 0xff, 0xf1, 0xff, 0xff, 0xf2, 0x00,
    0x00, 0xff, 0xff, 0xf2, 0xef, 0xff, 0xf6, 0x00, 0x04, 0xff, 0xff, 0xf1,
    0x01, 0xcf, 0xfe, 0x40, 0x3d, 0xff, 0xd2, 0x00, 0x00, 0xbf, 0xff, 0xff,
    0xff, 0xff, 0xd0, 0x00, 0x06, 0xff, 0xff, 0xff, 0xff, 0xff, 0xf9, 0x00,
    0x02, 0xef, 0xed, 0xff, 0xfd, 0xdf, 0xf4, 0x00, 0x00, 0x2a, 0x10, 0xff,
    0xf2, 0x09, 0x40, 0x00, 0x00, 0x00, 0x00, 0xef, 0xf0, 0x00, 0x00, 0x00,
    0x00, 0x00, 0x00, 0x12, 0x10, 0x00, 0x00, 0x00, 0x00, 0x00, 0x00, 0x09,
    0xd4, 0x06, 0xdd, 0x00, 0x00, 0x00, 0x00, 0x1c, 0xff, 0xf6, 0x8f, 0xf1,
    0x00, 0x00, 0x00, 0x2d, 0xf7, 0x3c, 0xfe, 0xff, 0x10, 0x00, 0x00, 0x4f,
    0xf5, 0xaf, 0x5a, 0xff, 0xf1, 0x00, 0x00, 0x7f, 0xe4, 0xcf, 0xff, 0x78,
    0xff, 0x20, 0x00, 0x9f, 0xc4, 0xef, 0xff, 0xff, 0xa5, 0xfe, 0x40, 0xaf,
    0xa6, 0xff, 0xff, 0xff, 0xff, 0xc4, 0xef, 0x33, 0x75, 0xff, 0xff, 0xff,
    0xff, 0xff, 0xe2, 0x80, 0x00, 0x8f, 0xff, 0xff, 0xff, 0xff, 0xff, 0x10,
    0x00, 0x08, 0xff, 0xff, 0x22, 0x8f, 0xff, 0xf1, 0x00, 0x00, 0x8f, 0xff,
    0xf0, 0x07, 0xff, 0xff, 0x10, 0x00, 0x08, 0xff, 0xff, 0x00, 0x7f, 0xff,
    0xf1, 0x00, 0x00, 0x6f, 0xff, 0xf0, 0x07, 0xff, 0xfe, 0x00, 0x00, 0x00,
    0x00, 0x00, 0x14, 0x44, 0x00, 0x00, 0x00, 0x00, 0x00, 0x00, 0x08, 0xff,
    0xf4, 0x00, 0x00, 0x00, 0x00, 0x00, 0x00, 0x9f, 0xff, 0x40, 0x00, 0x00,
    0x00, 0x00, 0x00, 0x09, 0xff, 0xf4, 0x00, 0x00, 0x00, 0x00, 0x00, 0x00,
    0x9f, 0xff, 0x40, 0x00, 0x00, 0x00, 0x00, 0x02, 0x29, 0xff, 0xf6, 0x22,
    0x00, 0x00, 0x00, 0x0a, 0xff, 0xff, 0xff, 0xff, 0xf6, 0x00, 0x00, 0x00,
    0x2e, 0xff, 0xff, 0xff, 0xfb, 0x00, 0x00, 0x00, 0x00, 0x2e, 0xff, 0xff,
    0xfb, 0x00, 0x00, 0x00, 0x00, 0x00, 0x2e, 0xff, 0xfb, 0x00, 0x00, 0x00,
    0x00, 0x00, 0x00, 0x2e, 0xfb, 0x00, 0x00, 0x00, 0x0c, 0xff, 0xff, 0xe3,
    0x28, 0x06, 0xff, 0xff, 0xfc, 0xff, 0xff, 0xff, 0xe5, 0x28, 0xff, 0xff,
    0xff, 0xff, 0xff, 0xff, 0xff, 0xff, 0xff, 0xeb, 0xfb, 0xcf, 0xff, 0xff,
    0xff, 0xff, 0xff, 0xfc, 0x5f, 0x67, 0xfc, 0xff, 0xff, 0xff, 0xff, 0xff,
    0xff, 0xff, 0xfc, 0x00, 0x00, 0x01, 0x46, 0x53, 0x00, 0x00, 0x00, 0x00,
    0x02, 0xaf, 0xff, 0xff, 0xf8, 0x10, 0x67, 0x00, 0x5f, 0xff, 0xff, 0xff,
    0xff, 0xe8, 0xfc, 0x04, 0xff, 0xfc, 0x53, 0x25, 0xcf, 0xff, 0xfc, 0x0e,
    0xff, 0x60, 0x00, 0x00, 0x0b, 0xff, 0xfc, 0x7f, 0xf8, 0x00, 0x00, 0x00,
    0x6f, 0xff, 0xfc, 0xbf, 0xe1, 0x00, 0x00, 0x00, 0xdf, 0xff, 0xfa, 0x00,
    0x00, 0x00, 0x00, 0x00, 0x00, 0x00, 0x00, 0x00, 0x00, 0x00, 0x00, 0x00,
    0x00, 0x00, 0x00, 0x46, 0x66, 0x63, 0x00, 0x00, 0x00, 0x06, 0x63, 0xff,
    0xff, 0xf9, 0x00, 0x00, 0x00, 0x6f, 0xf5, 0xff, 0xff, 0xb0, 0x00, 0x00,
    0x02, 0xef, 0xe0, 0xff, 0xff, 0xb2, 0x00, 0x00, 0x4e, 0xff, 0x60, 0xff,
    0xff, 0xff, 0xb9, 0xad, 0xff, 0xf9, 0x00, 0xfb, 0x1b, 0xff, 0xff, 0xff,
    0xff, 0x70, 0x00, 0x30, 0x00, 0x3a, 0xdf, 0xfd, 0x82, 0x00, 0x00, 0x00,
    0x00, 0x00, 0x00, 0x00, 0x03, 0x00, 0x00, 0x00, 0x00, 0x00, 0x00, 0x10,
    0x01, 0xfd, 0x50, 0x00, 0x00, 0x00, 0x01, 0xda, 0x00, 0x01, 0x8f, 0x80,
    0x00, 0x00, 0x01, 0xdf, 0xb0, 0x0d, 0x60, 0x4f, 0x70, 0x00, 0x01, 0xdf,
    0xfb, 0x00, 0x5e, 0xa0, 0x5f, 0x29, 0xbb, 0xef, 0xff, 0xb0, 0x32, 0x1e,
    0x60, 0xb9, 0xff, 0xff, 0xff, 0xfb, 0x05, 0xd0, 0x6d, 0x05, 0xdf, 0xff,
    0xff, 0xff, 0xb0, 0x0f, 0x12, 0xf0, 0x3f, 0xff, 0xff, 0xff, 0xfb, 0x01,
    0xf1, 0x2f, 0x03, 0xff, 0xff, 0xff, 0xff, 0xb0, 0x6a, 0x08, 0xc0, 0x7c,
    0x57, 0x7a, 0xff, 0xfb, 0x01, 0x04, 0xf4, 0x0d, 0x70, 0x00, 0x0a, 0xff,
    0xb0, 0x0a, 0xf7, 0x08, 0xe0, 0x00, 0x00, 0x0a, 0xfb, 0x00, 0x83, 0x08,
    0xf3, 0x00, 0x00, 0x00, 0x09, 0x90, 0x00, 0x5d, 0xe4, 0x00, 0x00, 0x00,
    0x00, 0x00, 0x00, 0x1e, 0x91, 0x00, 0x00, 0x00, 0x11, 0x11, 0x11, 0x11,
    0x11, 0x11, 0x11, 0x10, 0x00, 0x8f, 0xff, 0xff, 0xff, 0xff, 0xff, 0xff,
    0xff, 0xff, 0xb0, 0xf3, 0x11, 0x11, 0x11, 0x11, 0x11, 0x11, 0x11, 0x11,
    0xf2, 0xf2, 0x2b, 0xc3, 0x00, 0x00, 0x00, 0x00, 0x00, 0x00, 0xf2, 0xf2,
    0xbf, 0xfd, 0x00, 0x00, 0x00, 0x10, 0x00, 0x00, 0xf2, 0xf2, 0xcf, 0xfe,
    0x00, 0x00, 0x07, 0xe3, 0x00, 0x00, 0xf2, 0xf2, 0x3d, 0xe5, 0x00, 0x00,
    0x7f, 0xfe, 0x30, 0x00, 0xf2, 0xf2, 0x00, 0x00, 0x00, 0x08, 0xff, 0xff,
    0xf3, 0x00, 0xf2, 0xf2, 0x00, 0x17, 0x00, 0x8f, 0xff, 0xff, 0xff, 0x40,
    0xf2, 0xf2, 0x00, 0xcf, 0x99, 0xff, 0xff, 0xff, 0xff, 0xa0, 0xf2, 0xf2,
    0x0c, 0xff, 0xff, 0xff, 0xff, 0xff, 0xff, 0xa0, 0xf2, 0xf2, 0xbf, 0xff,
    0xff, 0xff, 0xff, 0xff, 0xff, 0xa0, 0xf2, 0xf2, 0xdf, 0xff, 0xff, 0xff,
    0xff, 0xff, 0xff, 0xa0, 0xf2, 0xf2, 0x57, 0x77, 0x77, 0x77, 0x77, 0x77,
    0x77, 0x40, 0xf2, 0xf3, 0x00, 0x00, 0x00, 0x00, 0x00, 0x00, 0x00, 0x00,
    0xf2, 0x9f, 0xff, 0xff, 0xff, 0xff, 0xff, 0xff, 0xff, 0xff, 0xc0, 0x01,
    0x22, 0x22, 0x22, 0x22, 0x22, 0x22, 0x22, 0x22, 0x00, 0x12, 0x00, 0x00,
    0x00, 0x00, 0x0f, 0xf8, 0x00, 0x00, 0x00, 0xa4, 0xff, 0x90, 0x00, 0x00,
    0xaf, 0x4f, 0xf9, 0x00, 0x00, 0xaf, 0xf4, 0xff, 0x90, 0x00, 0xaf, 0xff,
    0x4f, 0xf9, 0x00, 0xaf, 0xff, 0xf4, 0xff, 0x90, 0xaf, 0xff, 0xff, 0x4f,
    0xf9, 0xaf, 0xff, 0xff, 0xf4, 0xff, 0xff, 0xff, 0xff, 0xff, 0x4f, 0xfa,
    0xcf, 0xff, 0xff, 0xf4, 0xff, 0x90, 0xcf, 0xff, 0xff, 0x4f, 0xf9, 0x00,
    0xcf, 0xff, 0xf4, 0xff, 0x90, 0x00, 0xcf, 0xff, 0x4f, 0xf9, 0x00, 0x00,
    0xcf, 0xf4, 0xff, 0x90, 0x00, 0x00, 0xcf, 0x4f, 0xf8, 0x00, 0x00, 0x00,
    0xc4, 0x34, 0x10, 0x00, 0x00, 0x00, 0x00, 0x10, 0x00, 0x00, 0x00, 0x00,
    0x00, 0x00, 0x0f, 0xa1, 0x00, 0x00, 0x00, 0x00, 0x00, 0x00, 0xff, 0xf8,
    0x00, 0x00, 0x00, 0x00, 0x00, 0x0f, 0xff, 0xfe, 0x60, 0x00, 0x00, 0x00,
    0x00, 0xff, 0xff, 0xff, 0xd4, 0x00, 0x00, 0x00, 0x0f, 0xff, 0xff, 0xff,
    0xfb, 0x30, 0x00, 0x00, 0xff, 0xff, 0xff, 0xff, 0xff, 0xa1, 0x00, 0x0f,
    0xff, 0xff, 0xff, 0xff, 0xff, 0xf8, 0x00, 0xff, 0xff, 0xff, 0xff, 0xff,
    0xff, 0xfe, 0x0f, 0xff, 0xff, 0xff, 0xff, 0xff, 0xfa, 0x20, 0xff, 0xff,
    0xff, 0xff, 0xff, 0xc3, 0x00, 0x0f, 0xff, 0xff, 0xff, 0xfd, 0x50, 0x00,
    0x00, 0xff, 0xff, 0xff, 0xe7, 0x00, 0x00, 0x00, 0x0f, 0xff, 0xff, 0x81,
    0x00, 0x00, 0x00, 0x00, 0xff, 0xfa, 0x20, 0x00, 0x00, 0x00, 0x00, 0x0f,
    0xc3, 0x00, 0x00, 0x00, 0x00, 0x00, 0x00, 0x30, 0x00, 0x00, 0x00, 0x00,
    0x00, 0x00, 0x00, 0x12, 0x22, 0x22, 0x00, 0x01, 0x22, 0x22, 0x20, 0xff,
    0xff, 0xff, 0x50, 0x0f, 0xff, 0xff, 0xf5, 0xff, 0xff, 0xff, 0x60, 0x0f,
    0xff, 0xff, 0xf6, 0xff, 0xff, 0xff, 0x60, 0x0f, 0xff, 0xff, 0xf6, 0xff,
    0xff, 0xff, 0x60, 0x0f, 0xff, 0xff, 0xf6, 0xff, 0xff, 0xff, 0x60, 0x0f,
    0xff, 0xff, 0xf6, 0xff, 0xff, 0xff, 0x60, 0x0f, 0xff, 0xff, 0xf6, 0xff,
    0xff, 0xff, 0x60, 0x0f, 0xff, 0xff, 0xf6, 0xff, 0xff, 0xff, 0x60, 0x0f,
    0xff, 0xff, 0xf6, 0xff, 0xff, 0xff, 0x60, 0x0f, 0xff, 0xff, 0xf6, 0xff,
    0xff, 0xff, 0x60, 0x0f, 0xff, 0xff, 0xf6, 0xff, 0xff, 0xff, 0x60, 0x0f,
    0xff, 0xff, 0xf6, 0xff, 0xff, 0xff, 0x60, 0x0f, 0xff, 0xff, 0xf6, 0xff,
    0xff, 0xff, 0x60, 0x0f, 0xff, 0xff, 0xf6, 0xff, 0xff, 0xff, 0x60, 0x0f,
    0xff, 0xff, 0xf6, 0xff, 0xff, 0xff, 0x60, 0x0f, 0xff, 0xff, 0xf6, 0x34,
    0x44, 0x44, 0x00, 0x03, 0x44, 0x44, 0x40, 0x12, 0x22, 0x22, 0x22, 0x22,
    0x22, 0x22, 0x20, 0xff, 0xff, 0xff, 0xff, 0xff, 0xff, 0xff, 0xf5, 0xff,
    0xff, 0xff, 0xff, 0xff, 0xff, 0xff, 0xf6, 0xff, 0xff, 0xff, 0xff, 0xff,
    0xff, 0xff, 0xf6, 0xff, 0xff, 0xff, 0xff, 0xff, 0xff, 0xff, 0xf6, 0xff,
    0xff, 0xff, 0xff, 0xff, 0xff, 0xff, 0xf6, 0xff, 0xff, 0xff, 0xff, 0xff,
    0xff, 0xff, 0xf6, 0xff, 0xff, 0xff, 0xff, 0xff, 0xff, 0xff, 0xf6, 0xff,
    0xff, 0xff, 0xff, 0xff, 0xff, 0xff, 0xf6, 0xff, 0xff, 0xff, 0xff, 0xff,
    0xff, 0xff, 0xf6, 0xff, 0xff, 0xff, 0xff, 0xff, 0xff, 0xff, 0xf6, 0xff,
    0xff, 0xff, 0xff, 0xff, 0xff, 0xff, 0xf6, 0xff, 0xff, 0xff, 0xff, 0xff,
    0xff, 0xff, 0xf6, 0xff, 0xff, 0xff, 0xff, 0xff, 0xff, 0xff, 0xf6, 0xff,
    0xff, 0xff, 0xff, 0xff, 0xff, 0xff, 0xf6, 0xff, 0xff, 0xff, 0xff, 0xff,
    0xff, 0xff, 0xf6, 0x34, 0x44, 0x44, 0x44, 0x44, 0x44, 0x44, 0x40, 0x00,
    0x00, 0x00, 0x00, 0x02, 0x14, 0xa0, 0x00, 0x00, 0x08, 0xff, 0x4f, 0xa0,
    0x00, 0x00, 0x9f, 0xf4, 0xff, 0xa0, 0x00, 0x09, 0xff, 0x4f, 0xff, 0xa0,
    0x00, 0x9f, 0xf4, 0xff, 0xff, 0xa0, 0x09, 0xff, 0x4f, 0xff, 0xff, 0xa0,
    0x9f, 0xf4, 0xff, 0xff, 0xff, 0xa9, 0xff, 0x4f, 0xff, 0xff, 0xff, 0xff,
    0xf4, 0xff, 0xff, 0xff, 0xc9, 0xff, 0x4f, 0xff, 0xff, 0xc0, 0x9f, 0xf4,
    0xff, 0xff, 0xc0, 0x09, 0xff, 0x4f, 0xff, 0xc0, 0x00, 0x9f, 0xf4, 0xff,
    0xc0, 0x00, 0x09, 0xff, 0x4f, 0xc0, 0x00, 0x00, 0x9f, 0xf4, 0xc0, 0x00,
    0x00, 0x08, 0xff, 0x00, 0x00, 0x00, 0x00, 0x14, 0x30, 0x00, 0x00, 0x00,
    0x00, 0x10, 0x00, 0x00, 0x00, 0x00, 0x4f, 0x90, 0x00, 0x00, 0x00, 0x4f,
    0xff, 0x80, 0x00, 0x00, 0x4f, 0xff, 0xfb, 0x00, 0x00, 0x4f, 0xff, 0xfc,
    0x10, 0x00, 0x4f, 0xff, 0xfc, 0x10, 0x00, 0x4f, 0xff, 0xfc, 0x10, 0x00,
    0x4f, 0xff, 0xfc, 0x10, 0x00, 0x3f, 0xff, 0xfc, 0x10, 0x00, 0x02, 0xef,
    0xff, 0xd1, 0x00, 0x00, 0x03, 0xef, 0xff, 0xd1, 0x00, 0x00, 0x03, 0xef,
    0xff, 0xd1, 0x00, 0x00, 0x03, 0xef, 0xff, 0xd1, 0x00, 0x00, 0x03, 0xef,
    0xff, 0xd1, 0x00, 0x00, 0x03, 0xef, 0xff, 0xc0, 0x00, 0x00, 0x03, 0xef,
    0xf6, 0x00, 0x00, 0x00, 0x03, 0xe6, 0x00, 0x00, 0x00, 0x00, 0x15, 0x66,
    0x51, 0x00, 0x00, 0x00, 0x00, 0x00, 0x05, 0xcf, 0xff, 0xff, 0xfc, 0x50,
    0x00, 0x00, 0x00, 0x1b, 0xff, 0xf7, 0x19, 0xff, 0xff, 0xb1, 0x00, 0x00,
    0x2e, 0xd5, 0xf7, 0x4e, 0xff, 0xff, 0x6d, 0xe3, 0x00, 0x1d, 0xc0, 0x6f,
    0x1e, 0xff, 0xff, 0xf7, 0x0b, 0xe1, 0x0b, 0xd1, 0x06, 0xf9, 0xff, 0xff,
    0xff, 0x80, 0x0d, 0xb0, 0xe8, 0x00, 0x3f, 0xff, 0xff, 0xff, 0xf4, 0x00,
    0x7f, 0x05, 0xf4, 0x00, 0xbf, 0xff, 0xff, 0xfc, 0x00, 0x3f, 0x60, 0x09,
    0xe4, 0x01, 0xcf, 0xff, 0xfc, 0x10, 0x3e, 0x90, 0x00, 0x08, 0xf8, 0x00,
    0x48, 0x85, 0x00, 0x7f, 0x80, 0x00, 0x00, 0x04, 0xde, 0x84, 0x32, 0x48,
    0xee, 0x40, 0x00, 0x00, 0x00, 0x00, 0x5a, 0xdf, 0xfd, 0xa5, 0x00, 0x00,
    0x00, 0x00, 0x00, 0x00, 0x00, 0x00, 0x05, 0x20, 0x00, 0x00, 0x00, 0x00,
    0x00, 0x03, 0x78, 0x87, 0xff, 0x10, 0x00, 0x00, 0x00, 0x00, 0x7e, 0xff,
    0xff, 0xff, 0x90, 0x00, 0x00, 0x00, 0x01, 0xcf, 0xff, 0x51, 0xaf, 0xf1,
    0x08, 0x20, 0x00, 0x03, 0xec, 0x4f, 0x66, 0xff, 0xf7, 0x00, 0xbe, 0x30,
    0x01, 0xea, 0x06, 0xf1, 0xff, 0xfe, 0x00, 0x40, 0xaf, 0x20, 0xbc, 0x00,
    0x6f, 0xbf, 0xff, 0x60, 0x57, 0x00, 0xcc, 0x0e, 0x80, 0x02, 0xff, 0xff,
    0xd0, 0x0d, 0x30, 0x08, 0xf0, 0x5f, 0x50, 0x09, 0xff, 0xf4, 0x07, 0xa0,
    0x04, 0xf6, 0x00, 0x8f, 0x50, 0x0c, 0xfb, 0x01, 0x90, 0x05, 0xf9, 0x00,
    0x00, 0x8f, 0xa3, 0xff, 0x20, 0x00, 0x19, 0xf8, 0x00, 0x00, 0x00, 0x4d,
    0xff, 0x90, 0x16, 0xaf, 0xd4, 0x00, 0x00, 0x00, 0x00, 0x3f, 0xf1, 0x09,
    0xda, 0x50, 0x00, 0x00, 0x00, 0x00, 0x01, 0xb7, 0x00, 0x00, 0x00, 0x00,
    0x00, 0x00, 0x00, 0x00, 0x00, 0x00, 0x00, 0x00, 0x00, 0x00, 0x00, 0x00,
    0x00, 0x00, 0x02, 0xee, 0x20, 0x00, 0x00, 0x00, 0x00, 0x00, 0x00, 0x0a,
    0xff, 0xa0, 0x00, 0x00, 0x00, 0x00, 0x00, 0x00, 0x3f, 0xff, 0xf3, 0x00,
    0x00, 0x00, 0x00, 0x00, 0x00, 0xcf, 0xff, 0xfc, 0x00, 0x00, 0x00, 0x00,
    0x00, 0x06, 0xff, 0xff, 0xff, 0x60, 0x00, 0x00, 0x00, 0x00, 0x0e, 0xf9,
    0x00, 0x9f, 0xe0, 0x00, 0x00, 0x00, 0x00, 0x8f, 0xf9, 0x00, 0x9f, 0xf8,
    0x00, 0x00, 0x00, 0x01, 0xff, 0xfa, 0x00, 0xaf, 0xff, 0x10, 0x00, 0x00,
    0x0a, 0xff, 0xfa, 0x00, 0xaf, 0xff, 0xa0, 0x00, 0x00, 0x3f, 0xff, 0xfb,
    0x11, 0xcf, 0xff, 0xf3, 0x00, 0x00, 0xcf, 0xff, 0xff, 0xff, 0xff, 0xff,
    0xfc, 0x00, 0x05, 0xff, 0xff, 0xfc, 0x11, 0xcf, 0xff, 0xff, 0x50, 0x0d,
    0xff, 0xff, 0xfb, 0x00, 0xbf, 0xff, 0xff, 0xd0, 0x7f, 0xff, 0xff, 0xfe,
    0x99, 0xef, 0xff, 0xff, 0xf7, 0xef, 0xff, 0xff, 0xff, 0xff, 0xff, 0xff,
    0xff, 0xfe, 0x9f, 0xff, 0xff, 0xff, 0xff, 0xff, 0xff, 0xff, 0xf9, 0x00,
    0x00, 0x00, 0x00, 0x00, 0x00, 0x00, 0x10, 0x00, 0x00, 0x00, 0x00, 0x00,
    0x00, 0x00, 0x00, 0xd5, 0x00, 0x00, 0x00, 0x00, 0x00, 0x00, 0x00, 0x00,
    0xdf, 0x50, 0xff, 0xfe, 0x91, 0x00, 0x08, 0xdf, 0xff, 0xff, 0xf5, 0xff,
    0xff, 0xfe, 0x11, 0xcf, 0xff, 0xff, 0xff, 0xfc, 0x89, 0x9c, 0xff, 0x8a,
    0xff, 0xd9, 0x99, 0xff, 0xd1, 0x00, 0x00, 0x9f, 0x5f, 0xfb, 0x00, 0x00,
    0xdd, 0x10, 0x00, 0x00, 0x07, 0xcf, 0xf1, 0x00, 0x00, 0x91, 0x00, 0x00,
    0x00, 0x03, 0xff, 0x90, 0x00, 0x00, 0x00, 0x00, 0x00, 0x00, 0x0a, 0xff,
    0x40, 0x00, 0x00, 0x10, 0x00, 0x00, 0x00, 0x3f, 0xfb, 0x95, 0x00, 0x00,
    0xd5, 0x00, 0x00, 0x03, 0xdf, 0xf4, 0xfe, 0x40, 0x00, 0xdf, 0x50, 0xff,
    0xff, 0xff, 0x85, 0xff, 0xff, 0xff, 0xff, 0xf5, 0xff, 0xff, 0xf8, 0x00,
    0x7f, 0xff, 0xff, 0xff, 0xfc, 0x89, 0x97, 0x20, 0x00, 0x02, 0x78, 0x99,
    0xff, 0xd1, 0x00, 0x00, 0x00, 0x00, 0x00, 0x00, 0x00, 0xdd, 0x10, 0x00,
    0x00, 0x00, 0x00, 0x00, 0x00, 0x00, 0x91, 0x00, 0x00, 0x00, 0x62, 0x05,
    0x99, 0x99, 0x99, 0x99, 0x94, 0x00, 0x00, 0x00, 0x7f, 0xd0, 0x3f, 0xff,
    0xff, 0xff, 0xff, 0x90, 0x00, 0x00, 0x5f, 0xff, 0xb0, 0x5f, 0xff, 0xff,
    0xff, 0xf9, 0x00, 0x00, 0x2f, 0xff, 0xff, 0x90, 0x00, 0x00, 0x00, 0xff,
    0x90, 0x00, 0x0e, 0xff, 0xff, 0xff, 0x50, 0x00, 0x00, 0x0f, 0xf9, 0x00,
    0x00, 0x89, 0xdf, 0xf9, 0x93, 0x00, 0x00, 0x00, 0xff, 0x90, 0x00, 0x00,
    0x09, 0xff, 0x00, 0x00, 0x00, 0x02, 0x2f, 0xfa, 0x21, 0x00, 0x00, 0x9f,
    0xf0, 0x00, 0x00, 0x07, 0xff, 0xff, 0xff, 0xf0, 0x00, 0x09, 0xff, 0x00,
    0x00, 0x00, 0x1d, 0xff, 0xff, 0xf8, 0x00, 0x00, 0x9f, 0xf9, 0x99, 0x99,
    0x91, 0x2e, 0xff, 0xfa, 0x00, 0x00, 0x09, 0xff, 0xff, 0xff, 0xff, 0xc0,
    0x4f, 0xfc, 0x00, 0x00, 0x00, 0x8f, 0xff, 0xff, 0xff, 0xff, 0x80, 0x6d,
    0x10, 0x00, 0x00, 0x22, 0x21, 0x00, 0x00, 0x00, 0x00, 0x00, 0x04, 0xef,
    0xff, 0xfd, 0x10, 0x00, 0x00, 0x00, 0x00, 0xdf, 0xff, 0xff, 0xf9, 0x00,
    0x00, 0x00, 0x00, 0x0f, 0xff, 0xff, 0xff, 0xe9, 0x99, 0x99, 0x98, 0x40,
    0xff, 0xff, 0xff, 0xff, 0xff, 0xff, 0xff, 0xff, 0x5f, 0xff, 0xff, 0xff,
    0xff, 0xff, 0xff, 0xff, 0xfa, 0xff, 0xff, 0xff, 0xff, 0xff, 0xff, 0xff,
    0xff, 0xbf, 0xff, 0xff, 0xff, 0xff, 0xff, 0xff, 0xff, 0xfb, 0xff, 0xff,
    0xff, 0xff, 0xff, 0xff, 0xff, 0xff, 0xbf, 0xff, 0xff, 0xff, 0xff, 0xff,
    0xff, 0xff, 0xfb, 0xff, 0xff, 0xff, 0xff, 0xff, 0xff, 0xff, 0xff, 0xbf,
    0xff, 0xff, 0xff, 0xff, 0xff, 0xff, 0xff, 0xfb, 0xff, 0xff, 0xff, 0xff,
    0xff, 0xff, 0xff, 0xff, 0xbd, 0xff, 0xff, 0xff, 0xff, 0xff, 0xff, 0xff,
    0xf8, 0x3d, 0xff, 0xff, 0xff, 0xff, 0xff, 0xff, 0xfb, 0x00, 0x01, 0x11,
    0x11, 0x11, 0x11, 0x00, 0x00, 0x00, 0xdf, 0xff, 0xff, 0xff, 0xff, 0xf8,
    0x00, 0x00, 0xf3, 0xdf, 0xff, 0x11, 0x2f, 0x6e, 0xa0, 0x00, 0xf2, 0xdf,
    0xff, 0x00, 0x1f, 0x32, 0xe9, 0x00, 0xf2, 0xdf, 0xff, 0x00, 0x1f, 0x30,
    0x2e, 0x80, 0xf2, 0xdf, 0xff, 0x00, 0x1f, 0x30, 0x03, 0xf0, 0xf2, 0xbf,
    0xff, 0xff, 0xff, 0x20, 0x00, 0xf2, 0xf2, 0x02, 0x22, 0x22, 0x21, 0x00,
    0x00, 0xf2, 0xf2, 0x00, 0x00, 0x00, 0x00, 0x00, 0x00, 0xf2, 0xf2, 0x01,
    0x11, 0x11, 0x11, 0x11, 0x00, 0xf2, 0xf2, 0xaf, 0xff, 0xff, 0xff, 0xff,
    0xd0, 0xf2, 0xf2, 0xd7, 0x11, 0x11, 0x11, 0x13, 0xf0, 0xf2, 0xf2, 0xd7,
    0x00, 0x00, 0x00, 0x02, 0xf0, 0xf2, 0xf2, 0xd7, 0x00, 0x00, 0x00, 0x02,
    0xf0, 0xf2, 0xf2, 0xd7, 0x00, 0x00, 0x00, 0x02, 0xf0, 0xf2, 0xef, 0xff,
    0xff, 0xff, 0xff, 0xff, 0xff, 0xf1, 0x02, 0x22, 0x22, 0x22, 0x22, 0x22,
    0x22, 0x10, 0x00, 0x00, 0x00, 0x00, 0x10, 0x00, 0x00, 0x00, 0x00, 0x00,
    0x00, 0x00, 0x8f, 0x30, 0x00, 0x00, 0x00, 0x00, 0x00, 0x02, 0x9e, 0xfd,
    0x71, 0x00, 0x00, 0x00, 0x00, 0x05, 0xff, 0xff, 0xff, 0xe2, 0x00, 0x00,
    0x00, 0x02, 0xff, 0xff, 0xff, 0xff, 0xd0, 0x00, 0x00, 0x00, 0x9f, 0xff,
    0xff, 0xff, 0xff, 0x50, 0x00, 0x00, 0x0c, 0xff, 0xff, 0xff, 0xff, 0xf7,
    0x00, 0x00, 0x00, 0xdf, 0xff, 0xff, 0xff, 0xff, 0x90, 0x00, 0x00, 0x0e,
    0xff, 0xff, 0xff, 0xff, 0xfa, 0x00, 0x00, 0x00, 0xff, 0xff, 0xff, 0xff,
    0xff, 0xb0, 0x00, 0x00, 0x4f, 0xff, 0xff, 0xff, 0xff, 0xff, 0x00, 0x00,
    0x09, 0xff, 0xff, 0xff, 0xff, 0xff, 0xf4, 0x00, 0x01, 0xff, 0xff, 0xff,
    0xff, 0xff, 0xff, 0xc0, 0x00, 0xaf, 0xff, 0xff, 0xff, 0xff, 0xff, 0xff,
    0x50, 0x8f, 0xff, 0xff, 0xff, 0xff, 0xff, 0xff, 0xff, 0x4d, 0xff, 0xff,
    0xff, 0xff, 0xff, 0xff, 0xff, 0xf8, 0x03, 0x44, 0x45, 0xbf, 0xff, 0xe4,
    0x44, 0x43, 0x00, 0x00, 0x00, 0x0c, 0xad, 0xf8, 0x00, 0x00, 0x00, 0x00,
    0x00, 0x00, 0x1a, 0xc8, 0x00, 0x00, 0x00, 0x00, 0x02, 0x22, 0x22, 0x22,
    0x22, 0x22, 0x22, 0x22, 0x22, 0x00, 0xcf, 0xff, 0xff, 0xff, 0xff, 0xff,
    0xff, 0xff, 0xff, 0xe0, 0xf2, 0x00, 0x00, 0x00, 0x00, 0x00, 0x00, 0x00,
    0x00, 0xf2, 0xf2, 0x8b, 0x0f, 0x0d, 0xf0, 0xdd, 0x0b, 0x0f, 0x20, 0xf2,
    0xf2, 0x11, 0x02, 0x01, 0x20, 0x11, 0x01, 0x0f, 0x20, 0xf2, 0xf2, 0x12,
    0x20, 0x20, 0x02, 0x00, 0x20, 0x2f, 0x20, 0xf2, 0xf2, 0x8f, 0xf0, 0xf2,
    0x0f, 0x22, 0xf4, 0xff, 0x20, 0xf2, 0xf2, 0x00, 0x00, 0x00, 0x00, 0x00,
    0x00, 0x00, 0x00, 0xf2, 0xf2, 0x8b, 0x0f, 0xff, 0xff, 0xff, 0xfb, 0x0f,
    0x20, 0xf2, 0xf2, 0x11, 0x02, 0x22, 0x22, 0x22, 0x21, 0x02, 0x00, 0xf2,
    0xf4, 0x22, 0x22, 0x22, 0x22, 0x22, 0x22, 0x22, 0x22, 0xf2, 0xaf, 0xff,
    0xff, 0xff, 0xff, 0xff, 0xff, 0xff, 0xff, 0xc0, 0x00, 0x00, 0x04, 0x8c,
    0xdf, 0xfe, 0xc9, 0x40, 0x00, 0x00, 0x00, 0x07, 0xef, 0xff, 0xff, 0xff,
    0xff, 0xff, 0x81, 0x00, 0x04, 0xef, 0xff, 0xfd, 0xb9, 0x9a, 0xcf, 0xff,
    0xff, 0x60, 0x7f, 0xff, 0xe7, 0x12, 0x67, 0x86, 0x31, 0x5c, 0xff, 0xfa,
    0x3e, 0xf7, 0x06, 0xdf, 0xff, 0xff, 0xfe, 0x80, 0x4e, 0xf7, 0x02, 0x22,
    0xdf, 0xff, 0xff, 0xff, 0xff, 0xfe, 0x41, 0x30, 0x00, 0x0d, 0xff, 0xf9,
    0x41, 0x02, 0x6e, 0xff, 0xf1, 0x00, 0x00, 0x04, 0xfa, 0x10, 0x58, 0x86,
    0x10, 0x8f, 0x70, 0x00, 0x00, 0x00, 0x10, 0x6e, 0xff, 0xff, 0xf8, 0x02,
    0x00, 0x00, 0x00, 0x00, 0x02, 0xff, 0xff, 0xff, 0xff, 0x60, 0x00, 0x00,
    0x00, 0x00, 0x00, 0x6f, 0x81, 0x05, 0xea, 0x00, 0x00, 0x00, 0x00, 0x00,
    0x00, 0x01, 0x04, 0x51, 0x00, 0x00, 0x00, 0x00, 0x00, 0x00, 0x00, 0x00,
    0x5f, 0xf9, 0x00, 0x00, 0x00, 0x00, 0x00, 0x00, 0x00, 0x00, 0x08, 0xb0,
    0x00, 0x00, 0x00, 0x00, 0x7f, 0xff, 0xff, 0xff, 0xff, 0xff, 0xff, 0xff,
    0xff, 0xff, 0xf6, 0x00, 0xf5, 0x22, 0x22, 0x22, 0x22, 0x22, 0x22, 0x22,
    0x22, 0x22, 0x5f, 0x00, 0xf2, 0x00, 0x00, 0x00, 0x00, 0x00, 0x00, 0x00,
    0x00, 0x00, 0x2f, 0x00, 0xf2, 0xbf, 0xff, 0xff, 0xff, 0xff, 0xff, 0xff,
    0xff, 0xf0, 0x2f, 0x60, 0xf2, 0xbf, 0xff, 0xff, 0xff, 0xff, 0xff, 0xff,
    0xff, 0xf0, 0x06, 0xf3, 0xf2, 0xbf, 0xff, 0xff, 0xff, 0xff, 0xff, 0xff,
    0xff, 0xf0, 0x00, 0xf4, 0xf2, 0xbf, 0xff, 0xff, 0xff, 0xff, 0xff, 0xff,
    0xff, 0xf0, 0x00, 0xf4, 0xf2, 0xbf, 0xff, 0xff, 0xff, 0xff, 0xff, 0xff,
    0xff, 0xf0, 0x00, 0xf4, 0xf2, 0xbf, 0xff, 0xff, 0xff, 0xff, 0xff, 0xff,
    0xff, 0xf0, 0x06, 0xf4, 0xf2, 0xbf, 0xff, 0xff, 0xff, 0xff, 0xff, 0xff,
    0xff, 0xf0, 0x2f, 0xd1, 0xf2, 0x7b, 0xbb, 0xbb, 0xbb, 0xbb, 0xbb, 0xbb,
    0xbb, 0xb0, 0x2f, 0x00, 0xf5, 0x22, 0x22, 0x22, 0x22, 0x22, 0x22, 0x22,
    0x22, 0x22, 0x5f, 0x00, 0x7f, 0xff, 0xff, 0xff, 0xff, 0xff, 0xff, 0xff,
    0xff, 0xff, 0xf7, 0x00, 0x7f, 0xff, 0xff, 0xff, 0xff, 0xff, 0xff, 0xff,
    0xff, 0xff, 0xf6, 0x00, 0xf5, 0x22, 0x22, 0x22, 0x22, 0x22, 0x22, 0x22,
    0x22, 0x22, 0x5f, 0x00, 0xf2, 0x00, 0x00, 0x00, 0x00, 0x00, 0x00, 0x00,
    0x00, 0x00, 0x2f, 0x00, 0xf2, 0xdf, 0xff, 0xff, 0xff, 0xff, 0xff, 0xf0,
    0x00, 0x00, 0x2f, 0x60, 0xf2, 0xdf, 0xff, 0xff, 0xff, 0xff, 0xff, 0xf0,
    0x00, 0x00, 0x06, 0xf3, 0xf2, 0xdf, 0xff, 0xff, 0xff, 0xff, 0xff, 0xf0,
    0x00, 0x00, 0x00, 0xf4, 0xf2, 0xdf, 0xff, 0xff, 0xff, 0xff, 0xff, 0xf0,
    0x00, 0x00, 0x00, 0xf4, 0xf2, 0xdf, 0xff, 0xff, 0xff, 0xff, 0xff, 0xf0,
    0x00, 0x00, 0x00, 0xf4, 0xf2, 0xdf, 0xff, 0xff, 0xff, 0xff, 0xff, 0xf0,
    0x00, 0x00, 0x06, 0xf4, 0xf2, 0xdf, 0xff, 0xff, 0xff, 0xff, 0xff, 0xf0,
    0x00, 0x00, 0x2f, 0xd1, 0xf2, 0x9b, 0xbb, 0xbb, 0xbb, 0xbb, 0xbb, 0xb0,
    0x00, 0x00, 0x2f, 0x00, 0xf5, 0x22, 0x22, 0x22, 0x22, 0x22, 0x22, 0x22,
    0x22, 0x22, 0x5f, 0x00, 0x7f, 0xff, 0xff, 0xff, 0xff, 0xff, 0xff, 0xff,
    0xff, 0xff, 0xf7, 0x00, 0x7f, 0xff, 0xff, 0xff, 0xff, 0xff, 0xff, 0xff,
    0xff, 0xff, 0xf6, 0x00, 0xf5, 0x22, 0x22, 0x22, 0x22, 0x22, 0x22, 0x22,
    0x22, 0x22, 0x5f, 0x00, 0xf2, 0x00, 0x00, 0x00, 0x00, 0x00, 0x00, 0x00,
    0x00, 0x00, 0x2f, 0x00, 0xf2, 0x2f, 0xff, 0xff, 0x00, 0x00, 0x00, 0x00,
    0x00, 0x00, 0x2f, 0x60, 0xf2, 0x2f, 0xff, 0xff, 0x00, 0x00, 0x00, 0x00,
    0x00, 0x00, 0x06, 0xf3, 0xf2, 0x2f, 0xff, 0xff, 0x00, 0x00, 0x00, 0x00,
    0x00, 0x00, 0x00, 0xf4, 0xf2, 0x2f, 0xff, 0xff, 0x00, 0x00, 0x00, 0x00,
    0x00, 0x00, 0x00, 0xf4, 0xf2, 0x2f, 0xff, 0xff, 0x00, 0x00, 0x00, 0x00,
    0x00, 0x00, 0x00, 0xf4, 0xf2, 0x2f, 0xff, 0xff, 0x00, 0x00, 0x00, 0x00,
    0x00, 0x00, 0x06, 0xf4, 0xf2, 0x2f, 0xff, 0xff, 0x00, 0x00, 0x00, 0x00,
    0x00, 0x00, 0x2f, 0xd1, 0xf2, 0x1b, 0xbb, 0xbb, 0x00, 0x00, 0x00, 0x00,
    0x00, 0x00, 0x2f, 0x00, 0xf5, 0x22, 0x22, 0x22, 0x22, 0x22, 0x22, 0x22,
    0x22, 0x22, 0x5f, 0x00, 0x7f, 0xff, 0xff, 0xff, 0xff, 0xff, 0xff, 0xff,
    0xff, 0xff, 0xf7, 0x00, 0x7f, 0xff, 0xff, 0xff, 0xff, 0xff, 0xff, 0xff,
    0xff, 0xff, 0xf6, 0x00, 0xf5, 0x22, 0x22, 0x22, 0x22, 0x22, 0x22, 0x22,
    0x22, 0x22, 0x5f, 0x00, 0xf2, 0x00, 0x00, 0x00, 0x00, 0x00, 0x00, 0x00,
    0x00, 0x00, 0x2f, 0x00, 0xf2, 0x00, 0x00, 0x00, 0x00, 0x00, 0x00, 0x00,
    0x00, 0x00, 0x2f, 0x40, 0xf2, 0x00, 0x00, 0x00, 0x00, 0x00, 0x00, 0x00,
    0x00, 0x00, 0x06, 0xf2, 0xf2, 0x00, 0x00, 0x00, 0x00, 0x00, 0x00, 0x00,
    0x00, 0x00, 0x00, 0xf4, 0xf2, 0x00, 0x00, 0x00, 0x00, 0x00, 0x00, 0x00,
    0x00, 0x00, 0x00, 0xf4, 0xf2, 0x00, 0x00, 0x00, 0x00, 0x00, 0x00, 0x00,
    0x00, 0x00, 0x00, 0xf4, 0xf2, 0x00, 0x00, 0x00, 0x00, 0x00, 0x00, 0x00,
    0x00, 0x00, 0x06, 0xf4, 0xf2, 0x00, 0x00, 0x00, 0x00, 0x00, 0x00, 0x00,
    0x00, 0x00, 0x2f, 0xd1, 0xf2, 0x00, 0x00, 0x00, 0x00, 0x00, 0x00, 0x00,
    0x00, 0x00, 0x2f, 0x00, 0xf5, 0x22, 0x22, 0x22, 0x22, 0x22, 0x22, 0x22,
    0x22, 0x22, 0x5f, 0x00, 0x7f, 0xff, 0xff, 0xff, 0xff, 0xff, 0xff, 0xff,
    0xff, 0xff, 0xf7, 0x00, 0x22, 0x22, 0x22, 0x2f, 0xff, 0xff, 0xff, 0xf2,
    0x00, 0x02, 0xff, 0x20, 0x00, 0x2f, 0xf2, 0x00, 0x02, 0xff, 0x20, 0x00,
    0x2f, 0xf2, 0x00, 0x02, 0xff, 0x20, 0x00, 0x2f, 0xf2, 0x00, 0x02, 0xff,
    0x20, 0x00, 0x2f, 0xf2, 0x00, 0x02, 0xff, 0x20, 0x00, 0x2f, 0xf2, 0x00,
    0x02, 0xff, 0x20, 0x00, 0x2f, 0xf3, 0x22, 0x23, 0xff, 0xff, 0xff, 0xff,

};


/*---------------------
 *  GLYPH DESCRIPTION
 *--------------------*/

static const lv_font_fmt_txt_glyph_dsc_t glyph_dsc[] = {
    {.bitmap_index = 0, .adv_w = 0, .box_w = 0, .box_h = 0, .ofs_x = 0, .ofs_y = 0} /* id = 0 reserved */,
    {.bitmap_index = 0, .adv_w = 75, .box_w = 0, .box_h = 0, .ofs_x = 0, .ofs_y = 0},
    {.bitmap_index = 0, .adv_w = 77, .box_w = 3, .box_h = 13, .ofs_x = 1, .ofs_y = 0},
    {.bitmap_index = 20, .adv_w = 118, .box_w = 6, .box_h = 5, .ofs_x = 1, .ofs_y = 8},
    {.bitmap_index = 35, .adv_w = 186, .box_w = 12, .box_h = 13, .ofs_x = 0, .ofs_y = 0},
    {.bitmap_index = 113, .adv_w = 165, .box_w = 9, .box_h = 15, .ofs_x = 1, .ofs_y = -1},
    {.bitmap_index = 181, .adv_w = 239, .box_w = 15, .box_h = 13, .ofs_x = 0, .ofs_y = 0},
    {.bitmap_index = 279, .adv_w = 211, .box_w = 14, .box_h = 13, .ofs_x = 0, .ofs_y = 0},
    {.bitmap_index = 370, .adv_w = 65, .box_w = 2, .box_h = 5, .ofs_x = 1, .ofs_y = 8},
    {.bitmap_index = 375, .adv_w = 86, .box_w = 5, .box_h = 16, .ofs_x = 0, .ofs_y = -3},
    {.bitmap_index = 415, .adv_w = 86, .box_w = 5, .box_h = 16, .ofs_x = 0, .ofs_y = -3},
    {.bitmap_index = 455, .adv_w = 159, .box_w = 10, .box_h = 9, .ofs_x = 0, .ofs_y = 5},
    {.bitmap_index = 500, .adv_w = 165, .box_w = 10, .box_h = 9, .ofs_x = 0, .ofs_y = 2},
    {.bitmap_index = 545, .adv_w = 77, .box_w = 4, .box_h = 5, .ofs_x = 0, .ofs_y = -2},
    {.bitmap_index = 555, .adv_w = 93, .box_w = 6, .box_h = 3, .ofs_x = 0, .ofs_y = 4},
    {.bitmap_index = 564, .adv_w = 77, .box_w = 3, .box_h = 3, .ofs_x = 1, .ofs_y = 0},
    {.bitmap_index = 569, .adv_w = 107, .box_w = 7, .box_h = 13, .ofs_x = 0, .ofs_y = 0},
    {.bitmap_index = 615, .adv_w = 165, .box_w = 10, .box_h = 13, .ofs_x = 0, .ofs_y = 0},
    {.bitmap_index = 680, .adv_w = 165, .box_w = 6, .box_h = 13, .ofs_x = 1, .ofs_y = 0},
    {.bitmap_index = 719, .adv_w = 165, .box_w = 10, .box_h = 13, .ofs_x = 0, .ofs_y = 0},
    {.bitmap_index = 784, .adv_w = 165, .box_w = 10, .box_h = 13, .ofs_x = 0, .ofs_y = 0},
    {.bitmap_index = 849, .adv_w = 165, .box_w = 10, .box_h = 13, .ofs_x = 0, .ofs_y = 0},
    {.bitmap_index = 914, .adv_w = 165, .box_w = 9, .box_h = 13, .ofs_x = 1, .ofs_y = 0},
    {.bitmap_index = 973, .adv_w = 165, .box_w = 10, .box_h = 13, .ofs_x = 0, .ofs_y = 0},
    {.bitmap_index = 1038, .adv_w = 165, .box_w = 10, .box_h = 13, .ofs_x = 0, .ofs_y = 0},
    {.bitmap_index = 1103, .adv_w = 165, .box_w = 10, .box_h = 13, .ofs_x = 0, .ofs_y = 0},
    {.bitmap_index = 1168, .adv_w = 165, .box_w = 10, .box_h = 13, .ofs_x = 0, .ofs_y = 0},
    {.bitmap_index = 1233, .adv_w = 77, .box_w = 3, .box_h = 10, .ofs_x = 1, .ofs_y = 0},
    {.bitmap_index = 1248, .adv_w = 77, .box_w = 4, .box_h = 13, .ofs_x = 0, .ofs_y = -3},
    {.bitmap_index = 1274, .adv_w = 165, .box_w = 10, .box_h = 10, .ofs_x = 0, .ofs_y = 2},
    {.bitmap_index = 1324, .adv_w = 165, .box_w = 9, .box_h = 7, .ofs_x = 1, .ofs_y = 3},
    {.bitmap_index = 1356, .adv_w = 165, .box_w = 10, .box_h = 10, .ofs_x = 0, .ofs_y = 2},
    {.bitmap_index = 1406, .adv_w = 125, .box_w = 8, .box_h = 13, .ofs_x = 0, .ofs_y = 0},
    {.bitmap_index = 1458, .adv_w = 259, .box_w = 15, .box_h = 15, .ofs_x = 1, .ofs_y = -2},
    {.bitmap_index = 1571, .adv_w = 184, .box_w = 12, .box_h = 13, .ofs_x = 0, .ofs_y = 0},
    {.bitmap_index = 1649, .adv_w = 187, .box_w = 10, .box_h = 13, .ofs_x = 1, .ofs_y = 0},
    {.bitmap_index = 1714, .adv_w = 182, .box_w = 10, .box_h = 13, .ofs_x = 1, .ofs_y = 0},
    {.bitmap_index = 1779, .adv_w = 210, .box_w = 12, .box_h = 13, .ofs_x = 1, .ofs_y = 0},
    {.bitmap_index = 1857, .adv_w = 160, .box_w = 8, .box_h = 13, .ofs_x = 1, .ofs_y = 0},
    {.bitmap_index = 1909, .adv_w = 149, .box_w = 8, .box_h = 13, .ofs_x = 1, .ofs_y = 0},
    {.bitmap_index = 1961, .adv_w = 210, .box_w = 11, .box_h = 13, .ofs_x = 1, .ofs_y = 0},
    {.bitmap_index = 2033, .adv_w = 213, .box_w = 11, .box_h = 13, .ofs_x = 1, .ofs_y = 0},
    {.bitmap_index = 2105, .adv_w = 98, .box_w = 6, .box_h = 13, .ofs_x = 0, .ofs_y = 0},
    {.bitmap_index = 2144, .adv_w = 79, .box_w = 6, .box_h = 17, .ofs_x = -2, .ofs_y = -4},
    {.bitmap_index = 2195, .adv_w = 178, .box_w = 11, .box_h = 13, .ofs_x = 1, .ofs_y = 0},
    {.bitmap_index = 2267, .adv_w = 151, .box_w = 8, .box_h = 13, .ofs_x = 1, .ofs_y = 0},
    {.bitmap_index = 2319, .adv_w = 261, .box_w = 14, .box_h = 13, .ofs_x = 1, .ofs_y = 0},
    {.bitmap_index = 2410, .adv_w = 219, .box_w = 11, .box_h = 13, .ofs_x = 1, .ofs_y = 0},
    {.bitmap_index = 2482, .adv_w = 225, .box_w = 12, .box_h = 13, .ofs_x = 1, .ofs_y = 0},
    {.bitmap_index = 2560, .adv_w = 174, .box_w = 9, .box_h = 13, .ofs_x = 1, .ofs_y = 0},
    {.bitmap_index = 2619, .adv_w = 225, .box_w = 12, .box_h = 16, .ofs_x = 1, .ofs_y = -3},
    {.bitmap_index = 2715, .adv_w = 179, .box_w = 10, .box_h = 13, .ofs_x = 1, .ofs_y = 0},
    {.bitmap_index = 2780, .adv_w = 158, .box_w = 10, .box_h = 13, .ofs_x = 0, .ofs_y = 0},
    {.bitmap_index = 2845, .adv_w = 160, .box_w = 10, .box_h = 13, .ofs_x = 0, .ofs_y = 0},
    {.bitmap_index = 2910, .adv_w = 211, .box_w = 11, .box_h = 13, .ofs_x = 1, .ofs_y = 0},
    {.bitmap_index = 2982, .adv_w = 173, .box_w = 11, .box_h = 13, .ofs_x = 0, .ofs_y = 0},
    {.bitmap_index = 3054, .adv_w = 268, .box_w = 17, .box_h = 13, .ofs_x = 0, .ofs_y = 0},
    {.bitmap_index = 3165, .adv_w = 169, .box_w = 11, .box_h = 13, .ofs_x = 0, .ofs_y = 0},
    {.bitmap_index = 3237, .adv_w = 163, .box_w = 11, .box_h = 13, .ofs_x = 0, .ofs_y = 0},
    {.bitmap_index = 3309, .adv_w = 165, .box_w = 10, .box_h = 13, .ofs_x = 0, .ofs_y = 0},
    {.bitmap_index = 3374, .adv_w = 95, .box_w = 5, .box_h = 17, .ofs_x = 1, .ofs_y = -4},
    {.bitmap_index = 3417, .adv_w = 107, .box_w = 7, .box_h = 13, .ofs_x = 0, .ofs_y = 0},
    {.bitmap_index = 3463, .adv_w = 95, .box_w = 5, .box_h = 17, .ofs_x = 0, .ofs_y = -4},
    {.bitmap_index = 3506, .adv_w = 165, .box_w = 10, .box_h = 9, .ofs_x = 0, .ofs_y = 5},
    {.bitmap_index = 3551, .adv_w = 128, .box_w = 10, .box_h = 2, .ofs_x = -1, .ofs_y = -4},
    {.bitmap_index = 3561, .adv_w = 81, .box_w = 5, .box_h = 3, .ofs_x = 0, .ofs_y = 11},
    {.bitmap_index = 3569, .adv_w = 162, .box_w = 9, .box_h = 10, .ofs_x = 0, .ofs_y = 0},
    {.bitmap_index = 3614, .adv_w = 177, .box_w = 10, .box_h = 14, .ofs_x = 1, .ofs_y = 0},
    {.bitmap_index = 3684, .adv_w = 138, .box_w = 9, .box_h = 10, .ofs_x = 0, .ofs_y = 0},
    {.bitmap_index = 3729, .adv_w = 177, .box_w = 10, .box_h = 14, .ofs_x = 0, .ofs_y = 0},
    {.bitmap_index = 3799, .adv_w = 162, .box_w = 10, .box_h = 10, .ofs_x = 0, .ofs_y = 0},
    {.bitmap_index = 3849, .adv_w = 99, .box_w = 7, .box_h = 14, .ofs_x = 0, .ofs_y = 0},
    {.bitmap_index = 3898, .adv_w = 177, .box_w = 10, .box_h = 14, .ofs_x = 0, .ofs_y = -4},
    {.bitmap_index = 3968, .adv_w = 178, .box_w = 9, .box_h = 14, .ofs_x = 1, .ofs_y = 0},
    {.bitmap_index = 4031, .adv_w = 74, .box_w = 3, .box_h = 14, .ofs_x = 1, .ofs_y = 0},
    {.bitmap_index = 4052, .adv_w = 74, .box_w = 5, .box_h = 18, .ofs_x = -1, .ofs_y = -4},
    {.bitmap_index = 4097, .adv_w = 154, .box_w = 9, .box_h = 14, .ofs_x = 1, .ofs_y = 0},
    {.bitmap_index = 4160, .adv_w = 74, .box_w = 3, .box_h = 14, .ofs_x = 1, .ofs_y = 0},
    {.bitmap_index = 4181, .adv_w = 269, .box_w = 15, .box_h = 10, .ofs_x = 1, .ofs_y = 0},
    {.bitmap_index = 4256, .adv_w = 178, .box_w = 9, .box_h = 10, .ofs_x = 1, .ofs_y = 0},
    {.bitmap_index = 4301, .adv_w = 174, .box_w = 10, .box_h = 10, .ofs_x = 0, .ofs_y = 0},
    {.bitmap_index = 4351, .adv_w = 177, .box_w = 10, .box_h = 14, .ofs_x = 1, .ofs_y = -4},
    {.bitmap_index = 4421, .adv_w = 177, .box_w = 10, .box_h = 14, .ofs_x = 0, .ofs_y = -4},
    {.bitmap_index = 4491, .adv_w = 119, .box_w = 7, .box_h = 10, .ofs_x = 1, .ofs_y = 0},
    {.bitmap_index = 4526, .adv_w = 138, .box_w = 8, .box_h = 10, .ofs_x = 0, .ofs_y = 0},
    {.bitmap_index = 4566, .adv_w = 104, .box_w = 7, .box_h = 13, .ofs_x = 0, .ofs_y = 0},
    {.bitmap_index = 4612, .adv_w = 178, .box_w = 9, .box_h = 10, .ofs_x = 1, .ofs_y = 0},
    {.bitmap_index = 4657, .adv_w = 146, .box_w = 10, .box_h = 10, .ofs_x = 0, .ofs_y = 0},
    {.bitmap_index = 4707, .adv_w = 226, .box_w = 14, .box_h = 10, .ofs_x = 0, .ofs_y = 0},
    {.bitmap_index = 4777, .adv_w = 152, .box_w = 10, .box_h = 10, .ofs_x = 0, .ofs_y = 0},
    {.bitmap_index = 4827, .adv_w = 147, .box_w = 10, .box_h = 14, .ofs_x = 0, .ofs_y = -4},
    {.bitmap_index = 4897, .adv_w = 135, .box_w = 8, .box_h = 10, .ofs_x = 0, .ofs_y = 0},
    {.bitmap_index = 4937, .adv_w = 109, .box_w = 7, .box_h = 17, .ofs_x = 0, .ofs_y = -4},
    {.bitmap_index = 4997, .adv_w = 159, .box_w = 2, .box_h = 18, .ofs_x = 4, .ofs_y = -4},
    {.bitmap_index = 5015, .adv_w = 109, .box_w = 7, .box_h = 17, .ofs_x = 0, .ofs_y = -4},
    {.bitmap_index = 5075, .adv_w = 165, .box_w = 10, .box_h = 4, .ofs_x = 0, .ofs_y = 5},
    {.bitmap_index = 5095, .adv_w = 173, .box_w = 9, .box_h = 10, .ofs_x = 1, .ofs_y = 0},
    {.bitmap_index = 5140, .adv_w = 158, .box_w = 9, .box_h = 10, .ofs_x = 0, .ofs_y = 0},
    {.bitmap_index = 5185, .adv_w = 158, .box_w = 9, .box_h = 10, .ofs_x = 0, .ofs_y = 0},
    {.bitmap_index = 5230, .adv_w = 177, .box_w = 9, .box_h = 10, .ofs_x = 1, .ofs_y = 0},
    {.bitmap_index = 5275, .adv_w = 179, .box_w = 9, .box_h = 10, .ofs_x = 1, .ofs_y = 0},
    {.bitmap_index = 5320, .adv_w = 172, .box_w = 10, .box_h = 10, .ofs_x = 0, .ofs_y = 0},
    {.bitmap_index = 5370, .adv_w = 155, .box_w = 9, .box_h = 10, .ofs_x = 0, .ofs_y = 0},
    {.bitmap_index = 5415, .adv_w = 153, .box_w = 9, .box_h = 10, .ofs_x = 0, .ofs_y = 0},
    {.bitmap_index = 5460, .adv_w = 174, .box_w = 9, .box_h = 10, .ofs_x = 1, .ofs_y = 0},
    {.bitmap_index = 5505, .adv_w = 158, .box_w = 9, .box_h = 10, .ofs_x = 0, .ofs_y = 0},
    {.bitmap_index = 5550, .adv_w = 160, .box_w = 9, .box_h = 10, .ofs_x = 0, .ofs_y = 0},
    {.bitmap_index = 5595, .adv_w = 261, .box_w = 14, .box_h = 10, .ofs_x = 1, .ofs_y = 0},
    {.bitmap_index = 5665, .adv_w = 262, .box_w = 14, .box_h = 13, .ofs_x = 1, .ofs_y = -3},
    {.bitmap_index = 5756, .adv_w = 174, .box_w = 10, .box_h = 14, .ofs_x = 0, .ofs_y = -4},
    {.bitmap_index = 5826, .adv_w = 174, .box_w = 10, .box_h = 14, .ofs_x = 0, .ofs_y = -4},
    {.bitmap_index = 5896, .adv_w = 158, .box_w = 10, .box_h = 14, .ofs_x = 0, .ofs_y = -4},
    {.bitmap_index = 5966, .adv_w = 180, .box_w = 10, .box_h = 10, .ofs_x = 0, .ofs_y = 0},
    {.bitmap_index = 6016, .adv_w = 260, .box_w = 15, .box_h = 10, .ofs_x = 1, .ofs_y = 0},
    {.bitmap_index = 6091, .adv_w = 262, .box_w = 14, .box_h = 10, .ofs_x = 1, .ofs_y = 0},
    {.bitmap_index = 6161, .adv_w = 177, .box_w = 9, .box_h = 10, .ofs_x = 1, .ofs_y = 0},
    {.bitmap_index = 6206, .adv_w = 183, .box_w = 9, .box_h = 10, .ofs_x = 1, .ofs_y = 0},
    {.bitmap_index = 6251, .adv_w = 173, .box_w = 9, .box_h = 10, .ofs_x = 1, .ofs_y = 0},
    {.bitmap_index = 6296, .adv_w = 175, .box_w = 9, .box_h = 10, .ofs_x = 1, .ofs_y = 0},
    {.bitmap_index = 6341, .adv_w = 157, .box_w = 8, .box_h = 10, .ofs_x = 1, .ofs_y = 0},
    {.bitmap_index = 6381, .adv_w = 177, .box_w = 9, .box_h = 10, .ofs_x = 1, .ofs_y = 0},
    {.bitmap_index = 6426, .adv_w = 174, .box_w = 9, .box_h = 10, .ofs_x = 1, .ofs_y = 0},
    {.bitmap_index = 6471, .adv_w = 174, .box_w = 9, .box_h = 13, .ofs_x = 1, .ofs_y = 0},
    {.bitmap_index = 6530, .adv_w = 187, .box_w = 10, .box_h = 10, .ofs_x = 1, .ofs_y = 0},
    {.bitmap_index = 6580, .adv_w = 188, .box_w = 10, .box_h = 13, .ofs_x = 1, .ofs_y = 0},
    {.bitmap_index = 6645, .adv_w = 200, .box_w = 12, .box_h = 10, .ofs_x = 0, .ofs_y = 0},
    {.bitmap_index = 6705, .adv_w = 196, .box_w = 12, .box_h = 13, .ofs_x = 0, .ofs_y = 0},
    {.bitmap_index = 6783, .adv_w = 174, .box_w = 10, .box_h = 10, .ofs_x = 0, .ofs_y = 0},
    {.bitmap_index = 6833, .adv_w = 177, .box_w = 9, .box_h = 10, .ofs_x = 1, .ofs_y = 0},
    {.bitmap_index = 6878, .adv_w = 171, .box_w = 9, .box_h = 10, .ofs_x = 1, .ofs_y = 0},
    {.bitmap_index = 6923, .adv_w = 141, .box_w = 9, .box_h = 10, .ofs_x = 0, .ofs_y = 0},
    {.bitmap_index = 6968, .adv_w = 173, .box_w = 9, .box_h = 14, .ofs_x = 1, .ofs_y = -4},
    {.bitmap_index = 7031, .adv_w = 164, .box_w = 9, .box_h = 10, .ofs_x = 0, .ofs_y = 0},
    {.bitmap_index = 7076, .adv_w = 174, .box_w = 10, .box_h = 14, .ofs_x = 0, .ofs_y = -4},
    {.bitmap_index = 7146, .adv_w = 142, .box_w = 8, .box_h = 10, .ofs_x = 0, .ofs_y = 0},
    {.bitmap_index = 7186, .adv_w = 181, .box_w = 10, .box_h = 11, .ofs_x = 1, .ofs_y = 0},
    {.bitmap_index = 7241, .adv_w = 184, .box_w = 10, .box_h = 10, .ofs_x = 1, .ofs_y = 0},
    {.bitmap_index = 7291, .adv_w = 165, .box_w = 10, .box_h = 11, .ofs_x = 0, .ofs_y = 0},
    {.bitmap_index = 7346, .adv_w = 169, .box_w = 9, .box_h = 10, .ofs_x = 1, .ofs_y = 0},
    {.bitmap_index = 7391, .adv_w = 192, .box_w = 12, .box_h = 13, .ofs_x = 0, .ofs_y = 0},
    {.bitmap_index = 7469, .adv_w = 165, .box_w = 9, .box_h = 10, .ofs_x = 1, .ofs_y = 0},
    {.bitmap_index = 7514, .adv_w = 161, .box_w = 9, .box_h = 11, .ofs_x = 1, .ofs_y = 0},
    {.bitmap_index = 7564, .adv_w = 149, .box_w = 8, .box_h = 10, .ofs_x = 0, .ofs_y = 0},
    {.bitmap_index = 7604, .adv_w = 97, .box_w = 6, .box_h = 9, .ofs_x = 0, .ofs_y = 0},
    {.bitmap_index = 7631, .adv_w = 0, .box_w = 7, .box_h = 4, .ofs_x = -6, .ofs_y = 11},
    {.bitmap_index = 7645, .adv_w = 117, .box_w = 6, .box_h = 10, .ofs_x = 0, .ofs_y = 0},
    {.bitmap_index = 7675, .adv_w = 117, .box_w = 11, .box_h = 14, .ofs_x = -5, .ofs_y = 0},
    {.bitmap_index = 7752, .adv_w = 0, .box_w = 9, .box_h = 3, .ofs_x = -10, .ofs_y = 11},
    {.bitmap_index = 7766, .adv_w = 0, .box_w = 9, .box_h = 4, .ofs_x = -10, .ofs_y = 11},
    {.bitmap_index = 7784, .adv_w = 0, .box_w = 9, .box_h = 4, .ofs_x = -10, .ofs_y = 11},
    {.bitmap_index = 7802, .adv_w = 0, .box_w = 9, .box_h = 4, .ofs_x = -10, .ofs_y = 11},
    {.bitmap_index = 7820, .adv_w = 0, .box_w = 3, .box_h = 4, .ofs_x = -4, .ofs_y = -5},
    {.bitmap_index = 7826, .adv_w = 0, .box_w = 6, .box_h = 5, .ofs_x = -7, .ofs_y = -6},
    {.bitmap_index = 7841, .adv_w = 0, .box_w = 3, .box_h = 3, .ofs_x = -4, .ofs_y = -4},
    {.bitmap_index = 7846, .adv_w = 168, .box_w = 9, .box_h = 15, .ofs_x = 1, .ofs_y = -2},
    {.bitmap_index = 7914, .adv_w = 85, .box_w = 4, .box_h = 10, .ofs_x = 1, .ofs_y = 0},
    {.bitmap_index = 7934, .adv_w = 164, .box_w = 9, .box_h = 10, .ofs_x = 1, .ofs_y = 0},
    {.bitmap_index = 7979, .adv_w = 89, .box_w = 7, .box_h = 15, .ofs_x = 0, .ofs_y = 0},
    {.bitmap_index = 8032, .adv_w = 83, .box_w = 5, .box_h = 15, .ofs_x = 0, .ofs_y = 0},
    {.bitmap_index = 8070, .adv_w = 88, .box_w = 7, .box_h = 15, .ofs_x = -1, .ofs_y = 0},
    {.bitmap_index = 8123, .adv_w = 117, .box_w = 6, .box_h = 14, .ofs_x = 0, .ofs_y = -4},
    {.bitmap_index = 8165, .adv_w = 171, .box_w = 9, .box_h = 14, .ofs_x = 1, .ofs_y = -4},
    {.bitmap_index = 8228, .adv_w = 0, .box_w = 8, .box_h = 5, .ofs_x = -9, .ofs_y = 10},
    {.bitmap_index = 8248, .adv_w = 0, .box_w = 3, .box_h = 4, .ofs_x = -4, .ofs_y = 11},
    {.bitmap_index = 8254, .adv_w = 0, .box_w = 6, .box_h = 5, .ofs_x = -7, .ofs_y = 11},
    {.bitmap_index = 8269, .adv_w = 0, .box_w = 8, .box_h = 4, .ofs_x = -8, .ofs_y = 11},
    {.bitmap_index = 8285, .adv_w = 0, .box_w = 5, .box_h = 5, .ofs_x = -6, .ofs_y = 11},
    {.bitmap_index = 8298, .adv_w = 0, .box_w = 5, .box_h = 4, .ofs_x = -5, .ofs_y = 10},
    {.bitmap_index = 8308, .adv_w = 0, .box_w = 5, .box_h = 3, .ofs_x = -5, .ofs_y = 11},
    {.bitmap_index = 8316, .adv_w = 0, .box_w = 5, .box_h = 4, .ofs_x = -5, .ofs_y = 10},
    {.bitmap_index = 8326, .adv_w = 171, .box_w = 9, .box_h = 9, .ofs_x = 1, .ofs_y = 0},
    {.bitmap_index = 8367, .adv_w = 164, .box_w = 9, .box_h = 9, .ofs_x = 1, .ofs_y = 0},
    {.bitmap_index = 8408, .adv_w = 157, .box_w = 9, .box_h = 9, .ofs_x = 0, .ofs_y = 0},
    {.bitmap_index = 8449, .adv_w = 177, .box_w = 9, .box_h = 11, .ofs_x = 1, .ofs_y = 0},
    {.bitmap_index = 8499, .adv_w = 161, .box_w = 8, .box_h = 9, .ofs_x = 1, .ofs_y = 0},
    {.bitmap_index = 8535, .adv_w = 155, .box_w = 8, .box_h = 11, .ofs_x = 1, .ofs_y = 0},
    {.bitmap_index = 8579, .adv_w = 156, .box_w = 8, .box_h = 11, .ofs_x = 1, .ofs_y = 0},
    {.bitmap_index = 8623, .adv_w = 150, .box_w = 9, .box_h = 11, .ofs_x = 0, .ofs_y = 0},
    {.bitmap_index = 8673, .adv_w = 207, .box_w = 11, .box_h = 11, .ofs_x = 1, .ofs_y = 0},
    {.bitmap_index = 8734, .adv_w = 163, .box_w = 9, .box_h = 11, .ofs_x = 1, .ofs_y = 0},
    {.bitmap_index = 8784, .adv_w = 145, .box_w = 8, .box_h = 11, .ofs_x = 1, .ofs_y = 0},
    {.bitmap_index = 8828, .adv_w = 221, .box_w = 13, .box_h = 10, .ofs_x = 0, .ofs_y = 0},
    {.bitmap_index = 8893, .adv_w = 251, .box_w = 15, .box_h = 8, .ofs_x = 0, .ofs_y = 0},
    {.bitmap_index = 8953, .adv_w = 247, .box_w = 17, .box_h = 17, .ofs_x = -1, .ofs_y = -3},
    {.bitmap_index = 9098, .adv_w = 288, .box_w = 18, .box_h = 14, .ofs_x = 0, .ofs_y = 0},
    {.bitmap_index = 9224, .adv_w = 288, .box_w = 16, .box_h = 13, .ofs_x = 1, .ofs_y = 0},
    {.bitmap_index = 9328, .adv_w = 226, .box_w = 12, .box_h = 12, .ofs_x = 1, .ofs_y = 0},
    {.bitmap_index = 9400, .adv_w = 247, .box_w = 16, .box_h = 17, .ofs_x = 0, .ofs_y = -2},
    {.bitmap_index = 9536, .adv_w = 268, .box_w = 17, .box_h = 13, .ofs_x = 0, .ofs_y = 0},
    {.bitmap_index = 9647, .adv_w = 268, .box_w = 17, .box_h = 16, .ofs_x = 0, .ofs_y = 0},
    {.bitmap_index = 9783, .adv_w = 247, .box_w = 16, .box_h = 16, .ofs_x = 0, .ofs_y = -1},
    {.bitmap_index = 9911, .adv_w = 268, .box_w = 17, .box_h = 15, .ofs_x = 0, .ofs_y = -1},
    {.bitmap_index = 10039, .adv_w = 308, .box_w = 20, .box_h = 17, .ofs_x = 0, .ofs_y = -2},
    {.bitmap_index = 10209, .adv_w = 164, .box_w = 11, .box_h = 17, .ofs_x = 0, .ofs_y = -2},
    {.bitmap_index = 10303, .adv_w = 226, .box_w = 15, .box_h = 17, .ofs_x = 0, .ofs_y = -2},
    {.bitmap_index = 10431, .adv_w = 247, .box_w = 16, .box_h = 17, .ofs_x = 0, .ofs_y = -2},
    {.bitmap_index = 10567, .adv_w = 247, .box_w = 16, .box_h = 17, .ofs_x = 0, .ofs_y = -2},
    {.bitmap_index = 10703, .adv_w = 164, .box_w = 11, .box_h = 17, .ofs_x = -1, .ofs_y = -2},
    {.bitmap_index = 10797, .adv_w = 206, .box_w = 11, .box_h = 17, .ofs_x = 1, .ofs_y = -1},
    {.bitmap_index = 10891, .adv_w = 288, .box_w = 19, .box_h = 12, .ofs_x = 0, .ofs_y = 0},
    {.bitmap_index = 11005, .adv_w = 288, .box_w = 19, .box_h = 14, .ofs_x = 0, .ofs_y = -1},
    {.bitmap_index = 11138, .adv_w = 288, .box_w = 18, .box_h = 17, .ofs_x = 0, .ofs_y = -1},
    {.bitmap_index = 11291, .adv_w = 288, .box_w = 18, .box_h = 17, .ofs_x = 0, .ofs_y = -1},
    {.bitmap_index = 11444, .adv_w = 308, .box_w = 21, .box_h = 12, .ofs_x = -1, .ofs_y = 0},
    {.bitmap_index = 11570, .adv_w = 268, .box_w = 17, .box_h = 15, .ofs_x = 0, .ofs_y = 0},
    {.bitmap_index = 11698, .adv_w = 247, .box_w = 16, .box_h = 17, .ofs_x = 0, .ofs_y = -2},
    {.bitmap_index = 11834, .adv_w = 288, .box_w = 17, .box_h = 19, .ofs_x = 1, .ofs_y = -3},
    {.bitmap_index = 11996, .adv_w = 308, .box_w = 20, .box_h = 12, .ofs_x = 0, .ofs_y = 0},
    {.bitmap_index = 12116, .adv_w = 329, .box_w = 20, .box_h = 14, .ofs_x = 0, .ofs_y = 0},
    {.bitmap_index = 12256, .adv_w = 370, .box_w = 24, .box_h = 13, .ofs_x = 0, .ofs_y = 0},
    {.bitmap_index = 12412, .adv_w = 370, .box_w = 24, .box_h = 13, .ofs_x = 0, .ofs_y = 0},
    {.bitmap_index = 12568, .adv_w = 370, .box_w = 24, .box_h = 13, .ofs_x = 0, .ofs_y = 0},
    {.bitmap_index = 12724, .adv_w = 370, .box_w = 24, .box_h = 13, .ofs_x = 0, .ofs_y = 0},
    {.bitmap_index = 12880, .adv_w = 144, .box_w = 7, .box_h = 16, .ofs_x = 1, .ofs_y = 0},
};

/*---------------------
 *  CHARACTER MAPPING
 *--------------------*/



/*Collect the unicode lists and glyph_id offsets*/
static const uint16_t unicode_list_sym[] = {
    0x0, 0xa, 0xb, 0xc, 0x12, 0x14, 0x18, 0x20,
    0x27, 0x3d, 0x47, 0x4a, 0x4b, 0x4c, 0x50, 0x52,
    0x6d, 0x6f, 0x70, 0x73, 0x78, 0x7a, 0xc6, 0xf2,
    0x11b, 0x1ea, 0x23f, 0x240, 0x242, 0x243, 0x7c1,
};
static const lv_font_fmt_txt_cmap_t cmaps[] =
{
    {
        .range_start = 32, .range_length = 95, .glyph_id_start = 1,
        .unicode_list = NULL, .glyph_id_ofs_list = NULL, .list_length = 0, .type = LV_FONT_FMT_TXT_CMAP_FORMAT0_TINY
    },
    {
        .range_start = 3585, .range_length = 58, .glyph_id_start = 96,
        .unicode_list = NULL, .glyph_id_ofs_list = NULL, .list_length = 0, .type = LV_FONT_FMT_TXT_CMAP_FORMAT0_TINY
    },
    {
        .range_start = 3647, .range_length = 29, .glyph_id_start = 154,
        .unicode_list = NULL, .glyph_id_ofs_list = NULL, .list_length = 0, .type = LV_FONT_FMT_TXT_CMAP_FORMAT0_TINY
    }
,
    {
        .range_start = 61441, .range_length = 1985, .glyph_id_start = 183,
        .unicode_list = unicode_list_sym, .glyph_id_ofs_list = NULL, .list_length = 31, .type = LV_FONT_FMT_TXT_CMAP_SPARSE_TINY
    },
};



/*--------------------
 *  ALL CUSTOM DATA
 *--------------------*/

#if LVGL_VERSION_MAJOR == 8
/*Store all the custom data of the font*/
static  lv_font_fmt_txt_glyph_cache_t cache;
#endif

#if LVGL_VERSION_MAJOR >= 8
static const lv_font_fmt_txt_dsc_t font_dsc = {
#else
static lv_font_fmt_txt_dsc_t font_dsc = {
#endif
    .glyph_bitmap = glyph_bitmap,
    .glyph_dsc = glyph_dsc,
    .cmaps = cmaps,
    .kern_dsc = NULL,
    .kern_scale = 0,
    .cmap_num = 4,
    .bpp = 4,
    .kern_classes = 0,
    .bitmap_format = 0,
#if LVGL_VERSION_MAJOR == 8
    .cache = &cache
#endif
};



/*-----------------
 *  PUBLIC FONT
 *----------------*/

/*Initialize a public general font descriptor*/
#if LVGL_VERSION_MAJOR >= 8
const lv_font_t thai_18 = {
#else
lv_font_t thai_18 = {
#endif
    .get_glyph_dsc = lv_font_get_glyph_dsc_fmt_txt,    /*Function pointer to get glyph's data*/
    .get_glyph_bitmap = lv_font_get_bitmap_fmt_txt,    /*Function pointer to get glyph's bitmap*/
    .line_height = 22,          /*The maximum line height required by the font*/
    .base_line = 6,             /*Baseline measured from the bottom of the line*/
#if !(LVGL_VERSION_MAJOR == 6 && LVGL_VERSION_MINOR == 0)
    .subpx = LV_FONT_SUBPX_NONE,
#endif
#if LV_VERSION_CHECK(7, 4, 0) || LVGL_VERSION_MAJOR >= 8
    .underline_position = -2,
    .underline_thickness = 1,
#endif
    .dsc = &font_dsc,          /*The custom font data. Will be accessed by `get_glyph_bitmap/dsc` */
#if LV_VERSION_CHECK(8, 2, 0) || LVGL_VERSION_MAJOR >= 9
    .fallback = NULL,
#endif
    .user_data = NULL,
};



#endif /*#if THAI_18*/

