/*******************************************************************************
 * Size: 24 px
 * Bpp: 4
 * Opts: --bpp 4 --size 24 --no-compress --font /tmp/opencode/thfonts/NotoSansThai.ttf -r 32-126 -r 0xE00-0xE7F --format lvgl -o thai_24.c
 ******************************************************************************/

#ifdef LV_LVGL_H_INCLUDE_SIMPLE
#include "lvgl.h"
#else
#include "lvgl/lvgl.h"
#endif

#ifndef THAI_24
#define THAI_24 1
#endif

#if THAI_24

/*-----------------
 *    BITMAPS
 *----------------*/

/*Store the image of the glyphs*/
static LV_ATTRIBUTE_LARGE_CONST const uint8_t glyph_bitmap[] = {
    0x0f, 0xf7, 0x0f, 0xf7, 0x0f, 0xf6, 0x0e, 0xf5, 0x0d, 0xf4, 0x0c, 0xf3,
    0x0b, 0xf3, 0x0b, 0xf2, 0x0a, 0xf1, 0x09, 0xf0, 0x08, 0xf0, 0x07, 0xf0,
    0x01, 0x30, 0x00, 0x20, 0x1e, 0xf7, 0x3f, 0xfa, 0x0c, 0xe4, 0x6f, 0xc0,
    0x0f, 0xf3, 0x5f, 0xb0, 0x0e, 0xf1, 0x3f, 0xa0, 0x0d, 0xf0, 0x2f, 0x90,
    0x0c, 0xf0, 0x1f, 0x70, 0x0b, 0xe0, 0x0f, 0x60, 0x09, 0xc0, 0x02, 0x00,
    0x01, 0x10, 0x00, 0x00, 0x02, 0xf9, 0x00, 0x0f, 0xb0, 0x00, 0x00, 0x00,
    0x5f, 0x60, 0x02, 0xf8, 0x00, 0x00, 0x00, 0x08, 0xf3, 0x00, 0x5f, 0x40,
    0x00, 0x00, 0x00, 0xbf, 0x00, 0x08, 0xf1, 0x00, 0x00, 0x00, 0x0e, 0xd0,
    0x00, 0xbe, 0x00, 0x00, 0x8f, 0xff, 0xff, 0xff, 0xff, 0xff, 0xfe, 0x04,
    0x99, 0xbf, 0xb9, 0x9a, 0xfc, 0x99, 0x80, 0x00, 0x07, 0xf3, 0x00, 0x5f,
    0x50, 0x00, 0x00, 0x00, 0xaf, 0x00, 0x08, 0xf2, 0x00, 0x00, 0x00, 0x0e,
    0xd0, 0x00, 0xcf, 0x00, 0x00, 0x39, 0x99, 0xfd, 0x99, 0x9f, 0xe9, 0x99,
    0x06, 0xff, 0xff, 0xff, 0xff, 0xff, 0xff, 0xf1, 0x00, 0x07, 0xf3, 0x00,
    0x5f, 0x50, 0x00, 0x00, 0x00, 0xaf, 0x00, 0x08, 0xf2, 0x00, 0x00, 0x00,
    0x0d, 0xd0, 0x00, 0xbf, 0x00, 0x00, 0x00, 0x00, 0xfa, 0x00, 0x0e, 0xc0,
    0x00, 0x00, 0x00, 0x3f, 0x70, 0x01, 0xf9, 0x00, 0x00, 0x00, 0x00, 0x00,
    0x0e, 0x90, 0x00, 0x00, 0x00, 0x00, 0x0e, 0x90, 0x00, 0x00, 0x00, 0x39,
    0xcf, 0xeb, 0x96, 0x10, 0x07, 0xff, 0xff, 0xff, 0xff, 0xa0, 0x3f, 0xf5,
    0x0e, 0x91, 0x48, 0x30, 0x7f, 0x90, 0x0e, 0x90, 0x00, 0x00, 0x7f, 0xb0,
    0x0e, 0x90, 0x00, 0x00, 0x3f, 0xf7, 0x0e, 0x90, 0x00, 0x00, 0x07, 0xff,
    0xff, 0xb1, 0x00, 0x00, 0x00, 0x3b, 0xff, 0xff, 0xa3, 0x00, 0x00, 0x00,
    0x1f, 0xef, 0xff, 0x70, 0x00, 0x00, 0x0e, 0x90, 0x7f, 0xf2, 0x00, 0x00,
    0x0e, 0x90, 0x0c, 0xf5, 0x00, 0x00, 0x0e, 0x90, 0x0d, 0xf4, 0x79, 0x52,
    0x0e, 0xa4, 0xbf, 0xe0, 0x8f, 0xff, 0xff, 0xff, 0xfd, 0x30, 0x16, 0x9b,
    0xcf, 0xe9, 0x50, 0x00, 0x00, 0x00, 0x0e, 0x90, 0x00, 0x00, 0x00, 0x00,
    0x0e, 0x90, 0x00, 0x00, 0x00, 0x00, 0x07, 0x40, 0x00, 0x00, 0x03, 0xcf,
    0xe7, 0x00, 0x00, 0x00, 0x7f, 0x50, 0x00, 0x1f, 0xe9, 0xcf, 0x60, 0x00,
    0x01, 0xfc, 0x00, 0x00, 0x7f, 0x50, 0x0e, 0xe0, 0x00, 0x09, 0xf3, 0x00,
    0x00, 0xbf, 0x10, 0x0a, 0xf2, 0x00, 0x2f, 0xa0, 0x00, 0x00, 0xcf, 0x00,
    0x08, 0xf3, 0x00, 0xbf, 0x20, 0x00, 0x00, 0xdf, 0x00, 0x07, 0xf4, 0x04,
    0xf9, 0x00, 0x00, 0x00, 0xbf, 0x00, 0x08, 0xf3, 0x0d, 0xe1, 0x16, 0x73,
    0x00, 0x9f, 0x30, 0x0c, 0xf0, 0x6f, 0x73, 0xff, 0xff, 0x70, 0x3f, 0xb1,
    0x5f, 0xb0, 0xed, 0x0c, 0xf4, 0x1c, 0xf2, 0x09, 0xff, 0xfe, 0x28, 0xf5,
    0x1f, 0xb0, 0x04, 0xf8, 0x00, 0x47, 0x61, 0x1f, 0xc0, 0x4f, 0x80, 0x01,
    0xfa, 0x00, 0x00, 0x00, 0xaf, 0x30, 0x5f, 0x70, 0x00, 0xfb, 0x00, 0x00,
    0x03, 0xfa, 0x00, 0x4f, 0x70, 0x00, 0xfb, 0x00, 0x00, 0x0b, 0xf2, 0x00,
    0x3f, 0x80, 0x01, 0xf9, 0x00, 0x00, 0x4f, 0x80, 0x00, 0x0e, 0xc0, 0x05,
    0xf6, 0x00, 0x00, 0xde, 0x00, 0x00, 0x07, 0xf8, 0x5e, 0xe0, 0x00, 0x06,
    0xf6, 0x00, 0x00, 0x00, 0x8e, 0xfb, 0x20, 0x00, 0x05, 0xbe, 0xfd, 0x80,
    0x00, 0x00, 0x00, 0x00, 0x06, 0xff, 0xdc, 0xff, 0xc0, 0x00, 0x00, 0x00,
    0x00, 0xef, 0x60, 0x02, 0xef, 0x40, 0x00, 0x00, 0x00, 0x1f, 0xf0, 0x00,
    0x0b, 0xf6, 0x00, 0x00, 0x00, 0x00, 0xff, 0x10, 0x00, 0xdf, 0x40, 0x00,
    0x00, 0x00, 0x09, 0xfa, 0x00, 0x9f, 0xc0, 0x00, 0x00, 0x00, 0x00, 0x1e,
    0xf9, 0xcf, 0xd1, 0x00, 0x00, 0x00, 0x00, 0x00, 0x5f, 0xff, 0x90, 0x00,
    0x00, 0x00, 0x00, 0x00, 0x7f, 0xff, 0xfa, 0x00, 0x00, 0x06, 0x83, 0x00,
    0x9f, 0xf6, 0x3e, 0xfb, 0x00, 0x00, 0xff, 0x20, 0x4f, 0xf3, 0x00, 0x2e,
    0xfb, 0x00, 0x5f, 0xc0, 0x09, 0xfa, 0x00, 0x00, 0x2e, 0xfc, 0x1d, 0xf6,
    0x00, 0xbf, 0x80, 0x00, 0x00, 0x2d, 0xfe, 0xfd, 0x00, 0x09, 0xfb, 0x00,
    0x00, 0x00, 0x1f, 0xff, 0x30, 0x00, 0x4f, 0xf6, 0x00, 0x00, 0x3c, 0xff,
    0xfd, 0x10, 0x00, 0x9f, 0xfd, 0xab, 0xdf, 0xfb, 0x3d, 0xfd, 0x10, 0x00,
    0x4b, 0xef, 0xfd, 0x93, 0x00, 0x1c, 0xfd, 0x20, 0x6f, 0xc5, 0xfb, 0x3f,
    0xa2, 0xf9, 0x1f, 0x70, 0xf6, 0x02, 0x00, 0x00, 0x00, 0xdf, 0x30, 0x00,
    0x9f, 0x80, 0x00, 0x2f, 0xe0, 0x00, 0x0a, 0xf8, 0x00, 0x01, 0xff, 0x20,
    0x00, 0x5f, 0xd0, 0x00, 0x09, 0xf9, 0x00, 0x00, 0xcf, 0x50, 0x00, 0x0e,
    0xf3, 0x00, 0x00, 0xff, 0x20, 0x00, 0x0f, 0xf1, 0x00, 0x00, 0xff, 0x20,
    0x00, 0x0f, 0xf3, 0x00, 0x00, 0xcf, 0x50, 0x00, 0x0a, 0xf8, 0x00, 0x00,
    0x6f, 0xc0, 0x00, 0x01, 0xff, 0x20, 0x00, 0x0a, 0xf8, 0x00, 0x00, 0x3f,
    0xe0, 0x00, 0x00, 0x9f, 0x70, 0x00, 0x00, 0xdf, 0x20, 0x0e, 0xf2, 0x00,
    0x00, 0x4f, 0xc0, 0x00, 0x00, 0xcf, 0x50, 0x00, 0x05, 0xfd, 0x00, 0x00,
    0x0e, 0xf3, 0x00, 0x00, 0xaf, 0x80, 0x00, 0x05, 0xfc, 0x00, 0x00, 0x2f,
    0xf0, 0x00, 0x00, 0xff, 0x10, 0x00, 0x0f, 0xf2, 0x00, 0x00, 0xef, 0x30,
    0x00, 0x0f, 0xf3, 0x00, 0x00, 0xff, 0x20, 0x00, 0x2f, 0xf0, 0x00, 0x05,
    0xfd, 0x00, 0x00, 0x9f, 0x90, 0x00, 0x0e, 0xf4, 0x00, 0x04, 0xfd, 0x00,
    0x00, 0xcf, 0x60, 0x00, 0x4f, 0xc0, 0x00, 0x0e, 0xf2, 0x00, 0x00, 0x00,
    0x00, 0x09, 0xfa, 0x00, 0x00, 0x00, 0x00, 0x00, 0x7f, 0x90, 0x00, 0x00,
    0x00, 0x00, 0x05, 0xf7, 0x00, 0x00, 0x00, 0x75, 0x10, 0x3f, 0x50, 0x05,
    0x80, 0x0d, 0xff, 0xc9, 0xfa, 0xcf, 0xff, 0x00, 0x89, 0xbc, 0xff, 0xfc,
    0xb9, 0x81, 0x00, 0x00, 0x2f, 0xef, 0x40, 0x00, 0x00, 0x00, 0x0d, 0xf2,
    0xfe, 0x10, 0x00, 0x00, 0x0a, 0xfa, 0x08, 0xfc, 0x00, 0x00, 0x03, 0xff,
    0x30, 0x1f, 0xf5, 0x00, 0x00, 0x01, 0x70, 0x00, 0x63, 0x00, 0x00, 0x00,
    0x00, 0x08, 0x50, 0x00, 0x00, 0x00, 0x00, 0x0f, 0xb0, 0x00, 0x00, 0x00,
    0x00, 0x0f, 0xb0, 0x00, 0x00, 0x00, 0x00, 0x0f, 0xb0, 0x00, 0x00, 0x00,
    0x00, 0x0f, 0xb0, 0x00, 0x00, 0x8b, 0xbb, 0xbf, 0xeb, 0xbb, 0xb5, 0xcf,
    0xff, 0xff, 0xff, 0xff, 0xf7, 0x00, 0x00, 0x0f, 0xb0, 0x00, 0x00, 0x00,
    0x00, 0x0f, 0xb0, 0x00, 0x00, 0x00, 0x00, 0x0f, 0xb0, 0x00, 0x00, 0x00,
    0x00, 0x0f, 0xb0, 0x00, 0x00, 0x00, 0x00, 0x0f, 0xb0, 0x00, 0x00, 0x00,
    0xbd, 0x60, 0x0f, 0xf4, 0x03, 0xfe, 0x00, 0x6f, 0x90, 0x0a, 0xf2, 0x00,
    0xec, 0x00, 0x0d, 0xdd, 0xdd, 0xa0, 0xff, 0xff, 0xfc, 0x01, 0x20, 0x1e,
    0xf7, 0x3f, 0xfa, 0x0c, 0xe4, 0x00, 0x00, 0x00, 0x9f, 0x70, 0x00, 0x00,
    0x0e, 0xf2, 0x00, 0x00, 0x05, 0xfb, 0x00, 0x00, 0x00, 0xbf, 0x50, 0x00,
    0x00, 0x1f, 0xf0, 0x00, 0x00, 0x07, 0xf9, 0x00, 0x00, 0x00, 0xdf, 0x30,
    0x00, 0x00, 0x3f, 0xd0, 0x00, 0x00, 0x09, 0xf7, 0x00, 0x00, 0x00, 0xef,
    0x10, 0x00, 0x00, 0x5f, 0xb0, 0x00, 0x00, 0x0b, 0xf5, 0x00, 0x00, 0x01,
    0xff, 0x00, 0x00, 0x00, 0x7f, 0x90, 0x00, 0x00, 0x0d, 0xf3, 0x00, 0x00,
    0x03, 0xfd, 0x00, 0x00, 0x00, 0x9f, 0x70, 0x00, 0x00, 0x00, 0x00, 0x07,
    0xdf, 0xeb, 0x40, 0x00, 0x01, 0xdf, 0xfd, 0xef, 0xf7, 0x00, 0x0a, 0xfc,
    0x10, 0x04, 0xff, 0x40, 0x1f, 0xf2, 0x00, 0x00, 0x6f, 0xb0, 0x6f, 0xb0,
    0x00, 0x00, 0x1f, 0xf0, 0x9f, 0x80, 0x00, 0x00, 0x0d, 0xf4, 0xbf, 0x50,
    0x00, 0x00, 0x0a, 0xf6, 0xcf, 0x50, 0x00, 0x00, 0x09, 0xf7, 0xdf, 0x40,
    0x00, 0x00, 0x09, 0xf8, 0xcf, 0x50, 0x00, 0x00, 0x09, 0xf8, 0xbf, 0x60,
    0x00, 0x00, 0x0a, 0xf7, 0x9f, 0x80, 0x00, 0x00, 0x0d, 0xf5, 0x5f, 0xb0,
    0x00, 0x00, 0x0f, 0xf1, 0x1f, 0xf2, 0x00, 0x00, 0x6f, 0xc0, 0x08, 0xfc,
    0x10, 0x04, 0xff, 0x50, 0x00, 0xbf, 0xfd, 0xef, 0xf9, 0x00, 0x00, 0x07,
    0xdf, 0xec, 0x50, 0x00, 0x00, 0x01, 0xcf, 0x80, 0x04, 0xef, 0xf8, 0x07,
    0xff, 0xbf, 0x89, 0xfd, 0x28, 0xf8, 0x2b, 0x10, 0x8f, 0x80, 0x00, 0x08,
    0xf8, 0x00, 0x00, 0x8f, 0x80, 0x00, 0x08, 0xf8, 0x00, 0x00, 0x8f, 0x80,
    0x00, 0x08, 0xf8, 0x00, 0x00, 0x8f, 0x80, 0x00, 0x08, 0xf8, 0x00, 0x00,
    0x8f, 0x80, 0x00, 0x08, 0xf8, 0x00, 0x00, 0x8f, 0x80, 0x00, 0x08, 0xf8,
    0x00, 0x00, 0x8f, 0x80, 0x00, 0x4a, 0xef, 0xeb, 0x50, 0x00, 0x2c, 0xff,
    0xec, 0xef, 0xf9, 0x00, 0x4f, 0xb3, 0x00, 0x05, 0xff, 0x50, 0x02, 0x00,
    0x00, 0x00, 0x9f, 0xa0, 0x00, 0x00, 0x00, 0x00, 0x6f, 0xc0, 0x00, 0x00,
    0x00, 0x00, 0x7f, 0xa0, 0x00, 0x00, 0x00, 0x00, 0xcf, 0x60, 0x00, 0x00,
    0x00, 0x05, 0xfe, 0x00, 0x00, 0x00, 0x00, 0x2f, 0xf4, 0x00, 0x00, 0x00,
    0x02, 0xef, 0x70, 0x00, 0x00, 0x00, 0x2e, 0xf7, 0x00, 0x00, 0x00, 0x02,
    0xef, 0x70, 0x00, 0x00, 0x00, 0x2e, 0xf7, 0x00, 0x00, 0x00, 0x02, 0xef,
    0x60, 0x00, 0x00, 0x00, 0x2e, 0xf6, 0x00, 0x00, 0x00, 0x00, 0xcf, 0xff,
    0xff, 0xff, 0xff, 0xf7, 0xdf, 0xff, 0xff, 0xff, 0xff, 0xf7, 0x01, 0x7c,
    0xef, 0xfc, 0x70, 0x00, 0x6f, 0xff, 0xec, 0xef, 0xfc, 0x00, 0x3d, 0x61,
    0x00, 0x03, 0xef, 0x80, 0x00, 0x00, 0x00, 0x00, 0x7f, 0xc0, 0x00, 0x00,
    0x00, 0x00, 0x6f, 0xc0, 0x00, 0x00, 0x00, 0x00, 0xcf, 0x70, 0x00, 0x00,
    0x01, 0x4c, 0xfc, 0x00, 0x00, 0x4f, 0xff, 0xfd, 0x50, 0x00, 0x00, 0x3c,
    0xcd, 0xff, 0xe7, 0x00, 0x00, 0x00, 0x00, 0x05, 0xef, 0x90, 0x00, 0x00,
    0x00, 0x00, 0x2f, 0xf2, 0x00, 0x00, 0x00, 0x00, 0x0e, 0xf5, 0x00, 0x00,
    0x00, 0x00, 0x0e, 0xf4, 0x00, 0x00, 0x00, 0x00, 0x3f, 0xf1, 0xa6, 0x10,
    0x00, 0x04, 0xef, 0xa0, 0xef, 0xfd, 0xcc, 0xef, 0xfb, 0x00, 0x39, 0xce,
    0xff, 0xda, 0x50, 0x00, 0x00, 0x00, 0x00, 0x00, 0xcf, 0xc0, 0x00, 0x00,
    0x00, 0x00, 0x08, 0xff, 0xc0, 0x00, 0x00, 0x00, 0x00, 0x3f, 0xcf, 0xc0,
    0x00, 0x00, 0x00, 0x01, 0xee, 0x5f, 0xc0, 0x00, 0x00, 0x00, 0x0a, 0xf5,
    0x4f, 0xc0, 0x00, 0x00, 0x00, 0x6f, 0x90, 0x4f, 0xc0, 0x00, 0x00, 0x02,
    0xfd, 0x00, 0x4f, 0xc0, 0x00, 0x00, 0x0c, 0xf3, 0x00, 0x4f, 0xc0, 0x00,
    0x00, 0x8f, 0x70, 0x00, 0x4f, 0xc0, 0x00, 0x04, 0xfb, 0x00, 0x00, 0x4f,
    0xc0, 0x00, 0x1e, 0xe1, 0x00, 0x00, 0x4f, 0xc0, 0x00, 0x7f, 0xfe, 0xee,
    0xee, 0xef, 0xfe, 0xe3, 0x8f, 0xff, 0xff, 0xff, 0xff, 0xff, 0xf4, 0x00,
    0x00, 0x00, 0x00, 0x4f, 0xc0, 0x00, 0x00, 0x00, 0x00, 0x00, 0x4f, 0xc0,
    0x00, 0x00, 0x00, 0x00, 0x00, 0x4f, 0xc0, 0x00, 0x00, 0x00, 0x00, 0x00,
    0x4f, 0xc0, 0x00, 0x07, 0xff, 0xff, 0xff, 0xff, 0x20, 0x09, 0xff, 0xee,
    0xee, 0xee, 0x20, 0x0a, 0xf5, 0x00, 0x00, 0x00, 0x00, 0x0b, 0xf3, 0x00,
    0x00, 0x00, 0x00, 0x0d, 0xf2, 0x00, 0x00, 0x00, 0x00, 0x0e, 0xf0, 0x00,
    0x00, 0x00, 0x00, 0x0f, 0xf9, 0xbb, 0xa8, 0x20, 0x00, 0x0f, 0xff, 0xff,
    0xff, 0xf9, 0x00, 0x01, 0x41, 0x00, 0x28, 0xff, 0x80, 0x00, 0x00, 0x00,
    0x00, 0x5f, 0xf1, 0x00, 0x00, 0x00, 0x00, 0x0e, 0xf4, 0x00, 0x00, 0x00,
    0x00, 0x0d, 0xf5, 0x00, 0x00, 0x00, 0x00, 0x0e, 0xf3, 0x00, 0x00, 0x00,
    0x00, 0x5f, 0xe0, 0x67, 0x10, 0x00, 0x05, 0xff, 0x70, 0x7f, 0xfe, 0xcd,
    0xff, 0xf8, 0x00, 0x17, 0xcd, 0xff, 0xd9, 0x30, 0x00, 0x00, 0x00, 0x4a,
    0xdf, 0xfe, 0x30, 0x00, 0x0a, 0xff, 0xec, 0xbd, 0x40, 0x00, 0xbf, 0xc3,
    0x00, 0x00, 0x00, 0x06, 0xfc, 0x00, 0x00, 0x00, 0x00, 0x0d, 0xf3, 0x00,
    0x00, 0x00, 0x00, 0x2f, 0xd0, 0x00, 0x00, 0x00, 0x00, 0x6f, 0xa1, 0x8e,
    0xfe, 0xa3, 0x00, 0x8f, 0x9e, 0xfb, 0xbe, 0xff, 0x40, 0x9f, 0xfa, 0x10,
    0x00, 0x8f, 0xe0, 0xaf, 0xd0, 0x00, 0x00, 0x0d, 0xf5, 0xaf, 0x80, 0x00,
    0x00, 0x09, 0xf8, 0x8f, 0x80, 0x00, 0x00, 0x08, 0xf8, 0x5f, 0xc0, 0x00,
    0x00, 0x09, 0xf7, 0x0f, 0xf3, 0x00, 0x00, 0x0e, 0xf3, 0x08, 0xfe, 0x30,
    0x01, 0xbf, 0xc0, 0x00, 0xaf, 0xfd, 0xdf, 0xfd, 0x20, 0x00, 0x05, 0xcf,
    0xfd, 0x81, 0x00, 0xff, 0xff, 0xff, 0xff, 0xff, 0xf8, 0xde, 0xee, 0xee,
    0xee, 0xef, 0xf8, 0x00, 0x00, 0x00, 0x00, 0x0e, 0xf2, 0x00, 0x00, 0x00,
    0x00, 0x7f, 0xb0, 0x00, 0x00, 0x00, 0x00, 0xef, 0x30, 0x00, 0x00, 0x00,
    0x06, 0xfc, 0x00, 0x00, 0x00, 0x00, 0x0d, 0xf5, 0x00, 0x00, 0x00, 0x00,
    0x4f, 0xd0, 0x00, 0x00, 0x00, 0x00, 0xcf, 0x60, 0x00, 0x00, 0x00, 0x03,
    0xfe, 0x00, 0x00, 0x00, 0x00, 0x0b, 0xf8, 0x00, 0x00, 0x00, 0x00, 0x2f,
    0xf1, 0x00, 0x00, 0x00, 0x00, 0xaf, 0xa0, 0x00, 0x00, 0x00, 0x01, 0xff,
    0x20, 0x00, 0x00, 0x00, 0x09, 0xfb, 0x00, 0x00, 0x00, 0x00, 0x1f, 0xf4,
    0x00, 0x00, 0x00, 0x00, 0x8f, 0xd0, 0x00, 0x00, 0x00, 0x00, 0x29, 0xdf,
    0xfd, 0x81, 0x00, 0x04, 0xff, 0xeb, 0xcf, 0xfe, 0x20, 0x0e, 0xf8, 0x00,
    0x01, 0xcf, 0xa0, 0x3f, 0xe0, 0x00, 0x00, 0x3f, 0xe0, 0x3f, 0xd0, 0x00,
    0x00, 0x2f, 0xe0, 0x0e, 0xf4, 0x00, 0x00, 0x9f, 0x90, 0x05, 0xff, 0x70,
    0x19, 0xfd, 0x10, 0x00, 0x4e, 0xfe, 0xff, 0x80, 0x00, 0x00, 0x2c, 0xff,
    0xff, 0x80, 0x00, 0x06, 0xff, 0x71, 0x5d, 0xfe, 0x20, 0x4f, 0xe2, 0x00,
    0x00, 0x8f, 0xe0, 0xaf, 0x70, 0x00, 0x00, 0x0c, 0xf6, 0xcf, 0x40, 0x00,
    0x00, 0x09, 0xf7, 0xbf, 0x70, 0x00, 0x00, 0x0c, 0xf6, 0x6f, 0xf4, 0x00,
    0x00, 0x8f, 0xf1, 0x0a, 0xff, 0xdb, 0xbe, 0xff, 0x40, 0x00, 0x4a, 0xef,
    0xfd, 0x91, 0x00, 0x00, 0x29, 0xdf, 0xea, 0x30, 0x00, 0x04, 0xff, 0xfd,
    0xef, 0xf7, 0x00, 0x1e, 0xf9, 0x00, 0x04, 0xff, 0x40, 0x7f, 0xc0, 0x00,
    0x00, 0x6f, 0xc0, 0xaf, 0x60, 0x00, 0x00, 0x0e, 0xf2, 0xcf, 0x50, 0x00,
    0x00, 0x0b, 0xf5, 0xbf, 0x60, 0x00, 0x00, 0x0c, 0xf6, 0x7f, 0xb0, 0x00,
    0x00, 0x3f, 0xf7, 0x1f, 0xfa, 0x20, 0x17, 0xfe, 0xf6, 0x04, 0xef, 0xff,
    0xff, 0x6c, 0xf5, 0x00, 0x16, 0x99, 0x71, 0x0e, 0xf3, 0x00, 0x00, 0x00,
    0x00, 0x1f, 0xf0, 0x00, 0x00, 0x00, 0x00, 0x7f, 0xa0, 0x00, 0x00, 0x00,
    0x02, 0xff, 0x20, 0x00, 0x00, 0x00, 0x5e, 0xf8, 0x00, 0x08, 0xcb, 0xcf,
    0xff, 0x80, 0x00, 0x07, 0xff, 0xed, 0x92, 0x00, 0x00, 0x0c, 0xe4, 0x3f,
    0xfa, 0x1f, 0xf7, 0x01, 0x20, 0x00, 0x00, 0x00, 0x00, 0x00, 0x00, 0x00,
    0x00, 0x00, 0x00, 0x01, 0x20, 0x1e, 0xf7, 0x3f, 0xfa, 0x0c, 0xe4, 0x01,
    0xde, 0x40, 0x4f, 0xf9, 0x01, 0xff, 0x60, 0x01, 0x20, 0x00, 0x00, 0x00,
    0x00, 0x00, 0x00, 0x00, 0x00, 0x00, 0x00, 0x00, 0x00, 0x00, 0x00, 0x00,
    0x01, 0xdd, 0x40, 0x4f, 0xf1, 0x07, 0xfb, 0x00, 0xaf, 0x50, 0x0e, 0xe0,
    0x02, 0xf8, 0x00, 0x00, 0x00, 0x00, 0x00, 0x00, 0x02, 0x00, 0x00, 0x00,
    0x00, 0x07, 0xe8, 0x00, 0x00, 0x00, 0x07, 0xef, 0xd4, 0x00, 0x00, 0x17,
    0xef, 0xc5, 0x00, 0x00, 0x18, 0xff, 0xb4, 0x00, 0x00, 0x18, 0xff, 0xa3,
    0x00, 0x00, 0x00, 0xcf, 0xd2, 0x00, 0x00, 0x00, 0x00, 0x6d, 0xfe, 0x81,
    0x00, 0x00, 0x00, 0x00, 0x5c, 0xff, 0xb4, 0x00, 0x00, 0x00, 0x00, 0x39,
    0xff, 0xd7, 0x10, 0x00, 0x00, 0x00, 0x17, 0xef, 0xf5, 0x00, 0x00, 0x00,
    0x00, 0x05, 0xc8, 0x00, 0x00, 0x00, 0x00, 0x00, 0x01, 0x7b, 0xbb, 0xbb,
    0xbb, 0xbb, 0xb3, 0xaf, 0xff, 0xff, 0xff, 0xff, 0xf5, 0x00, 0x00, 0x00,
    0x00, 0x00, 0x00, 0x00, 0x00, 0x00, 0x00, 0x00, 0x00, 0x00, 0x00, 0x00,
    0x00, 0x00, 0x00, 0x7b, 0xbb, 0xbb, 0xbb, 0xbb, 0xb3, 0xaf, 0xff, 0xff,
    0xff, 0xff, 0xf5, 0x30, 0x00, 0x00, 0x00, 0x00, 0x00, 0xcd, 0x50, 0x00,
    0x00, 0x00, 0x00, 0x7f, 0xfd, 0x50, 0x00, 0x00, 0x00, 0x00, 0x7e, 0xfd,
    0x50, 0x00, 0x00, 0x00, 0x00, 0x6d, 0xfd, 0x50, 0x00, 0x00, 0x00, 0x00,
    0x5d, 0xfd, 0x50, 0x00, 0x00, 0x00, 0x00, 0x5f, 0xf7, 0x00, 0x00, 0x00,
    0x3a, 0xff, 0xc3, 0x00, 0x00, 0x6c, 0xff, 0x92, 0x00, 0x02, 0x8e, 0xfe,
    0x71, 0x00, 0x00, 0x9f, 0xfc, 0x50, 0x00, 0x00, 0x00, 0xca, 0x30, 0x00,
    0x00, 0x00, 0x00, 0x10, 0x00, 0x00, 0x00, 0x00, 0x00, 0x04, 0xad, 0xff,
    0xd8, 0x00, 0x8f, 0xff, 0xde, 0xff, 0xd1, 0x19, 0x40, 0x00, 0x2d, 0xf8,
    0x00, 0x00, 0x00, 0x05, 0xfb, 0x00, 0x00, 0x00, 0x04, 0xfc, 0x00, 0x00,
    0x00, 0x09, 0xf8, 0x00, 0x00, 0x00, 0x7f, 0xd1, 0x00, 0x00, 0x09, 0xfd,
    0x20, 0x00, 0x00, 0xaf, 0xb1, 0x00, 0x00, 0x04, 0xfc, 0x00, 0x00, 0x00,
    0x08, 0xf3, 0x00, 0x00, 0x00, 0x09, 0xf1, 0x00, 0x00, 0x00, 0x00, 0x00,
    0x00, 0x00, 0x00, 0x00, 0x20, 0x00, 0x00, 0x00, 0x0e, 0xf8, 0x00, 0x00,
    0x00, 0x2f, 0xfb, 0x00, 0x00, 0x00, 0x0b, 0xf5, 0x00, 0x00, 0x00, 0x00,
    0x00, 0x49, 0xde, 0xfe, 0xd9, 0x30, 0x00, 0x00, 0x00, 0x00, 0x4d, 0xff,
    0xca, 0x9a, 0xcf, 0xfb, 0x10, 0x00, 0x00, 0x07, 0xfe, 0x61, 0x00, 0x00,
    0x01, 0x8f, 0xe2, 0x00, 0x00, 0x6f, 0xb1, 0x00, 0x00, 0x00, 0x00, 0x04,
    0xfd, 0x00, 0x02, 0xfd, 0x00, 0x04, 0xbe, 0xfe, 0xc8, 0x00, 0x6f, 0x70,
    0x0a, 0xf3, 0x00, 0x6f, 0xe9, 0x89, 0xfe, 0x00, 0x0e, 0xd0, 0x0f, 0xb0,
    0x02, 0xfd, 0x10, 0x00, 0xfd, 0x00, 0x0a, 0xf0, 0x4f, 0x70, 0x09, 0xf5,
    0x00, 0x00, 0xfc, 0x00, 0x08, 0xf2, 0x7f, 0x30, 0x0b, 0xf1, 0x00, 0x01,
    0xfb, 0x00, 0x08, 0xf1, 0x9f, 0x20, 0x0c, 0xf1, 0x00, 0x03, 0xfb, 0x00,
    0x0b, 0xf0, 0x9f, 0x20, 0x09, 0xf4, 0x00, 0x08, 0xfc, 0x00, 0x1f, 0xb0,
    0x8f, 0x40, 0x03, 0xfe, 0x53, 0x7f, 0xaf, 0x53, 0xcf, 0x30, 0x5f, 0x70,
    0x00, 0x7f, 0xff, 0xf6, 0x0c, 0xff, 0xf5, 0x00, 0x1f, 0xd0, 0x00, 0x01,
    0x44, 0x10, 0x00, 0x34, 0x00, 0x00, 0x09, 0xf7, 0x00, 0x00, 0x00, 0x00,
    0x00, 0x00, 0x00, 0x00, 0x00, 0xdf, 0x70, 0x00, 0x00, 0x00, 0x00, 0x00,
    0x00, 0x00, 0x00, 0x2c, 0xfc, 0x72, 0x10, 0x13, 0x7c, 0x80, 0x00, 0x00,
    0x00, 0x00, 0x8e, 0xff, 0xff, 0xff, 0xfe, 0x50, 0x00, 0x00, 0x00, 0x00,
    0x00, 0x37, 0x89, 0x86, 0x30, 0x00, 0x00, 0x00, 0x00, 0x00, 0x00, 0x7f,
    0xd0, 0x00, 0x00, 0x00, 0x00, 0x00, 0x00, 0xef, 0xf3, 0x00, 0x00, 0x00,
    0x00, 0x00, 0x04, 0xfd, 0xf9, 0x00, 0x00, 0x00, 0x00, 0x00, 0x0a, 0xf5,
    0xff, 0x00, 0x00, 0x00, 0x00, 0x00, 0x1f, 0xf0, 0xaf, 0x60, 0x00, 0x00,
    0x00, 0x00, 0x7f, 0xa0, 0x4f, 0xc0, 0x00, 0x00, 0x00, 0x00, 0xdf, 0x40,
    0x0e, 0xf3, 0x00, 0x00, 0x00, 0x04, 0xfd, 0x00, 0x08, 0xf9, 0x00, 0x00,
    0x00, 0x0a, 0xf8, 0x00, 0x02, 0xfe, 0x00, 0x00, 0x00, 0x1f, 0xf2, 0x00,
    0x00, 0xcf, 0x50, 0x00, 0x00, 0x7f, 0xff, 0xff, 0xff, 0xff, 0xc0, 0x00,
    0x00, 0xdf, 0xee, 0xee, 0xee, 0xef, 0xf2, 0x00, 0x03, 0xff, 0x00, 0x00,
    0x00, 0x0b, 0xf8, 0x00, 0x09, 0xf9, 0x00, 0x00, 0x00, 0x05, 0xfe, 0x00,
    0x0f, 0xf2, 0x00, 0x00, 0x00, 0x00, 0xef, 0x50, 0x6f, 0xc0, 0x00, 0x00,
    0x00, 0x00, 0x8f, 0xb0, 0xcf, 0x60, 0x00, 0x00, 0x00, 0x00, 0x2f, 0xf1,
    0xaf, 0xff, 0xff, 0xfd, 0xa4, 0x00, 0x0a, 0xfe, 0xdd, 0xde, 0xff, 0xfb,
    0x00, 0xaf, 0x70, 0x00, 0x01, 0x8f, 0xf6, 0x0a, 0xf7, 0x00, 0x00, 0x00,
    0xbf, 0xa0, 0xaf, 0x70, 0x00, 0x00, 0x08, 0xfb, 0x0a, 0xf7, 0x00, 0x00,
    0x00, 0xbf, 0x80, 0xaf, 0x70, 0x00, 0x00, 0x6f, 0xe1, 0x0a, 0xfe, 0xcc,
    0xcd, 0xfe, 0xa1, 0x00, 0xaf, 0xff, 0xff, 0xff, 0xea, 0x30, 0x0a, 0xf7,
    0x00, 0x00, 0x28, 0xff, 0x60, 0xaf, 0x70, 0x00, 0x00, 0x06, 0xff, 0x0a,
    0xf7, 0x00, 0x00, 0x00, 0x0f, 0xf3, 0xaf, 0x70, 0x00, 0x00, 0x01, 0xff,
    0x3a, 0xf7, 0x00, 0x00, 0x00, 0x6f, 0xf1, 0xaf, 0x70, 0x00, 0x00, 0x4e,
    0xfb, 0x0a, 0xfe, 0xdd, 0xdd, 0xff, 0xfd, 0x10, 0xaf, 0xff, 0xff, 0xfe,
    0xb6, 0x00, 0x00, 0x00, 0x00, 0x17, 0xbe, 0xff, 0xda, 0x50, 0x00, 0x06,
    0xff, 0xff, 0xef, 0xff, 0xf2, 0x00, 0x7f, 0xfb, 0x40, 0x00, 0x16, 0x80,
    0x03, 0xff, 0x80, 0x00, 0x00, 0x00, 0x00, 0x0b, 0xfb, 0x00, 0x00, 0x00,
    0x00, 0x00, 0x1f, 0xf4, 0x00, 0x00, 0x00, 0x00, 0x00, 0x5f, 0xf0, 0x00,
    0x00, 0x00, 0x00, 0x00, 0x7f, 0xd0, 0x00, 0x00, 0x00, 0x00, 0x00, 0x8f,
    0xc0, 0x00, 0x00, 0x00, 0x00, 0x00, 0x7f, 0xd0, 0x00, 0x00, 0x00, 0x00,
    0x00, 0x5f, 0xf0, 0x00, 0x00, 0x00, 0x00, 0x00, 0x2f, 0xf3, 0x00, 0x00,
    0x00, 0x00, 0x00, 0x0d, 0xfb, 0x00, 0x00, 0x00, 0x00, 0x00, 0x05, 0xff,
    0x70, 0x00, 0x00, 0x00, 0x00, 0x00, 0xaf, 0xfa, 0x30, 0x00, 0x03, 0x50,
    0x00, 0x09, 0xff, 0xff, 0xef, 0xff, 0xc0, 0x00, 0x00, 0x39, 0xdf, 0xff,
    0xda, 0x40, 0xaf, 0xff, 0xff, 0xec, 0x94, 0x00, 0x00, 0x0a, 0xfe, 0xdd,
    0xdf, 0xff, 0xfc, 0x10, 0x00, 0xaf, 0x70, 0x00, 0x01, 0x7e, 0xfe, 0x10,
    0x0a, 0xf7, 0x00, 0x00, 0x00, 0x1d, 0xfc, 0x00, 0xaf, 0x70, 0x00, 0x00,
    0x00, 0x2f, 0xf5, 0x0a, 0xf7, 0x00, 0x00, 0x00, 0x00, 0xbf, 0xb0, 0xaf,
    0x70, 0x00, 0x00, 0x00, 0x06, 0xfe, 0x0a, 0xf7, 0x00, 0x00, 0x00, 0x00,
    0x4f, 0xf0, 0xaf, 0x70, 0x00, 0x00, 0x00, 0x03, 0xff, 0x0a, 0xf7, 0x00,
    0x00, 0x00, 0x00, 0x4f, 0xf0, 0xaf, 0x70, 0x00, 0x00, 0x00, 0x07, 0xfd,
    0x0a, 0xf7, 0x00, 0x00, 0x00, 0x00, 0xbf, 0xa0, 0xaf, 0x70, 0x00, 0x00,
    0x00, 0x3f, 0xf4, 0x0a, 0xf7, 0x00, 0x00, 0x00, 0x2e, 0xfb, 0x00, 0xaf,
    0x70, 0x00, 0x02, 0x8f, 0xfd, 0x10, 0x0a, 0xfe, 0xdd, 0xdf, 0xff, 0xfa,
    0x00, 0x00, 0xaf, 0xff, 0xff, 0xdc, 0x82, 0x00, 0x00, 0x00, 0xaf, 0xff,
    0xff, 0xff, 0xfe, 0xaf, 0xfe, 0xee, 0xee, 0xec, 0xaf, 0x70, 0x00, 0x00,
    0x00, 0xaf, 0x70, 0x00, 0x00, 0x00, 0xaf, 0x70, 0x00, 0x00, 0x00, 0xaf,
    0x70, 0x00, 0x00, 0x00, 0xaf, 0x70, 0x00, 0x00, 0x00, 0xaf, 0xed, 0xdd,
    0xdd, 0xd6, 0xaf, 0xff, 0xff, 0xff, 0xf7, 0xaf, 0x70, 0x00, 0x00, 0x00,
    0xaf, 0x70, 0x00, 0x00, 0x00, 0xaf, 0x70, 0x00, 0x00, 0x00, 0xaf, 0x70,
    0x00, 0x00, 0x00, 0xaf, 0x70, 0x00, 0x00, 0x00, 0xaf, 0x70, 0x00, 0x00,
    0x00, 0xaf, 0xee, 0xee, 0xee, 0xec, 0xaf, 0xff, 0xff, 0xff, 0xfe, 0xaf,
    0xff, 0xff, 0xff, 0xfe, 0xaf, 0xfe, 0xee, 0xee, 0xec, 0xaf, 0x70, 0x00,
    0x00, 0x00, 0xaf, 0x70, 0x00, 0x00, 0x00, 0xaf, 0x70, 0x00, 0x00, 0x00,
    0xaf, 0x70, 0x00, 0x00, 0x00, 0xaf, 0x70, 0x00, 0x00, 0x00, 0xaf, 0x70,
    0x00, 0x00, 0x00, 0xaf, 0xff, 0xff, 0xff, 0xf7, 0xaf, 0xee, 0xee, 0xee,
    0xe6, 0xaf, 0x70, 0x00, 0x00, 0x00, 0xaf, 0x70, 0x00, 0x00, 0x00, 0xaf,
    0x70, 0x00, 0x00, 0x00, 0xaf, 0x70, 0x00, 0x00, 0x00, 0xaf, 0x70, 0x00,
    0x00, 0x00, 0xaf, 0x70, 0x00, 0x00, 0x00, 0xaf, 0x70, 0x00, 0x00, 0x00,
    0x00, 0x00, 0x05, 0xad, 0xff, 0xfd, 0x94, 0x00, 0x00, 0x3d, 0xff, 0xff,
    0xef, 0xff, 0xf3, 0x00, 0x5f, 0xfd, 0x61, 0x00, 0x02, 0x79, 0x00, 0x2f,
    0xfa, 0x00, 0x00, 0x00, 0x00, 0x00, 0x0b, 0xfc, 0x00, 0x00, 0x00, 0x00,
    0x00, 0x01, 0xff, 0x40, 0x00, 0x00, 0x00, 0x00, 0x00, 0x5f, 0xf0, 0x00,
    0x00, 0x00, 0x00, 0x00, 0x07, 0xfd, 0x00, 0x00, 0x00, 0x00, 0x00, 0x00,
    0x8f, 0xb0, 0x00, 0x00, 0x3f, 0xff, 0xff, 0xb7, 0xfc, 0x00, 0x00, 0x03,
    0xee, 0xef, 0xfb, 0x5f, 0xe0, 0x00, 0x00, 0x00, 0x00, 0x7f, 0xb1, 0xff,
    0x30, 0x00, 0x00, 0x00, 0x07, 0xfb, 0x0c, 0xfb, 0x00, 0x00, 0x00, 0x00,
    0x7f, 0xb0, 0x4f, 0xf7, 0x00, 0x00, 0x00, 0x07, 0xfb, 0x00, 0x8f, 0xfb,
    0x40, 0x00, 0x00, 0x9f, 0xb0, 0x00, 0x7f, 0xff, 0xfe, 0xde, 0xff, 0xfb,
    0x00, 0x00, 0x28, 0xce, 0xff, 0xed, 0xa6, 0x20, 0xaf, 0x70, 0x00, 0x00,
    0x00, 0x0b, 0xf7, 0xaf, 0x70, 0x00, 0x00, 0x00, 0x0b, 0xf7, 0xaf, 0x70,
    0x00, 0x00, 0x00, 0x0b, 0xf7, 0xaf, 0x70, 0x00, 0x00, 0x00, 0x0b, 0xf7,
    0xaf, 0x70, 0x00, 0x00, 0x00, 0x0b, 0xf7, 0xaf, 0x70, 0x00, 0x00, 0x00,
    0x0b, 0xf7, 0xaf, 0x70, 0x00, 0x00, 0x00, 0x0b, 0xf7, 0xaf, 0xfe, 0xee,
    0xee, 0xee, 0xef, 0xf7, 0xaf, 0xff, 0xff, 0xff, 0xff, 0xff, 0xf7, 0xaf,
    0x70, 0x00, 0x00, 0x00, 0x0b, 0xf7, 0xaf, 0x70, 0x00, 0x00, 0x00, 0x0b,
    0xf7, 0xaf, 0x70, 0x00, 0x00, 0x00, 0x0b, 0xf7, 0xaf, 0x70, 0x00, 0x00,
    0x00, 0x0b, 0xf7, 0xaf, 0x70, 0x00, 0x00, 0x00, 0x0b, 0xf7, 0xaf, 0x70,
    0x00, 0x00, 0x00, 0x0b, 0xf7, 0xaf, 0x70, 0x00, 0x00, 0x00, 0x0b, 0xf7,
    0xaf, 0x70, 0x00, 0x00, 0x00, 0x0b, 0xf7, 0x0f, 0xff, 0xff, 0xf2, 0x05,
    0x9f, 0xfa, 0x60, 0x00, 0x0f, 0xf2, 0x00, 0x00, 0x0f, 0xf2, 0x00, 0x00,
    0x0f, 0xf2, 0x00, 0x00, 0x0f, 0xf2, 0x00, 0x00, 0x0f, 0xf2, 0x00, 0x00,
    0x0f, 0xf2, 0x00, 0x00, 0x0f, 0xf2, 0x00, 0x00, 0x0f, 0xf2, 0x00, 0x00,
    0x0f, 0xf2, 0x00, 0x00, 0x0f, 0xf2, 0x00, 0x00, 0x0f, 0xf2, 0x00, 0x00,
    0x0f, 0xf2, 0x00, 0x00, 0x0f, 0xf2, 0x00, 0x05, 0x9f, 0xfa, 0x60, 0x0f,
    0xff, 0xff, 0xf2, 0x00, 0x00, 0xcf, 0x60, 0x00, 0x0c, 0xf6, 0x00, 0x00,
    0xcf, 0x60, 0x00, 0x0c, 0xf6, 0x00, 0x00, 0xcf, 0x60, 0x00, 0x0c, 0xf6,
    0x00, 0x00, 0xcf, 0x60, 0x00, 0x0c, 0xf6, 0x00, 0x00, 0xcf, 0x60, 0x00,
    0x0c, 0xf6, 0x00, 0x00, 0xcf, 0x60, 0x00, 0x0c, 0xf6, 0x00, 0x00, 0xcf,
    0x60, 0x00, 0x0c, 0xf6, 0x00, 0x00, 0xcf, 0x60, 0x00, 0x0c, 0xf6, 0x00,
    0x00, 0xcf, 0x60, 0x00, 0x0d, 0xf5, 0x00, 0x00, 0xff, 0x32, 0x02, 0xaf,
    0xe0, 0xef, 0xff, 0xf4, 0x09, 0xdd, 0x93, 0x00, 0xaf, 0x70, 0x00, 0x00,
    0x06, 0xff, 0x3a, 0xf7, 0x00, 0x00, 0x04, 0xff, 0x30, 0xaf, 0x70, 0x00,
    0x03, 0xff, 0x50, 0x0a, 0xf7, 0x00, 0x02, 0xef, 0x60, 0x00, 0xaf, 0x70,
    0x01, 0xef, 0x70, 0x00, 0x0a, 0xf7, 0x01, 0xdf, 0x80, 0x00, 0x00, 0xaf,
    0x70, 0xcf, 0x90, 0x00, 0x00, 0x0a, 0xf8, 0xbf, 0xf0, 0x00, 0x00, 0x00,
    0xaf, 0xef, 0xff, 0x90, 0x00, 0x00, 0x0a, 0xff, 0x84, 0xff, 0x50, 0x00,
    0x00, 0xaf, 0x90, 0x08, 0xff, 0x20, 0x00, 0x0a, 0xf7, 0x00, 0x0c, 0xfc,
    0x00, 0x00, 0xaf, 0x70, 0x00, 0x1e, 0xf8, 0x00, 0x0a, 0xf7, 0x00, 0x00,
    0x4f, 0xf4, 0x00, 0xaf, 0x70, 0x00, 0x00, 0x8f, 0xe1, 0x0a, 0xf7, 0x00,
    0x00, 0x00, 0xcf, 0xb0, 0xaf, 0x70, 0x00, 0x00, 0x02, 0xef, 0x70, 0xaf,
    0x70, 0x00, 0x00, 0x00, 0xaf, 0x70, 0x00, 0x00, 0x00, 0xaf, 0x70, 0x00,
    0x00, 0x00, 0xaf, 0x70, 0x00, 0x00, 0x00, 0xaf, 0x70, 0x00, 0x00, 0x00,
    0xaf, 0x70, 0x00, 0x00, 0x00, 0xaf, 0x70, 0x00, 0x00, 0x00, 0xaf, 0x70,
    0x00, 0x00, 0x00, 0xaf, 0x70, 0x00, 0x00, 0x00, 0xaf, 0x70, 0x00, 0x00,
    0x00, 0xaf, 0x70, 0x00, 0x00, 0x00, 0xaf, 0x70, 0x00, 0x00, 0x00, 0xaf,
    0x70, 0x00, 0x00, 0x00, 0xaf, 0x70, 0x00, 0x00, 0x00, 0xaf, 0x70, 0x00,
    0x00, 0x00, 0xaf, 0xfe, 0xee, 0xee, 0xee, 0xaf, 0xff, 0xff, 0xff, 0xff,
    0xaf, 0xfb, 0x00, 0x00, 0x00, 0x00, 0x00, 0xef, 0xf7, 0xaf, 0xff, 0x10,
    0x00, 0x00, 0x00, 0x05, 0xff, 0xf7, 0xaf, 0xcf, 0x70, 0x00, 0x00, 0x00,
    0x0b, 0xfc, 0xf7, 0xaf, 0x7f, 0xd0, 0x00, 0x00, 0x00, 0x1f, 0xd9, 0xf7,
    0xaf, 0x4d, 0xf3, 0x00, 0x00, 0x00, 0x7f, 0x7a, 0xf7, 0xaf, 0x47, 0xf9,
    0x00, 0x00, 0x00, 0xdf, 0x1a, 0xf7, 0xaf, 0x41, 0xff, 0x00, 0x00, 0x03,
    0xfb, 0x0b, 0xf7, 0xaf, 0x50, 0xbf, 0x50, 0x00, 0x0a, 0xf4, 0x0b, 0xf7,
    0xaf, 0x50, 0x5f, 0xb0, 0x00, 0x0f, 0xe0, 0x0b, 0xf7, 0xaf, 0x50, 0x0e,
    0xf2, 0x00, 0x6f, 0x80, 0x0b, 0xf7, 0xaf, 0x50, 0x09, 0xf7, 0x00, 0xcf,
    0x20, 0x0b, 0xf7, 0xaf, 0x50, 0x03, 0xfd, 0x02, 0xfc, 0x00, 0x0b, 0xf7,
    0xaf, 0x50, 0x00, 0xdf, 0x49, 0xf6, 0x00, 0x0b, 0xf7, 0xaf, 0x50, 0x00,
    0x6f, 0xae, 0xf0, 0x00, 0x0b, 0xf7, 0xaf, 0x50, 0x00, 0x1f, 0xff, 0x90,
    0x00, 0x0b, 0xf7, 0xaf, 0x50, 0x00, 0x0a, 0xff, 0x30, 0x00, 0x0b, 0xf7,
    0xaf, 0x50, 0x00, 0x04, 0xfd, 0x00, 0x00, 0x0b, 0xf7, 0xaf, 0xf2, 0x00,
    0x00, 0x00, 0x01, 0xfe, 0xaf, 0xfc, 0x00, 0x00, 0x00, 0x01, 0xfe, 0xaf,
    0xff, 0x70, 0x00, 0x00, 0x01, 0xfe, 0xaf, 0x8f, 0xf2, 0x00, 0x00, 0x01,
    0xfe, 0xaf, 0x3b, 0xfb, 0x00, 0x00, 0x01, 0xfe, 0xaf, 0x41, 0xff, 0x60,
    0x00, 0x01, 0xfe, 0xaf, 0x40, 0x6f, 0xf1, 0x00, 0x01, 0xfe, 0xaf, 0x40,
    0x0c, 0xfb, 0x00, 0x01, 0xfe, 0xaf, 0x50, 0x02, 0xff, 0x50, 0x01, 0xfe,
    0xaf, 0x50, 0x00, 0x7f, 0xe1, 0x01, 0xfe, 0xaf, 0x50, 0x00, 0x0d, 0xfa,
    0x01, 0xfe, 0xaf, 0x50, 0x00, 0x03, 0xff, 0x41, 0xfe, 0xaf, 0x50, 0x00,
    0x00, 0x8f, 0xe1, 0xfe, 0xaf, 0x50, 0x00, 0x00, 0x0d, 0xf9, 0xfe, 0xaf,
    0x50, 0x00, 0x00, 0x03, 0xff, 0xfe, 0xaf, 0x50, 0x00, 0x00, 0x00, 0x9f,
    0xfe, 0xaf, 0x50, 0x00, 0x00, 0x00, 0x0e, 0xfe, 0x00, 0x00, 0x39, 0xdf,
    0xfe, 0xc7, 0x10, 0x00, 0x00, 0x00, 0x8f, 0xff, 0xfe, 0xff, 0xff, 0x50,
    0x00, 0x00, 0xaf, 0xf8, 0x20, 0x00, 0x3a, 0xff, 0x50, 0x00, 0x5f, 0xf4,
    0x00, 0x00, 0x00, 0x08, 0xfe, 0x10, 0x0d, 0xf9, 0x00, 0x00, 0x00, 0x00,
    0x0d, 0xf8, 0x02, 0xff, 0x30, 0x00, 0x00, 0x00, 0x00, 0x6f, 0xd0, 0x5f,
    0xe0, 0x00, 0x00, 0x00, 0x00, 0x03, 0xff, 0x17, 0xfd, 0x00, 0x00, 0x00,
    0x00, 0x00, 0x0f, 0xf2, 0x8f, 0xc0, 0x00, 0x00, 0x00, 0x00, 0x00, 0xff,
    0x47, 0xfd, 0x00, 0x00, 0x00, 0x00, 0x00, 0x1f, 0xf3, 0x5f, 0xe0, 0x00,
    0x00, 0x00, 0x00, 0x03, 0xff, 0x12, 0xff, 0x30, 0x00, 0x00, 0x00, 0x00,
    0x7f, 0xe0, 0x0d, 0xf9, 0x00, 0x00, 0x00, 0x00, 0x0d, 0xf8, 0x00, 0x5f,
    0xf4, 0x00, 0x00, 0x00, 0x08, 0xff, 0x10, 0x00, 0xaf, 0xf8, 0x20, 0x00,
    0x3a, 0xff, 0x50, 0x00, 0x00, 0x9f, 0xff, 0xfe, 0xff, 0xff, 0x50, 0x00,
    0x00, 0x00, 0x39, 0xde, 0xfe, 0xc7, 0x10, 0x00, 0x00, 0xaf, 0xff, 0xff,
    0xeb, 0x60, 0x00, 0xaf, 0xed, 0xde, 0xff, 0xfd, 0x10, 0xaf, 0x70, 0x00,
    0x05, 0xef, 0xb0, 0xaf, 0x70, 0x00, 0x00, 0x4f, 0xf1, 0xaf, 0x70, 0x00,
    0x00, 0x0f, 0xf4, 0xaf, 0x70, 0x00, 0x00, 0x0f, 0xf3, 0xaf, 0x70, 0x00,
    0x00, 0x5f, 0xf0, 0xaf, 0x70, 0x00, 0x16, 0xff, 0x80, 0xaf, 0xed, 0xde,
    0xff, 0xf9, 0x00, 0xaf, 0xff, 0xff, 0xd9, 0x30, 0x00, 0xaf, 0x70, 0x00,
    0x00, 0x00, 0x00, 0xaf, 0x70, 0x00, 0x00, 0x00, 0x00, 0xaf, 0x70, 0x00,
    0x00, 0x00, 0x00, 0xaf, 0x70, 0x00, 0x00, 0x00, 0x00, 0xaf, 0x70, 0x00,
    0x00, 0x00, 0x00, 0xaf, 0x70, 0x00, 0x00, 0x00, 0x00, 0xaf, 0x70, 0x00,
    0x00, 0x00, 0x00, 0x00, 0x00, 0x39, 0xdf, 0xfe, 0xc7, 0x10, 0x00, 0x00,
    0x00, 0x8f, 0xff, 0xfe, 0xff, 0xff, 0x50, 0x00, 0x00, 0xaf, 0xf8, 0x20,
    0x00, 0x3a, 0xff, 0x50, 0x00, 0x5f, 0xf4, 0x00, 0x00, 0x00, 0x08, 0xfe,
    0x10, 0x0d, 0xf9, 0x00, 0x00, 0x00, 0x00, 0x0d, 0xf8, 0x02, 0xff, 0x30,
    0x00, 0x00, 0x00, 0x00, 0x6f, 0xd0, 0x5f, 0xe0, 0x00, 0x00, 0x00, 0x00,
    0x03, 0xff, 0x17, 0xfd, 0x00, 0x00, 0x00, 0x00, 0x00, 0x0f, 0xf3, 0x8f,
    0xc0, 0x00, 0x00, 0x00, 0x00, 0x00, 0xff, 0x47, 0xfd, 0x00, 0x00, 0x00,
    0x00, 0x00, 0x1f, 0xf3, 0x5f, 0xe0, 0x00, 0x00, 0x00, 0x00, 0x03, 0xff,
    0x12, 0xff, 0x30, 0x00, 0x00, 0x00, 0x00, 0x7f, 0xd0, 0x0d, 0xf9, 0x00,
    0x00, 0x00, 0x00, 0x0d, 0xf8, 0x00, 0x5f, 0xf4, 0x00, 0x00, 0x00, 0x08,
    0xff, 0x10, 0x00, 0xaf, 0xf8, 0x20, 0x00, 0x3a, 0xff, 0x50, 0x00, 0x00,
    0x9f, 0xff, 0xfe, 0xff, 0xff, 0x50, 0x00, 0x00, 0x00, 0x39, 0xde, 0xff,
    0xfa, 0x10, 0x00, 0x00, 0x00, 0x00, 0x00, 0x00, 0x9f, 0xf3, 0x00, 0x00,
    0x00, 0x00, 0x00, 0x00, 0x00, 0xcf, 0xe2, 0x00, 0x00, 0x00, 0x00, 0x00,
    0x00, 0x01, 0xdf, 0xe1, 0x00, 0x00, 0x00, 0x00, 0x00, 0x00, 0x02, 0xff,
    0xd1, 0x00, 0xaf, 0xff, 0xff, 0xeb, 0x70, 0x00, 0x0a, 0xfe, 0xdd, 0xef,
    0xff, 0xe2, 0x00, 0xaf, 0x70, 0x00, 0x04, 0xef, 0xc0, 0x0a, 0xf7, 0x00,
    0x00, 0x03, 0xff, 0x10, 0xaf, 0x70, 0x00, 0x00, 0x0f, 0xf4, 0x0a, 0xf7,
    0x00, 0x00, 0x00, 0xff, 0x30, 0xaf, 0x70, 0x00, 0x00, 0x5f, 0xf0, 0x0a,
    0xf7, 0x00, 0x00, 0x4e, 0xf8, 0x00, 0xaf, 0xed, 0xdd, 0xff, 0xf8, 0x00,
    0x0a, 0xff, 0xff, 0xff, 0xf2, 0x00, 0x00, 0xaf, 0x70, 0x00, 0xcf, 0x80,
    0x00, 0x0a, 0xf7, 0x00, 0x03, 0xff, 0x20, 0x00, 0xaf, 0x70, 0x00, 0x0a,
    0xfc, 0x00, 0x0a, 0xf7, 0x00, 0x00, 0x1f, 0xf6, 0x00, 0xaf, 0x70, 0x00,
    0x00, 0x7f, 0xe1, 0x0a, 0xf7, 0x00, 0x00, 0x00, 0xdf, 0xa0, 0xaf, 0x70,
    0x00, 0x00, 0x04, 0xff, 0x40, 0x00, 0x29, 0xdf, 0xfe, 0xb6, 0x10, 0x06,
    0xff, 0xfe, 0xff, 0xff, 0x60, 0x2f, 0xf8, 0x10, 0x01, 0x49, 0x10, 0x7f,
    0xc0, 0x00, 0x00, 0x00, 0x00, 0x8f, 0xa0, 0x00, 0x00, 0x00, 0x00, 0x6f,
    0xe0, 0x00, 0x00, 0x00, 0x00, 0x1e, 0xfc, 0x20, 0x00, 0x00, 0x00, 0x03,
    0xef, 0xfb, 0x50, 0x00, 0x00, 0x00, 0x18, 0xef, 0xfe, 0x70, 0x00, 0x00,
    0x00, 0x05, 0xbf, 0xfc, 0x00, 0x00, 0x00, 0x00, 0x04, 0xef, 0x90, 0x00,
    0x00, 0x00, 0x00, 0x5f, 0xf0, 0x00, 0x00, 0x00, 0x00, 0x2f, 0xf0, 0x00,
    0x00, 0x00, 0x00, 0x5f, 0xe0, 0x86, 0x20, 0x00, 0x05, 0xef, 0x70, 0xcf,
    0xff, 0xee, 0xff, 0xfa, 0x00, 0x49, 0xce, 0xff, 0xda, 0x40, 0x00, 0xcf,
    0xff, 0xff, 0xff, 0xff, 0xff, 0xf1, 0xae, 0xee, 0xee, 0xff, 0xee, 0xee,
    0xe1, 0x00, 0x00, 0x06, 0xfc, 0x00, 0x00, 0x00, 0x00, 0x00, 0x06, 0xfc,
    0x00, 0x00, 0x00, 0x00, 0x00, 0x06, 0xfc, 0x00, 0x00, 0x00, 0x00, 0x00,
    0x06, 0xfc, 0x00, 0x00, 0x00, 0x00, 0x00, 0x06, 0xfc, 0x00, 0x00, 0x00,
    0x00, 0x00, 0x06, 0xfc, 0x00, 0x00, 0x00, 0x00, 0x00, 0x06, 0xfc, 0x00,
    0x00, 0x00, 0x00, 0x00, 0x06, 0xfc, 0x00, 0x00, 0x00, 0x00, 0x00, 0x06,
    0xfc, 0x00, 0x00, 0x00, 0x00, 0x00, 0x06, 0xfc, 0x00, 0x00, 0x00, 0x00,
    0x00, 0x06, 0xfc, 0x00, 0x00, 0x00, 0x00, 0x00, 0x06, 0xfc, 0x00, 0x00,
    0x00, 0x00, 0x00, 0x06, 0xfc, 0x00, 0x00, 0x00, 0x00, 0x00, 0x06, 0xfc,
    0x00, 0x00, 0x00, 0x00, 0x00, 0x06, 0xfc, 0x00, 0x00, 0x00, 0xdf, 0x50,
    0x00, 0x00, 0x00, 0x0c, 0xf5, 0xdf, 0x50, 0x00, 0x00, 0x00, 0x0c, 0xf5,
    0xdf, 0x50, 0x00, 0x00, 0x00, 0x0c, 0xf5, 0xdf, 0x50, 0x00, 0x00, 0x00,
    0x0c, 0xf5, 0xdf, 0x50, 0x00, 0x00, 0x00, 0x0c, 0xf5, 0xdf, 0x50, 0x00,
    0x00, 0x00, 0x0c, 0xf5, 0xdf, 0x50, 0x00, 0x00, 0x00, 0x0c, 0xf5, 0xdf,
    0x50, 0x00, 0x00, 0x00, 0x0c, 0xf5, 0xdf, 0x50, 0x00, 0x00, 0x00, 0x0c,
    0xf5, 0xdf, 0x50, 0x00, 0x00, 0x00, 0x0c, 0xf5, 0xdf, 0x50, 0x00, 0x00,
    0x00, 0x0c, 0xf5, 0xcf, 0x50, 0x00, 0x00, 0x00, 0x0d, 0xf4, 0xaf, 0x80,
    0x00, 0x00, 0x00, 0x1f, 0xf2, 0x5f, 0xe1, 0x00, 0x00, 0x00, 0x8f, 0xd0,
    0x0c, 0xfd, 0x40, 0x00, 0x18, 0xff, 0x40, 0x01, 0xcf, 0xff, 0xee, 0xff,
    0xf6, 0x00, 0x00, 0x06, 0xbe, 0xfe, 0xd8, 0x20, 0x00, 0xdf, 0x60, 0x00,
    0x00, 0x00, 0x01, 0xff, 0x37, 0xfc, 0x00, 0x00, 0x00, 0x00, 0x6f, 0xd0,
    0x1f, 0xf2, 0x00, 0x00, 0x00, 0x0c, 0xf8, 0x00, 0xbf, 0x70, 0x00, 0x00,
    0x01, 0xff, 0x20, 0x06, 0xfd, 0x00, 0x00, 0x00, 0x7f, 0xc0, 0x00, 0x0f,
    0xf3, 0x00, 0x00, 0x0d, 0xf6, 0x00, 0x00, 0xaf, 0x80, 0x00, 0x02, 0xff,
    0x10, 0x00, 0x04, 0xfe, 0x00, 0x00, 0x8f, 0xb0, 0x00, 0x00, 0x0e, 0xf4,
    0x00, 0x0e, 0xf5, 0x00, 0x00, 0x00, 0x9f, 0x90, 0x03, 0xff, 0x00, 0x00,
    0x00, 0x03, 0xff, 0x00, 0x9f, 0x90, 0x00, 0x00, 0x00, 0x0d, 0xf5, 0x0e,
    0xf4, 0x00, 0x00, 0x00, 0x00, 0x7f, 0xa4, 0xfe, 0x00, 0x00, 0x00, 0x00,
    0x02, 0xfe, 0x8f, 0x80, 0x00, 0x00, 0x00, 0x00, 0x0c, 0xfe, 0xf2, 0x00,
    0x00, 0x00, 0x00, 0x00, 0x6f, 0xfd, 0x00, 0x00, 0x00, 0x00, 0x00, 0x01,
    0xff, 0x70, 0x00, 0x00, 0x00, 0x9f, 0xa0, 0x00, 0x00, 0x03, 0xff, 0x50,
    0x00, 0x00, 0x06, 0xfe, 0x05, 0xfe, 0x00, 0x00, 0x00, 0x7f, 0xfa, 0x00,
    0x00, 0x00, 0xaf, 0x90, 0x1f, 0xf2, 0x00, 0x00, 0x0c, 0xff, 0xe0, 0x00,
    0x00, 0x0e, 0xf5, 0x00, 0xcf, 0x70, 0x00, 0x01, 0xfd, 0xbf, 0x40, 0x00,
    0x02, 0xff, 0x10, 0x08, 0xfb, 0x00, 0x00, 0x5f, 0xa7, 0xf8, 0x00, 0x00,
    0x6f, 0xc0, 0x00, 0x4f, 0xf0, 0x00, 0x0a, 0xf5, 0x2f, 0xd0, 0x00, 0x0a,
    0xf8, 0x00, 0x00, 0xff, 0x30, 0x00, 0xff, 0x10, 0xef, 0x20, 0x00, 0xef,
    0x40, 0x00, 0x0b, 0xf7, 0x00, 0x4f, 0xc0, 0x09, 0xf7, 0x00, 0x2f, 0xf0,
    0x00, 0x00, 0x7f, 0xb0, 0x08, 0xf7, 0x00, 0x4f, 0xc0, 0x06, 0xfb, 0x00,
    0x00, 0x02, 0xff, 0x00, 0xdf, 0x30, 0x00, 0xff, 0x10, 0xaf, 0x70, 0x00,
    0x00, 0x0e, 0xf3, 0x2f, 0xe0, 0x00, 0x0b, 0xf6, 0x0e, 0xf3, 0x00, 0x00,
    0x00, 0xaf, 0x76, 0xf9, 0x00, 0x00, 0x6f, 0xa2, 0xfe, 0x00, 0x00, 0x00,
    0x06, 0xfb, 0xaf, 0x50, 0x00, 0x01, 0xfe, 0x6f, 0xa0, 0x00, 0x00, 0x00,
    0x1f, 0xdd, 0xf0, 0x00, 0x00, 0x0c, 0xfb, 0xf6, 0x00, 0x00, 0x00, 0x00,
    0xdf, 0xfb, 0x00, 0x00, 0x00, 0x7f, 0xff, 0x10, 0x00, 0x00, 0x00, 0x09,
    0xff, 0x70, 0x00, 0x00, 0x02, 0xff, 0xd0, 0x00, 0x00, 0x00, 0x00, 0x4f,
    0xf2, 0x00, 0x00, 0x00, 0x0e, 0xf9, 0x00, 0x00, 0x00, 0x3f, 0xf3, 0x00,
    0x00, 0x00, 0x1f, 0xf3, 0x09, 0xfc, 0x00, 0x00, 0x00, 0xaf, 0x90, 0x00,
    0xdf, 0x60, 0x00, 0x04, 0xfd, 0x00, 0x00, 0x4f, 0xf1, 0x00, 0x0e, 0xf4,
    0x00, 0x00, 0x09, 0xfb, 0x00, 0x9f, 0x90, 0x00, 0x00, 0x00, 0xef, 0x53,
    0xfe, 0x00, 0x00, 0x00, 0x00, 0x4f, 0xed, 0xf4, 0x00, 0x00, 0x00, 0x00,
    0x0a, 0xff, 0xa0, 0x00, 0x00, 0x00, 0x00, 0x07, 0xff, 0x80, 0x00, 0x00,
    0x00, 0x00, 0x2f, 0xff, 0xf2, 0x00, 0x00, 0x00, 0x00, 0xbf, 0x67, 0xfc,
    0x00, 0x00, 0x00, 0x06, 0xfc, 0x00, 0xdf, 0x60, 0x00, 0x00, 0x1e, 0xf3,
    0x00, 0x4f, 0xf1, 0x00, 0x00, 0xaf, 0x80, 0x00, 0x0a, 0xfb, 0x00, 0x04,
    0xfe, 0x00, 0x00, 0x01, 0xef, 0x50, 0x0e, 0xf4, 0x00, 0x00, 0x00, 0x6f,
    0xe1, 0x9f, 0xa0, 0x00, 0x00, 0x00, 0x0c, 0xfa, 0xbf, 0x90, 0x00, 0x00,
    0x00, 0x1f, 0xf4, 0x3f, 0xf2, 0x00, 0x00, 0x00, 0x8f, 0xc0, 0x0a, 0xfa,
    0x00, 0x00, 0x01, 0xff, 0x30, 0x01, 0xff, 0x30, 0x00, 0x09, 0xfa, 0x00,
    0x00, 0x8f, 0xb0, 0x00, 0x2f, 0xf2, 0x00, 0x00, 0x1e, 0xf4, 0x00, 0xaf,
    0x90, 0x00, 0x00, 0x07, 0xfc, 0x03, 0xff, 0x10, 0x00, 0x00, 0x00, 0xef,
    0x5b, 0xf7, 0x00, 0x00, 0x00, 0x00, 0x5f, 0xef, 0xe0, 0x00, 0x00, 0x00,
    0x00, 0x0d, 0xff, 0x50, 0x00, 0x00, 0x00, 0x00, 0x05, 0xfe, 0x00, 0x00,
    0x00, 0x00, 0x00, 0x04, 0xfe, 0x00, 0x00, 0x00, 0x00, 0x00, 0x04, 0xfe,
    0x00, 0x00, 0x00, 0x00, 0x00, 0x04, 0xfe, 0x00, 0x00, 0x00, 0x00, 0x00,
    0x04, 0xfe, 0x00, 0x00, 0x00, 0x00, 0x00, 0x04, 0xfe, 0x00, 0x00, 0x00,
    0x00, 0x00, 0x04, 0xfe, 0x00, 0x00, 0x00, 0x0c, 0xff, 0xff, 0xff, 0xff,
    0xff, 0x80, 0xbe, 0xee, 0xee, 0xee, 0xef, 0xf7, 0x00, 0x00, 0x00, 0x00,
    0x07, 0xfe, 0x10, 0x00, 0x00, 0x00, 0x02, 0xff, 0x40, 0x00, 0x00, 0x00,
    0x00, 0xcf, 0x90, 0x00, 0x00, 0x00, 0x00, 0x7f, 0xe0, 0x00, 0x00, 0x00,
    0x00, 0x2f, 0xf4, 0x00, 0x00, 0x00, 0x00, 0x0c, 0xf9, 0x00, 0x00, 0x00,
    0x00, 0x07, 0xfe, 0x00, 0x00, 0x00, 0x00, 0x02, 0xff, 0x40, 0x00, 0x00,
    0x00, 0x00, 0xcf, 0x90, 0x00, 0x00, 0x00, 0x00, 0x7f, 0xe0, 0x00, 0x00,
    0x00, 0x00, 0x3f, 0xf4, 0x00, 0x00, 0x00, 0x00, 0x0d, 0xf9, 0x00, 0x00,
    0x00, 0x00, 0x08, 0xfe, 0x00, 0x00, 0x00, 0x00, 0x01, 0xff, 0xfe, 0xee,
    0xee, 0xee, 0xeb, 0x1f, 0xff, 0xff, 0xff, 0xff, 0xff, 0xc0, 0x1f, 0xff,
    0xff, 0x41, 0xff, 0xbb, 0xb3, 0x1f, 0xf0, 0x00, 0x01, 0xff, 0x00, 0x00,
    0x1f, 0xf0, 0x00, 0x01, 0xff, 0x00, 0x00, 0x1f, 0xf0, 0x00, 0x01, 0xff,
    0x00, 0x00, 0x1f, 0xf0, 0x00, 0x01, 0xff, 0x00, 0x00, 0x1f, 0xf0, 0x00,
    0x01, 0xff, 0x00, 0x00, 0x1f, 0xf0, 0x00, 0x01, 0xff, 0x00, 0x00, 0x1f,
    0xf0, 0x00, 0x01, 0xff, 0x00, 0x00, 0x1f, 0xf0, 0x00, 0x01, 0xff, 0x00,
    0x00, 0x1f, 0xf0, 0x00, 0x01, 0xff, 0xff, 0xf4, 0x0b, 0xbb, 0xbb, 0x30,
    0x9f, 0x70, 0x00, 0x00, 0x03, 0xfd, 0x00, 0x00, 0x00, 0x0d, 0xf3, 0x00,
    0x00, 0x00, 0x7f, 0x90, 0x00, 0x00, 0x01, 0xff, 0x00, 0x00, 0x00, 0x0b,
    0xf5, 0x00, 0x00, 0x00, 0x5f, 0xc0, 0x00, 0x00, 0x00, 0xef, 0x20, 0x00,
    0x00, 0x09, 0xf8, 0x00, 0x00, 0x00, 0x3f, 0xe0, 0x00, 0x00, 0x00, 0xdf,
    0x40, 0x00, 0x00, 0x07, 0xfa, 0x00, 0x00, 0x00, 0x1f, 0xf0, 0x00, 0x00,
    0x00, 0xbf, 0x60, 0x00, 0x00, 0x05, 0xfc, 0x00, 0x00, 0x00, 0x0e, 0xf2,
    0x00, 0x00, 0x00, 0x9f, 0x80, 0x6f, 0xff, 0xff, 0x4b, 0xbb, 0xff, 0x00,
    0x01, 0xff, 0x00, 0x01, 0xff, 0x00, 0x01, 0xff, 0x00, 0x01, 0xff, 0x00,
    0x01, 0xff, 0x00, 0x01, 0xff, 0x00, 0x01, 0xff, 0x00, 0x01, 0xff, 0x00,
    0x01, 0xff, 0x00, 0x01, 0xff, 0x00, 0x01, 0xff, 0x00, 0x01, 0xff, 0x00,
    0x01, 0xff, 0x00, 0x01, 0xff, 0x00, 0x01, 0xff, 0x00, 0x01, 0xff, 0x00,
    0x01, 0xff, 0x6f, 0xff, 0xff, 0x4b, 0xbb, 0xbb, 0x00, 0x00, 0x03, 0xf7,
    0x00, 0x00, 0x00, 0x00, 0x00, 0xbf, 0xe0, 0x00, 0x00, 0x00, 0x00, 0x2f,
    0xbf, 0x70, 0x00, 0x00, 0x00, 0x09, 0xf1, 0xce, 0x00, 0x00, 0x00, 0x01,
    0xfa, 0x04, 0xf7, 0x00, 0x00, 0x00, 0x8f, 0x30, 0x0c, 0xf1, 0x00, 0x00,
    0x1f, 0xc0, 0x00, 0x4f, 0x80, 0x00, 0x07, 0xf5, 0x00, 0x00, 0xcf, 0x10,
    0x00, 0xed, 0x00, 0x00, 0x04, 0xf8, 0x00, 0x6f, 0x70, 0x00, 0x00, 0x0c,
    0xf1, 0x0d, 0xf0, 0x00, 0x00, 0x00, 0x4f, 0x80, 0x08, 0x88, 0x88, 0x88,
    0x88, 0x85, 0x0f, 0xff, 0xff, 0xff, 0xff, 0xfb, 0x0d, 0xfb, 0x00, 0x02,
    0xef, 0x40, 0x00, 0x3f, 0xd0, 0x00, 0x03, 0xe9, 0x00, 0x5a, 0xdf, 0xfd,
    0x80, 0x00, 0x5f, 0xfd, 0xbc, 0xff, 0xc0, 0x00, 0x93, 0x00, 0x04, 0xff,
    0x40, 0x00, 0x00, 0x00, 0x0b, 0xf7, 0x00, 0x00, 0x00, 0x00, 0x9f, 0x80,
    0x00, 0x00, 0x11, 0x29, 0xf8, 0x01, 0x9d, 0xff, 0xff, 0xff, 0x83, 0xff,
    0xc7, 0x55, 0x5b, 0xf8, 0xbf, 0xb0, 0x00, 0x00, 0x9f, 0x8d, 0xf5, 0x00,
    0x00, 0x0c, 0xf8, 0xcf, 0x80, 0x00, 0x06, 0xff, 0x84, 0xff, 0xa7, 0x9d,
    0xe9, 0xf8, 0x04, 0xbf, 0xfe, 0x92, 0x2f, 0x80, 0xff, 0x20, 0x00, 0x00,
    0x00, 0x00, 0xff, 0x20, 0x00, 0x00, 0x00, 0x00, 0xff, 0x20, 0x00, 0x00,
    0x00, 0x00, 0xff, 0x20, 0x00, 0x00, 0x00, 0x00, 0xff, 0x20, 0x00, 0x00,
    0x00, 0x00, 0xff, 0x15, 0xce, 0xfd, 0x70, 0x00, 0xff, 0x9f, 0xec, 0xdf,
    0xfc, 0x00, 0xff, 0xf6, 0x00, 0x02, 0xef, 0x80, 0xff, 0xa0, 0x00, 0x00,
    0x4f, 0xf0, 0xff, 0x50, 0x00, 0x00, 0x0f, 0xf3, 0xff, 0x30, 0x00, 0x00,
    0x0c, 0xf6, 0xff, 0x20, 0x00, 0x00, 0x0c, 0xf6, 0xff, 0x30, 0x00, 0x00,
    0x0d, 0xf5, 0xff, 0x50, 0x00, 0x00, 0x0f, 0xf3, 0xff, 0xa0, 0x00, 0x00,
    0x5f, 0xf0, 0xff, 0xf6, 0x00, 0x02, 0xef, 0x80, 0xfe, 0x8f, 0xec, 0xcf,
    0xfc, 0x00, 0xfa, 0x05, 0xcf, 0xfd, 0x70, 0x00, 0x00, 0x06, 0xbe, 0xfd,
    0xb5, 0x00, 0xcf, 0xfe, 0xef, 0xf6, 0x0a, 0xfd, 0x30, 0x00, 0x41, 0x2f,
    0xf2, 0x00, 0x00, 0x00, 0x7f, 0xc0, 0x00, 0x00, 0x00, 0x9f, 0x90, 0x00,
    0x00, 0x00, 0xaf, 0x80, 0x00, 0x00, 0x00, 0x9f, 0x90, 0x00, 0x00, 0x00,
    0x7f, 0xc0, 0x00, 0x00, 0x00, 0x3f, 0xf2, 0x00, 0x00, 0x00, 0x0b, 0xfd,
    0x20, 0x00, 0x23, 0x01, 0xdf, 0xfe, 0xde, 0xf8, 0x00, 0x07, 0xce, 0xfe,
    0xa3, 0x00, 0x00, 0x00, 0x00, 0x06, 0xfb, 0x00, 0x00, 0x00, 0x00, 0x06,
    0xfb, 0x00, 0x00, 0x00, 0x00, 0x06, 0xfb, 0x00, 0x00, 0x00, 0x00, 0x06,
    0xfb, 0x00, 0x00, 0x00, 0x00, 0x06, 0xfb, 0x00, 0x19, 0xdf, 0xda, 0x25,
    0xfb, 0x02, 0xef, 0xfc, 0xcf, 0xf8, 0xfb, 0x0c, 0xfc, 0x10, 0x00, 0xaf,
    0xfb, 0x3f, 0xf2, 0x00, 0x00, 0x0e, 0xfb, 0x7f, 0xc0, 0x00, 0x00, 0x09,
    0xfb, 0xaf, 0x90, 0x00, 0x00, 0x06, 0xfb, 0xaf, 0x80, 0x00, 0x00, 0x06,
    0xfb, 0xaf, 0x80, 0x00, 0x00, 0x06, 0xfb, 0x8f, 0xb0, 0x00, 0x00, 0x08,
    0xfb, 0x4f, 0xf1, 0x00, 0x00, 0x0d, 0xfb, 0x0d, 0xfb, 0x10, 0x00, 0x8f,
    0xfb, 0x02, 0xef, 0xfc, 0xcf, 0xf7, 0xfb, 0x00, 0x19, 0xef, 0xea, 0x21,
    0xfb, 0x00, 0x06, 0xce, 0xfc, 0x70, 0x00, 0x00, 0xbf, 0xfc, 0xcf, 0xfc,
    0x00, 0x09, 0xfb, 0x10, 0x01, 0xcf, 0x90, 0x2f, 0xe1, 0x00, 0x00, 0x2f,
    0xf0, 0x7f, 0xa0, 0x00, 0x00, 0x0f, 0xf3, 0x9f, 0xff, 0xff, 0xff, 0xff,
    0xf4, 0xaf, 0xda, 0xaa, 0xaa, 0xaa, 0xa3, 0x9f, 0x90, 0x00, 0x00, 0x00,
    0x00, 0x7f, 0xc0, 0x00, 0x00, 0x00, 0x00, 0x2f, 0xf3, 0x00, 0x00, 0x00,
    0x00, 0x0a, 0xfe, 0x40, 0x00, 0x04, 0x60, 0x00, 0xbf, 0xfe, 0xcd, 0xff,
    0xb0, 0x00, 0x05, 0xbe, 0xff, 0xd9, 0x30, 0x00, 0x00, 0x8d, 0xfe, 0xc1,
    0x00, 0x0a, 0xff, 0xcc, 0xd0, 0x00, 0x2f, 0xf3, 0x00, 0x00, 0x00, 0x5f,
    0xd0, 0x00, 0x00, 0x00, 0x6f, 0xb0, 0x00, 0x00, 0x4b, 0xff, 0xff, 0xff,
    0x00, 0x69, 0xcf, 0xe9, 0x99, 0x00, 0x00, 0x6f, 0xb0, 0x00, 0x00, 0x00,
    0x6f, 0xb0, 0x00, 0x00, 0x00, 0x6f, 0xb0, 0x00, 0x00, 0x00, 0x6f, 0xb0,
    0x00, 0x00, 0x00, 0x6f, 0xb0, 0x00, 0x00, 0x00, 0x6f, 0xb0, 0x00, 0x00,
    0x00, 0x6f, 0xb0, 0x00, 0x00, 0x00, 0x6f, 0xb0, 0x00, 0x00, 0x00, 0x6f,
    0xb0, 0x00, 0x00, 0x00, 0x6f, 0xb0, 0x00, 0x00, 0x00, 0x6f, 0xb0, 0x00,
    0x00, 0x00, 0x19, 0xdf, 0xea, 0x20, 0xfb, 0x01, 0xef, 0xfd, 0xdf, 0xf7,
    0xfb, 0x0b, 0xfc, 0x10, 0x01, 0xaf, 0xfb, 0x3f, 0xf2, 0x00, 0x00, 0x0e,
    0xfb, 0x7f, 0xc0, 0x00, 0x00, 0x09, 0xfb, 0xaf, 0x90, 0x00, 0x00, 0x06,
    0xfb, 0xaf, 0x80, 0x00, 0x00, 0x05, 0xfb, 0xaf, 0x80, 0x00, 0x00, 0x05,
    0xfb, 0x7f, 0xb0, 0x00, 0x00, 0x07, 0xfb, 0x3f, 0xf1, 0x00, 0x00, 0x0c,
    0xfb, 0x0c, 0xfb, 0x10, 0x00, 0x8f, 0xfb, 0x02, 0xef, 0xfb, 0xbe, 0xf9,
    0xfb, 0x00, 0x19, 0xef, 0xea, 0x25, 0xfb, 0x00, 0x00, 0x00, 0x00, 0x06,
    0xfb, 0x00, 0x00, 0x00, 0x00, 0x08, 0xf9, 0x00, 0x00, 0x00, 0x00, 0x0e,
    0xf6, 0x07, 0x50, 0x00, 0x00, 0xaf, 0xf1, 0x0a, 0xff, 0xdc, 0xcf, 0xff,
    0x50, 0x03, 0x8c, 0xef, 0xfd, 0x92, 0x00, 0xff, 0x20, 0x00, 0x00, 0x00,
    0x0f, 0xf2, 0x00, 0x00, 0x00, 0x00, 0xff, 0x20, 0x00, 0x00, 0x00, 0x0f,
    0xf2, 0x00, 0x00, 0x00, 0x00, 0xff, 0x20, 0x00, 0x00, 0x00, 0x0f, 0xf2,
    0x3b, 0xef, 0xd9, 0x10, 0xff, 0x7f, 0xec, 0xdf, 0xfe, 0x1f, 0xff, 0x70,
    0x00, 0x2e, 0xf8, 0xff, 0xa0, 0x00, 0x00, 0x6f, 0xcf, 0xf5, 0x00, 0x00,
    0x03, 0xfd, 0xff, 0x30, 0x00, 0x00, 0x3f, 0xef, 0xf2, 0x00, 0x00, 0x03,
    0xfe, 0xff, 0x20, 0x00, 0x00, 0x3f, 0xef, 0xf2, 0x00, 0x00, 0x03, 0xfe,
    0xff, 0x20, 0x00, 0x00, 0x3f, 0xef, 0xf2, 0x00, 0x00, 0x03, 0xfe, 0xff,
    0x20, 0x00, 0x00, 0x3f, 0xef, 0xf2, 0x00, 0x00, 0x03, 0xfe, 0x0c, 0xe1,
    0x1f, 0xf4, 0x07, 0x80, 0x00, 0x00, 0x00, 0x00, 0x0f, 0xf2, 0x0f, 0xf2,
    0x0f, 0xf2, 0x0f, 0xf2, 0x0f, 0xf2, 0x0f, 0xf2, 0x0f, 0xf2, 0x0f, 0xf2,
    0x0f, 0xf2, 0x0f, 0xf2, 0x0f, 0xf2, 0x0f, 0xf2, 0x0f, 0xf2, 0x00, 0x00,
    0xce, 0x10, 0x00, 0x1f, 0xf4, 0x00, 0x00, 0x78, 0x00, 0x00, 0x00, 0x00,
    0x00, 0x00, 0x00, 0x00, 0x00, 0x0f, 0xf2, 0x00, 0x00, 0xff, 0x20, 0x00,
    0x0f, 0xf2, 0x00, 0x00, 0xff, 0x20, 0x00, 0x0f, 0xf2, 0x00, 0x00, 0xff,
    0x20, 0x00, 0x0f, 0xf2, 0x00, 0x00, 0xff, 0x20, 0x00, 0x0f, 0xf2, 0x00,
    0x00, 0xff, 0x20, 0x00, 0x0f, 0xf2, 0x00, 0x00, 0xff, 0x20, 0x00, 0x0f,
    0xf2, 0x00, 0x00, 0xff, 0x20, 0x00, 0x0f, 0xf2, 0x00, 0x00, 0xff, 0x10,
    0x00, 0x4f, 0xf0, 0x4d, 0xcf, 0xf9, 0x03, 0xef, 0xe8, 0x00, 0xff, 0x20,
    0x00, 0x00, 0x00, 0x0f, 0xf2, 0x00, 0x00, 0x00, 0x00, 0xff, 0x20, 0x00,
    0x00, 0x00, 0x0f, 0xf2, 0x00, 0x00, 0x00, 0x00, 0xff, 0x20, 0x00, 0x00,
    0x00, 0x0f, 0xf2, 0x00, 0x00, 0xbf, 0xb0, 0xff, 0x20, 0x00, 0xaf, 0xc0,
    0x0f, 0xf2, 0x00, 0x9f, 0xd1, 0x00, 0xff, 0x20, 0x8f, 0xd1, 0x00, 0x0f,
    0xf1, 0x6f, 0xe1, 0x00, 0x00, 0xff, 0x5f, 0xf3, 0x00, 0x00, 0x0f, 0xfe,
    0xff, 0xb0, 0x00, 0x00, 0xff, 0xd3, 0xef, 0x70, 0x00, 0x0f, 0xf2, 0x04,
    0xff, 0x30, 0x00, 0xff, 0x20, 0x08, 0xfe, 0x10, 0x0f, 0xf2, 0x00, 0x0c,
    0xfb, 0x00, 0xff, 0x20, 0x00, 0x1e, 0xf7, 0x0f, 0xf2, 0x00, 0x00, 0x4f,
    0xf3, 0xff, 0x2f, 0xf2, 0xff, 0x2f, 0xf2, 0xff, 0x2f, 0xf2, 0xff, 0x2f,
    0xf2, 0xff, 0x2f, 0xf2, 0xff, 0x2f, 0xf2, 0xff, 0x2f, 0xf2, 0xff, 0x2f,
    0xf2, 0xff, 0x2f, 0xf2, 0xfd, 0x04, 0xbe, 0xfc, 0x60, 0x04, 0xbe, 0xfd,
    0x80, 0x0f, 0xf6, 0xfe, 0xce, 0xff, 0x77, 0xff, 0xce, 0xff, 0xb0, 0xff,
    0xf6, 0x00, 0x08, 0xff, 0xf7, 0x00, 0x06, 0xff, 0x2f, 0xfa, 0x00, 0x00,
    0x0f, 0xfc, 0x00, 0x00, 0x0c, 0xf6, 0xff, 0x50, 0x00, 0x00, 0xcf, 0x70,
    0x00, 0x00, 0xaf, 0x7f, 0xf3, 0x00, 0x00, 0x0c, 0xf5, 0x00, 0x00, 0x09,
    0xf8, 0xff, 0x20, 0x00, 0x00, 0xcf, 0x50, 0x00, 0x00, 0x9f, 0x8f, 0xf2,
    0x00, 0x00, 0x0c, 0xf5, 0x00, 0x00, 0x09, 0xf8, 0xff, 0x20, 0x00, 0x00,
    0xcf, 0x50, 0x00, 0x00, 0x9f, 0x8f, 0xf2, 0x00, 0x00, 0x0c, 0xf5, 0x00,
    0x00, 0x09, 0xf8, 0xff, 0x20, 0x00, 0x00, 0xcf, 0x50, 0x00, 0x00, 0x9f,
    0x8f, 0xf2, 0x00, 0x00, 0x0c, 0xf5, 0x00, 0x00, 0x09, 0xf8, 0xff, 0x20,
    0x00, 0x00, 0xcf, 0x50, 0x00, 0x00, 0x9f, 0x80, 0xfd, 0x03, 0xbe, 0xfe,
    0x91, 0x0f, 0xf6, 0xff, 0xcd, 0xff, 0xe1, 0xff, 0xf7, 0x00, 0x02, 0xef,
    0x8f, 0xfb, 0x00, 0x00, 0x06, 0xfc, 0xff, 0x50, 0x00, 0x00, 0x4f, 0xdf,
    0xf3, 0x00, 0x00, 0x03, 0xfe, 0xff, 0x20, 0x00, 0x00, 0x3f, 0xef, 0xf2,
    0x00, 0x00, 0x03, 0xfe, 0xff, 0x20, 0x00, 0x00, 0x3f, 0xef, 0xf2, 0x00,
    0x00, 0x03, 0xfe, 0xff, 0x20, 0x00, 0x00, 0x3f, 0xef, 0xf2, 0x00, 0x00,
    0x03, 0xfe, 0xff, 0x20, 0x00, 0x00, 0x3f, 0xe0, 0x00, 0x06, 0xce, 0xfd,
    0x92, 0x00, 0x00, 0x0b, 0xff, 0xdc, 0xff, 0xf5, 0x00, 0x0a, 0xfd, 0x20,
    0x00, 0x7f, 0xf2, 0x02, 0xff, 0x20, 0x00, 0x00, 0xaf, 0xa0, 0x7f, 0xc0,
    0x00, 0x00, 0x03, 0xff, 0x09, 0xf9, 0x00, 0x00, 0x00, 0x0f, 0xf1, 0xaf,
    0x80, 0x00, 0x00, 0x00, 0xff, 0x39, 0xf9, 0x00, 0x00, 0x00, 0x0f, 0xf2,
    0x7f, 0xc0, 0x00, 0x00, 0x03, 0xff, 0x02, 0xff, 0x20, 0x00, 0x00, 0x9f,
    0xa0, 0x09, 0xfd, 0x20, 0x00, 0x7f, 0xf3, 0x00, 0x0b, 0xff, 0xdc, 0xef,
    0xf5, 0x00, 0x00, 0x06, 0xcf, 0xfe, 0x92, 0x00, 0x00, 0xfd, 0x04, 0xbf,
    0xfd, 0x70, 0x00, 0xff, 0x6f, 0xec, 0xdf, 0xfc, 0x00, 0xff, 0xf6, 0x00,
    0x03, 0xef, 0x80, 0xff, 0xa0, 0x00, 0x00, 0x6f, 0xf0, 0xff, 0x50, 0x00,
    0x00, 0x0f, 0xf3, 0xff, 0x30, 0x00, 0x00, 0x0d, 0xf6, 0xff, 0x20, 0x00,
    0x00, 0x0c, 0xf6, 0xff, 0x30, 0x00, 0x00, 0x0d, 0xf5, 0xff, 0x50, 0x00,
    0x00, 0x0f, 0xf3, 0xff, 0xa0, 0x00, 0x00, 0x6f, 0xe0, 0xff, 0xf7, 0x00,
    0x03, 0xff, 0x80, 0xff, 0x8f, 0xec, 0xdf, 0xfc, 0x00, 0xff, 0x14, 0xbe,
    0xfd, 0x70, 0x00, 0xff, 0x20, 0x00, 0x00, 0x00, 0x00, 0xff, 0x20, 0x00,
    0x00, 0x00, 0x00, 0xff, 0x20, 0x00, 0x00, 0x00, 0x00, 0xff, 0x20, 0x00,
    0x00, 0x00, 0x00, 0xff, 0x20, 0x00, 0x00, 0x00, 0x00, 0xff, 0x20, 0x00,
    0x00, 0x00, 0x00, 0x00, 0x18, 0xdf, 0xea, 0x20, 0xfb, 0x02, 0xdf, 0xfc,
    0xcf, 0xf6, 0xfb, 0x0b, 0xfc, 0x10, 0x00, 0xaf, 0xfb, 0x3f, 0xf2, 0x00,
    0x00, 0x0e, 0xfb, 0x7f, 0xc0, 0x00, 0x00, 0x09, 0xfb, 0x9f, 0x90, 0x00,
    0x00, 0x06, 0xfb, 0xaf, 0x80, 0x00, 0x00, 0x06, 0xfb, 0xaf, 0x90, 0x00,
    0x00, 0x06, 0xfb, 0x8f, 0xb0, 0x00, 0x00, 0x08, 0xfb, 0x4f, 0xf2, 0x00,
    0x00, 0x0d, 0xfb, 0x0d, 0xfb, 0x10, 0x00, 0x9f, 0xfb, 0x02, 0xef, 0xfc,
    0xcf, 0xf8, 0xfb, 0x00, 0x19, 0xef, 0xea, 0x26, 0xfb, 0x00, 0x00, 0x00,
    0x00, 0x06, 0xfb, 0x00, 0x00, 0x00, 0x00, 0x06, 0xfb, 0x00, 0x00, 0x00,
    0x00, 0x06, 0xfb, 0x00, 0x00, 0x00, 0x00, 0x06, 0xfb, 0x00, 0x00, 0x00,
    0x00, 0x06, 0xfb, 0x00, 0x00, 0x00, 0x00, 0x06, 0xfb, 0xfc, 0x01, 0xae,
    0xf6, 0xfe, 0x2e, 0xff, 0xf5, 0xff, 0xdd, 0x40, 0x00, 0xff, 0xf1, 0x00,
    0x00, 0xff, 0x70, 0x00, 0x00, 0xff, 0x30, 0x00, 0x00, 0xff, 0x20, 0x00,
    0x00, 0xff, 0x20, 0x00, 0x00, 0xff, 0x20, 0x00, 0x00, 0xff, 0x20, 0x00,
    0x00, 0xff, 0x20, 0x00, 0x00, 0xff, 0x20, 0x00, 0x00, 0xff, 0x20, 0x00,
    0x00, 0x01, 0x8d, 0xef, 0xda, 0x50, 0x2e, 0xfe, 0xcc, 0xef, 0xd0, 0xaf,
    0x90, 0x00, 0x03, 0x40, 0xbf, 0x40, 0x00, 0x00, 0x00, 0x8f, 0xd3, 0x00,
    0x00, 0x00, 0x0b, 0xff, 0xc6, 0x00, 0x00, 0x00, 0x5c, 0xff, 0xf8, 0x00,
    0x00, 0x00, 0x29, 0xff, 0xc0, 0x00, 0x00, 0x00, 0x2e, 0xf4, 0x00, 0x00,
    0x00, 0x0a, 0xf6, 0x63, 0x00, 0x00, 0x2e, 0xf3, 0xcf, 0xeb, 0xbc, 0xff,
    0x90, 0x3a, 0xef, 0xfe, 0xb5, 0x00, 0x00, 0x1f, 0x50, 0x00, 0x00, 0x06,
    0xf5, 0x00, 0x00, 0x00, 0xbf, 0x50, 0x00, 0x05, 0xef, 0xff, 0xff, 0xf0,
    0x59, 0xef, 0xb9, 0x99, 0x00, 0x0c, 0xf5, 0x00, 0x00, 0x00, 0xcf, 0x50,
    0x00, 0x00, 0x0c, 0xf5, 0x00, 0x00, 0x00, 0xcf, 0x50, 0x00, 0x00, 0x0c,
    0xf5, 0x00, 0x00, 0x00, 0xcf, 0x50, 0x00, 0x00, 0x0c, 0xf5, 0x00, 0x00,
    0x00, 0xcf, 0x60, 0x00, 0x00, 0x09, 0xfb, 0x00, 0x00, 0x00, 0x3f, 0xfe,
    0xbd, 0x20, 0x00, 0x4c, 0xff, 0xd1, 0x1f, 0xf0, 0x00, 0x00, 0x05, 0xfc,
    0x1f, 0xf0, 0x00, 0x00, 0x05, 0xfc, 0x1f, 0xf0, 0x00, 0x00, 0x05, 0xfc,
    0x1f, 0xf0, 0x00, 0x00, 0x05, 0xfc, 0x1f, 0xf0, 0x00, 0x00, 0x05, 0xfc,
    0x1f, 0xf0, 0x00, 0x00, 0x05, 0xfc, 0x1f, 0xf0, 0x00, 0x00, 0x05, 0xfc,
    0x1f, 0xf0, 0x00, 0x00, 0x05, 0xfc, 0x1f, 0xf0, 0x00, 0x00, 0x07, 0xfc,
    0x0f, 0xf2, 0x00, 0x00, 0x0c, 0xfc, 0x0c, 0xf9, 0x00, 0x00, 0x6f, 0xfc,
    0x03, 0xff, 0xc8, 0x9c, 0xfa, 0xfc, 0x00, 0x3a, 0xef, 0xeb, 0x40, 0xfc,
    0xdf, 0x60, 0x00, 0x00, 0x03, 0xff, 0x07, 0xfc, 0x00, 0x00, 0x00, 0x9f,
    0x90, 0x1f, 0xf2, 0x00, 0x00, 0x0e, 0xf3, 0x00, 0xbf, 0x70, 0x00, 0x04,
    0xfd, 0x00, 0x05, 0xfd, 0x00, 0x00, 0xaf, 0x70, 0x00, 0x0e, 0xf3, 0x00,
    0x0f, 0xf1, 0x00, 0x00, 0x9f, 0x90, 0x06, 0xfb, 0x00, 0x00, 0x03, 0xfe,
    0x00, 0xbf, 0x50, 0x00, 0x00, 0x0d, 0xf4, 0x1f, 0xf0, 0x00, 0x00, 0x00,
    0x7f, 0x96, 0xf9, 0x00, 0x00, 0x00, 0x01, 0xfe, 0xbf, 0x30, 0x00, 0x00,
    0x00, 0x0b, 0xff, 0xd0, 0x00, 0x00, 0x00, 0x00, 0x5f, 0xf7, 0x00, 0x00,
    0x00, 0x9f, 0x90, 0x00, 0x00, 0xdf, 0xc0, 0x00, 0x00, 0xbf, 0x75, 0xfd,
    0x00, 0x00, 0x2f, 0xff, 0x10, 0x00, 0x0f, 0xf2, 0x1f, 0xf1, 0x00, 0x07,
    0xfc, 0xf5, 0x00, 0x03, 0xfe, 0x00, 0xcf, 0x50, 0x00, 0xcf, 0x5f, 0xa0,
    0x00, 0x7f, 0xa0, 0x08, 0xf9, 0x00, 0x1f, 0xd0, 0xff, 0x00, 0x0b, 0xf5,
    0x00, 0x3f, 0xd0, 0x06, 0xf8, 0x0b, 0xf4, 0x00, 0xff, 0x10, 0x00, 0xff,
    0x10, 0xbf, 0x30, 0x6f, 0x80, 0x3f, 0xc0, 0x00, 0x0b, 0xf5, 0x0f, 0xe0,
    0x01, 0xfd, 0x08, 0xf8, 0x00, 0x00, 0x6f, 0x94, 0xf9, 0x00, 0x0c, 0xf2,
    0xcf, 0x40, 0x00, 0x02, 0xfd, 0x8f, 0x40, 0x00, 0x8f, 0x7f, 0xf0, 0x00,
    0x00, 0x0e, 0xfc, 0xf0, 0x00, 0x03, 0xfc, 0xfb, 0x00, 0x00, 0x00, 0x9f,
    0xfa, 0x00, 0x00, 0x0e, 0xff, 0x70, 0x00, 0x00, 0x05, 0xff, 0x50, 0x00,
    0x00, 0x9f, 0xf2, 0x00, 0x00, 0x1e, 0xf6, 0x00, 0x00, 0x0b, 0xfa, 0x00,
    0x4f, 0xf1, 0x00, 0x05, 0xfe, 0x10, 0x00, 0x9f, 0xb0, 0x01, 0xef, 0x40,
    0x00, 0x00, 0xdf, 0x60, 0xbf, 0x90, 0x00, 0x00, 0x03, 0xff, 0x7f, 0xd0,
    0x00, 0x00, 0x00, 0x08, 0xff, 0xf3, 0x00, 0x00, 0x00, 0x00, 0x1f, 0xfc,
    0x00, 0x00, 0x00, 0x00, 0x0b, 0xff, 0xf6, 0x00, 0x00, 0x00, 0x06, 0xfd,
    0x3f, 0xf2, 0x00, 0x00, 0x02, 0xff, 0x30, 0x8f, 0xc0, 0x00, 0x00, 0xcf,
    0x80, 0x00, 0xcf, 0x70, 0x00, 0x8f, 0xd0, 0x00, 0x02, 0xff, 0x30, 0x3f,
    0xf2, 0x00, 0x00, 0x07, 0xfd, 0x00, 0xcf, 0x70, 0x00, 0x00, 0x03, 0xff,
    0x16, 0xfd, 0x00, 0x00, 0x00, 0x9f, 0xa0, 0x0f, 0xf3, 0x00, 0x00, 0x0e,
    0xf4, 0x00, 0x9f, 0x90, 0x00, 0x04, 0xfe, 0x00, 0x03, 0xfe, 0x00, 0x00,
    0x9f, 0x90, 0x00, 0x0d, 0xf5, 0x00, 0x0f, 0xf3, 0x00, 0x00, 0x6f, 0xb0,
    0x05, 0xfd, 0x00, 0x00, 0x01, 0xff, 0x10, 0xaf, 0x70, 0x00, 0x00, 0x0a,
    0xf6, 0x0f, 0xf1, 0x00, 0x00, 0x00, 0x4f, 0xb4, 0xfb, 0x00, 0x00, 0x00,
    0x00, 0xdf, 0xaf, 0x50, 0x00, 0x00, 0x00, 0x07, 0xff, 0xf0, 0x00, 0x00,
    0x00, 0x00, 0x1f, 0xf9, 0x00, 0x00, 0x00, 0x00, 0x00, 0xef, 0x30, 0x00,
    0x00, 0x00, 0x00, 0x4f, 0xd0, 0x00, 0x00, 0x00, 0x00, 0x0c, 0xf7, 0x00,
    0x00, 0x00, 0x00, 0x07, 0xfe, 0x00, 0x00, 0x00, 0x09, 0xbd, 0xff, 0x40,
    0x00, 0x00, 0x00, 0xaf, 0xfb, 0x30, 0x00, 0x00, 0x00, 0x00, 0x0a, 0xff,
    0xff, 0xff, 0xff, 0x20, 0x69, 0x99, 0x99, 0xbf, 0xf1, 0x00, 0x00, 0x00,
    0x0c, 0xf8, 0x00, 0x00, 0x00, 0x07, 0xfc, 0x00, 0x00, 0x00, 0x02, 0xff,
    0x20, 0x00, 0x00, 0x00, 0xdf, 0x70, 0x00, 0x00, 0x00, 0x8f, 0xb0, 0x00,
    0x00, 0x00, 0x3f, 0xe1, 0x00, 0x00, 0x00, 0x0d, 0xf5, 0x00, 0x00, 0x00,
    0x09, 0xfa, 0x00, 0x00, 0x00, 0x04, 0xfe, 0x10, 0x00, 0x00, 0x00, 0xef,
    0xca, 0xaa, 0xaa, 0xa3, 0x1f, 0xff, 0xff, 0xff, 0xff, 0x50, 0x00, 0x00,
    0x06, 0xbe, 0x50, 0x00, 0x0a, 0xff, 0xe4, 0x00, 0x03, 0xff, 0x40, 0x00,
    0x00, 0x6f, 0xb0, 0x00, 0x00, 0x06, 0xfb, 0x00, 0x00, 0x00, 0x6f, 0xb0,
    0x00, 0x00, 0x06, 0xfb, 0x00, 0x00, 0x00, 0x7f, 0xa0, 0x00, 0x00, 0x1d,
    0xf6, 0x00, 0x03, 0xcf, 0xe7, 0x00, 0x00, 0x5f, 0xfa, 0x30, 0x00, 0x00,
    0x15, 0xff, 0x30, 0x00, 0x00, 0x08, 0xf9, 0x00, 0x00, 0x00, 0x6f, 0xa0,
    0x00, 0x00, 0x06, 0xfb, 0x00, 0x00, 0x00, 0x6f, 0xb0, 0x00, 0x00, 0x06,
    0xfb, 0x00, 0x00, 0x00, 0x5f, 0xc0, 0x00, 0x00, 0x01, 0xff, 0x72, 0x00,
    0x00, 0x06, 0xff, 0xf5, 0x00, 0x00, 0x02, 0x7a, 0x40, 0x4f, 0x74, 0xf7,
    0x4f, 0x74, 0xf7, 0x4f, 0x74, 0xf7, 0x4f, 0x74, 0xf7, 0x4f, 0x74, 0xf7,
    0x4f, 0x74, 0xf7, 0x4f, 0x74, 0xf7, 0x4f, 0x74, 0xf7, 0x4f, 0x74, 0xf7,
    0x4f, 0x74, 0xf7, 0x4f, 0x74, 0xf7, 0x4f, 0x74, 0xf7, 0x3f, 0xc7, 0x00,
    0x00, 0x02, 0xcf, 0xfc, 0x00, 0x00, 0x00, 0x2e, 0xf4, 0x00, 0x00, 0x00,
    0x9f, 0x70, 0x00, 0x00, 0x09, 0xf8, 0x00, 0x00, 0x00, 0x9f, 0x80, 0x00,
    0x00, 0x09, 0xf8, 0x00, 0x00, 0x00, 0x8f, 0x90, 0x00, 0x00, 0x04, 0xfe,
    0x20, 0x00, 0x00, 0x07, 0xef, 0xd5, 0x00, 0x00, 0x29, 0xff, 0x70, 0x00,
    0x1f, 0xf6, 0x10, 0x00, 0x07, 0xfa, 0x00, 0x00, 0x00, 0x8f, 0x80, 0x00,
    0x00, 0x09, 0xf8, 0x00, 0x00, 0x00, 0x9f, 0x80, 0x00, 0x00, 0x09, 0xf8,
    0x00, 0x00, 0x00, 0xbf, 0x60, 0x00, 0x01, 0x7f, 0xf2, 0x00, 0x03, 0xff,
    0xf6, 0x00, 0x00, 0x2a, 0x82, 0x00, 0x00, 0x00, 0x2a, 0xff, 0xd8, 0x30,
    0x00, 0x46, 0xcf, 0xcc, 0xff, 0xfe, 0xcd, 0xf7, 0x92, 0x00, 0x05, 0xae,
    0xfe, 0x70, 0x00, 0x19, 0xdf, 0xfd, 0x81, 0x00, 0x04, 0xff, 0xfe, 0xef,
    0xff, 0x30, 0x1f, 0xfa, 0x10, 0x02, 0xcf, 0xe0, 0x5f, 0xe0, 0x00, 0x00,
    0x1f, 0xf4, 0x6f, 0xf8, 0x00, 0x00, 0x0c, 0xf6, 0x02, 0x9f, 0xe3, 0x00,
    0x0b, 0xf7, 0x02, 0xcf, 0xd2, 0x00, 0x0b, 0xf7, 0x0c, 0xf8, 0x00, 0x00,
    0x0b, 0xf7, 0x1f, 0xf0, 0x00, 0x00, 0x0b, 0xf7, 0x2f, 0xf0, 0x00, 0x00,
    0x0b, 0xf7, 0x2f, 0xf0, 0x00, 0x00, 0x0b, 0xf7, 0x2f, 0xf0, 0x00, 0x00,
    0x0b, 0xf7, 0x2f, 0xf0, 0x00, 0x00, 0x0b, 0xf7, 0x2f, 0xf0, 0x00, 0x00,
    0x0b, 0xf7, 0x6d, 0xfd, 0x30, 0x00, 0xff, 0x36, 0xef, 0xfb, 0x00, 0x0f,
    0xf3, 0x00, 0x2f, 0xe0, 0x00, 0xff, 0x30, 0x04, 0xfc, 0x00, 0x0f, 0xf3,
    0x00, 0xdf, 0x50, 0x00, 0xff, 0x30, 0x8f, 0xb0, 0x00, 0x0f, 0xf3, 0x0f,
    0xf3, 0x00, 0x00, 0xff, 0x31, 0xff, 0x00, 0x00, 0x0f, 0xf3, 0x2f, 0xf0,
    0x00, 0x00, 0xff, 0x32, 0xff, 0x00, 0x00, 0x0f, 0xf2, 0x1f, 0xf2, 0x00,
    0x01, 0xff, 0x20, 0xcf, 0xb0, 0x00, 0x9f, 0xe0, 0x04, 0xff, 0xfd, 0xff,
    0xf5, 0x00, 0x03, 0xae, 0xfe, 0xb4, 0x00, 0xef, 0x00, 0xf6, 0x00, 0xef,
    0x3c, 0xfa, 0xcf, 0x60, 0x0e, 0xf3, 0x3c, 0xcd, 0xf5, 0x00, 0xef, 0x30,
    0x02, 0xef, 0x10, 0x0e, 0xf3, 0x00, 0xdf, 0x70, 0x00, 0xef, 0x30, 0x8f,
    0xc0, 0x00, 0x0e, 0xf3, 0x0f, 0xf3, 0x00, 0x00, 0xef, 0x31, 0xff, 0x00,
    0x00, 0x0e, 0xf3, 0x2f, 0xf0, 0x00, 0x00, 0xef, 0x31, 0xff, 0x00, 0x00,
    0x0e, 0xf3, 0x0f, 0xf2, 0x00, 0x00, 0xff, 0x20, 0xcf, 0xb0, 0x00, 0x9f,
    0xe0, 0x03, 0xff, 0xfd, 0xff, 0xf5, 0x00, 0x03, 0xae, 0xfe, 0xb4, 0x00,
    0x00, 0x07, 0xcf, 0xfe, 0xb5, 0x00, 0x00, 0xcf, 0xff, 0xef, 0xff, 0x90,
    0x08, 0xfe, 0x50, 0x00, 0x8f, 0xf4, 0x0d, 0xf6, 0x00, 0x00, 0x0b, 0xf9,
    0x0f, 0xf2, 0x00, 0x00, 0x07, 0xfb, 0x0f, 0xf1, 0x00, 0x00, 0x05, 0xfc,
    0x1f, 0xf1, 0x7b, 0xd5, 0x05, 0xfc, 0x1f, 0xfb, 0xff, 0xf6, 0x05, 0xfc,
    0x1f, 0xff, 0x71, 0x00, 0x05, 0xfc, 0x1f, 0xf6, 0x00, 0x00, 0x05, 0xfc,
    0x1f, 0xf2, 0x00, 0x00, 0x05, 0xfc, 0x1f, 0xf1, 0x00, 0x00, 0x05, 0xfc,
    0x1f, 0xf1, 0x00, 0x00, 0x05, 0xfc, 0x1f, 0xf1, 0x00, 0x00, 0x05, 0xfc,
    0x00, 0x9e, 0xfa, 0x2b, 0xfe, 0x80, 0x09, 0xff, 0xef, 0xef, 0xef, 0xf7,
    0x0e, 0xf4, 0x08, 0xf5, 0x07, 0xfd, 0x0f, 0xf0, 0x01, 0x40, 0x03, 0xfe,
    0x1f, 0xf0, 0x00, 0x00, 0x02, 0xff, 0x1f, 0xf0, 0x00, 0x00, 0x02, 0xff,
    0x1f, 0xf1, 0x7b, 0xd5, 0x02, 0xff, 0x1f, 0xfb, 0xff, 0xf6, 0x02, 0xff,
    0x1f, 0xff, 0x71, 0x00, 0x02, 0xff, 0x1f, 0xf6, 0x00, 0x00, 0x02, 0xff,
    0x1f, 0xf2, 0x00, 0x00, 0x02, 0xff, 0x1f, 0xf1, 0x00, 0x00, 0x02, 0xff,
    0x1f, 0xf1, 0x00, 0x00, 0x02, 0xff, 0x1f, 0xf1, 0x00, 0x00, 0x02, 0xff,
    0xef, 0x00, 0xf7, 0x00, 0x0b, 0xf6, 0xcf, 0xac, 0xf6, 0x00, 0x0b, 0xf6,
    0x3c, 0xcd, 0xf4, 0x00, 0x0b, 0xf6, 0x00, 0x2e, 0xe0, 0x00, 0x0b, 0xf6,
    0x00, 0xdf, 0x60, 0x00, 0x0b, 0xf6, 0x09, 0xfa, 0x00, 0x00, 0x0b, 0xf6,
    0x0f, 0xf2, 0x00, 0x00, 0x0b, 0xf6, 0x2f, 0xe0, 0x00, 0x00, 0x0b, 0xf6,
    0x3f, 0xe0, 0x00, 0x00, 0x0b, 0xf6, 0x3f, 0xf1, 0x00, 0x00, 0x0c, 0xf6,
    0x3f, 0xf7, 0x00, 0x00, 0x0f, 0xf4, 0x3f, 0xef, 0x60, 0x01, 0xaf, 0xf1,
    0x3f, 0x9a, 0xff, 0xef, 0xff, 0x70, 0x3f, 0x80, 0x7d, 0xff, 0xc5, 0x00,
    0xdf, 0x40, 0x6f, 0xfd, 0x81, 0x00, 0x8f, 0x90, 0x2c, 0xcf, 0xfd, 0x10,
    0x4f, 0xe0, 0x00, 0x01, 0xcf, 0xb0, 0x0f, 0xf3, 0x00, 0x00, 0x3f, 0xf2,
    0x0a, 0xf7, 0x00, 0x00, 0x0c, 0xf6, 0x06, 0xfc, 0x00, 0x00, 0x0a, 0xf8,
    0x01, 0xff, 0x10, 0x00, 0x09, 0xf9, 0x00, 0xcf, 0x50, 0x00, 0x0a, 0xf8,
    0x00, 0x8f, 0xa0, 0x00, 0x0d, 0xf6, 0x00, 0x3f, 0xf0, 0x00, 0x1f, 0xf2,
    0x00, 0x0e, 0xf4, 0x00, 0x9f, 0xc0, 0x00, 0x0a, 0xf8, 0x08, 0xff, 0x30,
    0x00, 0x05, 0xff, 0xff, 0xf7, 0x00, 0x00, 0x00, 0xff, 0xea, 0x30, 0x00,
    0x03, 0x9d, 0xff, 0xeb, 0x40, 0x00, 0x1f, 0xff, 0xee, 0xff, 0xf8, 0x00,
    0x1c, 0x50, 0x00, 0x07, 0xff, 0x40, 0x00, 0x00, 0x00, 0x00, 0x9f, 0xc0,
    0x00, 0x00, 0x00, 0x00, 0x2f, 0xf0, 0x00, 0x00, 0x00, 0x00, 0x0f, 0xf2,
    0x04, 0xff, 0xf9, 0x00, 0x0e, 0xf4, 0x03, 0xcd, 0xf9, 0x00, 0x0e, 0xf4,
    0x00, 0x07, 0xf9, 0x00, 0x0f, 0xf3, 0x00, 0x07, 0xf9, 0x00, 0x1f, 0xf1,
    0x00, 0x07, 0xf9, 0x00, 0x7f, 0xc0, 0x00, 0x07, 0xf9, 0x04, 0xff, 0x50,
    0x00, 0x07, 0xfe, 0xef, 0xfa, 0x00, 0x00, 0x07, 0xff, 0xeb, 0x50, 0x00,
    0x01, 0x7b, 0xef, 0xed, 0x81, 0x00, 0x0d, 0xff, 0xee, 0xff, 0xfe, 0x20,
    0x0b, 0x61, 0x00, 0x03, 0xcf, 0xd0, 0x00, 0x00, 0x00, 0x00, 0x1f, 0xf3,
    0x00, 0x00, 0x00, 0x00, 0x0b, 0xf6, 0x00, 0x00, 0x00, 0x00, 0x09, 0xf8,
    0x0f, 0xf0, 0x00, 0x00, 0x09, 0xf8, 0x1f, 0xf1, 0x00, 0x00, 0x09, 0xf8,
    0x1f, 0xf1, 0x00, 0x00, 0x0a, 0xf8, 0x0f, 0xf1, 0x00, 0x00, 0x0c, 0xf8,
    0x0f, 0xf4, 0x00, 0x00, 0x3f, 0xf8, 0x0b, 0xfd, 0x20, 0x03, 0xef, 0xf8,
    0x03, 0xff, 0xfe, 0xff, 0xe6, 0xf8, 0x00, 0x2a, 0xef, 0xe9, 0x13, 0xf8,
    0x6d, 0xfd, 0x30, 0x00, 0xbf, 0x66, 0xef, 0xfb, 0x00, 0x0d, 0xf4, 0x00,
    0x2f, 0xe0, 0x27, 0xfe, 0x00, 0x04, 0xfc, 0x0c, 0xfe, 0x20, 0x00, 0xdf,
    0x50, 0x4b, 0xfc, 0x00, 0x8f, 0xb0, 0x00, 0x1f, 0xf1, 0x0f, 0xf3, 0x00,
    0x00, 0xff, 0x21, 0xff, 0x00, 0x00, 0x0f, 0xf3, 0x2f, 0xf0, 0x00, 0x00,
    0xff, 0x32, 0xff, 0x00, 0x00, 0x0f, 0xf2, 0x1f, 0xf2, 0x00, 0x01, 0xff,
    0x20, 0xcf, 0xb0, 0x00, 0x9f, 0xe0, 0x04, 0xff, 0xfd, 0xff, 0xf5, 0x00,
    0x03, 0xae, 0xfe, 0xb4, 0x00, 0xef, 0x00, 0xf6, 0x00, 0x9f, 0x8c, 0xfa,
    0xcf, 0x60, 0x0b, 0xf6, 0x3c, 0xcc, 0xf5, 0x16, 0xff, 0x10, 0x02, 0xef,
    0x1a, 0xff, 0x30, 0x00, 0xcf, 0x70, 0x3a, 0xfe, 0x00, 0x7f, 0xc0, 0x00,
    0x0e, 0xf4, 0x0d, 0xf4, 0x00, 0x00, 0xcf, 0x50, 0xff, 0x10, 0x00, 0x0c,
    0xf5, 0x0f, 0xf1, 0x00, 0x00, 0xcf, 0x50, 0xff, 0x20, 0x00, 0x0c, 0xf5,
    0x0e, 0xf4, 0x00, 0x00, 0xef, 0x40, 0xaf, 0xc1, 0x00, 0x7f, 0xf1, 0x02,
    0xff, 0xfd, 0xff, 0xf7, 0x00, 0x02, 0xae, 0xff, 0xb5, 0x00, 0x00, 0x29,
    0xdf, 0xfc, 0x60, 0x00, 0x00, 0x00, 0x5f, 0xc0, 0x5f, 0xff, 0xef, 0xff,
    0xc0, 0x00, 0x00, 0x05, 0xfc, 0x1f, 0xf9, 0x10, 0x04, 0xef, 0x80, 0x00,
    0x00, 0x5f, 0xc5, 0xfe, 0x00, 0x00, 0x06, 0xfe, 0x00, 0x00, 0x05, 0xfc,
    0x5f, 0xf9, 0x10, 0x00, 0x2f, 0xf0, 0x00, 0x00, 0x5f, 0xc0, 0x17, 0xef,
    0x50, 0x01, 0xff, 0x00, 0x00, 0x05, 0xfc, 0x02, 0xcf, 0xc3, 0x00, 0x1f,
    0xf0, 0x00, 0x00, 0x5f, 0xc0, 0xbf, 0x80, 0x00, 0x01, 0xff, 0x00, 0x00,
    0x05, 0xfc, 0x0e, 0xf3, 0x00, 0x00, 0x1f, 0xf1, 0x00, 0x00, 0x5f, 0xc0,
    0xff, 0x20, 0x00, 0x01, 0xff, 0x30, 0x00, 0x06, 0xfc, 0x0f, 0xf2, 0x00,
    0x00, 0x1f, 0xf9, 0x00, 0x00, 0x8f, 0xb0, 0xff, 0x40, 0x00, 0x01, 0xfe,
    0xf7, 0x00, 0x3f, 0xf7, 0x0c, 0xff, 0xe1, 0x00, 0x1f, 0xb9, 0xff, 0xef,
    0xfe, 0x10, 0x3c, 0xff, 0x40, 0x01, 0xfa, 0x06, 0xdf, 0xea, 0x20, 0x00,
    0x29, 0xdf, 0xec, 0x60, 0x00, 0x00, 0x00, 0x7f, 0xb0, 0x5f, 0xff, 0xef,
    0xff, 0xb0, 0x00, 0x00, 0x07, 0xfb, 0x1f, 0xfa, 0x10, 0x04, 0xff, 0x60,
    0x00, 0x00, 0x7f, 0xb5, 0xfe, 0x00, 0x00, 0x07, 0xfc, 0x00, 0x00, 0x07,
    0xfb, 0x6f, 0xf8, 0x10, 0x00, 0x3f, 0xe0, 0x00, 0x00, 0x7f, 0xb0, 0x28,
    0xff, 0x40, 0x03, 0xfe, 0x00, 0x00, 0x07, 0xfb, 0x01, 0xbf, 0xd4, 0x00,
    0x3f, 0xe0, 0x00, 0x00, 0x7f, 0xb0, 0xaf, 0xa0, 0x00, 0x03, 0xfe, 0x00,
    0x00, 0x07, 0xfb, 0x0e, 0xf3, 0x00, 0x00, 0x3f, 0xe0, 0x00, 0x00, 0x7f,
    0xb0, 0xff, 0x20, 0x00, 0x03, 0xff, 0x00, 0x00, 0x0a, 0xfb, 0x0f, 0xf2,
    0x00, 0x00, 0x1f, 0xf1, 0x00, 0x01, 0xff, 0xb0, 0xff, 0x30, 0x00, 0x00,
    0xef, 0xb0, 0x02, 0xcf, 0xfb, 0x0c, 0xff, 0xd1, 0x00, 0x06, 0xff, 0xfe,
    0xff, 0xaf, 0xb0, 0x3c, 0xff, 0x40, 0x00, 0x05, 0xcf, 0xeb, 0x37, 0xfa,
    0x00, 0x00, 0x00, 0x00, 0x00, 0x00, 0x00, 0x00, 0x9f, 0x90, 0x00, 0x00,
    0x00, 0x00, 0x10, 0x00, 0x00, 0x0e, 0xf5, 0x00, 0x00, 0x00, 0x00, 0x08,
    0xb4, 0x00, 0x2b, 0xfe, 0x10, 0x00, 0x00, 0x00, 0x00, 0x8f, 0xff, 0xff,
    0xff, 0x50, 0x00, 0x00, 0x00, 0x00, 0x02, 0x8c, 0xef, 0xea, 0x20, 0x00,
    0x00, 0x01, 0x8d, 0xff, 0xd9, 0x10, 0x00, 0x04, 0xff, 0xfe, 0xef, 0xff,
    0x40, 0x01, 0xff, 0xa1, 0x00, 0x2b, 0xfe, 0x00, 0x5f, 0xe0, 0x00, 0x00,
    0x0e, 0xf5, 0x05, 0xff, 0x91, 0x00, 0x00, 0xaf, 0x70, 0x01, 0x7e, 0xf5,
    0x00, 0x09, 0xf8, 0x00, 0x1c, 0xfc, 0x30, 0x00, 0x9f, 0x80, 0x09, 0xfb,
    0x00, 0x00, 0x09, 0xf8, 0x00, 0xbf, 0x60, 0x00, 0x00, 0x9f, 0x80, 0x0c,
    0xf5, 0x00, 0x00, 0x09, 0xf8, 0x00, 0xcf, 0x50, 0x00, 0x00, 0x9f, 0x80,
    0x0d, 0xf5, 0x00, 0x00, 0x09, 0xf8, 0x5d, 0xff, 0x30, 0x00, 0x00, 0x9f,
    0x85, 0xef, 0x80, 0x00, 0x00, 0x09, 0xf8, 0x00, 0x00, 0x00, 0x00, 0x00,
    0x9f, 0x80, 0x00, 0x08, 0xbc, 0xb6, 0x19, 0xf8, 0x00, 0x0d, 0xff, 0xff,
    0xfe, 0xff, 0x80, 0x05, 0xff, 0x50, 0x16, 0xdf, 0xf8, 0x00, 0x8f, 0xb0,
    0x00, 0x00, 0xaf, 0x80, 0x00, 0x01, 0x8d, 0xff, 0xd9, 0x10, 0x00, 0x04,
    0xff, 0xfe, 0xef, 0xff, 0x40, 0x01, 0xff, 0xa1, 0x00, 0x2b, 0xfe, 0x00,
    0x5f, 0xe0, 0x00, 0x00, 0x0e, 0xf5, 0x05, 0xff, 0x91, 0x00, 0x00, 0xaf,
    0x70, 0x01, 0x7e, 0xf5, 0x00, 0x09, 0xf8, 0x00, 0x1c, 0xfc, 0x30, 0x00,
    0x9f, 0x80, 0x09, 0xfb, 0x00, 0x00, 0x09, 0xf8, 0x00, 0xbf, 0x60, 0x00,
    0x00, 0x9f, 0x80, 0x0c, 0xf5, 0x00, 0x00, 0x09, 0xf8, 0x00, 0xcf, 0x50,
    0x00, 0x00, 0x9f, 0x80, 0x0d, 0xf5, 0x00, 0x00, 0x09, 0xf8, 0x5d, 0xff,
    0x30, 0x00, 0x00, 0x9f, 0x85, 0xef, 0x80, 0x00, 0x00, 0x09, 0xf8, 0x00,
    0x00, 0x00, 0x00, 0x00, 0x9f, 0x80, 0x00, 0x7b, 0xa3, 0x05, 0x29, 0xf8,
    0x00, 0xaf, 0xff, 0xf9, 0xfe, 0xef, 0x80, 0x0f, 0xf4, 0x2e, 0xfa, 0xdf,
    0xf8, 0x02, 0xfe, 0x00, 0x6c, 0x01, 0xdf, 0x80, 0x00, 0x00, 0x00, 0x00,
    0x00, 0x78, 0x10, 0x49, 0xdf, 0xfe, 0xa3, 0x7f, 0xe0, 0x2f, 0xff, 0xee,
    0xff, 0xff, 0xd3, 0x03, 0xb4, 0x00, 0x01, 0x8f, 0xf2, 0x00, 0x00, 0x00,
    0x00, 0x00, 0xaf, 0xa0, 0x00, 0x00, 0x00, 0x00, 0x04, 0xfe, 0x00, 0x00,
    0x00, 0x00, 0x00, 0x1f, 0xf1, 0x00, 0x6f, 0xff, 0x70, 0x00, 0xff, 0x20,
    0x04, 0xce, 0xf7, 0x00, 0x0f, 0xf2, 0x00, 0x00, 0x9f, 0x70, 0x00, 0xff,
    0x10, 0x00, 0x09, 0xf7, 0x00, 0x3f, 0xf0, 0x00, 0x00, 0x9f, 0x70, 0x08,
    0xfb, 0x00, 0x00, 0x09, 0xf7, 0x05, 0xff, 0x40, 0x00, 0x00, 0x9f, 0xee,
    0xff, 0x80, 0x00, 0x00, 0x09, 0xff, 0xeb, 0x40, 0x00, 0x00, 0x00, 0x00,
    0x00, 0x00, 0x00, 0x00, 0x00, 0x00, 0x00, 0x00, 0x0a, 0xb0, 0x00, 0x2b,
    0xfd, 0x41, 0xb2, 0xef, 0x00, 0x0c, 0xfd, 0xdf, 0xef, 0xef, 0xf0, 0x00,
    0xff, 0x00, 0xca, 0x1a, 0xff, 0x00, 0xef, 0x02, 0xf2, 0x5c, 0xfe, 0x90,
    0x0c, 0xf7, 0xbf, 0x7f, 0xff, 0xff, 0x80, 0x3c, 0xdd, 0xff, 0xa1, 0x08,
    0xfe, 0x00, 0x01, 0xef, 0x90, 0x00, 0x2f, 0xf0, 0x00, 0xbf, 0xc0, 0x00,
    0x01, 0xff, 0x10, 0x4f, 0xf2, 0x00, 0x00, 0x1f, 0xf1, 0x08, 0xfb, 0x00,
    0x00, 0x01, 0xff, 0x10, 0x9f, 0x80, 0x00, 0x00, 0x1f, 0xf1, 0x0a, 0xf7,
    0x00, 0x00, 0x01, 0xff, 0x10, 0xaf, 0x70, 0x00, 0x00, 0x1f, 0xf1, 0x0a,
    0xf7, 0x00, 0x00, 0x01, 0xff, 0x10, 0xaf, 0x70, 0x00, 0x00, 0x1f, 0xf1,
    0x0a, 0xf7, 0x00, 0x00, 0x01, 0xff, 0x10, 0xaf, 0x70, 0x00, 0x00, 0x1f,
    0xf1, 0x00, 0x7e, 0xfa, 0x2c, 0xfd, 0x50, 0x00, 0x00, 0x0b, 0xf6, 0x07,
    0xff, 0xef, 0xff, 0xef, 0xf3, 0x00, 0x00, 0x0b, 0xf6, 0x0e, 0xf6, 0x09,
    0xf4, 0x0b, 0xf8, 0x00, 0x00, 0x0b, 0xf6, 0x3f, 0xe0, 0x01, 0x50, 0x07,
    0xfa, 0x00, 0x00, 0x0b, 0xf6, 0x5f, 0xc0, 0x00, 0x00, 0x07, 0xfa, 0x00,
    0x00, 0x0b, 0xf6, 0x7f, 0xa0, 0x00, 0x00, 0x07, 0xfa, 0x00, 0x00, 0x0b,
    0xf6, 0x7f, 0xa0, 0x00, 0x00, 0x07, 0xfa, 0x00, 0x00, 0x0b, 0xf6, 0x7f,
    0xa0, 0x00, 0x00, 0x07, 0xfa, 0x00, 0x00, 0x0b, 0xf6, 0x6f, 0xb0, 0x00,
    0x00, 0x07, 0xfb, 0x00, 0x00, 0x0b, 0xf6, 0x4f, 0xd0, 0x00, 0x00, 0x07,
    0xfd, 0x00, 0x00, 0x0c, 0xf6, 0x1f, 0xf3, 0x00, 0x00, 0x07, 0xff, 0x30,
    0x00, 0x0e, 0xf5, 0x0a, 0xfc, 0x20, 0x00, 0x07, 0xfe, 0xe3, 0x00, 0x8f,
    0xf1, 0x02, 0xef, 0xfe, 0xe3, 0x07, 0xf6, 0xdf, 0xef, 0xff, 0x90, 0x00,
    0x2a, 0xef, 0xf4, 0x07, 0xf4, 0x19, 0xef, 0xd7, 0x00, 0x00, 0x29, 0xef,
    0xec, 0x60, 0x00, 0x00, 0x00, 0x7f, 0xb0, 0x5f, 0xff, 0xef, 0xff, 0xb0,
    0x00, 0x00, 0x07, 0xfb, 0x1f, 0xf9, 0x10, 0x04, 0xff, 0x70, 0x00, 0x00,
    0x7f, 0xb5, 0xfe, 0x00, 0x00, 0x07, 0xfc, 0x00, 0x00, 0x07, 0xfb, 0x5f,
    0xf9, 0x10, 0x00, 0x3f, 0xe0, 0x00, 0x00, 0x7f, 0xb0, 0x17, 0xef, 0x50,
    0x03, 0xfe, 0x00, 0x00, 0x07, 0xfb, 0x02, 0xcf, 0xc3, 0x00, 0x3f, 0xe0,
    0x00, 0x00, 0x7f, 0xb0, 0xbf, 0x80, 0x00, 0x03, 0xfe, 0x00, 0x00, 0x07,
    0xfb, 0x0e, 0xf3, 0x00, 0x00, 0x3f, 0xe0, 0x00, 0x00, 0x7f, 0xb0, 0xff,
    0x20, 0x00, 0x03, 0xff, 0x00, 0x00, 0x0a, 0xfb, 0x0f, 0xf2, 0x00, 0x00,
    0x2f, 0xf1, 0x00, 0x01, 0xff, 0xb0, 0xff, 0x40, 0x00, 0x00, 0xef, 0xa0,
    0x02, 0xce, 0xfb, 0x0c, 0xff, 0xe1, 0x00, 0x06, 0xff, 0xfe, 0xff, 0x5f,
    0xb0, 0x3c, 0xff, 0x40, 0x00, 0x05, 0xcf, 0xeb, 0x31, 0xfb, 0x00, 0x07,
    0xcf, 0xfe, 0xb5, 0x00, 0x01, 0xdf, 0xff, 0xef, 0xff, 0xa0, 0x0a, 0xfe,
    0x40, 0x00, 0x5f, 0xf5, 0x1f, 0xf4, 0x00, 0x00, 0x09, 0xfa, 0x5f, 0xd0,
    0x00, 0x00, 0x05, 0xfc, 0x7f, 0xa0, 0x00, 0x00, 0x04, 0xfd, 0x8f, 0x90,
    0x00, 0x00, 0x04, 0xfd, 0x8f, 0x90, 0x00, 0x00, 0x04, 0xfd, 0x7f, 0xa0,
    0x00, 0x00, 0x04, 0xfd, 0x5f, 0xd0, 0x00, 0x00, 0x04, 0xfd, 0x1f, 0xf2,
    0x00, 0x00, 0x04, 0xfd, 0x0b, 0xfc, 0x20, 0x00, 0x04, 0xfd, 0x02, 0xef,
    0xfe, 0xe1, 0x04, 0xfd, 0x00, 0x2a, 0xef, 0xf2, 0x04, 0xfd, 0x00, 0x6d,
    0xfc, 0x29, 0xfe, 0xb2, 0x00, 0x6f, 0xfe, 0xfe, 0xfe, 0xff, 0xc0, 0x0e,
    0xf7, 0x05, 0xf9, 0x02, 0xff, 0x22, 0xff, 0x00, 0x05, 0x10, 0x0d, 0xf4,
    0x5f, 0xc0, 0x00, 0x00, 0x00, 0xdf, 0x56, 0xfa, 0x00, 0x00, 0x00, 0x0d,
    0xf5, 0x7f, 0xa0, 0x00, 0x00, 0x00, 0xdf, 0x57, 0xfa, 0x00, 0x00, 0x00,
    0x0d, 0xf5, 0x6f, 0xb0, 0x00, 0x00, 0x00, 0xdf, 0x53, 0xfe, 0x00, 0x00,
    0x00, 0x0d, 0xf5, 0x0f, 0xf3, 0x00, 0x00, 0x00, 0xdf, 0x50, 0xaf, 0xd2,
    0x00, 0x00, 0x0d, 0xf5, 0x01, 0xef, 0xfe, 0xe4, 0x00, 0xdf, 0x50, 0x01,
    0x9d, 0xff, 0x60, 0x0d, 0xf5, 0x00, 0x29, 0xdf, 0xfd, 0x81, 0x00, 0x04,
    0xff, 0xfe, 0xef, 0xff, 0x40, 0x1f, 0xfa, 0x10, 0x02, 0xbf, 0xe0, 0x5f,
    0xe0, 0x00, 0x00, 0x0e, 0xf5, 0x5f, 0xf9, 0x10, 0x00, 0x0b, 0xf7, 0x01,
    0x7e, 0xf5, 0x00, 0x0a, 0xf8, 0x02, 0xcf, 0xb3, 0x00, 0x0a, 0xf8, 0x0b,
    0xf7, 0x00, 0x00, 0x0a, 0xf8, 0x0e, 0xf3, 0x00, 0x00, 0x0a, 0xf8, 0x0f,
    0xf2, 0x00, 0x00, 0x0a, 0xf8, 0x0f, 0xf2, 0x00, 0x00, 0x0a, 0xf8, 0x0f,
    0xf3, 0x00, 0x00, 0x0a, 0xf8, 0x0c, 0xff, 0xd1, 0x00, 0x0a, 0xf8, 0x03,
    0xcf, 0xf4, 0x00, 0x0a, 0xf8, 0xf9, 0x05, 0xce, 0xfd, 0x70, 0x0f, 0xb7,
    0xff, 0xef, 0xff, 0xa0, 0xff, 0xfa, 0x10, 0x07, 0xff, 0x3f, 0xfc, 0x00,
    0x00, 0x0b, 0xf8, 0xff, 0x60, 0x00, 0x00, 0x8f, 0xaf, 0xf3, 0x00, 0x00,
    0x07, 0xfa, 0xff, 0x20, 0x00, 0x00, 0x7f, 0xaf, 0xf2, 0x00, 0x00, 0x07,
    0xfa, 0xff, 0x20, 0x00, 0x00, 0x7f, 0xaf, 0xf2, 0x00, 0x00, 0x07, 0xfa,
    0xff, 0x20, 0x00, 0x00, 0x7f, 0xaf, 0xf2, 0x00, 0x00, 0x07, 0xfa, 0xff,
    0x20, 0x00, 0x00, 0x7f, 0xaf, 0xf2, 0x00, 0x00, 0x07, 0xfa, 0x01, 0x8c,
    0xef, 0xfd, 0xa6, 0x00, 0xdf, 0xfe, 0xde, 0xff, 0xf0, 0x5f, 0xd1, 0x00,
    0x00, 0x38, 0x07, 0xfc, 0x00, 0x00, 0x00, 0x00, 0x3f, 0xfb, 0x50, 0x00,
    0x00, 0x00, 0x5e, 0xff, 0xfb, 0x60, 0x00, 0x00, 0x05, 0xbf, 0xff, 0xe5,
    0x00, 0x87, 0x00, 0x05, 0xcf, 0xf4, 0x1f, 0xf0, 0x00, 0x00, 0x9f, 0xb1,
    0xff, 0x00, 0x00, 0x03, 0xfd, 0x1f, 0xf0, 0x00, 0x00, 0x5f, 0xd1, 0xff,
    0x10, 0x00, 0x2d, 0xf8, 0x1f, 0xff, 0xed, 0xef, 0xfd, 0x10, 0x49, 0xdf,
    0xfe, 0xc7, 0x00, 0x1f, 0xf1, 0x00, 0x00, 0x08, 0xf9, 0x1f, 0xf1, 0x00,
    0x00, 0x08, 0xf9, 0x1f, 0xf1, 0x00, 0x00, 0x08, 0xf9, 0x1f, 0xf1, 0x00,
    0x00, 0x08, 0xf9, 0x1f, 0xf1, 0x00, 0x00, 0x08, 0xf9, 0x1f, 0xf1, 0x00,
    0x00, 0x08, 0xf9, 0x1f, 0xf1, 0x00, 0x00, 0x08, 0xf9, 0x1f, 0xf1, 0x00,
    0x00, 0x08, 0xf9, 0x1f, 0xf1, 0x00, 0x00, 0x09, 0xf9, 0x0f, 0xf2, 0x00,
    0x00, 0x0c, 0xf9, 0x0e, 0xf5, 0x00, 0x00, 0x3f, 0xf9, 0x0a, 0xfe, 0x30,
    0x03, 0xdf, 0xf9, 0x02, 0xff, 0xff, 0xef, 0xe6, 0xf9, 0x00, 0x2a, 0xef,
    0xe9, 0x13, 0xf9, 0x1f, 0xf1, 0x00, 0x00, 0x09, 0xf8, 0x1f, 0xf1, 0x00,
    0x00, 0x09, 0xf8, 0x1f, 0xf1, 0x00, 0x00, 0x09, 0xf8, 0x1f, 0xf1, 0x00,
    0x00, 0x09, 0xf8, 0x1f, 0xf1, 0x00, 0x00, 0x09, 0xf8, 0x1f, 0xf1, 0x00,
    0x00, 0x09, 0xf8, 0x1f, 0xf1, 0x00, 0x00, 0x09, 0xf8, 0x1f, 0xf1, 0x00,
    0x00, 0x09, 0xf8, 0x0f, 0xf1, 0x00, 0x00, 0x09, 0xf8, 0x0f, 0xf2, 0x00,
    0x00, 0x0a, 0xf7, 0x0d, 0xf6, 0x00, 0x00, 0x0e, 0xf5, 0x08, 0xfe, 0x40,
    0x01, 0xaf, 0xf1, 0x01, 0xdf, 0xff, 0xef, 0xff, 0x60, 0x00, 0x18, 0xdf,
    0xfe, 0xb4, 0x00, 0x00, 0x00, 0x00, 0x00, 0x09, 0xf8, 0x00, 0x00, 0x00,
    0x00, 0x09, 0xf8, 0x00, 0x00, 0x00, 0x00, 0x09, 0xf8, 0x00, 0x00, 0x00,
    0x00, 0x09, 0xf8, 0x00, 0x00, 0x00, 0x00, 0x09, 0xf8, 0x1f, 0xf1, 0x00,
    0x00, 0x09, 0xf8, 0x1f, 0xf1, 0x00, 0x00, 0x09, 0xf8, 0x1f, 0xf1, 0x00,
    0x00, 0x09, 0xf8, 0x1f, 0xf1, 0x00, 0x00, 0x09, 0xf8, 0x1f, 0xf1, 0x00,
    0x00, 0x09, 0xf8, 0x1f, 0xf1, 0x00, 0x00, 0x09, 0xf8, 0x1f, 0xf1, 0x00,
    0x00, 0x09, 0xf8, 0x1f, 0xf1, 0x00, 0x00, 0x09, 0xf8, 0x0f, 0xf1, 0x00,
    0x00, 0x09, 0xf8, 0x0f, 0xf2, 0x00, 0x00, 0x0a, 0xf7, 0x0d, 0xf6, 0x00,
    0x00, 0x0e, 0xf5, 0x08, 0xfe, 0x40, 0x01, 0xaf, 0xf1, 0x01, 0xdf, 0xff,
    0xef, 0xff, 0x60, 0x00, 0x18, 0xdf, 0xfe, 0xb4, 0x00, 0x2b, 0xef, 0x40,
    0x00, 0x0a, 0xf7, 0xbf, 0xfe, 0x20, 0x00, 0x0a, 0xf7, 0xef, 0x40, 0x00,
    0x00, 0x0a, 0xf7, 0xff, 0x20, 0x00, 0x00, 0x0a, 0xf7, 0xff, 0x20, 0x00,
    0x00, 0x0a, 0xf7, 0xff, 0x20, 0x3f, 0xb0, 0x0a, 0xf7, 0xff, 0x20, 0xbf,
    0xf4, 0x0a, 0xf7, 0xff, 0x24, 0xfc, 0xfd, 0x0a, 0xf7, 0xff, 0x2d, 0xf2,
    0x9f, 0x5a, 0xf7, 0xff, 0x7f, 0x80, 0x1e, 0xd9, 0xf7, 0xff, 0xee, 0x00,
    0x06, 0xfe, 0xf7, 0xff, 0xf6, 0x00, 0x00, 0xdf, 0xf7, 0xff, 0xc0, 0x00,
    0x00, 0x4f, 0xf7, 0xff, 0x30, 0x00, 0x00, 0x0b, 0xf7, 0x00, 0x00, 0x00,
    0x00, 0x0a, 0xf7, 0x00, 0x00, 0x00, 0x00, 0x0a, 0xf7, 0x00, 0x00, 0x00,
    0x00, 0x0a, 0xf7, 0x00, 0x00, 0x00, 0x00, 0x0a, 0xf7, 0x00, 0x00, 0x00,
    0x00, 0x0a, 0xf7, 0x2b, 0xee, 0x30, 0x00, 0x0a, 0xf7, 0xbf, 0xfe, 0x20,
    0x00, 0x0a, 0xf7, 0xef, 0x40, 0x00, 0x00, 0x0a, 0xf7, 0xff, 0x20, 0x00,
    0x00, 0x0a, 0xf7, 0xff, 0x20, 0x00, 0x00, 0x0a, 0xf7, 0xff, 0x20, 0x3f,
    0xb0, 0x0a, 0xf7, 0xff, 0x20, 0xbf, 0xf4, 0x0a, 0xf7, 0xff, 0x24, 0xfc,
    0xfd, 0x0a, 0xf7, 0xff, 0x2d, 0xf2, 0x9f, 0x5a, 0xf7, 0xff, 0x7f, 0x80,
    0x1e, 0xd9, 0xf7, 0xff, 0xee, 0x00, 0x06, 0xfe, 0xf7, 0xff, 0xf6, 0x00,
    0x00, 0xdf, 0xf7, 0xff, 0xc0, 0x00, 0x00, 0x4f, 0xf7, 0xff, 0x30, 0x00,
    0x00, 0x0b, 0xf7, 0x0e, 0xf3, 0x00, 0x0b, 0xf5, 0x00, 0x09, 0xf9, 0x0c,
    0xf6, 0x00, 0x0f, 0xf9, 0x00, 0x0b, 0xf7, 0x09, 0xf8, 0x00, 0x3f, 0xfd,
    0x00, 0x0e, 0xf4, 0x06, 0xfb, 0x00, 0x8f, 0xdf, 0x20, 0x0f, 0xf1, 0x04,
    0xfd, 0x00, 0xcf, 0x7f, 0x60, 0x3f, 0xe0, 0x01, 0xff, 0x00, 0xfd, 0x3f,
    0xb0, 0x5f, 0xc0, 0x00, 0xef, 0x24, 0xf9, 0x0e, 0xf0, 0x8f, 0x90, 0x00,
    0xbf, 0x49, 0xf4, 0x0a, 0xf3, 0xaf, 0x60, 0x00, 0x9f, 0x6c, 0xf0, 0x05,
    0xf7, 0xbf, 0x40, 0x00, 0x6f, 0x8f, 0xb0, 0x01, 0xfa, 0xdf, 0x10, 0x00,
    0x3f, 0xdf, 0x70, 0x00, 0xce, 0xee, 0x00, 0x00, 0x1f, 0xff, 0x20, 0x00,
    0x7f, 0xfb, 0x00, 0x00, 0x0e, 0xfe, 0x00, 0x00, 0x3f, 0xf9, 0x00, 0x00,
    0x0b, 0xf9, 0x00, 0x00, 0x0e, 0xf6, 0x00, 0x00, 0x00, 0x00, 0x00, 0x00,
    0x00, 0x05, 0xfc, 0x00, 0x00, 0x00, 0x00, 0x00, 0x00, 0x06, 0xfa, 0x00,
    0x00, 0x00, 0x00, 0x00, 0x00, 0x08, 0xf8, 0x00, 0x00, 0x00, 0x00, 0x00,
    0x00, 0x0a, 0xf5, 0x00, 0x00, 0x00, 0x00, 0x00, 0x00, 0x0c, 0xf3, 0x0e,
    0xf3, 0x00, 0x0c, 0xf3, 0x00, 0x0e, 0xf1, 0x0c, 0xf6, 0x00, 0x0f, 0xf8,
    0x00, 0x0f, 0xf0, 0x09, 0xf8, 0x00, 0x5f, 0xfc, 0x00, 0x2f, 0xd0, 0x07,
    0xfa, 0x00, 0x9f, 0xdf, 0x10, 0x4f, 0xa0, 0x04, 0xfc, 0x00, 0xdf, 0x8f,
    0x50, 0x6f, 0x80, 0x01, 0xfe, 0x02, 0xfc, 0x4f, 0x90, 0x8f, 0x60, 0x00,
    0xff, 0x16, 0xf7, 0x0f, 0xd0, 0xaf, 0x40, 0x00, 0xcf, 0x2a, 0xf3, 0x0c,
    0xf1, 0xcf, 0x10, 0x00, 0xaf, 0x4e, 0xe0, 0x07, 0xf5, 0xdf, 0x00, 0x00,
    0x7f, 0x7f, 0xa0, 0x02, 0xf9, 0xfd, 0x00, 0x00, 0x4f, 0xdf, 0x50, 0x00,
    0xed, 0xfb, 0x00, 0x00, 0x2f, 0xff, 0x10, 0x00, 0x9f, 0xf9, 0x00, 0x00,
    0x0f, 0xfc, 0x00, 0x00, 0x5f, 0xf6, 0x00, 0x00, 0x0d, 0xf8, 0x00, 0x00,
    0x0f, 0xf4, 0x00, 0x00, 0x01, 0x8d, 0xff, 0xd9, 0x10, 0x00, 0x04, 0xff,
    0xfe, 0xef, 0xff, 0x40, 0x01, 0xff, 0xa1, 0x00, 0x2b, 0xfe, 0x00, 0x5f,
    0xe0, 0x00, 0x00, 0x0e, 0xf5, 0x05, 0xff, 0x92, 0x00, 0x00, 0xbf, 0x70,
    0x01, 0x7e, 0xf5, 0x00, 0x09, 0xf8, 0x00, 0x1c, 0xfc, 0x30, 0x00, 0x9f,
    0x80, 0x09, 0xfb, 0x00, 0x00, 0x09, 0xf8, 0x00, 0xcf, 0x60, 0x00, 0x00,
    0x9f, 0x80, 0x0c, 0xf5, 0x00, 0x00, 0x09, 0xf8, 0x00, 0xcf, 0x50, 0x00,
    0x00, 0x9f, 0x80, 0x0d, 0xf5, 0x00, 0x00, 0x09, 0xf8, 0x5d, 0xff, 0x20,
    0x00, 0x00, 0x9f, 0x87, 0xff, 0x80, 0x00, 0x00, 0x09, 0xf8, 0xdf, 0x40,
    0x00, 0x00, 0x5f, 0xcd, 0xf4, 0x00, 0x00, 0x05, 0xfc, 0xdf, 0x40, 0x00,
    0x00, 0x5f, 0xcd, 0xf4, 0x00, 0x00, 0x05, 0xfc, 0xdf, 0x40, 0x00, 0x00,
    0x5f, 0xcd, 0xf4, 0x00, 0x00, 0x05, 0xfc, 0xdf, 0x40, 0x00, 0x00, 0x5f,
    0xcd, 0xf4, 0x00, 0x00, 0x05, 0xfc, 0xdf, 0x50, 0x00, 0x00, 0x5f, 0xcd,
    0xf7, 0x00, 0x00, 0x06, 0xfc, 0xdf, 0xd0, 0x00, 0x00, 0x9f, 0xad, 0xfe,
    0xb2, 0x00, 0x5f, 0xf6, 0xdf, 0x5f, 0xfe, 0xff, 0xfc, 0x0d, 0xe0, 0x4b,
    0xef, 0xd8, 0x00, 0x01, 0x9e, 0xfe, 0x70, 0x0d, 0xf5, 0x0c, 0xff, 0xde,
    0x70, 0x0d, 0xf5, 0x4f, 0xf3, 0x00, 0x00, 0x0d, 0xf5, 0x5f, 0xd0, 0x00,
    0x00, 0x0d, 0xf5, 0x2f, 0xf3, 0x00, 0x00, 0x0d, 0xf5, 0x05, 0xef, 0xca,
    0x10, 0x0d, 0xf5, 0x01, 0xaf, 0xff, 0x20, 0x0d, 0xf5, 0x0d, 0xfa, 0x20,
    0x00, 0x0d, 0xf5, 0x2f, 0xf0, 0x00, 0x00, 0x0d, 0xf5, 0x4f, 0xe0, 0x00,
    0x00, 0x0d, 0xf4, 0x3f, 0xf1, 0x00, 0x00, 0x0f, 0xf2, 0x0e, 0xfa, 0x10,
    0x01, 0xaf, 0xe0, 0x05, 0xff, 0xfd, 0xdf, 0xff, 0x50, 0x00, 0x3a, 0xef,
    0xfe, 0xa3, 0x00, 0x00, 0x19, 0xdf, 0xfe, 0xb7, 0x00, 0x2e, 0xff, 0xed,
    0xff, 0xf0, 0x0a, 0xfc, 0x10, 0x00, 0x27, 0x00, 0xdf, 0x50, 0x00, 0x00,
    0x00, 0x0b, 0xfb, 0x00, 0x00, 0x00, 0x00, 0x4f, 0xfe, 0x82, 0x00, 0x00,
    0x00, 0x4e, 0xff, 0xfb, 0x40, 0x00, 0x00, 0x05, 0xbf, 0xff, 0x90, 0x00,
    0x00, 0x00, 0x19, 0xff, 0x60, 0x00, 0x00, 0x00, 0x09, 0xfb, 0x00, 0x00,
    0x00, 0x00, 0x7f, 0xb0, 0x66, 0x20, 0x00, 0x3e, 0xf7, 0x0d, 0xff, 0xfe,
    0xff, 0xfd, 0x00, 0x39, 0xcf, 0xfe, 0xc7, 0x00, 0x00, 0x19, 0xdf, 0xfd,
    0x81, 0x00, 0x04, 0xff, 0xfe, 0xef, 0xff, 0x40, 0x1f, 0xfa, 0x10, 0x02,
    0xbf, 0xe0, 0x5f, 0xe0, 0x00, 0x00, 0x0e, 0xf5, 0x6f, 0xf8, 0x10, 0x00,
    0x0b, 0xf7, 0x02, 0x8f, 0xf4, 0x00, 0x0a, 0xf8, 0x01, 0xbf, 0xd4, 0x00,
    0x0a, 0xf8, 0x0a, 0xf8, 0x00, 0x00, 0x0a, 0xf8, 0x0e, 0xf3, 0x00, 0x00,
    0x0a, 0xf8, 0x0f, 0xf2, 0x00, 0x00, 0x0a, 0xf8, 0x0f, 0xf2, 0x00, 0x00,
    0x0a, 0xf8, 0x0f, 0xf3, 0x00, 0x00, 0x0f, 0xfc, 0x0c, 0xff, 0xd1, 0x00,
    0x0f, 0xff, 0x03, 0xcf, 0xf4, 0x00, 0x0f, 0xff, 0x00, 0x00, 0x00, 0x00,
    0x0a, 0xf8, 0x00, 0x00, 0x00, 0x00, 0x0a, 0xf8, 0x00, 0x00, 0x00, 0x00,
    0x0a, 0xf8, 0x00, 0x00, 0x00, 0x00, 0x0a, 0xf8, 0x00, 0x00, 0x00, 0x00,
    0x0a, 0xf8, 0x01, 0x7c, 0xef, 0xfc, 0x70, 0x00, 0xcf, 0xfe, 0xdf, 0xff,
    0xc0, 0x09, 0x61, 0x00, 0x04, 0xff, 0x60, 0x00, 0x00, 0x00, 0x09, 0xfa,
    0x00, 0x00, 0x00, 0x00, 0x6f, 0xb0, 0x02, 0x7b, 0xcd, 0xdf, 0xfc, 0x07,
    0xff, 0xff, 0xff, 0xff, 0xc4, 0xff, 0x93, 0x00, 0x05, 0xfc, 0xaf, 0xb0,
    0x00, 0x00, 0x5f, 0xcc, 0xf6, 0x00, 0x00, 0x05, 0xfc, 0xcf, 0x70, 0x00,
    0x00, 0x5f, 0xc8, 0xfe, 0x20, 0x00, 0x05, 0xfc, 0x1e, 0xff, 0xdd, 0x60,
    0x5f, 0xc0, 0x2a, 0xef, 0xf8, 0x05, 0xfc, 0x00, 0x01, 0x8d, 0xff, 0xd9,
    0x10, 0x00, 0x04, 0xff, 0xfe, 0xef, 0xff, 0x40, 0x00, 0xef, 0xb1, 0x00,
    0x2b, 0xfe, 0x00, 0x5f, 0xe0, 0x00, 0x00, 0x0e, 0xf5, 0x05, 0xff, 0x81,
    0x00, 0x00, 0xbf, 0x70, 0x02, 0x8e, 0xf5, 0x00, 0x09, 0xf8, 0x00, 0x1b,
    0xfd, 0x40, 0x00, 0x9f, 0x80, 0x08, 0xfc, 0x00, 0x00, 0x09, 0xf8, 0x00,
    0xbf, 0x60, 0x00, 0x00, 0x9f, 0x80, 0x0c, 0xf5, 0x00, 0x00, 0x09, 0xf8,
    0x00, 0xcf, 0x50, 0x00, 0x00, 0x9f, 0x80, 0x0d, 0xf5, 0x00, 0x00, 0x0e,
    0xfc, 0x5d, 0xff, 0x30, 0x00, 0x00, 0xff, 0xf7, 0xff, 0x80, 0x00, 0x00,
    0x0f, 0xff, 0x00, 0x00, 0x00, 0x00, 0x00, 0x9f, 0x80, 0x00, 0x00, 0x00,
    0x00, 0x09, 0xf8, 0x00, 0x00, 0x00, 0x00, 0x00, 0x9f, 0x80, 0x00, 0x00,
    0x00, 0x00, 0x09, 0xf8, 0x00, 0x00, 0x00, 0x00, 0x00, 0x9f, 0x80, 0x07,
    0xce, 0xfd, 0xa3, 0x00, 0x00, 0xff, 0xee, 0xff, 0xf6, 0x00, 0x05, 0x00,
    0x01, 0xaf, 0xf3, 0x00, 0x00, 0x00, 0x00, 0xbf, 0xb0, 0x00, 0x00, 0x00,
    0x04, 0xff, 0x00, 0x00, 0x00, 0x00, 0x0f, 0xf2, 0x00, 0x00, 0x00, 0x00,
    0xef, 0x40, 0x00, 0x00, 0x00, 0x0e, 0xf4, 0x00, 0x00, 0x00, 0x00, 0xff,
    0x30, 0x00, 0x00, 0x00, 0x4f, 0xf0, 0x00, 0x00, 0x00, 0x0b, 0xfb, 0x00,
    0x43, 0x00, 0x19, 0xff, 0x30, 0x0d, 0xff, 0xef, 0xff, 0x70, 0x00, 0x5b,
    0xef, 0xeb, 0x40, 0x00, 0x00, 0x00, 0x00, 0x00, 0x00, 0x3a, 0x70, 0x00,
    0x7c, 0xff, 0xea, 0x5c, 0xf8, 0x00, 0xcf, 0xff, 0xef, 0xff, 0xf9, 0x00,
    0x8f, 0xe5, 0x00, 0x08, 0xff, 0x20, 0x0d, 0xf6, 0x00, 0x00, 0x0b, 0xf9,
    0x00, 0xff, 0x20, 0x00, 0x00, 0x7f, 0xb0, 0x0f, 0xf1, 0x00, 0x00, 0x05,
    0xfc, 0x01, 0xff, 0x17, 0xbd, 0x50, 0x5f, 0xc0, 0x1f, 0xfb, 0xff, 0xf6,
    0x05, 0xfc, 0x01, 0xff, 0xf7, 0x10, 0x00, 0x5f, 0xc0, 0x1f, 0xf6, 0x00,
    0x00, 0x05, 0xfc, 0x01, 0xff, 0x20, 0x00, 0x00, 0x5f, 0xc0, 0x1f, 0xf1,
    0x00, 0x00, 0x05, 0xfc, 0x01, 0xff, 0x10, 0x00, 0x00, 0x5f, 0xc0, 0x1f,
    0xf1, 0x00, 0x00, 0x05, 0xfc, 0x00, 0x1f, 0xf1, 0x00, 0x00, 0x04, 0xfe,
    0x00, 0x1f, 0xf1, 0x00, 0x00, 0x04, 0xfe, 0x00, 0x1f, 0xf1, 0x00, 0x00,
    0x04, 0xfe, 0x00, 0x1f, 0xf1, 0x00, 0x00, 0x04, 0xfe, 0x00, 0x1f, 0xf1,
    0x05, 0x71, 0x04, 0xfe, 0x00, 0x1f, 0xf1, 0x0b, 0xf3, 0x04, 0xfe, 0x00,
    0x1f, 0xf1, 0x0a, 0xfd, 0xbf, 0xff, 0xb4, 0x1f, 0xf1, 0x02, 0xbf, 0xff,
    0xff, 0xf6, 0x0f, 0xf1, 0x00, 0x00, 0x04, 0xfe, 0x00, 0x0f, 0xf2, 0x00,
    0x00, 0x05, 0xfd, 0x00, 0x0d, 0xf6, 0x00, 0x00, 0x09, 0xfa, 0x00, 0x08,
    0xfe, 0x50, 0x00, 0x6f, 0xf5, 0x00, 0x00, 0xcf, 0xff, 0xef, 0xff, 0xa0,
    0x00, 0x00, 0x07, 0xce, 0xfe, 0xb6, 0x00, 0x00, 0x00, 0x00, 0x00, 0x00,
    0x05, 0xfc, 0x01, 0x7c, 0xef, 0xfc, 0x9d, 0xf7, 0x0c, 0xff, 0xed, 0xff,
    0xff, 0xa0, 0x09, 0x61, 0x00, 0x04, 0xff, 0x50, 0x00, 0x00, 0x00, 0x00,
    0x9f, 0xa0, 0x00, 0x00, 0x00, 0x00, 0x6f, 0xb0, 0x00, 0x27, 0xbc, 0xdd,
    0xff, 0xc0, 0x07, 0xff, 0xff, 0xff, 0xff, 0xc0, 0x4f, 0xf9, 0x30, 0x00,
    0x5f, 0xc0, 0xaf, 0xb0, 0x00, 0x00, 0x5f, 0xc0, 0xcf, 0x60, 0x00, 0x00,
    0x5f, 0xc0, 0xcf, 0x70, 0x00, 0x00, 0x5f, 0xc0, 0x8f, 0xe2, 0x00, 0x00,
    0x5f, 0xc0, 0x1e, 0xff, 0xdd, 0x60, 0x5f, 0xc0, 0x02, 0xae, 0xff, 0x80,
    0x5f, 0xc0, 0xdf, 0x40, 0x00, 0x0a, 0xfd, 0x1d, 0xf4, 0x00, 0x08, 0xfe,
    0x10, 0xdf, 0x40, 0x06, 0xfe, 0x20, 0x0d, 0xf4, 0x04, 0xff, 0x30, 0x00,
    0xdf, 0x43, 0xff, 0xd5, 0x00, 0x0d, 0xf6, 0xef, 0xff, 0xfe, 0x20, 0xdf,
    0xff, 0x61, 0x4d, 0xfd, 0x0d, 0xff, 0x70, 0x00, 0x2f, 0xf3, 0xdf, 0x90,
    0x00, 0x00, 0xcf, 0x6d, 0xf4, 0x00, 0x00, 0x0b, 0xf6, 0xdf, 0x40, 0x00,
    0x00, 0xbf, 0x7d, 0xf4, 0x00, 0x00, 0x0b, 0xf7, 0xdf, 0x40, 0x00, 0x00,
    0xbf, 0x7d, 0xf4, 0x00, 0x00, 0x0b, 0xf7, 0x00, 0x00, 0x00, 0x00, 0x00,
    0x00, 0x05, 0xfd, 0x00, 0x00, 0x00, 0x00, 0x00, 0x00, 0x09, 0xfa, 0x00,
    0x00, 0x00, 0x00, 0x00, 0x00, 0x5f, 0xf3, 0x00, 0x00, 0x00, 0x00, 0x2f,
    0xff, 0xfc, 0x40, 0x0f, 0xf3, 0x00, 0x00, 0x1a, 0xbe, 0xfe, 0x10, 0x0c,
    0xf4, 0x00, 0x00, 0x00, 0x00, 0xcf, 0x90, 0x0a, 0xf6, 0x00, 0x04, 0x40,
    0x00, 0x6f, 0xb0, 0x08, 0xf8, 0x00, 0x2f, 0xf1, 0x00, 0x6f, 0xa0, 0x05,
    0xfa, 0x00, 0x7f, 0xf6, 0x00, 0x8f, 0x70, 0x03, 0xfc, 0x00, 0xdb, 0xdc,
    0x00, 0xbf, 0x50, 0x01, 0xfe, 0x03, 0xf8, 0x9f, 0x20, 0xdf, 0x20, 0x00,
    0xef, 0x08, 0xf4, 0x5f, 0x70, 0xff, 0x00, 0x00, 0xcf, 0x2d, 0xf0, 0x0f,
    0xc2, 0xfd, 0x00, 0x00, 0xaf, 0x6f, 0xa0, 0x0a, 0xf5, 0xfa, 0x00, 0x00,
    0x7f, 0xbf, 0x40, 0x05, 0xfa, 0xf7, 0x00, 0x00, 0x5f, 0xfe, 0x00, 0x00,
    0xff, 0xf5, 0x00, 0x00, 0x3f, 0xf9, 0x00, 0x00, 0xaf, 0xf2, 0x00, 0x00,
    0x0f, 0xf4, 0x00, 0x00, 0x5f, 0xf0, 0x00, 0x04, 0x9d, 0xef, 0xda, 0x30,
    0x00, 0x2f, 0xff, 0xee, 0xff, 0xf6, 0x00, 0x1b, 0x40, 0x00, 0x18, 0xff,
    0x30, 0x00, 0x00, 0x00, 0x00, 0xaf, 0xa0, 0x00, 0x00, 0x00, 0x00, 0x3f,
    0xf0, 0x00, 0x00, 0x00, 0x00, 0x0f, 0xf2, 0x7f, 0xff, 0xf9, 0x00, 0x0f,
    0xf3, 0x8f, 0xec, 0xc7, 0x00, 0x0f, 0xf3, 0x8f, 0x90, 0x00, 0x00, 0x0f,
    0xf2, 0x7f, 0xa0, 0x00, 0x00, 0x2f, 0xf0, 0x4f, 0xe0, 0x00, 0x00, 0x8f,
    0xc0, 0x0e, 0xf8, 0x00, 0x05, 0xff, 0x50, 0x05, 0xff, 0xfd, 0xef, 0xfa,
    0x00, 0x00, 0x3a, 0xef, 0xec, 0x50, 0x00, 0x00, 0x00, 0x00, 0x00, 0x05,
    0xfc, 0x04, 0x9d, 0xef, 0xea, 0x5d, 0xf8, 0x2f, 0xff, 0xee, 0xff, 0xff,
    0xa0, 0x1b, 0x40, 0x00, 0x18, 0xff, 0x30, 0x00, 0x00, 0x00, 0x00, 0xaf,
    0xb0, 0x00, 0x00, 0x00, 0x00, 0x3f, 0xf0, 0x00, 0x00, 0x00, 0x00, 0x0f,
    0xf2, 0x7f, 0xff, 0xf9, 0x00, 0x0f, 0xf3, 0x8f, 0xec, 0xc7, 0x00, 0x0f,
    0xf3, 0x8f, 0x90, 0x00, 0x00, 0x0f, 0xf2, 0x7f, 0xa0, 0x00, 0x00, 0x2f,
    0xf0, 0x4f, 0xe0, 0x00, 0x00, 0x8f, 0xc0, 0x0e, 0xf8, 0x00, 0x05, 0xff,
    0x50, 0x05, 0xff, 0xfd, 0xef, 0xfa, 0x00, 0x00, 0x3a, 0xef, 0xec, 0x50,
    0x00, 0x01, 0xae, 0xfa, 0x00, 0xff, 0x10, 0xcf, 0xfd, 0x80, 0x0f, 0xf1,
    0x4f, 0xf2, 0x00, 0x00, 0xff, 0x17, 0xfa, 0x00, 0x00, 0x0f, 0xf1, 0x8f,
    0x90, 0x00, 0x01, 0xff, 0x16, 0xfc, 0x00, 0x00, 0x6f, 0xf1, 0x1f, 0xf8,
    0x10, 0x5f, 0xff, 0x10, 0x6f, 0xff, 0xff, 0xef, 0xf1, 0x00, 0x39, 0xcb,
    0x82, 0xff, 0x10, 0x00, 0x00, 0x00, 0x0f, 0xf1, 0x00, 0x00, 0x00, 0x00,
    0xff, 0x10, 0x00, 0x00, 0x00, 0x0f, 0xf1, 0x00, 0x00, 0x00, 0x00, 0xff,
    0x10, 0x00, 0x00, 0x00, 0x0f, 0xf1, 0x07, 0x60, 0x00, 0x00, 0x0f, 0xf0,
    0x00, 0x00, 0x0e, 0xfd, 0xcc, 0xc2, 0x04, 0xdf, 0xff, 0xf2, 0x00, 0x00,
    0x00, 0x00, 0x00, 0x00, 0x00, 0x00, 0x00, 0x00, 0x00, 0x00, 0x07, 0x60,
    0x00, 0x00, 0x0f, 0xf0, 0x00, 0x00, 0x0e, 0xfd, 0xcc, 0xc2, 0x04, 0xdf,
    0xff, 0xf2, 0x66, 0x00, 0x00, 0x00, 0x00, 0xef, 0x20, 0x00, 0x00, 0x00,
    0xdf, 0xdb, 0xbb, 0xbb, 0xb0, 0x3c, 0xff, 0xff, 0xff, 0xf0, 0x5b, 0xef,
    0xeb, 0x30, 0xcf, 0xfe, 0xff, 0xf3, 0x73, 0x00, 0x1d, 0xf9, 0x00, 0x00,
    0x07, 0xfc, 0x00, 0x00, 0x05, 0xfc, 0x00, 0x00, 0x05, 0xfc, 0x00, 0x00,
    0x05, 0xfc, 0x00, 0x00, 0x05, 0xfc, 0x00, 0x00, 0x05, 0xfc, 0x00, 0x00,
    0x05, 0xfc, 0x00, 0x00, 0x05, 0xfc, 0x00, 0x00, 0x05, 0xfc, 0x00, 0x00,
    0x05, 0xfc, 0x00, 0x00, 0x05, 0xfc, 0x08, 0xef, 0xb1, 0x00, 0x00, 0x00,
    0x00, 0x05, 0xf6, 0x3d, 0xa0, 0x00, 0x00, 0x00, 0x00, 0x5f, 0x41, 0xdb,
    0x00, 0x00, 0x00, 0x00, 0x00, 0xbf, 0xfe, 0x30, 0x00, 0x00, 0x00, 0x00,
    0x00, 0x12, 0x00, 0x00, 0x00, 0x00, 0x00, 0x00, 0x00, 0x00, 0x00, 0x00,
    0x00, 0x00, 0x00, 0x00, 0x00, 0x00, 0x05, 0xbe, 0xfe, 0xb3, 0x00, 0x00,
    0x00, 0x00, 0xcf, 0xfe, 0xff, 0xf3, 0x00, 0x00, 0x00, 0x07, 0x30, 0x01,
    0xdf, 0x90, 0x00, 0x00, 0x00, 0x00, 0x00, 0x07, 0xfc, 0x00, 0x00, 0x00,
    0x00, 0x00, 0x00, 0x5f, 0xc0, 0x00, 0x00, 0x00, 0x00, 0x00, 0x05, 0xfc,
    0x00, 0x00, 0x00, 0x00, 0x00, 0x00, 0x5f, 0xc0, 0x00, 0x00, 0x00, 0x00,
    0x00, 0x05, 0xfc, 0x00, 0x00, 0x00, 0x00, 0x00, 0x00, 0x5f, 0xc0, 0x00,
    0x00, 0x00, 0x00, 0x00, 0x05, 0xfc, 0x00, 0x00, 0x00, 0x00, 0x00, 0x00,
    0x5f, 0xc0, 0x00, 0x00, 0x00, 0x00, 0x00, 0x05, 0xfc, 0x00, 0x00, 0x00,
    0x00, 0x00, 0x00, 0x5f, 0xc0, 0x00, 0x00, 0x00, 0x00, 0x00, 0x05, 0xfc,
    0x05, 0xbc, 0xcc, 0xcc, 0xcc, 0xa5, 0xff, 0xff, 0xff, 0xff, 0xfd, 0x00,
    0x00, 0x00, 0x00, 0x2f, 0xe0, 0x00, 0x00, 0x00, 0x02, 0xfe, 0x05, 0xbc,
    0xcc, 0xcc, 0xef, 0xf5, 0xff, 0xff, 0xff, 0xff, 0xfe, 0x00, 0x00, 0x00,
    0x08, 0xed, 0x50, 0x00, 0x00, 0x00, 0x3f, 0x46, 0xf1, 0x05, 0xbc, 0xcc,
    0xff, 0x35, 0xf1, 0x5f, 0xff, 0xff, 0xff, 0xfe, 0x70, 0x00, 0x00, 0x06,
    0xf6, 0x0e, 0xd0, 0x00, 0x00, 0x6f, 0x60, 0xed, 0x05, 0xbc, 0xcf, 0xff,
    0xcf, 0xf5, 0xff, 0xff, 0xff, 0xff, 0xfe, 0x2d, 0xe5, 0x1d, 0xfd, 0x01,
    0xfd, 0x01, 0xfd, 0x01, 0xfd, 0x3f, 0xd2, 0x00, 0xfd, 0x2c, 0xf6, 0x00,
    0xfd, 0x06, 0xf7, 0x01, 0xfd, 0x02, 0xfe, 0x9c, 0xf9, 0x00, 0x5d, 0xfe,
    0xa1, 0x03, 0x10, 0xbf, 0xf1, 0xef, 0xf4, 0x7f, 0xc0, 0x00, 0x00, 0x0e,
    0x90, 0x00, 0x00, 0x00, 0x00, 0x0e, 0x90, 0x00, 0x00, 0x1e, 0xee, 0xef,
    0xfc, 0x82, 0x00, 0x1f, 0xff, 0xff, 0xff, 0xff, 0x60, 0x1f, 0xf0, 0x0e,
    0xa4, 0xcf, 0xf1, 0x1f, 0xf0, 0x0e, 0x90, 0x1f, 0xf4, 0x1f, 0xf0, 0x0e,
    0x90, 0x0e, 0xf4, 0x1f, 0xf0, 0x0e, 0x90, 0x1f, 0xf1, 0x1f, 0xf0, 0x0e,
    0x93, 0xcf, 0x90, 0x1f, 0xff, 0xff, 0xff, 0xd6, 0x00, 0x1f, 0xff, 0xff,
    0xff, 0xfb, 0x30, 0x1f, 0xf0, 0x0e, 0x91, 0x8f, 0xf3, 0x1f, 0xf0, 0x0e,
    0x90, 0x0a, 0xfb, 0x1f, 0xf0, 0x0e, 0x90, 0x07, 0xfd, 0x1f, 0xf0, 0x0e,
    0x90, 0x0b, 0xfb, 0x1f, 0xf0, 0x0e, 0x91, 0x7f, 0xf6, 0x1f, 0xfe, 0xef,
    0xff, 0xff, 0xb0, 0x1f, 0xff, 0xff, 0xfe, 0xb5, 0x00, 0x00, 0x00, 0x0e,
    0x90, 0x00, 0x00, 0x00, 0x00, 0x0e, 0x90, 0x00, 0x00, 0x00, 0x00, 0x07,
    0x40, 0x00, 0x00, 0xbf, 0x70, 0x0b, 0xf7, 0x00, 0xbf, 0x70, 0x0b, 0xf7,
    0x00, 0xbf, 0x70, 0x0b, 0xf7, 0x00, 0xbf, 0x70, 0x0b, 0xf7, 0x00, 0xbf,
    0x70, 0x0b, 0xf7, 0x00, 0xbf, 0x70, 0x0a, 0xf8, 0x00, 0x7f, 0xfd, 0x60,
    0xae, 0xf6, 0xbf, 0x70, 0x00, 0x2f, 0xf0, 0x00, 0xbf, 0x70, 0x00, 0x2f,
    0xf0, 0x00, 0xbf, 0x70, 0x00, 0x2f, 0xf0, 0x00, 0xbf, 0x70, 0x00, 0x2f,
    0xf0, 0x00, 0xbf, 0x70, 0x00, 0x2f, 0xf0, 0x00, 0xbf, 0x70, 0x00, 0x2f,
    0xf0, 0x00, 0xbf, 0x70, 0x00, 0x2f, 0xf0, 0x00, 0xbf, 0x70, 0x00, 0x2f,
    0xf0, 0x00, 0xbf, 0x70, 0x00, 0x2f, 0xf0, 0x00, 0xbf, 0x70, 0x00, 0x2f,
    0xf0, 0x00, 0xbf, 0x70, 0x00, 0x2f, 0xf0, 0x00, 0xaf, 0x80, 0x00, 0x1f,
    0xf1, 0x00, 0x7f, 0xfd, 0x60, 0x0e, 0xfe, 0xe0, 0x0a, 0xef, 0x60, 0x04,
    0xdf, 0xd1, 0x4c, 0xff, 0xff, 0xff, 0x6a, 0xff, 0xec, 0xcc, 0xc4, 0x02,
    0xef, 0x20, 0x00, 0x00, 0x08, 0xf8, 0x00, 0x00, 0x00, 0x6f, 0xb0, 0x00,
    0x00, 0x05, 0xfc, 0x00, 0x00, 0x00, 0x5f, 0xc0, 0x00, 0x00, 0x0b, 0xff,
    0x00, 0x00, 0x00, 0xbf, 0xf0, 0x00, 0x00, 0x08, 0xff, 0x00, 0x00, 0x00,
    0x5f, 0xc0, 0x00, 0x00, 0x05, 0xfc, 0x00, 0x00, 0x00, 0x5f, 0xc0, 0x00,
    0x00, 0x05, 0xfc, 0x00, 0x00, 0x00, 0x5f, 0xc0, 0x00, 0x00, 0x05, 0xfc,
    0x00, 0x00, 0x00, 0x5f, 0xc0, 0x00, 0x00, 0x05, 0xfc, 0x00, 0x00, 0x00,
    0x5f, 0xd0, 0x00, 0x00, 0x02, 0xff, 0xeb, 0x00, 0x00, 0x06, 0xdf, 0xb0,
    0x00, 0x4c, 0xef, 0xc4, 0x08, 0xfd, 0xef, 0xf3, 0x30, 0x00, 0xbf, 0x80,
    0x00, 0x08, 0xf9, 0x00, 0x00, 0xdf, 0x50, 0x00, 0x9f, 0xc0, 0x00, 0x4f,
    0xf2, 0x00, 0x0c, 0xf7, 0x00, 0x00, 0xef, 0x30, 0x00, 0x0f, 0xf3, 0x00,
    0x00, 0xff, 0x30, 0x00, 0x0f, 0xf3, 0x00, 0x00, 0xff, 0x30, 0x00, 0x0f,
    0xf3, 0x00, 0x00, 0xff, 0x30, 0x00, 0x0f, 0xf3, 0x00, 0x00, 0xff, 0x30,
    0x00, 0x0f, 0xf3, 0x00, 0x00, 0xef, 0x40, 0x00, 0x0b, 0xff, 0xd3, 0x00,
    0x2c, 0xfe, 0x30, 0x0e, 0xff, 0xff, 0xff, 0x02, 0xcc, 0xcd, 0xff, 0xe0,
    0x00, 0x00, 0xbf, 0x70, 0x00, 0x00, 0x3f, 0xe0, 0x00, 0x00, 0x05, 0xfc,
    0x00, 0x00, 0x00, 0x5f, 0xc0, 0x00, 0x00, 0x05, 0xfc, 0x00, 0x00, 0x00,
    0xbf, 0xf0, 0x00, 0x00, 0x0b, 0xff, 0x00, 0x00, 0x00, 0x8f, 0xf0, 0x00,
    0x00, 0x05, 0xfc, 0x00, 0x00, 0x00, 0x5f, 0xc0, 0x00, 0x00, 0x05, 0xfc,
    0x00, 0x00, 0x00, 0x5f, 0xc0, 0x00, 0x00, 0x05, 0xfc, 0x00, 0x00, 0x00,
    0x5f, 0xc0, 0x00, 0x00, 0x05, 0xfc, 0x00, 0x00, 0x00, 0x5f, 0xc0, 0x00,
    0x00, 0x05, 0xfd, 0x00, 0x00, 0x00, 0x2f, 0xfe, 0xb0, 0x00, 0x00, 0x6d,
    0xfb, 0x00, 0x5b, 0xef, 0xeb, 0x30, 0xcf, 0xfe, 0xff, 0xf3, 0x73, 0x00,
    0x1d, 0xf9, 0x00, 0x00, 0x07, 0xfc, 0x00, 0x00, 0x05, 0xfc, 0x00, 0x00,
    0x05, 0xfc, 0x00, 0x00, 0x05, 0xfc, 0x00, 0x00, 0x05, 0xfc, 0x00, 0x00,
    0x05, 0xfc, 0x00, 0x00, 0x05, 0xfc, 0x00, 0x00, 0x05, 0xfc, 0x00, 0x00,
    0x08, 0xff, 0x00, 0x00, 0x0b, 0xff, 0x00, 0x00, 0x0b, 0xff, 0x00, 0x00,
    0x05, 0xfc, 0x00, 0x00, 0x05, 0xfc, 0x00, 0x00, 0x05, 0xfc, 0x00, 0x00,
    0x05, 0xfc, 0x00, 0x00, 0x05, 0xfc, 0x00, 0x9e, 0xe7, 0x3c, 0xfd, 0x50,
    0x09, 0xff, 0xef, 0xef, 0xef, 0xf1, 0x0e, 0xf3, 0x0e, 0xf3, 0x0e, 0xf4,
    0x1f, 0xf0, 0x0c, 0xf0, 0x0c, 0xf5, 0x1f, 0xf0, 0x04, 0x60, 0x0c, 0xf5,
    0x0f, 0xf0, 0x00, 0x00, 0x0c, 0xf5, 0x0d, 0xf7, 0x00, 0x00, 0x0c, 0xf5,
    0x06, 0xff, 0xf8, 0x00, 0x0c, 0xf5, 0x00, 0x7c, 0xc6, 0x00, 0x0c, 0xf5,
    0x00, 0x00, 0x00, 0x00, 0x0c, 0xf5, 0x00, 0x00, 0x00, 0x00, 0x0c, 0xf5,
    0x00, 0x00, 0x00, 0x00, 0x0c, 0xf5, 0x00, 0x00, 0x00, 0x00, 0x0c, 0xf5,
    0x00, 0x00, 0x00, 0x00, 0x0c, 0xf5, 0x00, 0x00, 0x00, 0x00, 0x0c, 0xf5,
    0x00, 0x00, 0x00, 0x00, 0x0c, 0xf5, 0x00, 0x00, 0x00, 0x00, 0x0c, 0xf5,
    0x00, 0x00, 0x00, 0x00, 0x0c, 0xf5, 0x00, 0x00, 0x00, 0x00, 0x0c, 0xf5,
    0x02, 0x78, 0x88, 0x88, 0x43, 0xff, 0xff, 0xff, 0xf9, 0xaf, 0x40, 0x00,
    0x00, 0x0a, 0xf0, 0x0a, 0x10, 0xb7, 0x6f, 0xbd, 0xfc, 0xbf, 0x70, 0x8e,
    0xb2, 0xcf, 0xb0, 0x14, 0x44, 0xfd, 0x4f, 0xd4, 0xfd, 0x4f, 0xd4, 0xfd,
    0x7e, 0xf8, 0x00, 0x00, 0x8d, 0xff, 0x20, 0x00, 0x00, 0xcf, 0x10, 0x00,
    0x29, 0xff, 0xcc, 0xc7, 0xdf, 0xff, 0xff, 0xf9, 0x02, 0xcc, 0x4a, 0xd7,
    0x00, 0x00, 0xdf, 0xbf, 0xce, 0xf3, 0x00, 0x1f, 0xb0, 0x20, 0x5f, 0x50,
    0x00, 0xfd, 0x20, 0x09, 0xf9, 0x80, 0x06, 0xff, 0x63, 0xff, 0xff, 0x10,
    0x01, 0x30, 0x03, 0x33, 0x30, 0x00, 0x68, 0x00, 0x00, 0xcf, 0x10, 0x59,
    0xff, 0xa8, 0x9f, 0xff, 0xfe, 0x00, 0xcf, 0x10, 0x00, 0xcf, 0x10, 0x05,
    0xab, 0xbb, 0x44, 0xff, 0xff, 0xf5, 0x6f, 0xb0, 0x00, 0x03, 0xd7, 0x00,
    0x00, 0x08, 0xef, 0xb1, 0x5f, 0x63, 0xda, 0x5f, 0x41, 0xdb, 0x0b, 0xff,
    0xe3, 0x00, 0x12, 0x00, 0x00, 0x00, 0x00, 0x00, 0x00, 0x9f, 0xf1, 0x00,
    0x0f, 0xa5, 0x12, 0xdf, 0xf4, 0x00, 0x7f, 0x76, 0x10, 0x04, 0xd0, 0x00,
    0x00, 0x00, 0x18, 0xdf, 0xfe, 0xa3, 0x00, 0x02, 0xef, 0xfd, 0xcf, 0xff,
    0x50, 0x0c, 0xfb, 0x10, 0x00, 0x7f, 0xf1, 0x3f, 0xe0, 0x03, 0x40, 0x0b,
    0xf8, 0x7f, 0xa0, 0x9f, 0xfd, 0x05, 0xfb, 0x8f, 0x80, 0xff, 0xff, 0x43,
    0xfd, 0x8f, 0x81, 0xff, 0xff, 0x54, 0xfc, 0x6f, 0xb0, 0xef, 0xff, 0x36,
    0xfb, 0x2f, 0xf1, 0x4e, 0xe8, 0x0c, 0xf7, 0x0b, 0xfb, 0x10, 0x00, 0x8f,
    0xe1, 0x01, 0xdf, 0xfc, 0xcf, 0xff, 0x40, 0x00, 0x07, 0xce, 0xfd, 0x92,
    0x00, 0x00, 0x19, 0xdf, 0xfc, 0x70, 0x00, 0x03, 0xef, 0xfe, 0xff, 0xfc,
    0x00, 0x0d, 0xfc, 0x10, 0x04, 0xef, 0x80, 0x4f, 0xf0, 0x00, 0x00, 0x5f,
    0xe0, 0x7f, 0xa0, 0x00, 0x00, 0x0f, 0xf2, 0x9f, 0x90, 0x00, 0x00, 0x0e,
    0xf3, 0x9f, 0x90, 0x00, 0x00, 0x0f, 0xf3, 0x7f, 0xb0, 0x00, 0x00, 0x1f,
    0xf2, 0x3f, 0xf1, 0x00, 0x00, 0x7f, 0xe0, 0x0c, 0xfc, 0x10, 0x04, 0xef,
    0x70, 0x02, 0xef, 0xfd, 0xef, 0xfb, 0x00, 0x00, 0x19, 0xdf, 0xfc, 0x60,
    0x00, 0x00, 0x6c, 0xff, 0xea, 0x30, 0x00, 0xaf, 0xff, 0xdf, 0xff, 0x60,
    0x5f, 0xf5, 0x00, 0x09, 0xff, 0x19, 0xf9, 0x00, 0x00, 0x0d, 0xf6, 0xbf,
    0x60, 0x00, 0x00, 0x9f, 0x9a, 0xf7, 0x00, 0x00, 0x07, 0xfb, 0x7f, 0xd2,
    0x00, 0x00, 0x7f, 0xa0, 0xef, 0xfc, 0x00, 0x0a, 0xf8, 0x03, 0xbe, 0xc0,
    0x00, 0xef, 0x50, 0x00, 0x00, 0x00, 0xaf, 0xe0, 0x00, 0x03, 0xed, 0xff,
    0xf4, 0x00, 0x00, 0x3e, 0xfe, 0xa3, 0x00, 0x9f, 0x70, 0x00, 0x00, 0x00,
    0x00, 0x09, 0xf7, 0x00, 0x00, 0x00, 0x00, 0x00, 0x9f, 0x70, 0x00, 0x00,
    0x00, 0x00, 0x09, 0xf7, 0x01, 0x9a, 0x32, 0x99, 0x20, 0x9f, 0x70, 0xdf,
    0xfe, 0xdf, 0xfe, 0x09, 0xf7, 0x2f, 0xe1, 0xdd, 0x1e, 0xf4, 0x9f, 0x73,
    0xfb, 0x04, 0x40, 0xcf, 0x49, 0xf7, 0x2f, 0xd0, 0x00, 0x0c, 0xf5, 0x9f,
    0x70, 0xdf, 0xc7, 0x00, 0xcf, 0x58, 0xf8, 0x03, 0xcf, 0x90, 0x0c, 0xf4,
    0x7f, 0xa0, 0x00, 0x00, 0x00, 0xef, 0x33, 0xff, 0x10, 0x00, 0x00, 0x3f,
    0xf0, 0x0c, 0xfd, 0x30, 0x00, 0x3d, 0xfa, 0x00, 0x2d, 0xff, 0xed, 0xef,
    0xfd, 0x10, 0x00, 0x07, 0xce, 0xfe, 0xc7, 0x00, 0x00, 0x01, 0xbf, 0xd4,
    0x8e, 0xe9, 0x00, 0xbf, 0xfe, 0xef, 0xdf, 0xf8, 0x3f, 0xf1, 0x1f, 0xa0,
    0x5f, 0xc6, 0xfb, 0x00, 0x42, 0x03, 0xfd, 0x8f, 0x80, 0x00, 0x00, 0x3f,
    0xe9, 0xf8, 0x00, 0x00, 0x03, 0xfe, 0x9f, 0x80, 0x00, 0x00, 0x3f, 0xe7,
    0xf9, 0x00, 0x00, 0x03, 0xfe, 0x5f, 0xc0, 0x00, 0x00, 0x3f, 0xe1, 0xff,
    0x40, 0x00, 0x03, 0xfe, 0x09, 0xff, 0xc7, 0x00, 0x3f, 0xe0, 0x09, 0xef,
    0x90, 0x03, 0xfe, 0x00, 0x00, 0x00, 0x00, 0x48, 0x30, 0x00, 0x00, 0x00,
    0x0a, 0xf6, 0x00, 0x00, 0x00, 0x00, 0xdf, 0x40, 0x01, 0x9c, 0xdd, 0xff,
    0xd0, 0x02, 0xff, 0xff, 0xfe, 0xb2, 0x00, 0xcf, 0xb2, 0x00, 0x00, 0x00,
    0x3f, 0xf0, 0x00, 0x00, 0x00, 0x07, 0xfa, 0x00, 0x00, 0x00, 0x00, 0x8f,
    0x80, 0x00, 0x1a, 0xfe, 0x09, 0xf8, 0x00, 0x09, 0xfe, 0x90, 0x8f, 0x90,
    0x00, 0xdf, 0x20, 0x05, 0xfc, 0x00, 0x0e, 0xf0, 0x00, 0x1f, 0xf7, 0x00,
    0xaf, 0x50, 0x00, 0x7f, 0xff, 0xde, 0xff, 0xd9, 0x00, 0x5c, 0xff, 0xff,
    0xff, 0xb0, 0x00, 0x04, 0xde, 0xa0, 0x7f, 0x70, 0x00, 0xe9, 0x3e, 0x57,
    0xf6, 0x00, 0x0e, 0x71, 0xe5, 0xcf, 0x40, 0x01, 0xcf, 0xff, 0xff, 0xd0,
    0x03, 0xef, 0xff, 0xfe, 0xa2, 0x00, 0xdf, 0xb2, 0x00, 0x00, 0x00, 0x4f,
    0xf1, 0x00, 0x00, 0x00, 0x07, 0xfb, 0x00, 0x00, 0x00, 0x00, 0x9f, 0x90,
    0x00, 0x1a, 0xfe, 0x09, 0xf8, 0x00, 0x08, 0xfe, 0x90, 0x8f, 0x90, 0x00,
    0xcf, 0x20, 0x05, 0xfc, 0x00, 0x0d, 0xf0, 0x00, 0x1f, 0xf7, 0x00, 0xaf,
    0x50, 0x00, 0x7f, 0xff, 0xdf, 0xff, 0xd9, 0x00, 0x5c, 0xff, 0xff, 0xff,
    0xc0, 0x8f, 0x70, 0x00, 0x00, 0x00, 0x00, 0x3f, 0xb0, 0x00, 0x00, 0x00,
    0x00, 0x0f, 0xf0, 0x00, 0x00, 0x00, 0x00, 0x0b, 0xf6, 0xae, 0xfd, 0x80,
    0x00, 0x07, 0xff, 0xfe, 0xef, 0xfc, 0x00, 0x03, 0xff, 0x30, 0x03, 0xef,
    0x60, 0x00, 0xb7, 0x00, 0x00, 0x6f, 0xc0, 0x00, 0x00, 0x00, 0x00, 0x2f,
    0xf0, 0x00, 0x00, 0x00, 0x00, 0x1f, 0xf0, 0x00, 0x00, 0x00, 0x00, 0x1f,
    0xf1, 0x00, 0x00, 0x00, 0x00, 0x2f, 0xf0, 0x00, 0x00, 0x00, 0x00, 0x7f,
    0xc0, 0x00, 0xbc, 0x10, 0x03, 0xef, 0x60, 0x01, 0xdf, 0xfd, 0xef, 0xfb,
    0x00, 0x00, 0x08, 0xdf, 0xfc, 0x70, 0x00, 0x00, 0x00, 0x00, 0x00, 0x00,
    0x00, 0x7f, 0xa0, 0x00, 0x00, 0x00, 0x00, 0x00, 0x07, 0xfa, 0x00, 0x00,
    0x00, 0x00, 0x00, 0x00, 0x7f, 0xa0, 0x2c, 0xfc, 0x2a, 0xfe, 0x60, 0x07,
    0xfa, 0x0d, 0xfe, 0xfe, 0xfe, 0xff, 0x20, 0x7f, 0xa4, 0xfe, 0x04, 0xf6,
    0x0c, 0xf5, 0x07, 0xfa, 0x7f, 0xa0, 0x05, 0x10, 0xaf, 0x60, 0x7f, 0xa9,
    0xf8, 0x00, 0x00, 0x0a, 0xf6, 0x07, 0xfa, 0x9f, 0x80, 0x00, 0x00, 0xaf,
    0x60, 0x7f, 0xa9, 0xf8, 0x00, 0x00, 0x0a, 0xf6, 0x07, 0xfa, 0x7f, 0x90,
    0x00, 0x00, 0xaf, 0x60, 0x7f, 0x95, 0xfc, 0x00, 0x00, 0x0a, 0xf6, 0x09,
    0xf8, 0x1f, 0xf3, 0x00, 0x00, 0xaf, 0x62, 0xef, 0x30, 0x8f, 0xfc, 0x60,
    0x0a, 0xfe, 0xff, 0x90, 0x00, 0x8e, 0xf9, 0x00, 0xaf, 0xec, 0x60, 0x00,
    0x00, 0x00, 0x00, 0x00, 0x6f, 0x90, 0x00, 0x00, 0x00, 0x00, 0x7f, 0x80,
    0x00, 0x00, 0x00, 0x00, 0xbf, 0x60, 0x00, 0x29, 0xcd, 0xdf, 0xff, 0x10,
    0x03, 0xff, 0xff, 0xff, 0xc3, 0x00, 0x0d, 0xfa, 0x20, 0x00, 0x00, 0x00,
    0x3f, 0xf0, 0x00, 0x00, 0x00, 0x00, 0x7f, 0xa0, 0x00, 0x00, 0x02, 0x00,
    0x8f, 0x80, 0x00, 0x00, 0x2f, 0xa0, 0x9f, 0x80, 0x00, 0x00, 0x4f, 0xf2,
    0x8f, 0x90, 0x00, 0x00, 0x0b, 0xf5, 0x6f, 0xd0, 0x0c, 0x90, 0x0a, 0xf6,
    0x1f, 0xf9, 0xbf, 0xd0, 0x0e, 0xf3, 0x08, 0xff, 0xfa, 0xfe, 0xef, 0xc0,
    0x00, 0x7e, 0xa0, 0x7e, 0xfb, 0x10, 0x00, 0x00, 0x00, 0x00, 0x1f, 0xe0,
    0x00, 0x00, 0x00, 0x01, 0xfd, 0x00, 0x00, 0x00, 0x00, 0x4f, 0xc0, 0x1a,
    0xee, 0x78, 0xff, 0xf8, 0x0b, 0xfd, 0xef, 0xfe, 0xb7, 0x02, 0xfe, 0x02,
    0xff, 0x20, 0x00, 0x6f, 0xa0, 0x0b, 0xf4, 0x00, 0x08, 0xf8, 0x00, 0x5f,
    0xa0, 0x00, 0x9f, 0x80, 0x00, 0xef, 0x10, 0x09, 0xf8, 0x00, 0x09, 0xf7,
    0x00, 0x8f, 0x90, 0x00, 0x3f, 0xd0, 0x05, 0xfc, 0x00, 0x00, 0xdf, 0x30,
    0x1f, 0xf4, 0x00, 0x07, 0xfa, 0x00, 0x9f, 0xfd, 0x70, 0x1f, 0xf1, 0x00,
    0x8e, 0xf9, 0x00, 0xbf, 0x70, 0x02, 0xaf, 0xfa, 0x00, 0xff, 0x10, 0x01,
    0xff, 0x10, 0xdf, 0xfd, 0x70, 0x0f, 0xf1, 0x00, 0x1f, 0xf1, 0x5f, 0xe2,
    0x00, 0x00, 0xff, 0x10, 0x01, 0xff, 0x18, 0xf9, 0x00, 0x00, 0x1f, 0xf1,
    0x00, 0x2f, 0xf1, 0x7f, 0xa0, 0x00, 0x04, 0xff, 0x10, 0x07, 0xff, 0x13,
    0xff, 0x40, 0x01, 0xcf, 0xf3, 0x26, 0xff, 0xf1, 0x0a, 0xff, 0xed, 0xff,
    0xff, 0xff, 0xff, 0xff, 0x10, 0x07, 0xdf, 0xeb, 0x5f, 0xff, 0xfc, 0x5f,
    0xf1, 0x00, 0x00, 0x00, 0x00, 0xff, 0x10, 0x01, 0xff, 0x10, 0x00, 0x00,
    0x00, 0x0f, 0xf1, 0x00, 0x1f, 0xf1, 0x00, 0x00, 0x00, 0x00, 0xff, 0x10,
    0x01, 0xff, 0x10, 0x00, 0x00, 0x00, 0x0f, 0xf1, 0x00, 0x1f, 0xf1, 0x00,
    0x00, 0x00, 0x00, 0xff, 0x10, 0x01, 0xff, 0x10, 0x00, 0x00, 0x00, 0x0f,
    0xf1, 0x00, 0x1f, 0xf1, 0x01, 0x8b, 0xa5, 0x00, 0x00, 0x00, 0x00, 0x00,
    0x00, 0x01, 0xef, 0xff, 0xf7, 0x00, 0x00, 0x00, 0x00, 0x00, 0x00, 0x8f,
    0xb1, 0x4f, 0xd0, 0x67, 0x03, 0x90, 0x11, 0x00, 0x0c, 0xf4, 0x00, 0xed,
    0x0c, 0xf2, 0x9f, 0x4a, 0xd0, 0x00, 0xcf, 0x40, 0x0c, 0x90, 0xff, 0x9d,
    0xf9, 0xff, 0x40, 0x0b, 0xf6, 0x00, 0x00, 0x5f, 0xbf, 0xf5, 0xfe, 0xde,
    0xa5, 0x6f, 0xe2, 0x00, 0x4f, 0xd1, 0xfe, 0x0d, 0x92, 0xcf, 0x60, 0xcf,
    0xfd, 0xef, 0xf3, 0x07, 0x70, 0x00, 0x00, 0x00, 0x00, 0x8d, 0xfe, 0xb3,
    0x00, 0x00, 0x00, 0x00, 0x00, 0x00, 0x00, 0x00, 0x00, 0x00, 0x00, 0x00,
    0x00, 0x00, 0x00, 0x01, 0x00, 0x00, 0x00, 0x00, 0x00, 0x00, 0x00, 0x00,
    0x04, 0x9e, 0xf9, 0x00, 0x00, 0x00, 0x00, 0x00, 0x00, 0x15, 0xaf, 0xff,
    0xff, 0xd0, 0x00, 0x00, 0x00, 0x00, 0x27, 0xcf, 0xff, 0xff, 0xff, 0xfd,
    0x00, 0x00, 0x00, 0x05, 0xdf, 0xff, 0xff, 0xff, 0xff, 0xff, 0xd0, 0x00,
    0x00, 0x00, 0xff, 0xff, 0xff, 0xff, 0xff, 0xff, 0xfd, 0x00, 0x00, 0x00,
    0x0f, 0xff, 0xff, 0xff, 0xff, 0xff, 0xff, 0xd0, 0x00, 0x00, 0x00, 0xff,
    0xff, 0xff, 0xff, 0xff, 0xff, 0xfd, 0x00, 0x00, 0x00, 0x0f, 0xff, 0xff,
    0xff, 0xff, 0xb6, 0x1f, 0xd0, 0x00, 0x00, 0x00, 0xff, 0xff, 0xfe, 0xa5,
    0x00, 0x00, 0xfd, 0x00, 0x00, 0x00, 0x0f, 0xfd, 0x94, 0x00, 0x00, 0x00,
    0x0f, 0xd0, 0x00, 0x00, 0x00, 0xfd, 0x00, 0x00, 0x00, 0x00, 0x00, 0xfd,
    0x00, 0x00, 0x00, 0x0f, 0xd0, 0x00, 0x00, 0x00, 0x00, 0x0f, 0xd0, 0x00,
    0x00, 0x00, 0xfd, 0x00, 0x00, 0x00, 0x00, 0x00, 0xfd, 0x00, 0x00, 0x00,
    0x0f, 0xd0, 0x00, 0x00, 0x15, 0x64, 0x1f, 0xd0, 0x00, 0x00, 0x00, 0xfd,
    0x00, 0x01, 0xaf, 0xff, 0xff, 0xfd, 0x00, 0x00, 0x00, 0x0f, 0xd0, 0x00,
    0xaf, 0xff, 0xff, 0xff, 0xd0, 0x00, 0x00, 0x00, 0xfd, 0x00, 0x0c, 0xff,
    0xff, 0xff, 0xfc, 0x03, 0xae, 0xfe, 0xaf, 0xd0, 0x00, 0x3e, 0xff, 0xff,
    0xfe, 0x36, 0xff, 0xff, 0xff, 0xfd, 0x00, 0x00, 0x16, 0x9b, 0x95, 0x00,
    0xdf, 0xff, 0xff, 0xff, 0xd0, 0x00, 0x00, 0x00, 0x00, 0x00, 0x08, 0xff,
    0xff, 0xff, 0xf8, 0x00, 0x00, 0x00, 0x00, 0x00, 0x00, 0x06, 0xcf, 0xff,
    0xc5, 0x00, 0x00, 0x00, 0x00, 0x00, 0x00, 0x00, 0x00, 0x01, 0x00, 0x00,
    0x00, 0x00, 0x00, 0x00, 0x00, 0x00, 0xaf, 0xff, 0xff, 0x80, 0x2e, 0xff,
    0xff, 0xff, 0xff, 0xff, 0xff, 0xfa, 0xff, 0xff, 0xff, 0xd0, 0x6f, 0xff,
    0xff, 0xff, 0xff, 0xff, 0xff, 0xff, 0xff, 0xff, 0xff, 0xd0, 0x6f, 0xff,
    0xff, 0xff, 0xff, 0xff, 0xff, 0xff, 0xff, 0xff, 0xff, 0xd0, 0x6f, 0xff,
    0xff, 0xff, 0xff, 0xff, 0xff, 0xff, 0xcf, 0xff, 0xff, 0x90, 0x3f, 0xff,
    0xff, 0xff, 0xff, 0xff, 0xff, 0xfc, 0x02, 0x22, 0x21, 0x00, 0x01, 0x22,
    0x22, 0x22, 0x22, 0x22, 0x22, 0x20, 0x00, 0x00, 0x00, 0x00, 0x00, 0x00,
    0x00, 0x00, 0x00, 0x00, 0x00, 0x00, 0xaf, 0xff, 0xff, 0x80, 0x2e, 0xff,
    0xff, 0xff, 0xff, 0xff, 0xff, 0xfa, 0xff, 0xff, 0xff, 0xd0, 0x6f, 0xff,
    0xff, 0xff, 0xff, 0xff, 0xff, 0xff, 0xff, 0xff, 0xff, 0xd0, 0x6f, 0xff,
    0xff, 0xff, 0xff, 0xff, 0xff, 0xff, 0xff, 0xff, 0xff, 0xd0, 0x6f, 0xff,
    0xff, 0xff, 0xff, 0xff, 0xff, 0xff, 0xcf, 0xff, 0xff, 0x90, 0x3f, 0xff,
    0xff, 0xff, 0xff, 0xff, 0xff, 0xfc, 0x02, 0x22, 0x21, 0x00, 0x01, 0x22,
    0x22, 0x22, 0x22, 0x22, 0x22, 0x20, 0x02, 0x22, 0x21, 0x00, 0x01, 0x22,
    0x22, 0x22, 0x22, 0x22, 0x22, 0x20, 0xcf, 0xff, 0xff, 0x90, 0x3f, 0xff,
    0xff, 0xff, 0xff, 0xff, 0xff, 0xfc, 0xff, 0xff, 0xff, 0xd0, 0x6f, 0xff,
    0xff, 0xff, 0xff, 0xff, 0xff, 0xff, 0xff, 0xff, 0xff, 0xd0, 0x6f, 0xff,
    0xff, 0xff, 0xff, 0xff, 0xff, 0xff, 0xff, 0xff, 0xff, 0xd0, 0x6f, 0xff,
    0xff, 0xff, 0xff, 0xff, 0xff, 0xff, 0xaf, 0xff, 0xff, 0x80, 0x2e, 0xff,
    0xff, 0xff, 0xff, 0xff, 0xff, 0xfa, 0x00, 0x00, 0x00, 0x00, 0x00, 0x00,
    0x00, 0x00, 0x00, 0x00, 0x00, 0x00, 0x00, 0x00, 0x00, 0x00, 0x00, 0x00,
    0x00, 0x1c, 0xf6, 0x00, 0x00, 0x00, 0x00, 0x00, 0x00, 0x00, 0x00, 0x01,
    0xcf, 0xff, 0x60, 0x00, 0x00, 0x00, 0x00, 0x00, 0x00, 0x00, 0x0c, 0xff,
    0xff, 0xf3, 0x00, 0x00, 0x00, 0x00, 0x00, 0x00, 0x00, 0xcf, 0xff, 0xff,
    0xf3, 0x00, 0x02, 0x00, 0x00, 0x00, 0x00, 0x0c, 0xff, 0xff, 0xff, 0x60,
    0x00, 0x8f, 0xe2, 0x00, 0x00, 0x00, 0xcf, 0xff, 0xff, 0xf6, 0x00, 0x08,
    0xff, 0xfe, 0x20, 0x00, 0x0c, 0xff, 0xff, 0xff, 0x60, 0x00, 0x4f, 0xff,
    0xff, 0xe2, 0x00, 0xcf, 0xff, 0xff, 0xf6, 0x00, 0x00, 0x2f, 0xff, 0xff,
    0xfe, 0x2c, 0xff, 0xff, 0xff, 0x60, 0x00, 0x00, 0x04, 0xff, 0xff, 0xff,
    0xff, 0xff, 0xff, 0xf6, 0x00, 0x00, 0x00, 0x00, 0x4f, 0xff, 0xff, 0xff,
    0xff, 0xff, 0x60, 0x00, 0x00, 0x00, 0x00, 0x04, 0xff, 0xff, 0xff, 0xff,
    0xf6, 0x00, 0x00, 0x00, 0x00, 0x00, 0x00, 0x4f, 0xff, 0xff, 0xff, 0x60,
    0x00, 0x00, 0x00, 0x00, 0x00, 0x00, 0x04, 0xff, 0xff, 0xf6, 0x00, 0x00,
    0x00, 0x00, 0x00, 0x00, 0x00, 0x00, 0x4f, 0xff, 0x60, 0x00, 0x00, 0x00,
    0x00, 0x00, 0x00, 0x00, 0x00, 0x04, 0xc6, 0x00, 0x00, 0x00, 0x00, 0x00,
    0x00, 0x00, 0xad, 0x30, 0x00, 0x00, 0x02, 0xcb, 0x00, 0x0b, 0xff, 0xe3,
    0x00, 0x00, 0x2e, 0xff, 0xc0, 0xaf, 0xff, 0xfe, 0x30, 0x02, 0xef, 0xff,
    0xfb, 0xdf, 0xff, 0xff, 0xe3, 0x2e, 0xff, 0xff, 0xfe, 0x3f, 0xff, 0xff,
    0xfe, 0xef, 0xff, 0xff, 0xf4, 0x03, 0xff, 0xff, 0xff, 0xff, 0xff, 0xff,
    0x40, 0x00, 0x3f, 0xff, 0xff, 0xff, 0xff, 0xf4, 0x00, 0x00, 0x03, 0xff,
    0xff, 0xff, 0xff, 0x40, 0x00, 0x00, 0x02, 0xef, 0xff, 0xff, 0xfe, 0x30,
    0x00, 0x00, 0x2e, 0xff, 0xff, 0xff, 0xff, 0xe3, 0x00, 0x02, 0xef, 0xff,
    0xff, 0xff, 0xff, 0xfe, 0x30, 0x2e, 0xff, 0xff, 0xff, 0xff, 0xff, 0xff,
    0xe3, 0xcf, 0xff, 0xff, 0xf4, 0x3f, 0xff, 0xff, 0xfe, 0xbf, 0xff, 0xff,
    0x40, 0x03, 0xff, 0xff, 0xfc, 0x1c, 0xff, 0xf4, 0x00, 0x00, 0x3f, 0xff,
    0xd1, 0x00, 0xbe, 0x40, 0x00, 0x00, 0x03, 0xec, 0x10, 0x00, 0x00, 0x00,
    0x00, 0x7d, 0xdd, 0x50, 0x00, 0x00, 0x00, 0x00, 0x00, 0x00, 0x00, 0x0c,
    0xff, 0xfa, 0x00, 0x00, 0x00, 0x00, 0x00, 0x05, 0xe6, 0x00, 0xff, 0xff,
    0xc0, 0x08, 0xe3, 0x00, 0x00, 0x05, 0xff, 0xfb, 0xcf, 0xff, 0xff, 0xbc,
    0xff, 0xe3, 0x00, 0x01, 0xff, 0xff, 0xff, 0xff, 0xff, 0xff, 0xff, 0xff,
    0xd0, 0x00, 0x0a, 0xff, 0xff, 0xff, 0xff, 0xff, 0xff, 0xff, 0xf7, 0x00,
    0x00, 0x0d, 0xff, 0xff, 0xff, 0xff, 0xff, 0xff, 0xfb, 0x00, 0x00, 0x00,
    0xef, 0xff, 0xf9, 0x20, 0x2a, 0xff, 0xff, 0xc0, 0x00, 0x8b, 0xdf, 0xff,
    0xf8, 0x00, 0x00, 0x0a, 0xff, 0xff, 0xca, 0x5f, 0xff, 0xff, 0xff, 0x00,
    0x00, 0x00, 0x2f, 0xff, 0xff, 0xfd, 0xff, 0xff, 0xff, 0xe0, 0x00, 0x00,
    0x00, 0xff, 0xff, 0xff, 0xdf, 0xff, 0xff, 0xff, 0x00, 0x00, 0x00, 0x2f,
    0xff, 0xff, 0xfd, 0x7a, 0xcf, 0xff, 0xf8, 0x00, 0x00, 0x0a, 0xff, 0xff,
    0xdb, 0x60, 0x00, 0xef, 0xff, 0xf9, 0x20, 0x2a, 0xff, 0xff, 0xc0, 0x00,
    0x00, 0x0d, 0xff, 0xff, 0xff, 0xff, 0xff, 0xff, 0xfb, 0x00, 0x00, 0x09,
    0xff, 0xff, 0xff, 0xff, 0xff, 0xff, 0xff, 0xf8, 0x00, 0x00, 0xff, 0xff,
    0xff, 0xff, 0xff, 0xff, 0xff, 0xff, 0xe0, 0x00, 0x04, 0xff, 0xfb, 0xcf,
    0xff, 0xff, 0xbc, 0xff, 0xf3, 0x00, 0x00, 0x04, 0xe6, 0x00, 0xef, 0xff,
    0xc0, 0x08, 0xe3, 0x00, 0x00, 0x00, 0x00, 0x00, 0x0c, 0xff, 0xfa, 0x00,
    0x00, 0x00, 0x00, 0x00, 0x00, 0x00, 0x00, 0x7d, 0xdd, 0x50, 0x00, 0x00,
    0x00, 0x00, 0x00, 0x00, 0x00, 0x00, 0x00, 0x02, 0x00, 0x00, 0x22, 0x10,
    0x00, 0x00, 0x00, 0x00, 0x00, 0x00, 0x1c, 0xfc, 0x10, 0x6f, 0xff, 0x00,
    0x00, 0x00, 0x00, 0x00, 0x00, 0x3e, 0xff, 0xfd, 0x26, 0xff, 0xf0, 0x00,
    0x00, 0x00, 0x00, 0x00, 0x5f, 0xfd, 0x5d, 0xfe, 0x9f, 0xff, 0x00, 0x00,
    0x00, 0x00, 0x00, 0x7f, 0xfc, 0x28, 0x2c, 0xff, 0xff, 0xf0, 0x00, 0x00,
    0x00, 0x00, 0xaf, 0xf9, 0x2c, 0xfd, 0x2a, 0xff, 0xff, 0x00, 0x00, 0x00,
    0x01, 0xcf, 0xf7, 0x3e, 0xff, 0xfe, 0x38, 0xff, 0xf0, 0x00, 0x00, 0x03,
    0xef, 0xf4, 0x5f, 0xff, 0xff, 0xff, 0x55, 0xff, 0xc1, 0x00, 0x05, 0xff,
    0xd2, 0x7f, 0xff, 0xff, 0xff, 0xff, 0x74, 0xef, 0xe3, 0x02, 0xff, 0xc1,
    0x9f, 0xff, 0xff, 0xff, 0xff, 0xff, 0xa2, 0xdf, 0xf0, 0x09, 0x90, 0xbf,
    0xff, 0xff, 0xff, 0xff, 0xff, 0xff, 0xc1, 0xb6, 0x00, 0x00, 0x0f, 0xff,
    0xff, 0xff, 0xff, 0xff, 0xff, 0xff, 0x00, 0x00, 0x00, 0x00, 0xff, 0xff,
    0xff, 0xdd, 0xdf, 0xff, 0xff, 0xf0, 0x00, 0x00, 0x00, 0x0f, 0xff, 0xff,
    0xf0, 0x00, 0xff, 0xff, 0xff, 0x00, 0x00, 0x00, 0x00, 0xff, 0xff, 0xff,
    0x00, 0x0f, 0xff, 0xff, 0xf0, 0x00, 0x00, 0x00, 0x0f, 0xff, 0xff, 0xf0,
    0x00, 0xff, 0xff, 0xff, 0x00, 0x00, 0x00, 0x00, 0xff, 0xff, 0xff, 0x00,
    0x0f, 0xff, 0xff, 0xf0, 0x00, 0x00, 0x00, 0x0c, 0xff, 0xff, 0xf0, 0x00,
    0xff, 0xff, 0xfd, 0x00, 0x00, 0x00, 0x00, 0x00, 0x00, 0x2b, 0xbb, 0xb5,
    0x00, 0x00, 0x00, 0x00, 0x00, 0x00, 0x00, 0x00, 0x6f, 0xff, 0xfb, 0x00,
    0x00, 0x00, 0x00, 0x00, 0x00, 0x00, 0x00, 0x7f, 0xff, 0xfb, 0x00, 0x00,
    0x00, 0x00, 0x00, 0x00, 0x00, 0x00, 0x7f, 0xff, 0xfb, 0x00, 0x00, 0x00,
    0x00, 0x00, 0x00, 0x00, 0x00, 0x7f, 0xff, 0xfb, 0x00, 0x00, 0x00, 0x00,
    0x00, 0x00, 0x00, 0x00, 0x7f, 0xff, 0xfb, 0x00, 0x00, 0x00, 0x00, 0x00,
    0x00, 0x00, 0x00, 0x7f, 0xff, 0xfb, 0x00, 0x00, 0x00, 0x00, 0x00, 0x00,
    0x7d, 0xdd, 0xef, 0xff, 0xff, 0xdd, 0xda, 0x00, 0x00, 0x00, 0x00, 0x7f,
    0xff, 0xff, 0xff, 0xff, 0xff, 0xfc, 0x00, 0x00, 0x00, 0x00, 0x09, 0xff,
    0xff, 0xff, 0xff, 0xff, 0xc0, 0x00, 0x00, 0x00, 0x00, 0x00, 0x9f, 0xff,
    0xff, 0xff, 0xfc, 0x00, 0x00, 0x00, 0x00, 0x00, 0x00, 0x09, 0xff, 0xff,
    0xff, 0xc0, 0x00, 0x00, 0x00, 0x00, 0x00, 0x00, 0x00, 0x9f, 0xff, 0xfc,
    0x00, 0x00, 0x00, 0x00, 0x00, 0x00, 0x00, 0x00, 0x09, 0xff, 0xc0, 0x00,
    0x00, 0x00, 0x00, 0x9f, 0xff, 0xff, 0xfd, 0x10, 0x8a, 0x00, 0xbf, 0xff,
    0xff, 0xfa, 0xff, 0xff, 0xff, 0xff, 0xd1, 0x00, 0x0a, 0xff, 0xff, 0xff,
    0xff, 0xff, 0xff, 0xff, 0xff, 0xfe, 0x87, 0xdf, 0xff, 0xff, 0xff, 0xff,
    0xff, 0xff, 0xff, 0xff, 0xff, 0xff, 0xff, 0xfd, 0xaf, 0xf9, 0xff, 0xff,
    0xff, 0xff, 0xff, 0xff, 0xff, 0xff, 0xf8, 0x1f, 0xe0, 0xef, 0xff, 0xff,
    0xff, 0xff, 0xff, 0xff, 0xff, 0xff, 0xff, 0xff, 0xff, 0xaf, 0xff, 0xff,
    0xff, 0xff, 0xff, 0xff, 0xff, 0xff, 0xff, 0xfa, 0x00, 0x00, 0x00, 0x27,
    0xac, 0xdb, 0x95, 0x00, 0x00, 0x00, 0x00, 0x00, 0x01, 0xaf, 0xff, 0xff,
    0xff, 0xfe, 0x70, 0x01, 0xd8, 0x00, 0x04, 0xef, 0xff, 0xff, 0xff, 0xff,
    0xff, 0xc3, 0xef, 0xb0, 0x04, 0xff, 0xff, 0xfd, 0xb9, 0xbe, 0xff, 0xff,
    0xff, 0xfb, 0x02, 0xff, 0xff, 0xc4, 0x00, 0x00, 0x05, 0xdf, 0xff, 0xff,
    0xb0, 0xbf, 0xff, 0x90, 0x00, 0x00, 0x00, 0x03, 0xff, 0xff, 0xfb, 0x3f,
    0xff, 0xb0, 0x00, 0x00, 0x00, 0x01, 0xdf, 0xff, 0xff, 0xb8, 0xff, 0xf2,
    0x00, 0x00, 0x00, 0x00, 0xdf, 0xff, 0xff, 0xfb, 0x7b, 0xb8, 0x00, 0x00,
    0x00, 0x00, 0x08, 0xbb, 0xbb, 0xbb, 0x50, 0x00, 0x00, 0x00, 0x00, 0x00,
    0x00, 0x00, 0x00, 0x00, 0x00, 0x00, 0x00, 0x00, 0x00, 0x00, 0x00, 0x00,
    0x00, 0x00, 0x00, 0x00, 0x00, 0x00, 0x00, 0x00, 0x00, 0x00, 0x00, 0x00,
    0x00, 0x00, 0x8c, 0xcc, 0xcc, 0xb5, 0x00, 0x00, 0x00, 0x00, 0x0b, 0xcb,
    0x3f, 0xff, 0xff, 0xff, 0x90, 0x00, 0x00, 0x00, 0x06, 0xff, 0xf2, 0xff,
    0xff, 0xff, 0xb0, 0x00, 0x00, 0x00, 0x01, 0xef, 0xfc, 0x0f, 0xff, 0xff,
    0xd0, 0x00, 0x00, 0x00, 0x00, 0xcf, 0xff, 0x50, 0xff, 0xff, 0xff, 0xa1,
    0x00, 0x00, 0x04, 0xdf, 0xff, 0xb0, 0x0f, 0xff, 0xff, 0xff, 0xfb, 0x87,
    0x9d, 0xff, 0xff, 0xd1, 0x00, 0xff, 0xc6, 0xff, 0xff, 0xff, 0xff, 0xff,
    0xff, 0xd1, 0x00, 0x0e, 0xc0, 0x03, 0xcf, 0xff, 0xff, 0xff, 0xff, 0x90,
    0x00, 0x00, 0x00, 0x00, 0x00, 0x39, 0xde, 0xfe, 0xc7, 0x10, 0x00, 0x00,
    0x00, 0x00, 0x00, 0x00, 0x00, 0x00, 0x00, 0x00, 0x00, 0x00, 0x00, 0x00,
    0x00, 0x00, 0x00, 0x00, 0x00, 0x00, 0x00, 0x09, 0xd5, 0x00, 0x00, 0x00,
    0x00, 0x00, 0x00, 0x29, 0x00, 0x00, 0x06, 0xff, 0x80, 0x00, 0x00, 0x00,
    0x00, 0x02, 0xef, 0x40, 0x00, 0x00, 0x2d, 0xf8, 0x00, 0x00, 0x00, 0x00,
    0x2e, 0xff, 0x40, 0x02, 0xd8, 0x01, 0xef, 0x30, 0x00, 0x00, 0x02, 0xef,
    0xff, 0x40, 0x01, 0xef, 0xc0, 0x4f, 0xc0, 0x00, 0x00, 0x2e, 0xff, 0xff,
    0x40, 0x00, 0x0b, 0xf9, 0x0b, 0xf4, 0xcf, 0xff, 0xff, 0xff, 0xff, 0x40,
    0x99, 0x10, 0xdf, 0x35, 0xf9, 0xff, 0xff, 0xff, 0xff, 0xff, 0x41, 0xdf,
    0xe2, 0x6f, 0x81, 0xfc, 0xff, 0xff, 0xff, 0xff, 0xff, 0x40, 0x08, 0xfa,
    0x1f, 0xc0, 0xfe, 0xff, 0xff, 0xff, 0xff, 0xff, 0x40, 0x01, 0xfc, 0x0f,
    0xd0, 0xdf, 0xff, 0xff, 0xff, 0xff, 0xff, 0x40, 0x09, 0xf9, 0x1f, 0xc0,
    0xfe, 0xff, 0xff, 0xff, 0xff, 0xff, 0x41, 0xef, 0xe1, 0x6f, 0x81, 0xfc,
    0xbe, 0xee, 0xff, 0xff, 0xff, 0x40, 0x88, 0x10, 0xef, 0x26, 0xf9, 0x00,
    0x00, 0x2e, 0xff, 0xff, 0x40, 0x00, 0x1b, 0xf8, 0x0c, 0xf3, 0x00, 0x00,
    0x02, 0xef, 0xff, 0x40, 0x02, 0xef, 0xa0, 0x4f, 0xc0, 0x00, 0x00, 0x00,
    0x2e, 0xff, 0x40, 0x01, 0xc6, 0x02, 0xef, 0x30, 0x00, 0x00, 0x00, 0x02,
    0xef, 0x40, 0x00, 0x00, 0x2d, 0xf7, 0x00, 0x00, 0x00, 0x00, 0x00, 0x28,
    0x00, 0x00, 0x06, 0xff, 0x70, 0x00, 0x00, 0x00, 0x00, 0x00, 0x00, 0x00,
    0x00, 0x09, 0xd4, 0x00, 0x00, 0x2b, 0xdd, 0xdd, 0xdd, 0xdd, 0xdd, 0xdd,
    0xdd, 0xdd, 0xdd, 0xdd, 0xdd, 0xa1, 0xcf, 0xff, 0xff, 0xff, 0xff, 0xff,
    0xff, 0xff, 0xff, 0xff, 0xff, 0xff, 0xfa, 0xfe, 0x00, 0x00, 0x00, 0x00,
    0x00, 0x00, 0x00, 0x00, 0x00, 0x00, 0x00, 0xfd, 0xfd, 0x00, 0x00, 0x10,
    0x00, 0x00, 0x00, 0x00, 0x00, 0x00, 0x00, 0x00, 0xfd, 0xfd, 0x00, 0x4e,
    0xfd, 0x20, 0x00, 0x00, 0x00, 0x00, 0x00, 0x00, 0x00, 0xfd, 0xfd, 0x00,
    0xef, 0xff, 0xc0, 0x00, 0x00, 0x00, 0x00, 0x00, 0x00, 0x00, 0xfd, 0xfd,
    0x01, 0xff, 0xff, 0xf0, 0x00, 0x00, 0x00, 0x96, 0x00, 0x00, 0x00, 0xfd,
    0xfd, 0x00, 0xdf, 0xff, 0xb0, 0x00, 0x00, 0x08, 0xff, 0x50, 0x00, 0x00,
    0xfd, 0xfd, 0x00, 0x2c, 0xfb, 0x10, 0x00, 0x00, 0x8f, 0xff, 0xf5, 0x00,
    0x00, 0xfd, 0xfd, 0x00, 0x00, 0x00, 0x00, 0x00, 0x07, 0xff, 0xff, 0xff,
    0x50, 0x00, 0xfd, 0xfd, 0x00, 0x00, 0x00, 0x10, 0x00, 0x7f, 0xff, 0xff,
    0xff, 0xf4, 0x00, 0xfd, 0xfd, 0x00, 0x00, 0x0a, 0xd1, 0x06, 0xff, 0xff,
    0xff, 0xff, 0xff, 0x30, 0xfd, 0xfd, 0x00, 0x00, 0xaf, 0xfd, 0x7f, 0xff,
    0xff, 0xff, 0xff, 0xff, 0x50, 0xfd, 0xfd, 0x00, 0x0a, 0xff, 0xff, 0xff,
    0xff, 0xff, 0xff, 0xff, 0xff, 0x50, 0xfd, 0xfd, 0x00, 0xaf, 0xff, 0xff,
    0xff, 0xff, 0xff, 0xff, 0xff, 0xff, 0x50, 0xfd, 0xfd, 0x02, 0xff, 0xff,
    0xff, 0xff, 0xff, 0xff, 0xff, 0xff, 0xff, 0x50, 0xfd, 0xfd, 0x02, 0xff,
    0xff, 0xff, 0xff, 0xff, 0xff, 0xff, 0xff, 0xff, 0x50, 0xfd, 0xfd, 0x01,
    0x99, 0x99, 0x99, 0x99, 0x99, 0x99, 0x99, 0x99, 0x99, 0x20, 0xfd, 0xfe,
    0x00, 0x00, 0x00, 0x00, 0x00, 0x00, 0x00, 0x00, 0x00, 0x00, 0x00, 0xfd,
    0xcf, 0xff, 0xff, 0xff, 0xff, 0xff, 0xff, 0xff, 0xff, 0xff, 0xff, 0xff,
    0xfa, 0x2b, 0xdd, 0xdd, 0xdd, 0xdd, 0xdd, 0xdd, 0xdd, 0xdd, 0xdd, 0xdd,
    0xdd, 0xa1, 0xcf, 0xf3, 0x00, 0x00, 0x00, 0x00, 0x4a, 0xff, 0xf6, 0x00,
    0x00, 0x00, 0x04, 0xfb, 0xff, 0xf6, 0x00, 0x00, 0x00, 0x4f, 0xfb, 0xff,
    0xf6, 0x00, 0x00, 0x04, 0xff, 0xfb, 0xff, 0xf6, 0x00, 0x00, 0x4f, 0xff,
    0xfb, 0xff, 0xf6, 0x00, 0x04, 0xff, 0xff, 0xfb, 0xff, 0xf6, 0x00, 0x4f,
    0xff, 0xff, 0xfb, 0xff, 0xf6, 0x03, 0xff, 0xff, 0xff, 0xfb, 0xff, 0xf6,
    0x3f, 0xff, 0xff, 0xff, 0xfb, 0xff, 0xfa, 0xff, 0xff, 0xff, 0xff, 0xfb,
    0xff, 0xff, 0xff, 0xff, 0xff, 0xff, 0xfb, 0xff, 0xf7, 0xbf, 0xff, 0xff,
    0xff, 0xfb, 0xff, 0xf6, 0x0b, 0xff, 0xff, 0xff, 0xfb, 0xff, 0xf6, 0x00,
    0xbf, 0xff, 0xff, 0xfb, 0xff, 0xf6, 0x00, 0x0b, 0xff, 0xff, 0xfb, 0xff,
    0xf6, 0x00, 0x00, 0xbf, 0xff, 0xfb, 0xff, 0xf6, 0x00, 0x00, 0x0c, 0xff,
    0xfb, 0xff, 0xf6, 0x00, 0x00, 0x00, 0xcf, 0xfb, 0xff, 0xf6, 0x00, 0x00,
    0x00, 0x0c, 0xfb, 0xff, 0xf6, 0x00, 0x00, 0x00, 0x00, 0xcb, 0x69, 0x81,
    0x00, 0x00, 0x00, 0x00, 0x05, 0xd7, 0x00, 0x00, 0x00, 0x00, 0x00, 0x00,
    0x00, 0x00, 0x0f, 0xfd, 0x50, 0x00, 0x00, 0x00, 0x00, 0x00, 0x00, 0x00,
    0xff, 0xff, 0xc3, 0x00, 0x00, 0x00, 0x00, 0x00, 0x00, 0x0f, 0xff, 0xff,
    0xfa, 0x20, 0x00, 0x00, 0x00, 0x00, 0x00, 0xff, 0xff, 0xff, 0xff, 0x91,
    0x00, 0x00, 0x00, 0x00, 0x0f, 0xff, 0xff, 0xff, 0xff, 0xe7, 0x00, 0x00,
    0x00, 0x00, 0xff, 0xff, 0xff, 0xff, 0xff, 0xfd, 0x50, 0x00, 0x00, 0x0f,
    0xff, 0xff, 0xff, 0xff, 0xff, 0xff, 0xc3, 0x00, 0x00, 0xff, 0xff, 0xff,
    0xff, 0xff, 0xff, 0xff, 0xfa, 0x20, 0x0f, 0xff, 0xff, 0xff, 0xff, 0xff,
    0xff, 0xff, 0xff, 0x81, 0xff, 0xff, 0xff, 0xff, 0xff, 0xff, 0xff, 0xff,
    0xff, 0xaf, 0xff, 0xff, 0xff, 0xff, 0xff, 0xff, 0xff, 0xfe, 0x60, 0xff,
    0xff, 0xff, 0xff, 0xff, 0xff, 0xff, 0xf8, 0x00, 0x0f, 0xff, 0xff, 0xff,
    0xff, 0xff, 0xff, 0xa1, 0x00, 0x00, 0xff, 0xff, 0xff, 0xff, 0xff, 0xfc,
    0x30, 0x00, 0x00, 0x0f, 0xff, 0xff, 0xff, 0xff, 0xd5, 0x00, 0x00, 0x00,
    0x00, 0xff, 0xff, 0xff, 0xfe, 0x60, 0x00, 0x00, 0x00, 0x00, 0x0f, 0xff,
    0xff, 0xf8, 0x00, 0x00, 0x00, 0x00, 0x00, 0x00, 0xff, 0xff, 0xa1, 0x00,
    0x00, 0x00, 0x00, 0x00, 0x00, 0x0f, 0xfc, 0x30, 0x00, 0x00, 0x00, 0x00,
    0x00, 0x00, 0x00, 0xb5, 0x00, 0x00, 0x00, 0x00, 0x00, 0x00, 0x00, 0x00,
    0x00, 0xcf, 0xff, 0xff, 0xff, 0x60, 0x00, 0xcf, 0xff, 0xff, 0xff, 0x6f,
    0xff, 0xff, 0xff, 0xf9, 0x00, 0x0f, 0xff, 0xff, 0xff, 0xf9, 0xff, 0xff,
    0xff, 0xff, 0x90, 0x00, 0xff, 0xff, 0xff, 0xff, 0x9f, 0xff, 0xff, 0xff,
    0xf9, 0x00, 0x0f, 0xff, 0xff, 0xff, 0xf9, 0xff, 0xff, 0xff, 0xff, 0x90,
    0x00, 0xff, 0xff, 0xff, 0xff, 0x9f, 0xff, 0xff, 0xff, 0xf9, 0x00, 0x0f,
    0xff, 0xff, 0xff, 0xf9, 0xff, 0xff, 0xff, 0xff, 0x90, 0x00, 0xff, 0xff,
    0xff, 0xff, 0x9f, 0xff, 0xff, 0xff, 0xf9, 0x00, 0x0f, 0xff, 0xff, 0xff,
    0xf9, 0xff, 0xff, 0xff, 0xff, 0x90, 0x00, 0xff, 0xff, 0xff, 0xff, 0x9f,
    0xff, 0xff, 0xff, 0xf9, 0x00, 0x0f, 0xff, 0xff, 0xff, 0xf9, 0xff, 0xff,
    0xff, 0xff, 0x90, 0x00, 0xff, 0xff, 0xff, 0xff, 0x9f, 0xff, 0xff, 0xff,
    0xf9, 0x00, 0x0f, 0xff, 0xff, 0xff, 0xf9, 0xff, 0xff, 0xff, 0xff, 0x90,
    0x00, 0xff, 0xff, 0xff, 0xff, 0x9f, 0xff, 0xff, 0xff, 0xf9, 0x00, 0x0f,
    0xff, 0xff, 0xff, 0xf9, 0xff, 0xff, 0xff, 0xff, 0x90, 0x00, 0xff, 0xff,
    0xff, 0xff, 0x9f, 0xff, 0xff, 0xff, 0xf9, 0x00, 0x0f, 0xff, 0xff, 0xff,
    0xf9, 0xff, 0xff, 0xff, 0xff, 0x90, 0x00, 0xff, 0xff, 0xff, 0xff, 0x9f,
    0xff, 0xff, 0xff, 0xf9, 0x00, 0x0f, 0xff, 0xff, 0xff, 0xf9, 0xff, 0xff,
    0xff, 0xff, 0x90, 0x00, 0xff, 0xff, 0xff, 0xff, 0x9f, 0xff, 0xff, 0xff,
    0xf9, 0x00, 0x0f, 0xff, 0xff, 0xff, 0xf9, 0x69, 0x99, 0x99, 0x98, 0x20,
    0x00, 0x69, 0x99, 0x99, 0x98, 0x20, 0xcf, 0xff, 0xff, 0xff, 0xff, 0xff,
    0xff, 0xff, 0xff, 0xff, 0x6f, 0xff, 0xff, 0xff, 0xff, 0xff, 0xff, 0xff,
    0xff, 0xff, 0xf9, 0xff, 0xff, 0xff, 0xff, 0xff, 0xff, 0xff, 0xff, 0xff,
    0xff, 0x9f, 0xff, 0xff, 0xff, 0xff, 0xff, 0xff, 0xff, 0xff, 0xff, 0xf9,
    0xff, 0xff, 0xff, 0xff, 0xff, 0xff, 0xff, 0xff, 0xff, 0xff, 0x9f, 0xff,
    0xff, 0xff, 0xff, 0xff, 0xff, 0xff, 0xff, 0xff, 0xf9, 0xff, 0xff, 0xff,
    0xff, 0xff, 0xff, 0xff, 0xff, 0xff, 0xff, 0x9f, 0xff, 0xff, 0xff, 0xff,
    0xff, 0xff, 0xff, 0xff, 0xff, 0xf9, 0xff, 0xff, 0xff, 0xff, 0xff, 0xff,
    0xff, 0xff, 0xff, 0xff, 0x9f, 0xff, 0xff, 0xff, 0xff, 0xff, 0xff, 0xff,
    0xff, 0xff, 0xf9, 0xff, 0xff, 0xff, 0xff, 0xff, 0xff, 0xff, 0xff, 0xff,
    0xff, 0x9f, 0xff, 0xff, 0xff, 0xff, 0xff, 0xff, 0xff, 0xff, 0xff, 0xf9,
    0xff, 0xff, 0xff, 0xff, 0xff, 0xff, 0xff, 0xff, 0xff, 0xff, 0x9f, 0xff,
    0xff, 0xff, 0xff, 0xff, 0xff, 0xff, 0xff, 0xff, 0xf9, 0xff, 0xff, 0xff,
    0xff, 0xff, 0xff, 0xff, 0xff, 0xff, 0xff, 0x9f, 0xff, 0xff, 0xff, 0xff,
    0xff, 0xff, 0xff, 0xff, 0xff, 0xf9, 0xff, 0xff, 0xff, 0xff, 0xff, 0xff,
    0xff, 0xff, 0xff, 0xff, 0x9f, 0xff, 0xff, 0xff, 0xff, 0xff, 0xff, 0xff,
    0xff, 0xff, 0xf9, 0xff, 0xff, 0xff, 0xff, 0xff, 0xff, 0xff, 0xff, 0xff,
    0xff, 0x9f, 0xff, 0xff, 0xff, 0xff, 0xff, 0xff, 0xff, 0xff, 0xff, 0xf9,
    0x69, 0x99, 0x99, 0x99, 0x99, 0x99, 0x99, 0x99, 0x99, 0x98, 0x20, 0x3a,
    0x00, 0x00, 0x00, 0x00, 0x0c, 0xff, 0x44, 0xfa, 0x00, 0x00, 0x00, 0x00,
    0xff, 0xf7, 0x4f, 0xfa, 0x00, 0x00, 0x00, 0x0f, 0xff, 0x74, 0xff, 0xfa,
    0x00, 0x00, 0x00, 0xff, 0xf7, 0x4f, 0xff, 0xfa, 0x00, 0x00, 0x0f, 0xff,
    0x74, 0xff, 0xff, 0xfa, 0x00, 0x00, 0xff, 0xf7, 0x4f, 0xff, 0xff, 0xfa,
    0x00, 0x0f, 0xff, 0x74, 0xff, 0xff, 0xff, 0xfa, 0x00, 0xff, 0xf7, 0x4f,
    0xff, 0xff, 0xff, 0xfa, 0x0f, 0xff, 0x74, 0xff, 0xff, 0xff, 0xff, 0xfa,
    0xff, 0xf7, 0x4f, 0xff, 0xff, 0xff, 0xff, 0xff, 0xff, 0x74, 0xff, 0xff,
    0xff, 0xff, 0xf4, 0xff, 0xf7, 0x4f, 0xff, 0xff, 0xff, 0xf4, 0x0f, 0xff,
    0x74, 0xff, 0xff, 0xff, 0xf4, 0x00, 0xff, 0xf7, 0x4f, 0xff, 0xff, 0xf4,
    0x00, 0x0f, 0xff, 0x74, 0xff, 0xff, 0xf4, 0x00, 0x00, 0xff, 0xf7, 0x4f,
    0xff, 0xf4, 0x00, 0x00, 0x0f, 0xff, 0x74, 0xff, 0xf4, 0x00, 0x00, 0x00,
    0xff, 0xf7, 0x4f, 0xf4, 0x00, 0x00, 0x00, 0x0f, 0xff, 0x74, 0xf4, 0x00,
    0x00, 0x00, 0x00, 0xff, 0xf7, 0x24, 0x00, 0x00, 0x00, 0x00, 0x05, 0x98,
    0x10, 0x00, 0x00, 0x00, 0x00, 0x01, 0xda, 0x00, 0x00, 0x00, 0x00, 0x00,
    0x1e, 0xff, 0xa0, 0x00, 0x00, 0x00, 0x01, 0xef, 0xff, 0xfa, 0x00, 0x00,
    0x00, 0x1e, 0xff, 0xff, 0xfb, 0x00, 0x00, 0x01, 0xef, 0xff, 0xff, 0xc1,
    0x00, 0x00, 0x1e, 0xff, 0xff, 0xfc, 0x10, 0x00, 0x01, 0xef, 0xff, 0xff,
    0xc1, 0x00, 0x00, 0x1e, 0xff, 0xff, 0xfc, 0x10, 0x00, 0x01, 0xef, 0xff,
    0xff, 0xc1, 0x00, 0x00, 0x1e, 0xff, 0xff, 0xfc, 0x10, 0x00, 0x00, 0xcf,
    0xff, 0xff, 0xd1, 0x00, 0x00, 0x00, 0x8f, 0xff, 0xff, 0xf5, 0x00, 0x00,
    0x00, 0x09, 0xff, 0xff, 0xff, 0x50, 0x00, 0x00, 0x00, 0x9f, 0xff, 0xff,
    0xf4, 0x00, 0x00, 0x00, 0x09, 0xff, 0xff, 0xff, 0x40, 0x00, 0x00, 0x00,
    0x9f, 0xff, 0xff, 0xf4, 0x00, 0x00, 0x00, 0x09, 0xff, 0xff, 0xff, 0x40,
    0x00, 0x00, 0x00, 0x9f, 0xff, 0xff, 0xf4, 0x00, 0x00, 0x00, 0x09, 0xff,
    0xff, 0xfd, 0x00, 0x00, 0x00, 0x00, 0x9f, 0xff, 0xf5, 0x00, 0x00, 0x00,
    0x00, 0x09, 0xff, 0x40, 0x00, 0x00, 0x00, 0x00, 0x00, 0x63, 0x00, 0x00,
    0x00, 0x00, 0x02, 0x8b, 0xef, 0xfe, 0xb8, 0x20, 0x00, 0x00, 0x00, 0x00,
    0x00, 0x04, 0xcf, 0xff, 0xff, 0xff, 0xff, 0xfc, 0x40, 0x00, 0x00, 0x00,
    0x01, 0xaf, 0xff, 0xfb, 0x30, 0x8f, 0xff, 0xff, 0xfa, 0x10, 0x00, 0x00,
    0x2d, 0xf9, 0x8f, 0xa0, 0x8e, 0xff, 0xff, 0xf8, 0x9f, 0xd2, 0x00, 0x02,
    0xef, 0x40, 0xdf, 0x17, 0xff, 0xff, 0xff, 0xfd, 0x05, 0xfe, 0x20, 0x1e,
    0xf3, 0x00, 0xff, 0x0c, 0xff, 0xff, 0xff, 0xff, 0x00, 0x4f, 0xe1, 0xaf,
    0x40, 0x00, 0xff, 0xff, 0xff, 0xff, 0xff, 0xfe, 0x00, 0x06, 0xfa, 0xfe,
    0x00, 0x00, 0xbf, 0xff, 0xff, 0xff, 0xff, 0xfb, 0x00, 0x00, 0xef, 0xaf,
    0xa0, 0x00, 0x5f, 0xff, 0xff, 0xff, 0xff, 0xf5, 0x00, 0x09, 0xfa, 0x1e,
    0xf9, 0x00, 0x0b, 0xff, 0xff, 0xff, 0xff, 0xa0, 0x00, 0x8f, 0xe0, 0x02,
    0xef, 0xa0, 0x00, 0xaf, 0xff, 0xff, 0xfa, 0x00, 0x09, 0xfe, 0x20, 0x00,
    0x2e, 0xfd, 0x40, 0x03, 0x9c, 0xc9, 0x30, 0x04, 0xdf, 0xe2, 0x00, 0x00,
    0x01, 0xaf, 0xfc, 0x62, 0x00, 0x00, 0x26, 0xcf, 0xfa, 0x10, 0x00, 0x00,
    0x00, 0x04, 0xcf, 0xff, 0xfd, 0xef, 0xff, 0xfc, 0x40, 0x00, 0x00, 0x00,
    0x00, 0x00, 0x03, 0x8b, 0xef, 0xfe, 0xb8, 0x30, 0x00, 0x00, 0x00, 0x00,
    0x00, 0x00, 0x00, 0x00, 0x00, 0x00, 0x02, 0x00, 0x00, 0x00, 0x00, 0x00,
    0x00, 0x00, 0x00, 0x00, 0x00, 0x00, 0x3f, 0xc2, 0x00, 0x00, 0x00, 0x00,
    0x00, 0x00, 0x03, 0x8b, 0xef, 0xfd, 0xef, 0xf4, 0x00, 0x00, 0x00, 0x00,
    0x00, 0x04, 0xcf, 0xff, 0xff, 0xff, 0xff, 0xb0, 0x00, 0x00, 0x00, 0x00,
    0x01, 0xaf, 0xef, 0xfb, 0x31, 0x9f, 0xff, 0x20, 0x09, 0x10, 0x00, 0x00,
    0x2d, 0xf6, 0x9f, 0xb0, 0xbf, 0xff, 0xf9, 0x00, 0x3f, 0xe2, 0x00, 0x02,
    0xee, 0x30, 0xdf, 0x28, 0xff, 0xff, 0xe1, 0x01, 0x03, 0xee, 0x20, 0x0d,
    0xe2, 0x00, 0xff, 0x0c, 0xff, 0xff, 0x60, 0x0a, 0x00, 0x2f, 0xe1, 0xaf,
    0x40, 0x00, 0xef, 0xef, 0xff, 0xfd, 0x00, 0x4e, 0x00, 0x05, 0xfa, 0xfe,
    0x00, 0x00, 0xaf, 0xff, 0xff, 0xf4, 0x00, 0xca, 0x00, 0x00, 0xef, 0x9f,
    0x90, 0x00, 0x3f, 0xff, 0xff, 0xb0, 0x05, 0xf3, 0x00, 0x0a, 0xf9, 0x0d,
    0xf7, 0x00, 0x07, 0xff, 0xff, 0x20, 0x0e, 0x70, 0x00, 0x8f, 0xd0, 0x02,
    0xef, 0x80, 0x00, 0xbf, 0xf8, 0x00, 0x66, 0x00, 0x09, 0xfd, 0x20, 0x00,
    0x2d, 0xfc, 0x32, 0xff, 0xe1, 0x00, 0x00, 0x02, 0xcf, 0xd1, 0x00, 0x00,
    0x00, 0xaf, 0xfe, 0xff, 0x60, 0x00, 0x04, 0xaf, 0xfa, 0x10, 0x00, 0x00,
    0x00, 0x03, 0xcf, 0xfd, 0x00, 0x2d, 0xff, 0xfc, 0x30, 0x00, 0x00, 0x00,
    0x00, 0x00, 0xcf, 0xf4, 0x00, 0xbe, 0xc8, 0x30, 0x00, 0x00, 0x00, 0x00,
    0x00, 0x00, 0x7f, 0xb0, 0x00, 0x00, 0x00, 0x00, 0x00, 0x00, 0x00, 0x00,
    0x00, 0x00, 0x01, 0x10, 0x00, 0x00, 0x00, 0x00, 0x00, 0x00, 0x00, 0x00,
    0x00, 0x00, 0x00, 0x00, 0x1b, 0xb1, 0x00, 0x00, 0x00, 0x00, 0x00, 0x00,
    0x00, 0x00, 0x00, 0x00, 0xbf, 0xfb, 0x00, 0x00, 0x00, 0x00, 0x00, 0x00,
    0x00, 0x00, 0x00, 0x04, 0xff, 0xff, 0x40, 0x00, 0x00, 0x00, 0x00, 0x00,
    0x00, 0x00, 0x00, 0x0c, 0xff, 0xff, 0xc0, 0x00, 0x00, 0x00, 0x00, 0x00,
    0x00, 0x00, 0x00, 0x5f, 0xff, 0xff, 0xf5, 0x00, 0x00, 0x00, 0x00, 0x00,
    0x00, 0x00, 0x00, 0xdf, 0xff, 0xff, 0xfd, 0x00, 0x00, 0x00, 0x00, 0x00,
    0x00, 0x00, 0x06, 0xff, 0xff, 0xff, 0xff, 0x60, 0x00, 0x00, 0x00, 0x00,
    0x00, 0x00, 0x0e, 0xff, 0x20, 0x02, 0xff, 0xe0, 0x00, 0x00, 0x00, 0x00,
    0x00, 0x00, 0x7f, 0xff, 0x10, 0x01, 0xff, 0xf7, 0x00, 0x00, 0x00, 0x00,
    0x00, 0x00, 0xef, 0xff, 0x20, 0x02, 0xff, 0xfe, 0x00, 0x00, 0x00, 0x00,
    0x00, 0x08, 0xff, 0xff, 0x20, 0x03, 0xff, 0xff, 0x80, 0x00, 0x00, 0x00,
    0x00, 0x1f, 0xff, 0xff, 0x30, 0x03, 0xff, 0xff, 0xf1, 0x00, 0x00, 0x00,
    0x00, 0x9f, 0xff, 0xff, 0x30, 0x04, 0xff, 0xff, 0xf9, 0x00, 0x00, 0x00,
    0x02, 0xff, 0xff, 0xff, 0x40, 0x04, 0xff, 0xff, 0xff, 0x20, 0x00, 0x00,
    0x0a, 0xff, 0xff, 0xff, 0xed, 0xde, 0xff, 0xff, 0xff, 0xa0, 0x00, 0x00,
    0x2f, 0xff, 0xff, 0xff, 0xff, 0xff, 0xff, 0xff, 0xff, 0xf2, 0x00, 0x00,
    0xbf, 0xff, 0xff, 0xff, 0x50, 0x05, 0xff, 0xff, 0xff, 0xfb, 0x00, 0x03,
    0xff, 0xff, 0xff, 0xff, 0x40, 0x04, 0xff, 0xff, 0xff, 0xff, 0x30, 0x0c,
    0xff, 0xff, 0xff, 0xff, 0x40, 0x04, 0xff, 0xff, 0xff, 0xff, 0xc0, 0x4f,
    0xff, 0xff, 0xff, 0xff, 0xa7, 0x7a, 0xff, 0xff, 0xff, 0xff, 0xf4, 0xcf,
    0xff, 0xff, 0xff, 0xff, 0xff, 0xff, 0xff, 0xff, 0xff, 0xff, 0xfc, 0xef,
    0xff, 0xff, 0xff, 0xff, 0xff, 0xff, 0xff, 0xff, 0xff, 0xff, 0xfe, 0x6e,
    0xff, 0xff, 0xff, 0xff, 0xff, 0xff, 0xff, 0xff, 0xff, 0xff, 0xe6, 0x00,
    0x00, 0x00, 0x00, 0x00, 0x00, 0x00, 0x00, 0x00, 0x00, 0x00, 0x00, 0x00,
    0x00, 0x00, 0x00, 0x00, 0x00, 0x00, 0x00, 0x00, 0x2e, 0x30, 0x00, 0x00,
    0x00, 0x00, 0x00, 0x00, 0x00, 0x00, 0x00, 0x00, 0x2f, 0xe3, 0x00, 0x12,
    0x21, 0x00, 0x00, 0x00, 0x00, 0x00, 0x02, 0x22, 0x4f, 0xfe, 0x30, 0xff,
    0xff, 0xfc, 0x50, 0x00, 0x00, 0x6d, 0xff, 0xff, 0xff, 0xff, 0xe2, 0xff,
    0xff, 0xff, 0xfa, 0x00, 0x0b, 0xff, 0xff, 0xff, 0xff, 0xff, 0xfd, 0xff,
    0xff, 0xff, 0xff, 0x90, 0xbf, 0xff, 0xff, 0xff, 0xff, 0xff, 0xf4, 0x34,
    0x45, 0x8f, 0xff, 0x87, 0xff, 0xfe, 0x74, 0x44, 0x6f, 0xff, 0x40, 0x00,
    0x00, 0x03, 0xff, 0x2f, 0xff, 0xe1, 0x00, 0x00, 0x2f, 0xf4, 0x00, 0x00,
    0x00, 0x00, 0x78, 0x8f, 0xff, 0x40, 0x00, 0x00, 0x2f, 0x40, 0x00, 0x00,
    0x00, 0x00, 0x02, 0xef, 0xfc, 0x00, 0x00, 0x00, 0x02, 0x00, 0x00, 0x00,
    0x00, 0x00, 0x06, 0xff, 0xf5, 0x00, 0x00, 0x00, 0x00, 0x00, 0x00, 0x00,
    0x00, 0x00, 0x0d, 0xff, 0xe1, 0x00, 0x00, 0x00, 0x00, 0x00, 0x00, 0x00,
    0x00, 0x00, 0x6f, 0xff, 0x79, 0x30, 0x00, 0x00, 0x2e, 0x30, 0x00, 0x00,
    0x00, 0x01, 0xef, 0xfe, 0x2f, 0xd0, 0x00, 0x00, 0x2f, 0xe3, 0x00, 0x12,
    0x22, 0x5e, 0xff, 0xf6, 0x9f, 0xfc, 0x52, 0x22, 0x4f, 0xfe, 0x30, 0xff,
    0xff, 0xff, 0xff, 0xb0, 0xdf, 0xff, 0xff, 0xff, 0xff, 0xff, 0xe2, 0xff,
    0xff, 0xff, 0xfc, 0x00, 0x2e, 0xff, 0xff, 0xff, 0xff, 0xff, 0xfd, 0xff,
    0xff, 0xfe, 0x70, 0x00, 0x01, 0x9f, 0xff, 0xff, 0xff, 0xff, 0xf4, 0x34,
    0x44, 0x20, 0x00, 0x00, 0x00, 0x00, 0x24, 0x44, 0x6f, 0xff, 0x40, 0x00,
    0x00, 0x00, 0x00, 0x00, 0x00, 0x00, 0x00, 0x00, 0x2f, 0xf4, 0x00, 0x00,
    0x00, 0x00, 0x00, 0x00, 0x00, 0x00, 0x00, 0x00, 0x2f, 0x40, 0x00, 0x00,
    0x00, 0x00, 0x00, 0x00, 0x00, 0x00, 0x00, 0x00, 0x02, 0x00, 0x00, 0x00,
    0x00, 0x24, 0x00, 0x16, 0x66, 0x66, 0x66, 0x66, 0x66, 0x66, 0x30, 0x00,
    0x00, 0x01, 0xef, 0x50, 0x2e, 0xff, 0xff, 0xff, 0xff, 0xff, 0xff, 0x80,
    0x00, 0x00, 0x0d, 0xff, 0xf3, 0x04, 0xff, 0xff, 0xff, 0xff, 0xff, 0xff,
    0x90, 0x00, 0x00, 0xbf, 0xff, 0xfe, 0x10, 0x6f, 0xff, 0xff, 0xff, 0xff,
    0xff, 0x90, 0x00, 0x08, 0xff, 0xff, 0xff, 0xc0, 0x00, 0x00, 0x00, 0x00,
    0x0d, 0xff, 0x90, 0x00, 0x5f, 0xff, 0xff, 0xff, 0xfa, 0x00, 0x00, 0x00,
    0x00, 0x0d, 0xff, 0x90, 0x00, 0xef, 0xff, 0xff, 0xff, 0xff, 0x20, 0x00,
    0x00, 0x00, 0x0d, 0xff, 0x90, 0x00, 0x36, 0x6c, 0xff, 0xe6, 0x65, 0x00,
    0x00, 0x00, 0x00, 0x0d, 0xff, 0x90, 0x00, 0x00, 0x09, 0xff, 0xd0, 0x00,
    0x00, 0x00, 0x00, 0x00, 0x0d, 0xff, 0x90, 0x00, 0x00, 0x09, 0xff, 0xd0,
    0x00, 0x00, 0x00, 0x01, 0xdd, 0xdf, 0xff, 0xfd, 0xda, 0x00, 0x09, 0xff,
    0xd0, 0x00, 0x00, 0x00, 0x01, 0xff, 0xff, 0xff, 0xff, 0xfc, 0x00, 0x09,
    0xff, 0xd0, 0x00, 0x00, 0x00, 0x00, 0x4f, 0xff, 0xff, 0xff, 0xe1, 0x00,
    0x09, 0xff, 0xe6, 0x66, 0x66, 0x66, 0x61, 0x07, 0xff, 0xff, 0xff, 0x30,
    0x00, 0x09, 0xff, 0xff, 0xff, 0xff, 0xff, 0xfc, 0x00, 0xaf, 0xff, 0xf5,
    0x00, 0x00, 0x09, 0xff, 0xff, 0xff, 0xff, 0xff, 0xff, 0xa0, 0x0c, 0xff,
    0x80, 0x00, 0x00, 0x08, 0xff, 0xff, 0xff, 0xff, 0xff, 0xff, 0xf4, 0x01,
    0xda, 0x00, 0x00, 0x06, 0xcd, 0xdd, 0xdc, 0x80, 0x00, 0x00, 0x00, 0x00,
    0x00, 0x00, 0x07, 0xff, 0xff, 0xff, 0xff, 0xb0, 0x00, 0x00, 0x00, 0x00,
    0x00, 0x00, 0xef, 0xff, 0xff, 0xff, 0xff, 0x20, 0x00, 0x00, 0x00, 0x00,
    0x00, 0x0f, 0xff, 0xff, 0xff, 0xff, 0xf9, 0x66, 0x66, 0x66, 0x66, 0x52,
    0x00, 0xff, 0xff, 0xff, 0xff, 0xff, 0xff, 0xff, 0xff, 0xff, 0xff, 0xf5,
    0x0f, 0xff, 0xff, 0xff, 0xff, 0xff, 0xff, 0xff, 0xff, 0xff, 0xff, 0xf1,
    0xff, 0xff, 0xff, 0xff, 0xff, 0xff, 0xff, 0xff, 0xff, 0xff, 0xff, 0x3f,
    0xff, 0xff, 0xff, 0xff, 0xff, 0xff, 0xff, 0xff, 0xff, 0xff, 0xf4, 0xff,
    0xff, 0xff, 0xff, 0xff, 0xff, 0xff, 0xff, 0xff, 0xff, 0xff, 0x4f, 0xff,
    0xff, 0xff, 0xff, 0xff, 0xff, 0xff, 0xff, 0xff, 0xff, 0xf4, 0xff, 0xff,
    0xff, 0xff, 0xff, 0xff, 0xff, 0xff, 0xff, 0xff, 0xff, 0x4f, 0xff, 0xff,
    0xff, 0xff, 0xff, 0xff, 0xff, 0xff, 0xff, 0xff, 0xf4, 0xff, 0xff, 0xff,
    0xff, 0xff, 0xff, 0xff, 0xff, 0xff, 0xff, 0xff, 0x4f, 0xff, 0xff, 0xff,
    0xff, 0xff, 0xff, 0xff, 0xff, 0xff, 0xff, 0xf4, 0xff, 0xff, 0xff, 0xff,
    0xff, 0xff, 0xff, 0xff, 0xff, 0xff, 0xff, 0x4f, 0xff, 0xff, 0xff, 0xff,
    0xff, 0xff, 0xff, 0xff, 0xff, 0xff, 0xf4, 0xef, 0xff, 0xff, 0xff, 0xff,
    0xff, 0xff, 0xff, 0xff, 0xff, 0xff, 0x28, 0xff, 0xff, 0xff, 0xff, 0xff,
    0xff, 0xff, 0xff, 0xff, 0xff, 0xc0, 0x08, 0xef, 0xff, 0xff, 0xff, 0xff,
    0xff, 0xff, 0xff, 0xff, 0xb1, 0x00, 0x7d, 0xdd, 0xdd, 0xdd, 0xdd, 0xdd,
    0xdd, 0xb5, 0x00, 0x00, 0x0f, 0xff, 0xff, 0xff, 0xff, 0xff, 0xff, 0xff,
    0xf8, 0x00, 0x00, 0xfd, 0x02, 0xff, 0xff, 0xf0, 0x00, 0xfc, 0x2e, 0xf8,
    0x00, 0x0f, 0xd0, 0x2f, 0xff, 0xff, 0x00, 0x0f, 0xc0, 0x2d, 0xf8, 0x00,
    0xfd, 0x02, 0xff, 0xff, 0xf0, 0x00, 0xfc, 0x00, 0x1d, 0xf8, 0x0f, 0xd0,
    0x2f, 0xff, 0xff, 0x00, 0x0f, 0xc0, 0x00, 0x1d, 0xf5, 0xfd, 0x02, 0xff,
    0xff, 0xf0, 0x00, 0xfc, 0x00, 0x00, 0x2f, 0xbf, 0xd0, 0x2f, 0xff, 0xff,
    0xff, 0xff, 0xb0, 0x00, 0x00, 0xfd, 0xfd, 0x00, 0x9d, 0xdd, 0xdd, 0xdd,
    0xd4, 0x00, 0x00, 0x0f, 0xdf, 0xd0, 0x00, 0x00, 0x00, 0x00, 0x00, 0x00,
    0x00, 0x00, 0xfd, 0xfd, 0x00, 0x00, 0x00, 0x00, 0x00, 0x00, 0x00, 0x00,
    0x0f, 0xdf, 0xd0, 0x00, 0x00, 0x00, 0x00, 0x00, 0x00, 0x00, 0x00, 0xfd,
    0xfd, 0x00, 0x9d, 0xdd, 0xdd, 0xdd, 0xdd, 0xdd, 0x80, 0x0f, 0xdf, 0xd0,
    0x2f, 0xff, 0xff, 0xff, 0xff, 0xff, 0xff, 0x00, 0xfd, 0xfd, 0x02, 0xf9,
    0x00, 0x00, 0x00, 0x00, 0x0d, 0xf0, 0x0f, 0xdf, 0xd0, 0x2f, 0x90, 0x00,
    0x00, 0x00, 0x00, 0xdf, 0x00, 0xfd, 0xfd, 0x02, 0xf9, 0x00, 0x00, 0x00,
    0x00, 0x0d, 0xf0, 0x0f, 0xdf, 0xd0, 0x2f, 0x90, 0x00, 0x00, 0x00, 0x00,
    0xdf, 0x00, 0xfd, 0xfd, 0x02, 0xf9, 0x00, 0x00, 0x00, 0x00, 0x0d, 0xf0,
    0x0f, 0xdf, 0xff, 0xff, 0xff, 0xff, 0xff, 0xff, 0xff, 0xff, 0xff, 0xfd,
    0x7d, 0xdd, 0xdd, 0xdd, 0xdd, 0xdd, 0xdd, 0xdd, 0xdd, 0xdd, 0x50, 0x00,
    0x00, 0x00, 0x00, 0x00, 0x0c, 0xc0, 0x00, 0x00, 0x00, 0x00, 0x00, 0x00,
    0x00, 0x00, 0x00, 0x00, 0x4f, 0xf4, 0x00, 0x00, 0x00, 0x00, 0x00, 0x00,
    0x00, 0x00, 0x00, 0x5c, 0xff, 0xff, 0xc5, 0x00, 0x00, 0x00, 0x00, 0x00,
    0x00, 0x00, 0x0b, 0xff, 0xff, 0xff, 0xff, 0xb0, 0x00, 0x00, 0x00, 0x00,
    0x00, 0x00, 0xaf, 0xff, 0xff, 0xff, 0xff, 0xfa, 0x00, 0x00, 0x00, 0x00,
    0x00, 0x04, 0xff, 0xff, 0xff, 0xff, 0xff, 0xff, 0x40, 0x00, 0x00, 0x00,
    0x00, 0x0a, 0xff, 0xff, 0xff, 0xff, 0xff, 0xff, 0xa0, 0x00, 0x00, 0x00,
    0x00, 0x0d, 0xff, 0xff, 0xff, 0xff, 0xff, 0xff, 0xd0, 0x00, 0x00, 0x00,
    0x00, 0x0e, 0xff, 0xff, 0xff, 0xff, 0xff, 0xff, 0xe0, 0x00, 0x00, 0x00,
    0x00, 0x0e, 0xff, 0xff, 0xff, 0xff, 0xff, 0xff, 0xf0, 0x00, 0x00, 0x00,
    0x00, 0x0f, 0xff, 0xff, 0xff, 0xff, 0xff, 0xff, 0xf0, 0x00, 0x00, 0x00,
    0x00, 0x2f, 0xff, 0xff, 0xff, 0xff, 0xff, 0xff, 0xf2, 0x00, 0x00, 0x00,
    0x00, 0x5f, 0xff, 0xff, 0xff, 0xff, 0xff, 0xff, 0xf5, 0x00, 0x00, 0x00,
    0x00, 0xaf, 0xff, 0xff, 0xff, 0xff, 0xff, 0xff, 0xf9, 0x00, 0x00, 0x00,
    0x01, 0xff, 0xff, 0xff, 0xff, 0xff, 0xff, 0xff, 0xff, 0x00, 0x00, 0x00,
    0x07, 0xff, 0xff, 0xff, 0xff, 0xff, 0xff, 0xff, 0xff, 0x70, 0x00, 0x00,
    0x1e, 0xff, 0xff, 0xff, 0xff, 0xff, 0xff, 0xff, 0xff, 0xe1, 0x00, 0x00,
    0xbf, 0xff, 0xff, 0xff, 0xff, 0xff, 0xff, 0xff, 0xff, 0xfb, 0x00, 0x0a,
    0xff, 0xff, 0xff, 0xff, 0xff, 0xff, 0xff, 0xff, 0xff, 0xff, 0xa0, 0x0f,
    0xff, 0xff, 0xff, 0xff, 0xff, 0xff, 0xff, 0xff, 0xff, 0xff, 0xf0, 0x03,
    0x9a, 0xaa, 0xaa, 0xcd, 0xff, 0xff, 0xfc, 0xaa, 0xaa, 0xa9, 0x30, 0x00,
    0x00, 0x00, 0x00, 0x4d, 0xaf, 0xff, 0xf4, 0x00, 0x00, 0x00, 0x00, 0x00,
    0x00, 0x00, 0x00, 0x0c, 0xa8, 0xff, 0xc0, 0x00, 0x00, 0x00, 0x00, 0x00,
    0x00, 0x00, 0x00, 0x01, 0xaf, 0xfa, 0x10, 0x00, 0x00, 0x00, 0x00, 0x00,
    0x00, 0x00, 0x00, 0x00, 0x00, 0x00, 0x00, 0x00, 0x00, 0x00, 0x00, 0x4c,
    0xdd, 0xdd, 0xdd, 0xdd, 0xdd, 0xdd, 0xdd, 0xdd, 0xdd, 0xdd, 0xdd, 0xc2,
    0xef, 0xff, 0xff, 0xff, 0xff, 0xff, 0xff, 0xff, 0xff, 0xff, 0xff, 0xff,
    0xfc, 0xfd, 0x00, 0x00, 0x00, 0x00, 0x00, 0x00, 0x00, 0x00, 0x00, 0x00,
    0x00, 0xfd, 0xfd, 0x00, 0x00, 0x00, 0x00, 0x00, 0x00, 0x00, 0x00, 0x00,
    0x00, 0x00, 0xfd, 0xfd, 0x06, 0xf4, 0x0f, 0x20, 0xff, 0x02, 0xf2, 0x0f,
    0x60, 0xdf, 0x00, 0xfd, 0xfd, 0x05, 0xd3, 0x0d, 0x10, 0xdd, 0x01, 0xd1,
    0x0d, 0x50, 0xdf, 0x00, 0xfd, 0xfd, 0x00, 0x00, 0x00, 0x00, 0x00, 0x00,
    0x00, 0x00, 0x00, 0xdf, 0x00, 0xfd, 0xfd, 0x05, 0xdd, 0xd0, 0xad, 0x00,
    0xda, 0x0a, 0xd0, 0x7d, 0xff, 0x00, 0xfd, 0xfd, 0x06, 0xff, 0xf0, 0xdf,
    0x00, 0xfd, 0x0d, 0xf0, 0x8f, 0xff, 0x00, 0xfd, 0xfd, 0x00, 0x00, 0x00,
    0x00, 0x00, 0x00, 0x00, 0x00, 0x00, 0x00, 0x00, 0xfd, 0xfd, 0x00, 0x00,
    0x00, 0x00, 0x00, 0x00, 0x00, 0x00, 0x00, 0x00, 0x00, 0xfd, 0xfd, 0x06,
    0xf4, 0x0f, 0xff, 0xff, 0xff, 0xff, 0xff, 0x60, 0xdf, 0x00, 0xfd, 0xfd,
    0x05, 0xd3, 0x0d, 0xdd, 0xdd, 0xdd, 0xdd, 0xdd, 0x50, 0xad, 0x00, 0xfd,
    0xfd, 0x00, 0x00, 0x00, 0x00, 0x00, 0x00, 0x00, 0x00, 0x00, 0x00, 0x00,
    0xfd, 0xff, 0xdd, 0xdd, 0xdd, 0xdd, 0xdd, 0xdd, 0xdd, 0xdd, 0xdd, 0xdd,
    0xdd, 0xfc, 0x6f, 0xff, 0xff, 0xff, 0xff, 0xff, 0xff, 0xff, 0xff, 0xff,
    0xff, 0xff, 0xe4, 0x00, 0x00, 0x00, 0x00, 0x26, 0xad, 0xef, 0xfe, 0xc9,
    0x51, 0x00, 0x00, 0x00, 0x00, 0x00, 0x00, 0x06, 0xcf, 0xff, 0xff, 0xff,
    0xff, 0xff, 0xfb, 0x40, 0x00, 0x00, 0x00, 0x00, 0x5e, 0xff, 0xff, 0xff,
    0xff, 0xff, 0xff, 0xff, 0xff, 0xc3, 0x00, 0x00, 0x00, 0xaf, 0xff, 0xff,
    0xfd, 0xa8, 0x77, 0x8b, 0xef, 0xff, 0xff, 0xf8, 0x00, 0x02, 0xdf, 0xff,
    0xfe, 0x82, 0x00, 0x00, 0x00, 0x00, 0x3a, 0xff, 0xff, 0xfb, 0x01, 0xef,
    0xff, 0xf8, 0x00, 0x00, 0x34, 0x66, 0x42, 0x00, 0x02, 0xbf, 0xff, 0xfc,
    0x1d, 0xff, 0xe3, 0x00, 0x5a, 0xff, 0xff, 0xff, 0xfe, 0x93, 0x00, 0x6f,
    0xff, 0x80, 0x1d, 0xc1, 0x04, 0xdf, 0xff, 0xff, 0xff, 0xff, 0xff, 0xfb,
    0x20, 0x3e, 0xa0, 0x00, 0x00, 0x08, 0xff, 0xff, 0xff, 0xff, 0xff, 0xff,
    0xff, 0xff, 0x50, 0x10, 0x00, 0x00, 0x07, 0xff, 0xff, 0xf9, 0x41, 0x00,
    0x25, 0xbf, 0xff, 0xff, 0x30, 0x00, 0x00, 0x00, 0x1c, 0xff, 0x80, 0x01,
    0x46, 0x53, 0x00, 0x2b, 0xff, 0x80, 0x00, 0x00, 0x00, 0x00, 0x08, 0x20,
    0x3b, 0xff, 0xff, 0xff, 0x91, 0x06, 0x60, 0x00, 0x00, 0x00, 0x00, 0x00,
    0x00, 0x8f, 0xff, 0xff, 0xff, 0xff, 0xe4, 0x00, 0x00, 0x00, 0x00, 0x00,
    0x00, 0x00, 0x0c, 0xff, 0xff, 0xff, 0xff, 0xff, 0x70, 0x00, 0x00, 0x00,
    0x00, 0x00, 0x00, 0x00, 0x1c, 0xfa, 0x30, 0x15, 0xcf, 0x80, 0x00, 0x00,
    0x00, 0x00, 0x00, 0x00, 0x00, 0x00, 0x02, 0x00, 0x32, 0x00, 0x30, 0x00,
    0x00, 0x00, 0x00, 0x00, 0x00, 0x00, 0x00, 0x00, 0x02, 0xef, 0xfc, 0x00,
    0x00, 0x00, 0x00, 0x00, 0x00, 0x00, 0x00, 0x00, 0x00, 0x00, 0x0c, 0xff,
    0x80, 0x00, 0x00, 0x00, 0x00, 0x00, 0x00, 0x00, 0x00, 0x00, 0x00, 0x00,
    0x1c, 0x80, 0x00, 0x00, 0x00, 0x00, 0x00, 0x00, 0x3d, 0xff, 0xff, 0xff,
    0xff, 0xff, 0xff, 0xff, 0xff, 0xff, 0xff, 0xff, 0xff, 0xfd, 0x40, 0x0d,
    0xfd, 0xdd, 0xdd, 0xdd, 0xdd, 0xdd, 0xdd, 0xdd, 0xdd, 0xdd, 0xdd, 0xdd,
    0xdd, 0xfe, 0x00, 0xfd, 0x00, 0x00, 0x00, 0x00, 0x00, 0x00, 0x00, 0x00,
    0x00, 0x00, 0x00, 0x00, 0x0d, 0xf0, 0x0f, 0xd0, 0x4f, 0xff, 0xff, 0xff,
    0xff, 0xff, 0xff, 0xff, 0xff, 0xff, 0xff, 0xf0, 0xdf, 0x00, 0xfd, 0x04,
    0xff, 0xff, 0xff, 0xff, 0xff, 0xff, 0xff, 0xff, 0xff, 0xff, 0xff, 0x0d,
    0xfd, 0x2f, 0xd0, 0x4f, 0xff, 0xff, 0xff, 0xff, 0xff, 0xff, 0xff, 0xff,
    0xff, 0xff, 0xf0, 0xdf, 0xfa, 0xfd, 0x04, 0xff, 0xff, 0xff, 0xff, 0xff,
    0xff, 0xff, 0xff, 0xff, 0xff, 0xff, 0x01, 0x2f, 0xbf, 0xd0, 0x4f, 0xff,
    0xff, 0xff, 0xff, 0xff, 0xff, 0xff, 0xff, 0xff, 0xff, 0xf0, 0x00, 0xfb,
    0xfd, 0x04, 0xff, 0xff, 0xff, 0xff, 0xff, 0xff, 0xff, 0xff, 0xff, 0xff,
    0xff, 0x00, 0x0f, 0xbf, 0xd0, 0x4f, 0xff, 0xff, 0xff, 0xff, 0xff, 0xff,
    0xff, 0xff, 0xff, 0xff, 0xf0, 0x00, 0xfb, 0xfd, 0x04, 0xff, 0xff, 0xff,
    0xff, 0xff, 0xff, 0xff, 0xff, 0xff, 0xff, 0xff, 0x01, 0x2f, 0xbf, 0xd0,
    0x4f, 0xff, 0xff, 0xff, 0xff, 0xff, 0xff, 0xff, 0xff, 0xff, 0xff, 0xf0,
    0xdf, 0xf8, 0xfd, 0x04, 0xff, 0xff, 0xff, 0xff, 0xff, 0xff, 0xff, 0xff,
    0xff, 0xff, 0xff, 0x0d, 0xf5, 0x0f, 0xd0, 0x14, 0x44, 0x44, 0x44, 0x44,
    0x44, 0x44, 0x44, 0x44, 0x44, 0x44, 0x40, 0xdf, 0x00, 0xfd, 0x00, 0x00,
    0x00, 0x00, 0x00, 0x00, 0x00, 0x00, 0x00, 0x00, 0x00, 0x00, 0x0d, 0xf0,
    0x0d, 0xfd, 0xdd, 0xdd, 0xdd, 0xdd, 0xdd, 0xdd, 0xdd, 0xdd, 0xdd, 0xdd,
    0xdd, 0xdd, 0xfd, 0x00, 0x3d, 0xff, 0xff, 0xff, 0xff, 0xff, 0xff, 0xff,
    0xff, 0xff, 0xff, 0xff, 0xff, 0xfd, 0x30, 0x00, 0x3d, 0xff, 0xff, 0xff,
    0xff, 0xff, 0xff, 0xff, 0xff, 0xff, 0xff, 0xff, 0xff, 0xfd, 0x40, 0x0d,
    0xfd, 0xdd, 0xdd, 0xdd, 0xdd, 0xdd, 0xdd, 0xdd, 0xdd, 0xdd, 0xdd, 0xdd,
    0xdd, 0xfe, 0x00, 0xfd, 0x00, 0x00, 0x00, 0x00, 0x00, 0x00, 0x00, 0x00,
    0x00, 0x00, 0x00, 0x00, 0x0d, 0xf0, 0x0f, 0xd0, 0x2f, 0xff, 0xff, 0xff,
    0xff, 0xff, 0xff, 0xff, 0xff, 0x00, 0x00, 0x00, 0xdf, 0x00, 0xfd, 0x02,
    0xff, 0xff, 0xff, 0xff, 0xff, 0xff, 0xff, 0xff, 0xf0, 0x00, 0x00, 0x0d,
    0xfd, 0x2f, 0xd0, 0x2f, 0xff, 0xff, 0xff, 0xff, 0xff, 0xff, 0xff, 0xff,
    0x00, 0x00, 0x00, 0xdf, 0xfa, 0xfd, 0x02, 0xff, 0xff, 0xff, 0xff, 0xff,
    0xff, 0xff, 0xff, 0xf0, 0x00, 0x00, 0x01, 0x2f, 0xbf, 0xd0, 0x2f, 0xff,
    0xff, 0xff, 0xff, 0xff, 0xff, 0xff, 0xff, 0x00, 0x00, 0x00, 0x00, 0xfb,
    0xfd, 0x02, 0xff, 0xff, 0xff, 0xff, 0xff, 0xff, 0xff, 0xff, 0xf0, 0x00,
    0x00, 0x00, 0x0f, 0xbf, 0xd0, 0x2f, 0xff, 0xff, 0xff, 0xff, 0xff, 0xff,
    0xff, 0xff, 0x00, 0x00, 0x00, 0x00, 0xfb, 0xfd, 0x02, 0xff, 0xff, 0xff,
    0xff, 0xff, 0xff, 0xff, 0xff, 0xf0, 0x00, 0x00, 0x01, 0x2f, 0xbf, 0xd0,
    0x2f, 0xff, 0xff, 0xff, 0xff, 0xff, 0xff, 0xff, 0xff, 0x00, 0x00, 0x00,
    0xdf, 0xf8, 0xfd, 0x02, 0xff, 0xff, 0xff, 0xff, 0xff, 0xff, 0xff, 0xff,
    0xf0, 0x00, 0x00, 0x0d, 0xf5, 0x0f, 0xd0, 0x04, 0x44, 0x44, 0x44, 0x44,
    0x44, 0x44, 0x44, 0x44, 0x00, 0x00, 0x00, 0xdf, 0x00, 0xfd, 0x00, 0x00,
    0x00, 0x00, 0x00, 0x00, 0x00, 0x00, 0x00, 0x00, 0x00, 0x00, 0x0d, 0xf0,
    0x0d, 0xfd, 0xdd, 0xdd, 0xdd, 0xdd, 0xdd, 0xdd, 0xdd, 0xdd, 0xdd, 0xdd,
    0xdd, 0xdd, 0xfd, 0x00, 0x3d, 0xff, 0xff, 0xff, 0xff, 0xff, 0xff, 0xff,
    0xff, 0xff, 0xff, 0xff, 0xff, 0xfd, 0x30, 0x00, 0x3d, 0xff, 0xff, 0xff,
    0xff, 0xff, 0xff, 0xff, 0xff, 0xff, 0xff, 0xff, 0xff, 0xfd, 0x40, 0x0d,
    0xfd, 0xdd, 0xdd, 0xdd, 0xdd, 0xdd, 0xdd, 0xdd, 0xdd, 0xdd, 0xdd, 0xdd,
    0xdd, 0xfe, 0x00, 0xfd, 0x00, 0x00, 0x00, 0x00, 0x00, 0x00, 0x00, 0x00,
    0x00, 0x00, 0x00, 0x00, 0x0d, 0xf0, 0x0f, 0xd0, 0xdf, 0xff, 0xff, 0xf0,
    0x00, 0x00, 0x00, 0x00, 0x00, 0x00, 0x00, 0x00, 0xdf, 0x00, 0xfd, 0x0d,
    0xff, 0xff, 0xff, 0x00, 0x00, 0x00, 0x00, 0x00, 0x00, 0x00, 0x00, 0x0d,
    0xfd, 0x2f, 0xd0, 0xdf, 0xff, 0xff, 0xf0, 0x00, 0x00, 0x00, 0x00, 0x00,
    0x00, 0x00, 0x00, 0xdf, 0xfa, 0xfd, 0x0d, 0xff, 0xff, 0xff, 0x00, 0x00,
    0x00, 0x00, 0x00, 0x00, 0x00, 0x00, 0x01, 0x2f, 0xbf, 0xd0, 0xdf, 0xff,
    0xff, 0xf0, 0x00, 0x00, 0x00, 0x00, 0x00, 0x00, 0x00, 0x00, 0x00, 0xfb,
    0xfd, 0x0d, 0xff, 0xff, 0xff, 0x00, 0x00, 0x00, 0x00, 0x00, 0x00, 0x00,
    0x00, 0x00, 0x0f, 0xbf, 0xd0, 0xdf, 0xff, 0xff, 0xf0, 0x00, 0x00, 0x00,
    0x00, 0x00, 0x00, 0x00, 0x00, 0x00, 0xfb, 0xfd, 0x0d, 0xff, 0xff, 0xff,
    0x00, 0x00, 0x00, 0x00, 0x00, 0x00, 0x00, 0x00, 0x01, 0x2f, 0xbf, 0xd0,
    0xdf, 0xff, 0xff, 0xf0, 0x00, 0x00, 0x00, 0x00, 0x00, 0x00, 0x00, 0x00,
    0xdf, 0xf8, 0xfd, 0x0d, 0xff, 0xff, 0xff, 0x00, 0x00, 0x00, 0x00, 0x00,
    0x00, 0x00, 0x00, 0x0d, 0xf5, 0x0f, 0xd0, 0x44, 0x44, 0x44, 0x40, 0x00,
    0x00, 0x00, 0x00, 0x00, 0x00, 0x00, 0x00, 0xdf, 0x00, 0xfd, 0x00, 0x00,
    0x00, 0x00, 0x00, 0x00, 0x00, 0x00, 0x00, 0x00, 0x00, 0x00, 0x0d, 0xf0,
    0x0d, 0xfd, 0xdd, 0xdd, 0xdd, 0xdd, 0xdd, 0xdd, 0xdd, 0xdd, 0xdd, 0xdd,
    0xdd, 0xdd, 0xfd, 0x00, 0x3d, 0xff, 0xff, 0xff, 0xff, 0xff, 0xff, 0xff,
    0xff, 0xff, 0xff, 0xff, 0xff, 0xfd, 0x30, 0x00, 0x3d, 0xff, 0xff, 0xff,
    0xff, 0xff, 0xff, 0xff, 0xff, 0xff, 0xff, 0xff, 0xff, 0xfd, 0x40, 0x0d,
    0xfd, 0xdd, 0xdd, 0xdd, 0xdd, 0xdd, 0xdd, 0xdd, 0xdd, 0xdd, 0xdd, 0xdd,
    0xdd, 0xfe, 0x00, 0xfd, 0x00, 0x00, 0x00, 0x00, 0x00, 0x00, 0x00, 0x00,
    0x00, 0x00, 0x00, 0x00, 0x0d, 0xf0, 0x0f, 0xd0, 0x00, 0x00, 0x00, 0x00,
    0x00, 0x00, 0x00, 0x00, 0x00, 0x00, 0x00, 0x00, 0xdf, 0x00, 0xfd, 0x00,
    0x00, 0x00, 0x00, 0x00, 0x00, 0x00, 0x00, 0x00, 0x00, 0x00, 0x00, 0x0d,
    0xfe, 0x3f, 0xd0, 0x00, 0x00, 0x00, 0x00, 0x00, 0x00, 0x00, 0x00, 0x00,
    0x00, 0x00, 0x00, 0xdf, 0xfa, 0xfd, 0x00, 0x00, 0x00, 0x00, 0x00, 0x00,
    0x00, 0x00, 0x00, 0x00, 0x00, 0x00, 0x01, 0x2f, 0xbf, 0xd0, 0x00, 0x00,
    0x00, 0x00, 0x00, 0x00, 0x00, 0x00, 0x00, 0x00, 0x00, 0x00, 0x00, 0xfb,
    0xfd, 0x00, 0x00, 0x00, 0x00, 0x00, 0x00, 0x00, 0x00, 0x00, 0x00, 0x00,
    0x00, 0x00, 0x0f, 0xbf, 0xd0, 0x00, 0x00, 0x00, 0x00, 0x00, 0x00, 0x00,
    0x00, 0x00, 0x00, 0x00, 0x00, 0x00, 0xfb, 0xfd, 0x00, 0x00, 0x00, 0x00,
    0x00, 0x00, 0x00, 0x00, 0x00, 0x00, 0x00, 0x00, 0x01, 0x2f, 0xbf, 0xd0,
    0x00, 0x00, 0x00, 0x00, 0x00, 0x00, 0x00, 0x00, 0x00, 0x00, 0x00, 0x00,
    0xdf, 0xf8, 0xfd, 0x00, 0x00, 0x00, 0x00, 0x00, 0x00, 0x00, 0x00, 0x00,
    0x00, 0x00, 0x00, 0x0d, 0xf7, 0x0f, 0xd0, 0x00, 0x00, 0x00, 0x00, 0x00,
    0x00, 0x00, 0x00, 0x00, 0x00, 0x00, 0x00, 0xdf, 0x00, 0xfd, 0x00, 0x00,
    0x00, 0x00, 0x00, 0x00, 0x00, 0x00, 0x00, 0x00, 0x00, 0x00, 0x0d, 0xf0,
    0x0d, 0xfd, 0xdd, 0xdd, 0xdd, 0xdd, 0xdd, 0xdd, 0xdd, 0xdd, 0xdd, 0xdd,
    0xdd, 0xdd, 0xfd, 0x00, 0x3d, 0xff, 0xff, 0xff, 0xff, 0xff, 0xff, 0xff,
    0xff, 0xff, 0xff, 0xff, 0xff, 0xfd, 0x30, 0x00, 0x48, 0x88, 0x88, 0x88,
    0x84, 0x8f, 0xff, 0xff, 0xff, 0xf8, 0x8f, 0x00, 0x00, 0x00, 0xf8, 0x8f,
    0x00, 0x00, 0x00, 0xf8, 0x8f, 0x00, 0x00, 0x00, 0xf8, 0x8f, 0x00, 0x00,
    0x00, 0xf8, 0x8f, 0x00, 0x00, 0x00, 0xf8, 0x8f, 0x00, 0x00, 0x00, 0xf8,
    0x8f, 0x00, 0x00, 0x00, 0xf8, 0x8f, 0x00, 0x00, 0x00, 0xf8, 0x8f, 0x00,
    0x00, 0x00, 0xf8, 0x8f, 0x00, 0x00, 0x00, 0xf8, 0x8f, 0x00, 0x00, 0x00,
    0xf8, 0x8f, 0x00, 0x00, 0x00, 0xf8, 0x8f, 0x00, 0x00, 0x00, 0xf8, 0x8f,
    0x00, 0x00, 0x00, 0xf8, 0x8f, 0x00, 0x00, 0x00, 0xf8, 0x8f, 0x00, 0x00,
    0x00, 0xf8, 0x8f, 0x00, 0x00, 0x00, 0xf8, 0x8f, 0x88, 0x88, 0x88, 0xf8,
    0x8f, 0xff, 0xff, 0xff, 0xf8,

};


/*---------------------
 *  GLYPH DESCRIPTION
 *--------------------*/

static const lv_font_fmt_txt_glyph_dsc_t glyph_dsc[] = {
    {.bitmap_index = 0, .adv_w = 0, .box_w = 0, .box_h = 0, .ofs_x = 0, .ofs_y = 0} /* id = 0 reserved */,
    {.bitmap_index = 0, .adv_w = 100, .box_w = 0, .box_h = 0, .ofs_x = 0, .ofs_y = 0},
    {.bitmap_index = 0, .adv_w = 103, .box_w = 4, .box_h = 17, .ofs_x = 1, .ofs_y = 0},
    {.bitmap_index = 34, .adv_w = 157, .box_w = 8, .box_h = 7, .ofs_x = 1, .ofs_y = 10},
    {.bitmap_index = 62, .adv_w = 248, .box_w = 15, .box_h = 17, .ofs_x = 0, .ofs_y = 0},
    {.bitmap_index = 190, .adv_w = 220, .box_w = 12, .box_h = 20, .ofs_x = 1, .ofs_y = -2},
    {.bitmap_index = 310, .adv_w = 319, .box_w = 18, .box_h = 17, .ofs_x = 1, .ofs_y = 0},
    {.bitmap_index = 463, .adv_w = 281, .box_w = 17, .box_h = 17, .ofs_x = 1, .ofs_y = 0},
    {.bitmap_index = 608, .adv_w = 86, .box_w = 3, .box_h = 7, .ofs_x = 1, .ofs_y = 10},
    {.bitmap_index = 619, .adv_w = 115, .box_w = 7, .box_h = 21, .ofs_x = 0, .ofs_y = -4},
    {.bitmap_index = 693, .adv_w = 115, .box_w = 7, .box_h = 21, .ofs_x = 0, .ofs_y = -4},
    {.bitmap_index = 767, .adv_w = 212, .box_w = 13, .box_h = 11, .ofs_x = 0, .ofs_y = 7},
    {.bitmap_index = 839, .adv_w = 220, .box_w = 12, .box_h = 12, .ofs_x = 1, .ofs_y = 3},
    {.bitmap_index = 911, .adv_w = 103, .box_w = 5, .box_h = 6, .ofs_x = 0, .ofs_y = -3},
    {.bitmap_index = 926, .adv_w = 124, .box_w = 7, .box_h = 2, .ofs_x = 0, .ofs_y = 5},
    {.bitmap_index = 933, .adv_w = 103, .box_w = 4, .box_h = 4, .ofs_x = 1, .ofs_y = 0},
    {.bitmap_index = 941, .adv_w = 143, .box_w = 9, .box_h = 17, .ofs_x = 0, .ofs_y = 0},
    {.bitmap_index = 1018, .adv_w = 220, .box_w = 12, .box_h = 17, .ofs_x = 1, .ofs_y = 0},
    {.bitmap_index = 1120, .adv_w = 220, .box_w = 7, .box_h = 17, .ofs_x = 2, .ofs_y = 0},
    {.bitmap_index = 1180, .adv_w = 220, .box_w = 12, .box_h = 17, .ofs_x = 1, .ofs_y = 0},
    {.bitmap_index = 1282, .adv_w = 220, .box_w = 12, .box_h = 17, .ofs_x = 1, .ofs_y = 0},
    {.bitmap_index = 1384, .adv_w = 220, .box_w = 14, .box_h = 17, .ofs_x = 0, .ofs_y = 0},
    {.bitmap_index = 1503, .adv_w = 220, .box_w = 12, .box_h = 17, .ofs_x = 1, .ofs_y = 0},
    {.bitmap_index = 1605, .adv_w = 220, .box_w = 12, .box_h = 17, .ofs_x = 1, .ofs_y = 0},
    {.bitmap_index = 1707, .adv_w = 220, .box_w = 12, .box_h = 17, .ofs_x = 1, .ofs_y = 0},
    {.bitmap_index = 1809, .adv_w = 220, .box_w = 12, .box_h = 17, .ofs_x = 1, .ofs_y = 0},
    {.bitmap_index = 1911, .adv_w = 220, .box_w = 12, .box_h = 17, .ofs_x = 1, .ofs_y = 0},
    {.bitmap_index = 2013, .adv_w = 103, .box_w = 4, .box_h = 13, .ofs_x = 1, .ofs_y = 0},
    {.bitmap_index = 2039, .adv_w = 103, .box_w = 5, .box_h = 16, .ofs_x = 0, .ofs_y = -3},
    {.bitmap_index = 2079, .adv_w = 220, .box_w = 12, .box_h = 13, .ofs_x = 1, .ofs_y = 2},
    {.bitmap_index = 2157, .adv_w = 220, .box_w = 12, .box_h = 7, .ofs_x = 1, .ofs_y = 5},
    {.bitmap_index = 2199, .adv_w = 220, .box_w = 12, .box_h = 13, .ofs_x = 1, .ofs_y = 2},
    {.bitmap_index = 2277, .adv_w = 167, .box_w = 10, .box_h = 17, .ofs_x = 0, .ofs_y = 0},
    {.bitmap_index = 2362, .adv_w = 345, .box_w = 20, .box_h = 19, .ofs_x = 1, .ofs_y = -2},
    {.bitmap_index = 2552, .adv_w = 245, .box_w = 16, .box_h = 17, .ofs_x = 0, .ofs_y = 0},
    {.bitmap_index = 2688, .adv_w = 250, .box_w = 13, .box_h = 17, .ofs_x = 2, .ofs_y = 0},
    {.bitmap_index = 2799, .adv_w = 243, .box_w = 14, .box_h = 17, .ofs_x = 1, .ofs_y = 0},
    {.bitmap_index = 2918, .adv_w = 280, .box_w = 15, .box_h = 17, .ofs_x = 2, .ofs_y = 0},
    {.bitmap_index = 3046, .adv_w = 214, .box_w = 10, .box_h = 17, .ofs_x = 2, .ofs_y = 0},
    {.bitmap_index = 3131, .adv_w = 199, .box_w = 10, .box_h = 17, .ofs_x = 2, .ofs_y = 0},
    {.bitmap_index = 3216, .adv_w = 280, .box_w = 15, .box_h = 17, .ofs_x = 1, .ofs_y = 0},
    {.bitmap_index = 3344, .adv_w = 285, .box_w = 14, .box_h = 17, .ofs_x = 2, .ofs_y = 0},
    {.bitmap_index = 3463, .adv_w = 130, .box_w = 8, .box_h = 17, .ofs_x = 0, .ofs_y = 0},
    {.bitmap_index = 3531, .adv_w = 105, .box_w = 7, .box_h = 22, .ofs_x = -2, .ofs_y = -5},
    {.bitmap_index = 3608, .adv_w = 238, .box_w = 13, .box_h = 17, .ofs_x = 2, .ofs_y = 0},
    {.bitmap_index = 3719, .adv_w = 201, .box_w = 10, .box_h = 17, .ofs_x = 2, .ofs_y = 0},
    {.bitmap_index = 3804, .adv_w = 348, .box_w = 18, .box_h = 17, .ofs_x = 2, .ofs_y = 0},
    {.bitmap_index = 3957, .adv_w = 292, .box_w = 14, .box_h = 17, .ofs_x = 2, .ofs_y = 0},
    {.bitmap_index = 4076, .adv_w = 300, .box_w = 17, .box_h = 17, .ofs_x = 1, .ofs_y = 0},
    {.bitmap_index = 4221, .adv_w = 232, .box_w = 12, .box_h = 17, .ofs_x = 2, .ofs_y = 0},
    {.bitmap_index = 4323, .adv_w = 300, .box_w = 17, .box_h = 21, .ofs_x = 1, .ofs_y = -4},
    {.bitmap_index = 4502, .adv_w = 239, .box_w = 13, .box_h = 17, .ofs_x = 2, .ofs_y = 0},
    {.bitmap_index = 4613, .adv_w = 211, .box_w = 12, .box_h = 17, .ofs_x = 1, .ofs_y = 0},
    {.bitmap_index = 4715, .adv_w = 214, .box_w = 14, .box_h = 17, .ofs_x = 0, .ofs_y = 0},
    {.bitmap_index = 4834, .adv_w = 281, .box_w = 14, .box_h = 17, .ofs_x = 2, .ofs_y = 0},
    {.bitmap_index = 4953, .adv_w = 230, .box_w = 15, .box_h = 17, .ofs_x = 0, .ofs_y = 0},
    {.bitmap_index = 5081, .adv_w = 357, .box_w = 23, .box_h = 17, .ofs_x = 0, .ofs_y = 0},
    {.bitmap_index = 5277, .adv_w = 225, .box_w = 14, .box_h = 17, .ofs_x = 0, .ofs_y = 0},
    {.bitmap_index = 5396, .adv_w = 217, .box_w = 14, .box_h = 17, .ofs_x = 0, .ofs_y = 0},
    {.bitmap_index = 5515, .adv_w = 220, .box_w = 13, .box_h = 17, .ofs_x = 0, .ofs_y = 0},
    {.bitmap_index = 5626, .adv_w = 126, .box_w = 7, .box_h = 21, .ofs_x = 1, .ofs_y = -4},
    {.bitmap_index = 5700, .adv_w = 143, .box_w = 9, .box_h = 17, .ofs_x = 0, .ofs_y = 0},
    {.bitmap_index = 5777, .adv_w = 126, .box_w = 6, .box_h = 21, .ofs_x = 0, .ofs_y = -4},
    {.bitmap_index = 5840, .adv_w = 220, .box_w = 13, .box_h = 11, .ofs_x = 0, .ofs_y = 6},
    {.bitmap_index = 5912, .adv_w = 170, .box_w = 12, .box_h = 2, .ofs_x = -1, .ofs_y = -4},
    {.bitmap_index = 5924, .adv_w = 108, .box_w = 6, .box_h = 4, .ofs_x = 0, .ofs_y = 14},
    {.bitmap_index = 5936, .adv_w = 215, .box_w = 11, .box_h = 13, .ofs_x = 1, .ofs_y = 0},
    {.bitmap_index = 6008, .adv_w = 236, .box_w = 12, .box_h = 18, .ofs_x = 2, .ofs_y = 0},
    {.bitmap_index = 6116, .adv_w = 184, .box_w = 10, .box_h = 13, .ofs_x = 1, .ofs_y = 0},
    {.bitmap_index = 6181, .adv_w = 236, .box_w = 12, .box_h = 18, .ofs_x = 1, .ofs_y = 0},
    {.bitmap_index = 6289, .adv_w = 217, .box_w = 12, .box_h = 13, .ofs_x = 1, .ofs_y = 0},
    {.bitmap_index = 6367, .adv_w = 132, .box_w = 10, .box_h = 18, .ofs_x = 0, .ofs_y = 0},
    {.bitmap_index = 6457, .adv_w = 236, .box_w = 12, .box_h = 19, .ofs_x = 1, .ofs_y = -6},
    {.bitmap_index = 6571, .adv_w = 237, .box_w = 11, .box_h = 18, .ofs_x = 2, .ofs_y = 0},
    {.bitmap_index = 6670, .adv_w = 99, .box_w = 4, .box_h = 18, .ofs_x = 1, .ofs_y = 0},
    {.bitmap_index = 6706, .adv_w = 99, .box_w = 7, .box_h = 24, .ofs_x = -2, .ofs_y = -6},
    {.bitmap_index = 6790, .adv_w = 205, .box_w = 11, .box_h = 18, .ofs_x = 2, .ofs_y = 0},
    {.bitmap_index = 6889, .adv_w = 99, .box_w = 3, .box_h = 18, .ofs_x = 2, .ofs_y = 0},
    {.bitmap_index = 6916, .adv_w = 359, .box_w = 19, .box_h = 13, .ofs_x = 2, .ofs_y = 0},
    {.bitmap_index = 7040, .adv_w = 237, .box_w = 11, .box_h = 13, .ofs_x = 2, .ofs_y = 0},
    {.bitmap_index = 7112, .adv_w = 232, .box_w = 13, .box_h = 13, .ofs_x = 1, .ofs_y = 0},
    {.bitmap_index = 7197, .adv_w = 236, .box_w = 12, .box_h = 19, .ofs_x = 2, .ofs_y = -6},
    {.bitmap_index = 7311, .adv_w = 236, .box_w = 12, .box_h = 19, .ofs_x = 1, .ofs_y = -6},
    {.bitmap_index = 7425, .adv_w = 159, .box_w = 8, .box_h = 13, .ofs_x = 2, .ofs_y = 0},
    {.bitmap_index = 7477, .adv_w = 184, .box_w = 10, .box_h = 13, .ofs_x = 1, .ofs_y = 0},
    {.bitmap_index = 7542, .adv_w = 139, .box_w = 9, .box_h = 16, .ofs_x = 0, .ofs_y = 0},
    {.bitmap_index = 7614, .adv_w = 237, .box_w = 12, .box_h = 13, .ofs_x = 1, .ofs_y = 0},
    {.bitmap_index = 7692, .adv_w = 195, .box_w = 13, .box_h = 13, .ofs_x = 0, .ofs_y = 0},
    {.bitmap_index = 7777, .adv_w = 302, .box_w = 19, .box_h = 13, .ofs_x = 0, .ofs_y = 0},
    {.bitmap_index = 7901, .adv_w = 203, .box_w = 13, .box_h = 13, .ofs_x = 0, .ofs_y = 0},
    {.bitmap_index = 7986, .adv_w = 196, .box_w = 13, .box_h = 19, .ofs_x = 0, .ofs_y = -6},
    {.bitmap_index = 8110, .adv_w = 180, .box_w = 11, .box_h = 13, .ofs_x = 0, .ofs_y = 0},
    {.bitmap_index = 8182, .adv_w = 146, .box_w = 9, .box_h = 21, .ofs_x = 0, .ofs_y = -4},
    {.bitmap_index = 8277, .adv_w = 212, .box_w = 3, .box_h = 24, .ofs_x = 5, .ofs_y = -6},
    {.bitmap_index = 8313, .adv_w = 146, .box_w = 9, .box_h = 21, .ofs_x = 0, .ofs_y = -4},
    {.bitmap_index = 8408, .adv_w = 220, .box_w = 12, .box_h = 3, .ofs_x = 1, .ofs_y = 7},
    {.bitmap_index = 8426, .adv_w = 230, .box_w = 12, .box_h = 14, .ofs_x = 1, .ofs_y = 0},
    {.bitmap_index = 8510, .adv_w = 210, .box_w = 11, .box_h = 14, .ofs_x = 1, .ofs_y = 0},
    {.bitmap_index = 8587, .adv_w = 211, .box_w = 11, .box_h = 14, .ofs_x = 1, .ofs_y = 0},
    {.bitmap_index = 8664, .adv_w = 236, .box_w = 12, .box_h = 14, .ofs_x = 1, .ofs_y = 0},
    {.bitmap_index = 8748, .adv_w = 238, .box_w = 12, .box_h = 14, .ofs_x = 1, .ofs_y = 0},
    {.bitmap_index = 8832, .adv_w = 230, .box_w = 12, .box_h = 14, .ofs_x = 1, .ofs_y = 0},
    {.bitmap_index = 8916, .adv_w = 206, .box_w = 12, .box_h = 14, .ofs_x = 0, .ofs_y = 0},
    {.bitmap_index = 9000, .adv_w = 204, .box_w = 12, .box_h = 14, .ofs_x = 0, .ofs_y = 0},
    {.bitmap_index = 9084, .adv_w = 232, .box_w = 12, .box_h = 14, .ofs_x = 1, .ofs_y = 0},
    {.bitmap_index = 9168, .adv_w = 211, .box_w = 11, .box_h = 14, .ofs_x = 1, .ofs_y = 0},
    {.bitmap_index = 9245, .adv_w = 214, .box_w = 11, .box_h = 14, .ofs_x = 1, .ofs_y = 0},
    {.bitmap_index = 9322, .adv_w = 348, .box_w = 19, .box_h = 14, .ofs_x = 1, .ofs_y = 0},
    {.bitmap_index = 9455, .adv_w = 349, .box_w = 19, .box_h = 19, .ofs_x = 1, .ofs_y = -5},
    {.bitmap_index = 9636, .adv_w = 232, .box_w = 13, .box_h = 19, .ofs_x = 0, .ofs_y = -5},
    {.bitmap_index = 9760, .adv_w = 232, .box_w = 13, .box_h = 19, .ofs_x = 0, .ofs_y = -5},
    {.bitmap_index = 9884, .adv_w = 210, .box_w = 13, .box_h = 20, .ofs_x = 0, .ofs_y = -5},
    {.bitmap_index = 10014, .adv_w = 240, .box_w = 13, .box_h = 14, .ofs_x = 1, .ofs_y = 0},
    {.bitmap_index = 10105, .adv_w = 347, .box_w = 20, .box_h = 14, .ofs_x = 1, .ofs_y = 0},
    {.bitmap_index = 10245, .adv_w = 349, .box_w = 19, .box_h = 14, .ofs_x = 1, .ofs_y = 0},
    {.bitmap_index = 10378, .adv_w = 237, .box_w = 12, .box_h = 14, .ofs_x = 1, .ofs_y = 0},
    {.bitmap_index = 10462, .adv_w = 244, .box_w = 13, .box_h = 14, .ofs_x = 1, .ofs_y = 0},
    {.bitmap_index = 10553, .adv_w = 231, .box_w = 12, .box_h = 14, .ofs_x = 1, .ofs_y = 0},
    {.bitmap_index = 10637, .adv_w = 234, .box_w = 11, .box_h = 14, .ofs_x = 2, .ofs_y = 0},
    {.bitmap_index = 10714, .adv_w = 209, .box_w = 11, .box_h = 14, .ofs_x = 1, .ofs_y = 0},
    {.bitmap_index = 10791, .adv_w = 235, .box_w = 12, .box_h = 14, .ofs_x = 1, .ofs_y = 0},
    {.bitmap_index = 10875, .adv_w = 232, .box_w = 12, .box_h = 14, .ofs_x = 1, .ofs_y = 0},
    {.bitmap_index = 10959, .adv_w = 232, .box_w = 12, .box_h = 19, .ofs_x = 1, .ofs_y = 0},
    {.bitmap_index = 11073, .adv_w = 249, .box_w = 12, .box_h = 14, .ofs_x = 2, .ofs_y = 0},
    {.bitmap_index = 11157, .adv_w = 250, .box_w = 12, .box_h = 19, .ofs_x = 2, .ofs_y = 0},
    {.bitmap_index = 11271, .adv_w = 267, .box_w = 16, .box_h = 14, .ofs_x = 0, .ofs_y = 0},
    {.bitmap_index = 11383, .adv_w = 262, .box_w = 16, .box_h = 19, .ofs_x = 0, .ofs_y = 0},
    {.bitmap_index = 11535, .adv_w = 232, .box_w = 13, .box_h = 14, .ofs_x = 0, .ofs_y = 0},
    {.bitmap_index = 11626, .adv_w = 236, .box_w = 11, .box_h = 14, .ofs_x = 2, .ofs_y = 0},
    {.bitmap_index = 11703, .adv_w = 228, .box_w = 12, .box_h = 14, .ofs_x = 1, .ofs_y = 0},
    {.bitmap_index = 11787, .adv_w = 187, .box_w = 11, .box_h = 14, .ofs_x = 0, .ofs_y = 0},
    {.bitmap_index = 11864, .adv_w = 231, .box_w = 12, .box_h = 19, .ofs_x = 1, .ofs_y = -5},
    {.bitmap_index = 11978, .adv_w = 219, .box_w = 11, .box_h = 14, .ofs_x = 1, .ofs_y = 0},
    {.bitmap_index = 12055, .adv_w = 232, .box_w = 13, .box_h = 19, .ofs_x = 0, .ofs_y = -5},
    {.bitmap_index = 12179, .adv_w = 189, .box_w = 11, .box_h = 14, .ofs_x = 0, .ofs_y = 0},
    {.bitmap_index = 12256, .adv_w = 241, .box_w = 13, .box_h = 15, .ofs_x = 1, .ofs_y = 0},
    {.bitmap_index = 12354, .adv_w = 246, .box_w = 14, .box_h = 14, .ofs_x = 1, .ofs_y = 0},
    {.bitmap_index = 12452, .adv_w = 220, .box_w = 12, .box_h = 15, .ofs_x = 1, .ofs_y = 0},
    {.bitmap_index = 12542, .adv_w = 225, .box_w = 11, .box_h = 14, .ofs_x = 2, .ofs_y = 0},
    {.bitmap_index = 12619, .adv_w = 257, .box_w = 16, .box_h = 18, .ofs_x = 0, .ofs_y = 0},
    {.bitmap_index = 12763, .adv_w = 220, .box_w = 12, .box_h = 14, .ofs_x = 1, .ofs_y = 0},
    {.bitmap_index = 12847, .adv_w = 215, .box_w = 12, .box_h = 15, .ofs_x = 1, .ofs_y = 0},
    {.bitmap_index = 12937, .adv_w = 199, .box_w = 11, .box_h = 14, .ofs_x = 0, .ofs_y = 0},
    {.bitmap_index = 13014, .adv_w = 130, .box_w = 8, .box_h = 11, .ofs_x = 0, .ofs_y = 2},
    {.bitmap_index = 13058, .adv_w = 0, .box_w = 10, .box_h = 4, .ofs_x = -8, .ofs_y = 16},
    {.bitmap_index = 13078, .adv_w = 156, .box_w = 8, .box_h = 14, .ofs_x = 0, .ofs_y = 0},
    {.bitmap_index = 13134, .adv_w = 156, .box_w = 15, .box_h = 20, .ofs_x = -7, .ofs_y = 0},
    {.bitmap_index = 13284, .adv_w = 0, .box_w = 11, .box_h = 2, .ofs_x = -13, .ofs_y = 16},
    {.bitmap_index = 13295, .adv_w = 0, .box_w = 11, .box_h = 4, .ofs_x = -13, .ofs_y = 16},
    {.bitmap_index = 13317, .adv_w = 0, .box_w = 12, .box_h = 4, .ofs_x = -13, .ofs_y = 16},
    {.bitmap_index = 13341, .adv_w = 0, .box_w = 11, .box_h = 4, .ofs_x = -13, .ofs_y = 16},
    {.bitmap_index = 13363, .adv_w = 0, .box_w = 4, .box_h = 5, .ofs_x = -6, .ofs_y = -7},
    {.bitmap_index = 13373, .adv_w = 0, .box_w = 8, .box_h = 5, .ofs_x = -10, .ofs_y = -7},
    {.bitmap_index = 13393, .adv_w = 0, .box_w = 4, .box_h = 4, .ofs_x = -5, .ofs_y = -5},
    {.bitmap_index = 13401, .adv_w = 224, .box_w = 12, .box_h = 21, .ofs_x = 1, .ofs_y = -2},
    {.bitmap_index = 13527, .adv_w = 113, .box_w = 5, .box_h = 14, .ofs_x = 2, .ofs_y = 0},
    {.bitmap_index = 13562, .adv_w = 218, .box_w = 12, .box_h = 14, .ofs_x = 2, .ofs_y = 0},
    {.bitmap_index = 13646, .adv_w = 118, .box_w = 9, .box_h = 21, .ofs_x = 0, .ofs_y = 0},
    {.bitmap_index = 13741, .adv_w = 111, .box_w = 7, .box_h = 21, .ofs_x = 0, .ofs_y = 0},
    {.bitmap_index = 13815, .adv_w = 117, .box_w = 9, .box_h = 21, .ofs_x = -1, .ofs_y = 0},
    {.bitmap_index = 13910, .adv_w = 156, .box_w = 8, .box_h = 19, .ofs_x = 0, .ofs_y = -5},
    {.bitmap_index = 13986, .adv_w = 228, .box_w = 12, .box_h = 19, .ofs_x = 1, .ofs_y = -5},
    {.bitmap_index = 14100, .adv_w = 0, .box_w = 9, .box_h = 6, .ofs_x = -11, .ofs_y = 16},
    {.bitmap_index = 14127, .adv_w = 0, .box_w = 3, .box_h = 6, .ofs_x = -5, .ofs_y = 16},
    {.bitmap_index = 14136, .adv_w = 0, .box_w = 8, .box_h = 5, .ofs_x = -9, .ofs_y = 16},
    {.bitmap_index = 14156, .adv_w = 0, .box_w = 11, .box_h = 6, .ofs_x = -11, .ofs_y = 15},
    {.bitmap_index = 14189, .adv_w = 0, .box_w = 6, .box_h = 6, .ofs_x = -8, .ofs_y = 16},
    {.bitmap_index = 14207, .adv_w = 0, .box_w = 7, .box_h = 4, .ofs_x = -7, .ofs_y = 15},
    {.bitmap_index = 14221, .adv_w = 0, .box_w = 6, .box_h = 5, .ofs_x = -7, .ofs_y = 15},
    {.bitmap_index = 14236, .adv_w = 0, .box_w = 7, .box_h = 6, .ofs_x = -7, .ofs_y = 15},
    {.bitmap_index = 14257, .adv_w = 228, .box_w = 12, .box_h = 12, .ofs_x = 1, .ofs_y = 0},
    {.bitmap_index = 14329, .adv_w = 219, .box_w = 12, .box_h = 12, .ofs_x = 1, .ofs_y = 0},
    {.bitmap_index = 14401, .adv_w = 209, .box_w = 11, .box_h = 12, .ofs_x = 1, .ofs_y = 0},
    {.bitmap_index = 14467, .adv_w = 235, .box_w = 13, .box_h = 15, .ofs_x = 1, .ofs_y = 0},
    {.bitmap_index = 14565, .adv_w = 215, .box_w = 11, .box_h = 12, .ofs_x = 1, .ofs_y = 0},
    {.bitmap_index = 14631, .adv_w = 207, .box_w = 11, .box_h = 15, .ofs_x = 1, .ofs_y = 0},
    {.bitmap_index = 14714, .adv_w = 207, .box_w = 11, .box_h = 15, .ofs_x = 1, .ofs_y = 0},
    {.bitmap_index = 14797, .adv_w = 200, .box_w = 12, .box_h = 15, .ofs_x = 0, .ofs_y = 0},
    {.bitmap_index = 14887, .adv_w = 276, .box_w = 15, .box_h = 15, .ofs_x = 1, .ofs_y = 0},
    {.bitmap_index = 15000, .adv_w = 217, .box_w = 12, .box_h = 15, .ofs_x = 1, .ofs_y = 0},
    {.bitmap_index = 15090, .adv_w = 194, .box_w = 11, .box_h = 15, .ofs_x = 1, .ofs_y = 0},
    {.bitmap_index = 15173, .adv_w = 295, .box_w = 17, .box_h = 14, .ofs_x = 0, .ofs_y = 0},
    {.bitmap_index = 15292, .adv_w = 335, .box_w = 19, .box_h = 9, .ofs_x = 1, .ofs_y = 2},
    {.bitmap_index = 15378, .adv_w = 329, .box_w = 21, .box_h = 24, .ofs_x = 0, .ofs_y = -4},
    {.bitmap_index = 15630, .adv_w = 384, .box_w = 24, .box_h = 19, .ofs_x = 0, .ofs_y = 0},
    {.bitmap_index = 15858, .adv_w = 384, .box_w = 22, .box_h = 17, .ofs_x = 1, .ofs_y = 0},
    {.bitmap_index = 16045, .adv_w = 302, .box_w = 16, .box_h = 16, .ofs_x = 1, .ofs_y = 0},
    {.bitmap_index = 16173, .adv_w = 329, .box_w = 21, .box_h = 21, .ofs_x = 0, .ofs_y = -2},
    {.bitmap_index = 16394, .adv_w = 356, .box_w = 23, .box_h = 18, .ofs_x = -1, .ofs_y = 0},
    {.bitmap_index = 16601, .adv_w = 356, .box_w = 22, .box_h = 21, .ofs_x = 0, .ofs_y = 0},
    {.bitmap_index = 16832, .adv_w = 329, .box_w = 21, .box_h = 21, .ofs_x = 0, .ofs_y = -2},
    {.bitmap_index = 17053, .adv_w = 356, .box_w = 22, .box_h = 20, .ofs_x = 0, .ofs_y = -1},
    {.bitmap_index = 17273, .adv_w = 412, .box_w = 26, .box_h = 21, .ofs_x = 0, .ofs_y = -2},
    {.bitmap_index = 17546, .adv_w = 220, .box_w = 14, .box_h = 21, .ofs_x = 0, .ofs_y = -2},
    {.bitmap_index = 17693, .adv_w = 302, .box_w = 19, .box_h = 21, .ofs_x = 0, .ofs_y = -2},
    {.bitmap_index = 17893, .adv_w = 329, .box_w = 21, .box_h = 21, .ofs_x = 0, .ofs_y = -2},
    {.bitmap_index = 18114, .adv_w = 329, .box_w = 21, .box_h = 21, .ofs_x = 0, .ofs_y = -2},
    {.bitmap_index = 18335, .adv_w = 220, .box_w = 15, .box_h = 21, .ofs_x = -1, .ofs_y = -2},
    {.bitmap_index = 18493, .adv_w = 274, .box_w = 14, .box_h = 22, .ofs_x = 2, .ofs_y = -2},
    {.bitmap_index = 18647, .adv_w = 384, .box_w = 24, .box_h = 15, .ofs_x = 0, .ofs_y = 0},
    {.bitmap_index = 18827, .adv_w = 384, .box_w = 24, .box_h = 19, .ofs_x = 0, .ofs_y = -2},
    {.bitmap_index = 19055, .adv_w = 384, .box_w = 24, .box_h = 23, .ofs_x = 0, .ofs_y = -2},
    {.bitmap_index = 19331, .adv_w = 384, .box_w = 24, .box_h = 23, .ofs_x = 0, .ofs_y = -2},
    {.bitmap_index = 19607, .adv_w = 412, .box_w = 26, .box_h = 16, .ofs_x = 0, .ofs_y = 0},
    {.bitmap_index = 19815, .adv_w = 356, .box_w = 23, .box_h = 19, .ofs_x = 0, .ofs_y = 0},
    {.bitmap_index = 20034, .adv_w = 329, .box_w = 21, .box_h = 21, .ofs_x = 0, .ofs_y = -2},
    {.bitmap_index = 20255, .adv_w = 384, .box_w = 24, .box_h = 25, .ofs_x = 0, .ofs_y = -4},
    {.bitmap_index = 20555, .adv_w = 412, .box_w = 26, .box_h = 16, .ofs_x = 0, .ofs_y = 0},
    {.bitmap_index = 20763, .adv_w = 439, .box_w = 27, .box_h = 19, .ofs_x = 0, .ofs_y = 0},
    {.bitmap_index = 21020, .adv_w = 494, .box_w = 31, .box_h = 17, .ofs_x = 0, .ofs_y = 0},
    {.bitmap_index = 21284, .adv_w = 494, .box_w = 31, .box_h = 17, .ofs_x = 0, .ofs_y = 0},
    {.bitmap_index = 21548, .adv_w = 494, .box_w = 31, .box_h = 17, .ofs_x = 0, .ofs_y = 0},
    {.bitmap_index = 21812, .adv_w = 494, .box_w = 31, .box_h = 17, .ofs_x = 0, .ofs_y = 0},
    {.bitmap_index = 22076, .adv_w = 192, .box_w = 10, .box_h = 21, .ofs_x = 1, .ofs_y = 0},
};

/*---------------------
 *  CHARACTER MAPPING
 *--------------------*/



/*Collect the unicode lists and glyph_id offsets*/
static const uint16_t unicode_list_sym[] = {
    0x0, 0xa, 0xb, 0xc, 0x12, 0x14, 0x18, 0x20,
    0x27, 0x3d, 0x47, 0x4a, 0x4b, 0x4c, 0x50, 0x52,
    0x6d, 0x6f, 0x70, 0x73, 0x78, 0x7a, 0xc6, 0xf2,
    0x11b, 0x1ea, 0x23f, 0x240, 0x242, 0x243, 0x7c1,
};
static const lv_font_fmt_txt_cmap_t cmaps[] =
{
    {
        .range_start = 32, .range_length = 95, .glyph_id_start = 1,
        .unicode_list = NULL, .glyph_id_ofs_list = NULL, .list_length = 0, .type = LV_FONT_FMT_TXT_CMAP_FORMAT0_TINY
    },
    {
        .range_start = 3585, .range_length = 58, .glyph_id_start = 96,
        .unicode_list = NULL, .glyph_id_ofs_list = NULL, .list_length = 0, .type = LV_FONT_FMT_TXT_CMAP_FORMAT0_TINY
    },
    {
        .range_start = 3647, .range_length = 29, .glyph_id_start = 154,
        .unicode_list = NULL, .glyph_id_ofs_list = NULL, .list_length = 0, .type = LV_FONT_FMT_TXT_CMAP_FORMAT0_TINY
    }
,
    {
        .range_start = 61441, .range_length = 1985, .glyph_id_start = 183,
        .unicode_list = unicode_list_sym, .glyph_id_ofs_list = NULL, .list_length = 31, .type = LV_FONT_FMT_TXT_CMAP_SPARSE_TINY
    },
};



/*--------------------
 *  ALL CUSTOM DATA
 *--------------------*/

#if LVGL_VERSION_MAJOR == 8
/*Store all the custom data of the font*/
static  lv_font_fmt_txt_glyph_cache_t cache;
#endif

#if LVGL_VERSION_MAJOR >= 8
static const lv_font_fmt_txt_dsc_t font_dsc = {
#else
static lv_font_fmt_txt_dsc_t font_dsc = {
#endif
    .glyph_bitmap = glyph_bitmap,
    .glyph_dsc = glyph_dsc,
    .cmaps = cmaps,
    .kern_dsc = NULL,
    .kern_scale = 0,
    .cmap_num = 4,
    .bpp = 4,
    .kern_classes = 0,
    .bitmap_format = 0,
#if LVGL_VERSION_MAJOR == 8
    .cache = &cache
#endif
};



/*-----------------
 *  PUBLIC FONT
 *----------------*/

/*Initialize a public general font descriptor*/
#if LVGL_VERSION_MAJOR >= 8
const lv_font_t thai_24 = {
#else
lv_font_t thai_24 = {
#endif
    .get_glyph_dsc = lv_font_get_glyph_dsc_fmt_txt,    /*Function pointer to get glyph's data*/
    .get_glyph_bitmap = lv_font_get_bitmap_fmt_txt,    /*Function pointer to get glyph's bitmap*/
    .line_height = 29,          /*The maximum line height required by the font*/
    .base_line = 7,             /*Baseline measured from the bottom of the line*/
#if !(LVGL_VERSION_MAJOR == 6 && LVGL_VERSION_MINOR == 0)
    .subpx = LV_FONT_SUBPX_NONE,
#endif
#if LV_VERSION_CHECK(7, 4, 0) || LVGL_VERSION_MAJOR >= 8
    .underline_position = -2,
    .underline_thickness = 1,
#endif
    .dsc = &font_dsc,          /*The custom font data. Will be accessed by `get_glyph_bitmap/dsc` */
#if LV_VERSION_CHECK(8, 2, 0) || LVGL_VERSION_MAJOR >= 9
    .fallback = NULL,
#endif
    .user_data = NULL,
};



#endif /*#if THAI_24*/

