/*******************************************************************************
 * Size: 32 px
 * Bpp: 4
 * Opts: --bpp 4 --size 32 --no-compress --font /tmp/opencode/thfonts/NotoSansThai.ttf -r 32-126 -r 0xE00-0xE7F --format lvgl -o thai_32.c
 ******************************************************************************/

#ifdef LV_LVGL_H_INCLUDE_SIMPLE
#include "lvgl.h"
#else
#include "lvgl/lvgl.h"
#endif

#ifndef THAI_32
#define THAI_32 1
#endif

#if THAI_32

/*-----------------
 *    BITMAPS
 *----------------*/

/*Store the image of the glyphs*/
static LV_ATTRIBUTE_LARGE_CONST const uint8_t glyph_bitmap[] = {
    0x6f, 0xff, 0x05, 0xff, 0xf0, 0x4f, 0xfe, 0x03, 0xff, 0xd0, 0x3f, 0xfc,
    0x02, 0xff, 0xc0, 0x1f, 0xfb, 0x00, 0xff, 0xa0, 0x0f, 0xf9, 0x00, 0xff,
    0x90, 0x0e, 0xf8, 0x00, 0xdf, 0x70, 0x0d, 0xf6, 0x00, 0xcf, 0x60, 0x0b,
    0xf5, 0x00, 0xaf, 0x40, 0x09, 0xe3, 0x00, 0x00, 0x00, 0x00, 0x00, 0x00,
    0x46, 0x10, 0x6f, 0xfe, 0x0a, 0xff, 0xf3, 0x9f, 0xff, 0x22, 0xcf, 0x80,
    0xef, 0xf1, 0x00, 0xff, 0xec, 0xff, 0x00, 0x0f, 0xfd, 0xbf, 0xe0, 0x00,
    0xef, 0xca, 0xfd, 0x00, 0x0c, 0xfb, 0x9f, 0xc0, 0x00, 0xbf, 0xa8, 0xfb,
    0x00, 0x0a, 0xf9, 0x6f, 0xa0, 0x00, 0x9f, 0x75, 0xf8, 0x00, 0x08, 0xf6,
    0x28, 0x40, 0x00, 0x38, 0x20, 0x00, 0x00, 0x00, 0x02, 0xff, 0x20, 0x00,
    0x3f, 0xf0, 0x00, 0x00, 0x00, 0x00, 0x04, 0xff, 0x00, 0x00, 0x6f, 0xd0,
    0x00, 0x00, 0x00, 0x00, 0x07, 0xfd, 0x00, 0x00, 0x9f, 0xa0, 0x00, 0x00,
    0x00, 0x00, 0x0a, 0xfa, 0x00, 0x00, 0xbf, 0x70, 0x00, 0x00, 0x00, 0x00,
    0x0c, 0xf7, 0x00, 0x00, 0xef, 0x50, 0x00, 0x00, 0x00, 0x00, 0x0f, 0xf5,
    0x00, 0x00, 0xff, 0x20, 0x00, 0x00, 0x00, 0x00, 0x2f, 0xf2, 0x00, 0x03,
    0xff, 0x00, 0x00, 0x00, 0x22, 0x22, 0x6f, 0xf3, 0x22, 0x27, 0xfd, 0x22,
    0x22, 0x00, 0xff, 0xff, 0xff, 0xff, 0xff, 0xff, 0xff, 0xff, 0xfd, 0x00,
    0xff, 0xff, 0xff, 0xff, 0xff, 0xff, 0xff, 0xff, 0xfd, 0x00, 0x00, 0x00,
    0xdf, 0x60, 0x00, 0x0f, 0xf4, 0x00, 0x00, 0x00, 0x00, 0x00, 0xff, 0x30,
    0x00, 0x3f, 0xf1, 0x00, 0x00, 0x00, 0x00, 0x03, 0xff, 0x00, 0x00, 0x6f,
    0xd0, 0x00, 0x00, 0x00, 0x00, 0x07, 0xfd, 0x00, 0x00, 0x9f, 0xa0, 0x00,
    0x00, 0x00, 0x00, 0x0a, 0xf9, 0x00, 0x00, 0xcf, 0x70, 0x00, 0x00, 0x3f,
    0xff, 0xff, 0xff, 0xff, 0xff, 0xff, 0xff, 0xff, 0xc0, 0x3f, 0xff, 0xff,
    0xff, 0xff, 0xff, 0xff, 0xff, 0xff, 0xc0, 0x03, 0x33, 0x6f, 0xf3, 0x33,
    0x38, 0xfe, 0x33, 0x33, 0x20, 0x00, 0x00, 0x6f, 0xd0, 0x00, 0x09, 0xfb,
    0x00, 0x00, 0x00, 0x00, 0x00, 0x9f, 0xa0, 0x00, 0x0c, 0xf8, 0x00, 0x00,
    0x00, 0x00, 0x00, 0xcf, 0x80, 0x00, 0x0f, 0xf5, 0x00, 0x00, 0x00, 0x00,
    0x00, 0xff, 0x50, 0x00, 0x2f, 0xf1, 0x00, 0x00, 0x00, 0x00, 0x02, 0xff,
    0x20, 0x00, 0x5f, 0xe0, 0x00, 0x00, 0x00, 0x00, 0x04, 0xff, 0x00, 0x00,
    0x8f, 0xb0, 0x00, 0x00, 0x00, 0x00, 0x00, 0x00, 0x0e, 0xf2, 0x00, 0x00,
    0x00, 0x00, 0x00, 0x00, 0x0e, 0xf2, 0x00, 0x00, 0x00, 0x00, 0x00, 0x00,
    0x0e, 0xf2, 0x00, 0x00, 0x00, 0x00, 0x01, 0x8d, 0xff, 0xff, 0xec, 0x94,
    0x00, 0x00, 0x5f, 0xff, 0xff, 0xff, 0xff, 0xff, 0x90, 0x03, 0xff, 0xfc,
    0x9f, 0xf9, 0xad, 0xff, 0x40, 0x0a, 0xff, 0x60, 0x0e, 0xf2, 0x00, 0x16,
    0x00, 0x0e, 0xfd, 0x00, 0x0e, 0xf2, 0x00, 0x00, 0x00, 0x0f, 0xfc, 0x00,
    0x0e, 0xf2, 0x00, 0x00, 0x00, 0x0e, 0xff, 0x10, 0x0e, 0xf2, 0x00, 0x00,
    0x00, 0x09, 0xff, 0xc3, 0x0e, 0xf2, 0x00, 0x00, 0x00, 0x01, 0xef, 0xff,
    0xdf, 0xf2, 0x00, 0x00, 0x00, 0x00, 0x2c, 0xff, 0xff, 0xfc, 0x71, 0x00,
    0x00, 0x00, 0x00, 0x5c, 0xff, 0xff, 0xff, 0x91, 0x00, 0x00, 0x00, 0x00,
    0x1e, 0xff, 0xff, 0xfe, 0x30, 0x00, 0x00, 0x00, 0x0e, 0xf4, 0x6d, 0xff,
    0xe0, 0x00, 0x00, 0x00, 0x0e, 0xf2, 0x00, 0xbf, 0xf5, 0x00, 0x00, 0x00,
    0x0e, 0xf2, 0x00, 0x5f, 0xf7, 0x00, 0x00, 0x00, 0x0e, 0xf2, 0x00, 0x5f,
    0xf7, 0x02, 0x00, 0x00, 0x0e, 0xf2, 0x00, 0xcf, 0xf4, 0x0f, 0xc7, 0x41,
    0x0e, 0xf5, 0x6d, 0xff, 0xc0, 0x0f, 0xff, 0xff, 0xff, 0xff, 0xff, 0xfd,
    0x10, 0x0a, 0xff, 0xff, 0xff, 0xff, 0xfe, 0x80, 0x00, 0x00, 0x03, 0x57,
    0x8f, 0xf7, 0x30, 0x00, 0x00, 0x00, 0x00, 0x00, 0x0e, 0xf2, 0x00, 0x00,
    0x00, 0x00, 0x00, 0x00, 0x0e, 0xf2, 0x00, 0x00, 0x00, 0x00, 0x00, 0x00,
    0x0e, 0xf2, 0x00, 0x00, 0x00, 0x00, 0x1a, 0xef, 0xc5, 0x00, 0x00, 0x00,
    0x00, 0x0d, 0xf9, 0x00, 0x00, 0x00, 0x1e, 0xff, 0xff, 0xf7, 0x00, 0x00,
    0x00, 0x06, 0xff, 0x10, 0x00, 0x00, 0x08, 0xfe, 0x41, 0x9f, 0xf1, 0x00,
    0x00, 0x00, 0xef, 0x80, 0x00, 0x00, 0x00, 0xef, 0x70, 0x00, 0xef, 0x70,
    0x00, 0x00, 0x7f, 0xf1, 0x00, 0x00, 0x00, 0x2f, 0xf2, 0x00, 0x09, 0xfc,
    0x00, 0x00, 0x0e, 0xf7, 0x00, 0x00, 0x00, 0x05, 0xff, 0x00, 0x00, 0x6f,
    0xe0, 0x00, 0x08, 0xfe, 0x00, 0x00, 0x00, 0x00, 0x6f, 0xe0, 0x00, 0x05,
    0xff, 0x00, 0x01, 0xff, 0x60, 0x00, 0x00, 0x00, 0x06, 0xfe, 0x00, 0x00,
    0x4f, 0xf0, 0x00, 0x8f, 0xd0, 0x00, 0x00, 0x00, 0x00, 0x6f, 0xe0, 0x00,
    0x05, 0xff, 0x00, 0x1f, 0xf5, 0x00, 0x00, 0x00, 0x00, 0x04, 0xff, 0x00,
    0x00, 0x6f, 0xe0, 0x09, 0xfd, 0x01, 0xae, 0xfc, 0x50, 0x00, 0x2f, 0xf2,
    0x00, 0x09, 0xfc, 0x02, 0xff, 0x51, 0xef, 0xff, 0xff, 0x60, 0x00, 0xef,
    0x70, 0x00, 0xef, 0x80, 0xaf, 0xc0, 0x9f, 0xe4, 0x2a, 0xff, 0x10, 0x07,
    0xff, 0x42, 0x9f, 0xf1, 0x3f, 0xf4, 0x0e, 0xf7, 0x00, 0x0e, 0xf7, 0x00,
    0x0d, 0xff, 0xff, 0xf7, 0x0b, 0xfb, 0x03, 0xff, 0x20, 0x00, 0x9f, 0xb0,
    0x00, 0x19, 0xef, 0xd6, 0x04, 0xff, 0x30, 0x5f, 0xf0, 0x00, 0x06, 0xfe,
    0x00, 0x00, 0x00, 0x00, 0x00, 0xcf, 0xa0, 0x06, 0xfe, 0x00, 0x00, 0x5f,
    0xf0, 0x00, 0x00, 0x00, 0x00, 0x4f, 0xf2, 0x00, 0x7f, 0xe0, 0x00, 0x05,
    0xff, 0x00, 0x00, 0x00, 0x00, 0x0d, 0xf9, 0x00, 0x06, 0xfe, 0x00, 0x00,
    0x5f, 0xf0, 0x00, 0x00, 0x00, 0x05, 0xff, 0x10, 0x00, 0x5f, 0xf0, 0x00,
    0x06, 0xfe, 0x00, 0x00, 0x00, 0x00, 0xdf, 0x80, 0x00, 0x02, 0xff, 0x20,
    0x00, 0x9f, 0xb0, 0x00, 0x00, 0x00, 0x6f, 0xf1, 0x00, 0x00, 0x0e, 0xf7,
    0x00, 0x0e, 0xf7, 0x00, 0x00, 0x00, 0x0e, 0xf8, 0x00, 0x00, 0x00, 0x7f,
    0xe4, 0x2a, 0xff, 0x10, 0x00, 0x00, 0x07, 0xfe, 0x00, 0x00, 0x00, 0x00,
    0xdf, 0xff, 0xff, 0x70, 0x00, 0x00, 0x01, 0xef, 0x70, 0x00, 0x00, 0x00,
    0x01, 0x9e, 0xfc, 0x60, 0x00, 0x00, 0x00, 0x04, 0xae, 0xfe, 0xc6, 0x00,
    0x00, 0x00, 0x00, 0x00, 0x00, 0x00, 0x0a, 0xff, 0xff, 0xff, 0xfc, 0x00,
    0x00, 0x00, 0x00, 0x00, 0x00, 0x07, 0xff, 0xf9, 0x68, 0xef, 0xf9, 0x00,
    0x00, 0x00, 0x00, 0x00, 0x00, 0xef, 0xf3, 0x00, 0x01, 0xff, 0xf0, 0x00,
    0x00, 0x00, 0x00, 0x00, 0x1f, 0xfb, 0x00, 0x00, 0x0a, 0xff, 0x30, 0x00,
    0x00, 0x00, 0x00, 0x02, 0xff, 0xa0, 0x00, 0x00, 0x9f, 0xf3, 0x00, 0x00,
    0x00, 0x00, 0x00, 0x0f, 0xfd, 0x00, 0x00, 0x0d, 0xff, 0x10, 0x00, 0x00,
    0x00, 0x00, 0x00, 0xaf, 0xf5, 0x00, 0x06, 0xff, 0xb0, 0x00, 0x00, 0x00,
    0x00, 0x00, 0x02, 0xff, 0xe1, 0x07, 0xff, 0xe2, 0x00, 0x00, 0x00, 0x00,
    0x00, 0x00, 0x08, 0xff, 0xdb, 0xff, 0xe2, 0x00, 0x00, 0x00, 0x00, 0x00,
    0x00, 0x00, 0x0b, 0xff, 0xff, 0xc1, 0x00, 0x00, 0x00, 0x00, 0x00, 0x00,
    0x00, 0x05, 0xef, 0xff, 0xe1, 0x00, 0x00, 0x00, 0x00, 0x00, 0x00, 0x00,
    0x0a, 0xff, 0xec, 0xff, 0xd1, 0x00, 0x00, 0x00, 0xbc, 0xa0, 0x00, 0x0b,
    0xff, 0xc1, 0x0a, 0xff, 0xd1, 0x00, 0x00, 0x4f, 0xf9, 0x00, 0x07, 0xff,
    0xc0, 0x00, 0x0a, 0xff, 0xd1, 0x00, 0x09, 0xff, 0x40, 0x00, 0xef, 0xf1,
    0x00, 0x00, 0x0a, 0xff, 0xd2, 0x01, 0xff, 0xd0, 0x00, 0x2f, 0xfc, 0x00,
    0x00, 0x00, 0x0a, 0xff, 0xe2, 0x9f, 0xf6, 0x00, 0x04, 0xff, 0xa0, 0x00,
    0x00, 0x00, 0x0a, 0xff, 0xef, 0xfd, 0x00, 0x00, 0x3f, 0xfc, 0x00, 0x00,
    0x00, 0x00, 0x0a, 0xff, 0xff, 0x20, 0x00, 0x01, 0xff, 0xf2, 0x00, 0x00,
    0x00, 0x00, 0x7f, 0xff, 0xe2, 0x00, 0x00, 0x0b, 0xff, 0xd2, 0x00, 0x00,
    0x04, 0xcf, 0xff, 0xff, 0xe2, 0x00, 0x00, 0x2f, 0xff, 0xfc, 0x99, 0xbe,
    0xff, 0xfd, 0x2b, 0xff, 0xd1, 0x00, 0x00, 0x3e, 0xff, 0xff, 0xff, 0xff,
    0xf9, 0x00, 0x0c, 0xff, 0xd1, 0x00, 0x00, 0x06, 0xbe, 0xff, 0xeb, 0x71,
    0x00, 0x00, 0x1d, 0xff, 0xd1, 0xef, 0xf1, 0xcf, 0xf0, 0xbf, 0xe0, 0xaf,
    0xd0, 0x9f, 0xc0, 0x8f, 0xb0, 0x6f, 0xa0, 0x5f, 0x80, 0x28, 0x40, 0x00,
    0x00, 0x5f, 0xf4, 0x00, 0x02, 0xff, 0xa0, 0x00, 0x0b, 0xff, 0x10, 0x00,
    0x3f, 0xf9, 0x00, 0x00, 0xbf, 0xf2, 0x00, 0x02, 0xff, 0xb0, 0x00, 0x08,
    0xff, 0x50, 0x00, 0x0c, 0xff, 0x10, 0x00, 0x1f, 0xfc, 0x00, 0x00, 0x4f,
    0xf9, 0x00, 0x00, 0x6f, 0xf6, 0x00, 0x00, 0x8f, 0xf4, 0x00, 0x00, 0xaf,
    0xf3, 0x00, 0x00, 0xaf, 0xf2, 0x00, 0x00, 0xbf, 0xf2, 0x00, 0x00, 0xaf,
    0xf2, 0x00, 0x00, 0x9f, 0xf3, 0x00, 0x00, 0x8f, 0xf5, 0x00, 0x00, 0x6f,
    0xf8, 0x00, 0x00, 0x3f, 0xfa, 0x00, 0x00, 0x0f, 0xfe, 0x00, 0x00, 0x0b,
    0xff, 0x30, 0x00, 0x06, 0xff, 0x80, 0x00, 0x00, 0xff, 0xe0, 0x00, 0x00,
    0x9f, 0xf5, 0x00, 0x00, 0x1f, 0xfd, 0x00, 0x00, 0x07, 0xff, 0x50, 0x00,
    0x00, 0xbf, 0xe1, 0x00, 0x00, 0x18, 0x83, 0x0b, 0xfe, 0x10, 0x00, 0x00,
    0x1f, 0xfb, 0x00, 0x00, 0x00, 0x7f, 0xf5, 0x00, 0x00, 0x00, 0xef, 0xd0,
    0x00, 0x00, 0x08, 0xff, 0x50, 0x00, 0x00, 0x2f, 0xfb, 0x00, 0x00, 0x00,
    0xcf, 0xf1, 0x00, 0x00, 0x07, 0xff, 0x60, 0x00, 0x00, 0x3f, 0xfa, 0x00,
    0x00, 0x00, 0xff, 0xd0, 0x00, 0x00, 0x0d, 0xff, 0x00, 0x00, 0x00, 0xbf,
    0xf2, 0x00, 0x00, 0x0a, 0xff, 0x30, 0x00, 0x00, 0x9f, 0xf4, 0x00, 0x00,
    0x08, 0xff, 0x40, 0x00, 0x00, 0x9f, 0xf4, 0x00, 0x00, 0x0a, 0xff, 0x30,
    0x00, 0x00, 0xcf, 0xf1, 0x00, 0x00, 0x0e, 0xff, 0x00, 0x00, 0x01, 0xff,
    0xc0, 0x00, 0x00, 0x5f, 0xf9, 0x00, 0x00, 0x09, 0xff, 0x40, 0x00, 0x00,
    0xef, 0xf0, 0x00, 0x00, 0x4f, 0xf9, 0x00, 0x00, 0x0b, 0xff, 0x20, 0x00,
    0x03, 0xff, 0xa0, 0x00, 0x00, 0xbf, 0xf1, 0x00, 0x00, 0x6f, 0xf5, 0x00,
    0x00, 0x06, 0x86, 0x00, 0x00, 0x00, 0x00, 0x00, 0x00, 0xcf, 0xf3, 0x00,
    0x00, 0x00, 0x00, 0x00, 0x00, 0xaf, 0xf2, 0x00, 0x00, 0x00, 0x00, 0x00,
    0x00, 0x9f, 0xf0, 0x00, 0x00, 0x00, 0x00, 0x00, 0x00, 0x7f, 0xf0, 0x00,
    0x00, 0x00, 0x13, 0x00, 0x00, 0x5f, 0xd0, 0x00, 0x01, 0x40, 0x6f, 0xea,
    0x51, 0x3f, 0xb0, 0x37, 0xcf, 0xf0, 0x8f, 0xff, 0xff, 0xdf, 0xee, 0xff,
    0xff, 0xf1, 0x6b, 0xcd, 0xff, 0xff, 0xff, 0xfe, 0xdb, 0xa2, 0x00, 0x00,
    0x03, 0xff, 0xfb, 0x00, 0x00, 0x00, 0x00, 0x00, 0x0d, 0xfa, 0xff, 0x60,
    0x00, 0x00, 0x00, 0x00, 0x9f, 0xf1, 0xaf, 0xf2, 0x00, 0x00, 0x00, 0x05,
    0xff, 0xa0, 0x2f, 0xfd, 0x00, 0x00, 0x00, 0x1e, 0xff, 0x30, 0x0a, 0xff,
    0x90, 0x00, 0x00, 0x4d, 0xfc, 0x00, 0x03, 0xff, 0xa0, 0x00, 0x00, 0x00,
    0x75, 0x00, 0x00, 0x83, 0x00, 0x00, 0x00, 0x00, 0x00, 0x0f, 0xf4, 0x00,
    0x00, 0x00, 0x00, 0x00, 0x00, 0x0f, 0xf4, 0x00, 0x00, 0x00, 0x00, 0x00,
    0x00, 0x0f, 0xf4, 0x00, 0x00, 0x00, 0x00, 0x00, 0x00, 0x0f, 0xf4, 0x00,
    0x00, 0x00, 0x00, 0x00, 0x00, 0x0f, 0xf4, 0x00, 0x00, 0x00, 0x00, 0x00,
    0x00, 0x0f, 0xf4, 0x00, 0x00, 0x00, 0x00, 0x00, 0x00, 0x0f, 0xf4, 0x00,
    0x00, 0x00, 0x6f, 0xff, 0xff, 0xff, 0xff, 0xff, 0xff, 0xfa, 0x6f, 0xff,
    0xff, 0xff, 0xff, 0xff, 0xff, 0xfa, 0x25, 0x55, 0x55, 0x5f, 0xf8, 0x55,
    0x55, 0x53, 0x00, 0x00, 0x00, 0x0f, 0xf4, 0x00, 0x00, 0x00, 0x00, 0x00,
    0x00, 0x0f, 0xf4, 0x00, 0x00, 0x00, 0x00, 0x00, 0x00, 0x0f, 0xf4, 0x00,
    0x00, 0x00, 0x00, 0x00, 0x00, 0x0f, 0xf4, 0x00, 0x00, 0x00, 0x00, 0x00,
    0x00, 0x0f, 0xf4, 0x00, 0x00, 0x00, 0x00, 0x00, 0x00, 0x0f, 0xf4, 0x00,
    0x00, 0x00, 0x00, 0x11, 0x10, 0x03, 0xff, 0xf0, 0x05, 0xff, 0xc0, 0x08,
    0xff, 0x70, 0x0b, 0xff, 0x20, 0x0e, 0xfc, 0x00, 0x1f, 0xf6, 0x00, 0x5f,
    0xf0, 0x00, 0x9f, 0x90, 0x00, 0x69, 0x99, 0x99, 0x99, 0x0b, 0xff, 0xff,
    0xff, 0xf0, 0xbf, 0xff, 0xff, 0xff, 0x00, 0x04, 0x61, 0x06, 0xff, 0xe0,
    0xaf, 0xff, 0x39, 0xff, 0xf2, 0x2c, 0xf8, 0x00, 0x00, 0x00, 0x00, 0x00,
    0x5f, 0xf6, 0x00, 0x00, 0x00, 0x00, 0xbf, 0xf1, 0x00, 0x00, 0x00, 0x01,
    0xff, 0xb0, 0x00, 0x00, 0x00, 0x06, 0xff, 0x50, 0x00, 0x00, 0x00, 0x0c,
    0xff, 0x00, 0x00, 0x00, 0x00, 0x2f, 0xfa, 0x00, 0x00, 0x00, 0x00, 0x7f,
    0xf4, 0x00, 0x00, 0x00, 0x00, 0xdf, 0xe0, 0x00, 0x00, 0x00, 0x03, 0xff,
    0x90, 0x00, 0x00, 0x00, 0x08, 0xff, 0x30, 0x00, 0x00, 0x00, 0x0e, 0xfd,
    0x00, 0x00, 0x00, 0x00, 0x4f, 0xf8, 0x00, 0x00, 0x00, 0x00, 0x9f, 0xf2,
    0x00, 0x00, 0x00, 0x00, 0xef, 0xc0, 0x00, 0x00, 0x00, 0x05, 0xff, 0x70,
    0x00, 0x00, 0x00, 0x0a, 0xff, 0x10, 0x00, 0x00, 0x00, 0x0f, 0xfb, 0x00,
    0x00, 0x00, 0x00, 0x6f, 0xf6, 0x00, 0x00, 0x00, 0x00, 0xbf, 0xf0, 0x00,
    0x00, 0x00, 0x01, 0xff, 0xa0, 0x00, 0x00, 0x00, 0x07, 0xff, 0x50, 0x00,
    0x00, 0x00, 0x0c, 0xfe, 0x00, 0x00, 0x00, 0x00, 0x2f, 0xf9, 0x00, 0x00,
    0x00, 0x00, 0x8f, 0xf4, 0x00, 0x00, 0x00, 0x00, 0x00, 0x00, 0x28, 0xdf,
    0xfd, 0x92, 0x00, 0x00, 0x00, 0x05, 0xff, 0xff, 0xff, 0xff, 0x60, 0x00,
    0x00, 0x3f, 0xff, 0xc8, 0x8b, 0xff, 0xf5, 0x00, 0x00, 0xdf, 0xf6, 0x00,
    0x00, 0x3f, 0xff, 0x10, 0x05, 0xff, 0xa0, 0x00, 0x00, 0x06, 0xff, 0x80,
    0x0a, 0xff, 0x30, 0x00, 0x00, 0x00, 0xef, 0xe0, 0x0e, 0xfe, 0x00, 0x00,
    0x00, 0x00, 0xaf, 0xf2, 0x1f, 0xfb, 0x00, 0x00, 0x00, 0x00, 0x7f, 0xf5,
    0x3f, 0xf9, 0x00, 0x00, 0x00, 0x00, 0x4f, 0xf8, 0x5f, 0xf7, 0x00, 0x00,
    0x00, 0x00, 0x3f, 0xf9, 0x6f, 0xf6, 0x00, 0x00, 0x00, 0x00, 0x2f, 0xfb,
    0x6f, 0xf6, 0x00, 0x00, 0x00, 0x00, 0x1f, 0xfb, 0x6f, 0xf6, 0x00, 0x00,
    0x00, 0x00, 0x1f, 0xfb, 0x6f, 0xf6, 0x00, 0x00, 0x00, 0x00, 0x2f, 0xfa,
    0x5f, 0xf7, 0x00, 0x00, 0x00, 0x00, 0x3f, 0xfa, 0x3f, 0xf9, 0x00, 0x00,
    0x00, 0x00, 0x4f, 0xf8, 0x1f, 0xfb, 0x00, 0x00, 0x00, 0x00, 0x7f, 0xf6,
    0x0d, 0xfe, 0x00, 0x00, 0x00, 0x00, 0xaf, 0xf3, 0x09, 0xff, 0x30, 0x00,
    0x00, 0x00, 0xef, 0xe0, 0x03, 0xff, 0xa0, 0x00, 0x00, 0x06, 0xff, 0x90,
    0x00, 0xbf, 0xf6, 0x00, 0x00, 0x3f, 0xff, 0x20, 0x00, 0x2f, 0xff, 0xc8,
    0x7b, 0xff, 0xf7, 0x00, 0x00, 0x03, 0xef, 0xff, 0xff, 0xff, 0x80, 0x00,
    0x00, 0x00, 0x18, 0xdf, 0xfd, 0x93, 0x00, 0x00, 0x00, 0x00, 0x00, 0x9f,
    0xf5, 0x00, 0x00, 0x1b, 0xff, 0xf5, 0x00, 0x02, 0xdf, 0xff, 0xf5, 0x00,
    0x4f, 0xff, 0x9f, 0xf5, 0x07, 0xff, 0xf4, 0x5f, 0xf5, 0x0c, 0xfe, 0x30,
    0x5f, 0xf5, 0x02, 0xc1, 0x00, 0x6f, 0xf5, 0x00, 0x00, 0x00, 0x6f, 0xf5,
    0x00, 0x00, 0x00, 0x6f, 0xf5, 0x00, 0x00, 0x00, 0x6f, 0xf5, 0x00, 0x00,
    0x00, 0x6f, 0xf5, 0x00, 0x00, 0x00, 0x6f, 0xf5, 0x00, 0x00, 0x00, 0x6f,
    0xf5, 0x00, 0x00, 0x00, 0x6f, 0xf5, 0x00, 0x00, 0x00, 0x6f, 0xf5, 0x00,
    0x00, 0x00, 0x6f, 0xf5, 0x00, 0x00, 0x00, 0x6f, 0xf5, 0x00, 0x00, 0x00,
    0x6f, 0xf5, 0x00, 0x00, 0x00, 0x6f, 0xf5, 0x00, 0x00, 0x00, 0x6f, 0xf5,
    0x00, 0x00, 0x00, 0x6f, 0xf5, 0x00, 0x00, 0x00, 0x6f, 0xf5, 0x00, 0x00,
    0x00, 0x6f, 0xf5, 0x00, 0x00, 0x00, 0x6f, 0xf5, 0x00, 0x01, 0x6b, 0xef,
    0xed, 0x92, 0x00, 0x00, 0x00, 0x7f, 0xff, 0xff, 0xff, 0xff, 0x80, 0x00,
    0x0b, 0xff, 0xfd, 0x98, 0x8c, 0xff, 0xf7, 0x00, 0x0a, 0xfd, 0x40, 0x00,
    0x00, 0x5f, 0xff, 0x10, 0x00, 0x70, 0x00, 0x00, 0x00, 0x09, 0xff, 0x70,
    0x00, 0x00, 0x00, 0x00, 0x00, 0x04, 0xff, 0x90, 0x00, 0x00, 0x00, 0x00,
    0x00, 0x03, 0xff, 0xb0, 0x00, 0x00, 0x00, 0x00, 0x00, 0x04, 0xff, 0x90,
    0x00, 0x00, 0x00, 0x00, 0x00, 0x07, 0xff, 0x60, 0x00, 0x00, 0x00, 0x00,
    0x00, 0x0d, 0xff, 0x10, 0x00, 0x00, 0x00, 0x00, 0x00, 0x6f, 0xf9, 0x00,
    0x00, 0x00, 0x00, 0x00, 0x02, 0xff, 0xe1, 0x00, 0x00, 0x00, 0x00, 0x00,
    0x1d, 0xff, 0x40, 0x00, 0x00, 0x00, 0x00, 0x00, 0xcf, 0xf8, 0x00, 0x00,
    0x00, 0x00, 0x00, 0x0b, 0xff, 0xa0, 0x00, 0x00, 0x00, 0x00, 0x00, 0xaf,
    0xfb, 0x00, 0x00, 0x00, 0x00, 0x00, 0x09, 0xff, 0xb0, 0x00, 0x00, 0x00,
    0x00, 0x00, 0x9f, 0xfc, 0x00, 0x00, 0x00, 0x00, 0x00, 0x08, 0xff, 0xc0,
    0x00, 0x00, 0x00, 0x00, 0x00, 0x7f, 0xfc, 0x00, 0x00, 0x00, 0x00, 0x00,
    0x06, 0xff, 0xc1, 0x00, 0x00, 0x00, 0x00, 0x00, 0x4f, 0xff, 0xcb, 0xbb,
    0xbb, 0xbb, 0xbb, 0xb7, 0x7f, 0xff, 0xff, 0xff, 0xff, 0xff, 0xff, 0xfa,
    0x7f, 0xff, 0xff, 0xff, 0xff, 0xff, 0xff, 0xfa, 0x00, 0x03, 0x8c, 0xef,
    0xfd, 0xa4, 0x00, 0x00, 0x03, 0xbf, 0xff, 0xff, 0xff, 0xff, 0xb0, 0x00,
    0x3f, 0xff, 0xfb, 0x97, 0x8b, 0xff, 0xfb, 0x00, 0x0a, 0xf8, 0x10, 0x00,
    0x00, 0x4f, 0xff, 0x40, 0x01, 0x20, 0x00, 0x00, 0x00, 0x07, 0xff, 0x90,
    0x00, 0x00, 0x00, 0x00, 0x00, 0x02, 0xff, 0xb0, 0x00, 0x00, 0x00, 0x00,
    0x00, 0x02, 0xff, 0xb0, 0x00, 0x00, 0x00, 0x00, 0x00, 0x06, 0xff, 0x90,
    0x00, 0x00, 0x00, 0x00, 0x00, 0x0d, 0xff, 0x30, 0x00, 0x00, 0x00, 0x00,
    0x02, 0xcf, 0xf9, 0x00, 0x00, 0x00, 0x77, 0x79, 0xcf, 0xff, 0x70, 0x00,
    0x00, 0x01, 0xff, 0xff, 0xff, 0xa2, 0x00, 0x00, 0x00, 0x01, 0xff, 0xff,
    0xff, 0xff, 0xb2, 0x00, 0x00, 0x00, 0x00, 0x01, 0x36, 0xcf, 0xff, 0x30,
    0x00, 0x00, 0x00, 0x00, 0x00, 0x08, 0xff, 0xd0, 0x00, 0x00, 0x00, 0x00,
    0x00, 0x00, 0xcf, 0xf4, 0x00, 0x00, 0x00, 0x00, 0x00, 0x00, 0x8f, 0xf6,
    0x00, 0x00, 0x00, 0x00, 0x00, 0x00, 0x8f, 0xf6, 0x00, 0x00, 0x00, 0x00,
    0x00, 0x00, 0xbf, 0xf4, 0x00, 0x00, 0x00, 0x00, 0x00, 0x02, 0xff, 0xf1,
    0x77, 0x20, 0x00, 0x00, 0x00, 0x3d, 0xff, 0x90, 0x9f, 0xfd, 0xa8, 0x77,
    0x9c, 0xff, 0xfd, 0x10, 0x7f, 0xff, 0xff, 0xff, 0xff, 0xff, 0xa1, 0x00,
    0x02, 0x7b, 0xdf, 0xff, 0xec, 0x83, 0x00, 0x00, 0x00, 0x00, 0x00, 0x00,
    0x00, 0x0d, 0xff, 0x50, 0x00, 0x00, 0x00, 0x00, 0x00, 0x00, 0x9f, 0xff,
    0x50, 0x00, 0x00, 0x00, 0x00, 0x00, 0x04, 0xff, 0xff, 0x50, 0x00, 0x00,
    0x00, 0x00, 0x00, 0x0d, 0xfb, 0xff, 0x50, 0x00, 0x00, 0x00, 0x00, 0x00,
    0x9f, 0xe5, 0xff, 0x50, 0x00, 0x00, 0x00, 0x00, 0x04, 0xff, 0x65, 0xff,
    0x50, 0x00, 0x00, 0x00, 0x00, 0x0d, 0xfc, 0x05, 0xff, 0x50, 0x00, 0x00,
    0x00, 0x00, 0x9f, 0xf2, 0x06, 0xff, 0x50, 0x00, 0x00, 0x00, 0x04, 0xff,
    0x70, 0x06, 0xff, 0x50, 0x00, 0x00, 0x00, 0x0d, 0xfc, 0x00, 0x06, 0xff,
    0x50, 0x00, 0x00, 0x00, 0x9f, 0xf2, 0x00, 0x06, 0xff, 0x50, 0x00, 0x00,
    0x04, 0xff, 0x60, 0x00, 0x06, 0xff, 0x50, 0x00, 0x00, 0x0d, 0xfc, 0x00,
    0x00, 0x06, 0xff, 0x50, 0x00, 0x00, 0x9f, 0xf2, 0x00, 0x00, 0x06, 0xff,
    0x50, 0x00, 0x04, 0xff, 0x60, 0x00, 0x00, 0x06, 0xff, 0x50, 0x00, 0x0d,
    0xfc, 0x00, 0x00, 0x00, 0x06, 0xff, 0x50, 0x00, 0x5f, 0xff, 0xff, 0xff,
    0xff, 0xff, 0xff, 0xff, 0xfa, 0x5f, 0xff, 0xff, 0xff, 0xff, 0xff, 0xff,
    0xff, 0xfa, 0x39, 0x99, 0x99, 0x99, 0x99, 0x9c, 0xff, 0xb9, 0x96, 0x00,
    0x00, 0x00, 0x00, 0x00, 0x06, 0xff, 0x50, 0x00, 0x00, 0x00, 0x00, 0x00,
    0x00, 0x06, 0xff, 0x50, 0x00, 0x00, 0x00, 0x00, 0x00, 0x00, 0x06, 0xff,
    0x50, 0x00, 0x00, 0x00, 0x00, 0x00, 0x00, 0x06, 0xff, 0x50, 0x00, 0x00,
    0x00, 0x00, 0x00, 0x00, 0x06, 0xff, 0x50, 0x00, 0x09, 0xff, 0xff, 0xff,
    0xff, 0xff, 0xe0, 0x00, 0xbf, 0xff, 0xff, 0xff, 0xff, 0xfe, 0x00, 0x0c,
    0xfe, 0xaa, 0xaa, 0xaa, 0xaa, 0x80, 0x00, 0xdf, 0xc0, 0x00, 0x00, 0x00,
    0x00, 0x00, 0x0e, 0xfa, 0x00, 0x00, 0x00, 0x00, 0x00, 0x00, 0xff, 0x90,
    0x00, 0x00, 0x00, 0x00, 0x00, 0x1f, 0xf8, 0x00, 0x00, 0x00, 0x00, 0x00,
    0x02, 0xff, 0x60, 0x00, 0x00, 0x00, 0x00, 0x00, 0x3f, 0xf5, 0x00, 0x00,
    0x00, 0x00, 0x00, 0x05, 0xff, 0xcd, 0xef, 0xed, 0x94, 0x00, 0x00, 0x6f,
    0xff, 0xff, 0xff, 0xff, 0xfb, 0x10, 0x01, 0xad, 0xa8, 0x77, 0x9c, 0xff,
    0xfd, 0x10, 0x00, 0x00, 0x00, 0x00, 0x03, 0xef, 0xfa, 0x00, 0x00, 0x00,
    0x00, 0x00, 0x02, 0xff, 0xf1, 0x00, 0x00, 0x00, 0x00, 0x00, 0x0b, 0xff,
    0x40, 0x00, 0x00, 0x00, 0x00, 0x00, 0x7f, 0xf6, 0x00, 0x00, 0x00, 0x00,
    0x00, 0x06, 0xff, 0x70, 0x00, 0x00, 0x00, 0x00, 0x00, 0x8f, 0xf5, 0x00,
    0x00, 0x00, 0x00, 0x00, 0x0c, 0xff, 0x20, 0x00, 0x00, 0x00, 0x00, 0x05,
    0xff, 0xd0, 0xc5, 0x00, 0x00, 0x00, 0x06, 0xff, 0xf4, 0x0f, 0xff, 0xc9,
    0x78, 0xae, 0xff, 0xf8, 0x00, 0xef, 0xff, 0xff, 0xff, 0xff, 0xf6, 0x00,
    0x00, 0x5a, 0xce, 0xff, 0xdb, 0x61, 0x00, 0x00, 0x00, 0x00, 0x00, 0x16,
    0xbd, 0xff, 0xed, 0x00, 0x00, 0x00, 0x07, 0xff, 0xff, 0xff, 0xff, 0x00,
    0x00, 0x00, 0xbf, 0xff, 0xd8, 0x76, 0x7a, 0x00, 0x00, 0x09, 0xff, 0xd3,
    0x00, 0x00, 0x00, 0x00, 0x00, 0x4f, 0xfd, 0x00, 0x00, 0x00, 0x00, 0x00,
    0x00, 0xcf, 0xf2, 0x00, 0x00, 0x00, 0x00, 0x00, 0x03, 0xff, 0x90, 0x00,
    0x00, 0x00, 0x00, 0x00, 0x08, 0xff, 0x40, 0x00, 0x00, 0x00, 0x00, 0x00,
    0x0b, 0xff, 0x00, 0x00, 0x00, 0x00, 0x00, 0x00, 0x0e, 0xfc, 0x01, 0x8d,
    0xff, 0xd9, 0x30, 0x00, 0x0f, 0xfa, 0x3e, 0xff, 0xff, 0xff, 0xf7, 0x00,
    0x2f, 0xfb, 0xef, 0xb6, 0x45, 0x9f, 0xff, 0x60, 0x3f, 0xff, 0xe4, 0x00,
    0x00, 0x03, 0xff, 0xf1, 0x3f, 0xff, 0x40, 0x00, 0x00, 0x00, 0x8f, 0xf6,
    0x3f, 0xfd, 0x00, 0x00, 0x00, 0x00, 0x2f, 0xfa, 0x2f, 0xfa, 0x00, 0x00,
    0x00, 0x00, 0x0f, 0xfb, 0x0f, 0xfa, 0x00, 0x00, 0x00, 0x00, 0x0f, 0xfc,
    0x0d, 0xfd, 0x00, 0x00, 0x00, 0x00, 0x1f, 0xfa, 0x08, 0xff, 0x30, 0x00,
    0x00, 0x00, 0x4f, 0xf8, 0x02, 0xff, 0xc0, 0x00, 0x00, 0x00, 0xbf, 0xf3,
    0x00, 0xaf, 0xfa, 0x00, 0x00, 0x08, 0xff, 0xc0, 0x00, 0x1d, 0xff, 0xe9,
    0x78, 0xdf, 0xff, 0x20, 0x00, 0x01, 0xcf, 0xff, 0xff, 0xff, 0xe3, 0x00,
    0x00, 0x00, 0x05, 0xbe, 0xfe, 0xc6, 0x00, 0x00, 0x9f, 0xff, 0xff, 0xff,
    0xff, 0xff, 0xff, 0xfb, 0x9f, 0xff, 0xff, 0xff, 0xff, 0xff, 0xff, 0xfb,
    0x6a, 0xaa, 0xaa, 0xaa, 0xaa, 0xaa, 0xcf, 0xf9, 0x00, 0x00, 0x00, 0x00,
    0x00, 0x00, 0xaf, 0xf3, 0x00, 0x00, 0x00, 0x00, 0x00, 0x01, 0xff, 0xc0,
    0x00, 0x00, 0x00, 0x00, 0x00, 0x08, 0xff, 0x50, 0x00, 0x00, 0x00, 0x00,
    0x00, 0x0e, 0xfe, 0x00, 0x00, 0x00, 0x00, 0x00, 0x00, 0x6f, 0xf7, 0x00,
    0x00, 0x00, 0x00, 0x00, 0x00, 0xdf, 0xf1, 0x00, 0x00, 0x00, 0x00, 0x00,
    0x04, 0xff, 0xa0, 0x00, 0x00, 0x00, 0x00, 0x00, 0x0b, 0xff, 0x30, 0x00,
    0x00, 0x00, 0x00, 0x00, 0x2f, 0xfc, 0x00, 0x00, 0x00, 0x00, 0x00, 0x00,
    0x9f, 0xf5, 0x00, 0x00, 0x00, 0x00, 0x00, 0x01, 0xff, 0xe0, 0x00, 0x00,
    0x00, 0x00, 0x00, 0x07, 0xff, 0x80, 0x00, 0x00, 0x00, 0x00, 0x00, 0x0e,
    0xff, 0x10, 0x00, 0x00, 0x00, 0x00, 0x00, 0x5f, 0xfa, 0x00, 0x00, 0x00,
    0x00, 0x00, 0x00, 0xcf, 0xf3, 0x00, 0x00, 0x00, 0x00, 0x00, 0x03, 0xff,
    0xc0, 0x00, 0x00, 0x00, 0x00, 0x00, 0x0a, 0xff, 0x50, 0x00, 0x00, 0x00,
    0x00, 0x00, 0x1f, 0xfe, 0x00, 0x00, 0x00, 0x00, 0x00, 0x00, 0x8f, 0xf8,
    0x00, 0x00, 0x00, 0x00, 0x00, 0x00, 0xef, 0xf1, 0x00, 0x00, 0x00, 0x00,
    0x00, 0x06, 0xff, 0xa0, 0x00, 0x00, 0x00, 0x00, 0x00, 0x00, 0x49, 0xdf,
    0xfe, 0xb6, 0x00, 0x00, 0x00, 0x0a, 0xff, 0xff, 0xff, 0xff, 0xd2, 0x00,
    0x00, 0xbf, 0xff, 0x96, 0x68, 0xef, 0xfe, 0x10, 0x04, 0xff, 0xd1, 0x00,
    0x00, 0x0a, 0xff, 0x80, 0x09, 0xff, 0x40, 0x00, 0x00, 0x00, 0xff, 0xd0,
    0x0a, 0xff, 0x10, 0x00, 0x00, 0x00, 0xdf, 0xe0, 0x09, 0xff, 0x20, 0x00,
    0x00, 0x00, 0xef, 0xd0, 0x05, 0xff, 0x80, 0x00, 0x00, 0x04, 0xff, 0x90,
    0x00, 0xdf, 0xf5, 0x00, 0x00, 0x2e, 0xfe, 0x10, 0x00, 0x3f, 0xff, 0xb2,
    0x07, 0xff, 0xf3, 0x00, 0x00, 0x03, 0xdf, 0xff, 0xef, 0xfb, 0x10, 0x00,
    0x00, 0x00, 0x2f, 0xff, 0xff, 0xe3, 0x00, 0x00, 0x00, 0x06, 0xff, 0xfc,
    0xff, 0xff, 0x90, 0x00, 0x00, 0x9f, 0xfd, 0x30, 0x07, 0xef, 0xfc, 0x10,
    0x07, 0xff, 0xb0, 0x00, 0x00, 0x1b, 0xff, 0xb0, 0x0f, 0xfe, 0x00, 0x00,
    0x00, 0x00, 0xcf, 0xf4, 0x4f, 0xf7, 0x00, 0x00, 0x00, 0x00, 0x4f, 0xf9,
    0x6f, 0xf5, 0x00, 0x00, 0x00, 0x00, 0x1f, 0xfa, 0x5f, 0xf6, 0x00, 0x00,
    0x00, 0x00, 0x2f, 0xf9, 0x3f, 0xfb, 0x00, 0x00, 0x00, 0x00, 0x7f, 0xf6,
    0x0d, 0xff, 0x70, 0x00, 0x00, 0x04, 0xff, 0xf0, 0x03, 0xff, 0xfc, 0x75,
    0x57, 0xbf, 0xff, 0x50, 0x00, 0x4e, 0xff, 0xff, 0xff, 0xff, 0xe5, 0x00,
    0x00, 0x00, 0x6a, 0xdf, 0xfe, 0xb6, 0x10, 0x00, 0x00, 0x00, 0x39, 0xdf,
    0xfc, 0x81, 0x00, 0x00, 0x00, 0x09, 0xff, 0xff, 0xff, 0xfe, 0x50, 0x00,
    0x00, 0xaf, 0xff, 0xa7, 0x8c, 0xff, 0xf5, 0x00, 0x05, 0xff, 0xd2, 0x00,
    0x00, 0x4f, 0xfe, 0x10, 0x0c, 0xff, 0x20, 0x00, 0x00, 0x05, 0xff, 0x80,
    0x1f, 0xfb, 0x00, 0x00, 0x00, 0x00, 0xdf, 0xe0, 0x4f, 0xf7, 0x00, 0x00,
    0x00, 0x00, 0x7f, 0xf3, 0x5f, 0xf6, 0x00, 0x00, 0x00, 0x00, 0x4f, 0xf6,
    0x5f, 0xf6, 0x00, 0x00, 0x00, 0x00, 0x3f, 0xf8, 0x4f, 0xf9, 0x00, 0x00,
    0x00, 0x00, 0x6f, 0xf9, 0x0f, 0xfe, 0x00, 0x00, 0x00, 0x00, 0xdf, 0xfa,
    0x0a, 0xff, 0x90, 0x00, 0x00, 0x1b, 0xff, 0xf9, 0x01, 0xff, 0xfc, 0x64,
    0x58, 0xef, 0xaf, 0xf8, 0x00, 0x3e, 0xff, 0xff, 0xff, 0xf8, 0x4f, 0xf7,
    0x00, 0x01, 0x7c, 0xef, 0xea, 0x30, 0x6f, 0xf5, 0x00, 0x00, 0x00, 0x00,
    0x00, 0x00, 0x9f, 0xf1, 0x00, 0x00, 0x00, 0x00, 0x00, 0x00, 0xdf, 0xe0,
    0x00, 0x00, 0x00, 0x00, 0x00, 0x03, 0xff, 0x90, 0x00, 0x00, 0x00, 0x00,
    0x00, 0x0b, 0xff, 0x20, 0x00, 0x00, 0x00, 0x00, 0x00, 0x7f, 0xfa, 0x00,
    0x00, 0x00, 0x00, 0x00, 0x19, 0xff, 0xe1, 0x00, 0x00, 0x88, 0x66, 0x8b,
    0xff, 0xfe, 0x30, 0x00, 0x00, 0xbf, 0xff, 0xff, 0xff, 0xb2, 0x00, 0x00,
    0x00, 0x8e, 0xff, 0xec, 0x83, 0x00, 0x00, 0x00, 0x2d, 0xf8, 0x09, 0xff,
    0xf2, 0xaf, 0xff, 0x36, 0xff, 0xe0, 0x04, 0x61, 0x00, 0x00, 0x00, 0x00,
    0x00, 0x00, 0x00, 0x00, 0x00, 0x00, 0x00, 0x00, 0x00, 0x00, 0x00, 0x00,
    0x00, 0x00, 0x00, 0x00, 0x00, 0x46, 0x10, 0x6f, 0xfe, 0x0a, 0xff, 0xf3,
    0x9f, 0xff, 0x22, 0xcf, 0x80, 0x00, 0x2d, 0xf7, 0x00, 0x0a, 0xff, 0xf1,
    0x00, 0xbf, 0xff, 0x20, 0x07, 0xff, 0xd0, 0x00, 0x05, 0x61, 0x00, 0x00,
    0x00, 0x00, 0x00, 0x00, 0x00, 0x00, 0x00, 0x00, 0x00, 0x00, 0x00, 0x00,
    0x00, 0x00, 0x00, 0x00, 0x00, 0x00, 0x00, 0x00, 0x00, 0x00, 0x00, 0x00,
    0x00, 0x00, 0x00, 0x00, 0x00, 0x00, 0x00, 0x7f, 0xfc, 0x00, 0x09, 0xff,
    0x80, 0x00, 0xcf, 0xf3, 0x00, 0x0f, 0xfe, 0x00, 0x03, 0xff, 0x80, 0x00,
    0x6f, 0xf2, 0x00, 0x0a, 0xfc, 0x00, 0x00, 0xef, 0x50, 0x00, 0x01, 0x10,
    0x00, 0x00, 0x00, 0x00, 0x00, 0x00, 0x00, 0x00, 0x00, 0x00, 0x00, 0x00,
    0x00, 0x00, 0x00, 0x00, 0x00, 0x79, 0x00, 0x00, 0x00, 0x00, 0x00, 0x00,
    0x6e, 0xfa, 0x00, 0x00, 0x00, 0x00, 0x00, 0x6e, 0xff, 0xf7, 0x00, 0x00,
    0x00, 0x00, 0x5d, 0xff, 0xf9, 0x10, 0x00, 0x00, 0x00, 0x5d, 0xff, 0xf8,
    0x10, 0x00, 0x00, 0x00, 0x4c, 0xff, 0xf8, 0x10, 0x00, 0x00, 0x00, 0x4c,
    0xff, 0xe8, 0x10, 0x00, 0x00, 0x00, 0x2c, 0xff, 0xe7, 0x00, 0x00, 0x00,
    0x00, 0x00, 0x6f, 0xfe, 0x40, 0x00, 0x00, 0x00, 0x00, 0x00, 0x2c, 0xff,
    0xfc, 0x50, 0x00, 0x00, 0x00, 0x00, 0x00, 0x3a, 0xff, 0xfe, 0x71, 0x00,
    0x00, 0x00, 0x00, 0x00, 0x29, 0xff, 0xff, 0xa3, 0x00, 0x00, 0x00, 0x00,
    0x00, 0x17, 0xef, 0xff, 0xc5, 0x00, 0x00, 0x00, 0x00, 0x00, 0x06, 0xdf,
    0xff, 0xe5, 0x00, 0x00, 0x00, 0x00, 0x00, 0x04, 0xbf, 0xfa, 0x00, 0x00,
    0x00, 0x00, 0x00, 0x00, 0x03, 0xaa, 0x00, 0x00, 0x00, 0x00, 0x00, 0x00,
    0x00, 0x00, 0x3f, 0xff, 0xff, 0xff, 0xff, 0xff, 0xff, 0xf7, 0x3f, 0xff,
    0xff, 0xff, 0xff, 0xff, 0xff, 0xf7, 0x15, 0x55, 0x55, 0x55, 0x55, 0x55,
    0x55, 0x52, 0x00, 0x00, 0x00, 0x00, 0x00, 0x00, 0x00, 0x00, 0x00, 0x00,
    0x00, 0x00, 0x00, 0x00, 0x00, 0x00, 0x00, 0x00, 0x00, 0x00, 0x00, 0x00,
    0x00, 0x00, 0x15, 0x55, 0x55, 0x55, 0x55, 0x55, 0x55, 0x52, 0x3f, 0xff,
    0xff, 0xff, 0xff, 0xff, 0xff, 0xf7, 0x3f, 0xff, 0xff, 0xff, 0xff, 0xff,
    0xff, 0xf7, 0x00, 0x00, 0x00, 0x00, 0x00, 0x00, 0x00, 0x00, 0x69, 0x10,
    0x00, 0x00, 0x00, 0x00, 0x00, 0x00, 0x6f, 0xf8, 0x10, 0x00, 0x00, 0x00,
    0x00, 0x00, 0x4e, 0xff, 0xf8, 0x10, 0x00, 0x00, 0x00, 0x00, 0x00, 0x7e,
    0xff, 0xf7, 0x00, 0x00, 0x00, 0x00, 0x00, 0x00, 0x7e, 0xff, 0xe7, 0x00,
    0x00, 0x00, 0x00, 0x00, 0x00, 0x6e, 0xff, 0xe7, 0x00, 0x00, 0x00, 0x00,
    0x00, 0x00, 0x6d, 0xff, 0xe6, 0x00, 0x00, 0x00, 0x00, 0x00, 0x00, 0x5d,
    0xff, 0xd5, 0x00, 0x00, 0x00, 0x00, 0x00, 0x01, 0xcf, 0xfa, 0x00, 0x00,
    0x00, 0x00, 0x03, 0xaf, 0xff, 0xd5, 0x00, 0x00, 0x00, 0x05, 0xcf, 0xff,
    0xc5, 0x00, 0x00, 0x00, 0x18, 0xef, 0xff, 0xb3, 0x00, 0x00, 0x00, 0x3a,
    0xff, 0xff, 0x92, 0x00, 0x00, 0x00, 0x3c, 0xff, 0xfe, 0x81, 0x00, 0x00,
    0x00, 0x00, 0x6f, 0xfd, 0x60, 0x00, 0x00, 0x00, 0x00, 0x00, 0x6c, 0x40,
    0x00, 0x00, 0x00, 0x00, 0x00, 0x00, 0x00, 0x00, 0x00, 0x00, 0x00, 0x00,
    0x00, 0x00, 0x00, 0x49, 0xce, 0xff, 0xd8, 0x20, 0x00, 0x4e, 0xff, 0xff,
    0xff, 0xff, 0xf5, 0x00, 0x3f, 0xff, 0xc9, 0x9a, 0xef, 0xff, 0x30, 0x0a,
    0x71, 0x00, 0x00, 0x09, 0xff, 0xa0, 0x00, 0x00, 0x00, 0x00, 0x00, 0xef,
    0xf0, 0x00, 0x00, 0x00, 0x00, 0x00, 0xaf, 0xf0, 0x00, 0x00, 0x00, 0x00,
    0x00, 0xbf, 0xf0, 0x00, 0x00, 0x00, 0x00, 0x00, 0xef, 0xc0, 0x00, 0x00,
    0x00, 0x00, 0x0a, 0xff, 0x60, 0x00, 0x00, 0x00, 0x00, 0x9f, 0xfb, 0x00,
    0x00, 0x00, 0x00, 0x0b, 0xff, 0xb0, 0x00, 0x00, 0x00, 0x00, 0xcf, 0xfa,
    0x00, 0x00, 0x00, 0x00, 0x09, 0xff, 0x90, 0x00, 0x00, 0x00, 0x00, 0x1f,
    0xfa, 0x00, 0x00, 0x00, 0x00, 0x00, 0x6f, 0xf1, 0x00, 0x00, 0x00, 0x00,
    0x00, 0x7f, 0xc0, 0x00, 0x00, 0x00, 0x00, 0x00, 0x7f, 0xb0, 0x00, 0x00,
    0x00, 0x00, 0x00, 0x00, 0x00, 0x00, 0x00, 0x00, 0x00, 0x00, 0x00, 0x00,
    0x00, 0x00, 0x00, 0x00, 0x00, 0x16, 0x40, 0x00, 0x00, 0x00, 0x00, 0x00,
    0xef, 0xf6, 0x00, 0x00, 0x00, 0x00, 0x03, 0xff, 0xfa, 0x00, 0x00, 0x00,
    0x00, 0x02, 0xff, 0xf9, 0x00, 0x00, 0x00, 0x00, 0x00, 0x8f, 0xc1, 0x00,
    0x00, 0x00, 0x00, 0x00, 0x00, 0x00, 0x03, 0x8b, 0xef, 0xfe, 0xd9, 0x50,
    0x00, 0x00, 0x00, 0x00, 0x00, 0x00, 0x04, 0xcf, 0xff, 0xff, 0xff, 0xff,
    0xfe, 0x60, 0x00, 0x00, 0x00, 0x00, 0x00, 0xbf, 0xff, 0xc8, 0x54, 0x34,
    0x6a, 0xff, 0xfb, 0x10, 0x00, 0x00, 0x00, 0x1d, 0xff, 0xa2, 0x00, 0x00,
    0x00, 0x00, 0x08, 0xff, 0xd1, 0x00, 0x00, 0x00, 0xdf, 0xf4, 0x00, 0x00,
    0x00, 0x00, 0x00, 0x00, 0x3f, 0xfb, 0x00, 0x00, 0x0a, 0xfe, 0x20, 0x00,
    0x00, 0x00, 0x00, 0x00, 0x00, 0x04, 0xff, 0x50, 0x00, 0x4f, 0xf5, 0x00,
    0x00, 0x17, 0xce, 0xfd, 0xc9, 0x50, 0x00, 0x9f, 0xd0, 0x00, 0xbf, 0xb0,
    0x00, 0x03, 0xef, 0xff, 0xff, 0xff, 0xe0, 0x00, 0x1f, 0xf3, 0x02, 0xff,
    0x30, 0x00, 0x2f, 0xfe, 0x62, 0x13, 0xbf, 0xd0, 0x00, 0x0c, 0xf8, 0x07,
    0xfd, 0x00, 0x00, 0xcf, 0xe1, 0x00, 0x00, 0x9f, 0xc0, 0x00, 0x08, 0xfb,
    0x0b, 0xf9, 0x00, 0x03, 0xff, 0x60, 0x00, 0x00, 0xaf, 0xc0, 0x00, 0x06,
    0xfc, 0x0e, 0xf5, 0x00, 0x08, 0xff, 0x00, 0x00, 0x00, 0xbf, 0xb0, 0x00,
    0x05, 0xfe, 0x0f, 0xf4, 0x00, 0x0a, 0xfd, 0x00, 0x00, 0x00, 0xbf, 0xa0,
    0x00, 0x05, 0xfd, 0x1f, 0xf3, 0x00, 0x0b, 0xfc, 0x00, 0x00, 0x00, 0xdf,
    0x90, 0x00, 0x07, 0xfc, 0x1f, 0xf2, 0x00, 0x0b, 0xfc, 0x00, 0x00, 0x00,
    0xff, 0x90, 0x00, 0x0a, 0xf9, 0x1f, 0xf3, 0x00, 0x09, 0xfe, 0x00, 0x00,
    0x04, 0xff, 0x90, 0x00, 0x0e, 0xf5, 0x0f, 0xf5, 0x00, 0x05, 0xff, 0x40,
    0x00, 0x0b, 0xff, 0xc0, 0x00, 0x5f, 0xe0, 0x0c, 0xf9, 0x00, 0x00, 0xdf,
    0xf6, 0x12, 0x9f, 0x9d, 0xf6, 0x15, 0xff, 0x70, 0x08, 0xfd, 0x00, 0x00,
    0x3f, 0xff, 0xff, 0xfc, 0x06, 0xff, 0xff, 0xfa, 0x00, 0x03, 0xff, 0x50,
    0x00, 0x02, 0xae, 0xfd, 0x70, 0x00, 0x6d, 0xfd, 0x60, 0x00, 0x00, 0xcf,
    0xd0, 0x00, 0x00, 0x00, 0x00, 0x00, 0x00, 0x00, 0x00, 0x00, 0x00, 0x00,
    0x2f, 0xfb, 0x00, 0x00, 0x00, 0x00, 0x00, 0x00, 0x00, 0x00, 0x00, 0x00,
    0x00, 0x06, 0xff, 0xd3, 0x00, 0x00, 0x00, 0x00, 0x00, 0x02, 0x00, 0x00,
    0x00, 0x00, 0x00, 0x6f, 0xff, 0xb6, 0x31, 0x00, 0x13, 0x6a, 0xeb, 0x00,
    0x00, 0x00, 0x00, 0x00, 0x03, 0xcf, 0xff, 0xff, 0xff, 0xff, 0xff, 0xfb,
    0x00, 0x00, 0x00, 0x00, 0x00, 0x00, 0x03, 0x9d, 0xff, 0xff, 0xff, 0xd9,
    0x40, 0x00, 0x00, 0x00, 0x00, 0x00, 0x00, 0x00, 0x00, 0x01, 0x22, 0x10,
    0x00, 0x00, 0x00, 0x00, 0x00, 0x00, 0x00, 0x00, 0x00, 0x4f, 0xfb, 0x00,
    0x00, 0x00, 0x00, 0x00, 0x00, 0x00, 0x00, 0x0a, 0xff, 0xf1, 0x00, 0x00,
    0x00, 0x00, 0x00, 0x00, 0x00, 0x00, 0xff, 0xff, 0x70, 0x00, 0x00, 0x00,
    0x00, 0x00, 0x00, 0x00, 0x6f, 0xfc, 0xfd, 0x00, 0x00, 0x00, 0x00, 0x00,
    0x00, 0x00, 0x0c, 0xfd, 0x7f, 0xf2, 0x00, 0x00, 0x00, 0x00, 0x00, 0x00,
    0x02, 0xff, 0x82, 0xff, 0x80, 0x00, 0x00, 0x00, 0x00, 0x00, 0x00, 0x7f,
    0xf4, 0x0d, 0xfe, 0x00, 0x00, 0x00, 0x00, 0x00, 0x00, 0x0d, 0xfe, 0x00,
    0x7f, 0xf4, 0x00, 0x00, 0x00, 0x00, 0x00, 0x03, 0xff, 0x80, 0x01, 0xff,
    0xa0, 0x00, 0x00, 0x00, 0x00, 0x00, 0x9f, 0xf3, 0x00, 0x0c, 0xff, 0x10,
    0x00, 0x00, 0x00, 0x00, 0x0f, 0xfd, 0x00, 0x00, 0x6f, 0xf6, 0x00, 0x00,
    0x00, 0x00, 0x05, 0xff, 0x70, 0x00, 0x01, 0xff, 0xc0, 0x00, 0x00, 0x00,
    0x00, 0xbf, 0xf2, 0x00, 0x00, 0x0b, 0xff, 0x20, 0x00, 0x00, 0x00, 0x1f,
    0xfc, 0x00, 0x00, 0x00, 0x5f, 0xf8, 0x00, 0x00, 0x00, 0x07, 0xff, 0xff,
    0xff, 0xff, 0xff, 0xff, 0xe0, 0x00, 0x00, 0x00, 0xdf, 0xff, 0xff, 0xff,
    0xff, 0xff, 0xff, 0x40, 0x00, 0x00, 0x3f, 0xfd, 0xaa, 0xaa, 0xaa, 0xaa,
    0xbf, 0xfa, 0x00, 0x00, 0x09, 0xff, 0x40, 0x00, 0x00, 0x00, 0x00, 0xff,
    0xf0, 0x00, 0x00, 0xef, 0xe0, 0x00, 0x00, 0x00, 0x00, 0x09, 0xff, 0x60,
    0x00, 0x5f, 0xf9, 0x00, 0x00, 0x00, 0x00, 0x00, 0x3f, 0xfb, 0x00, 0x0b,
    0xff, 0x30, 0x00, 0x00, 0x00, 0x00, 0x00, 0xdf, 0xf2, 0x01, 0xff, 0xd0,
    0x00, 0x00, 0x00, 0x00, 0x00, 0x07, 0xff, 0x70, 0x7f, 0xf7, 0x00, 0x00,
    0x00, 0x00, 0x00, 0x00, 0x2f, 0xfd, 0x0d, 0xff, 0x10, 0x00, 0x00, 0x00,
    0x00, 0x00, 0x00, 0xcf, 0xf3, 0xef, 0xff, 0xff, 0xff, 0xec, 0x95, 0x00,
    0x00, 0x0e, 0xff, 0xff, 0xff, 0xff, 0xff, 0xfe, 0x40, 0x00, 0xef, 0xf8,
    0x88, 0x89, 0xad, 0xff, 0xff, 0x40, 0x0e, 0xff, 0x00, 0x00, 0x00, 0x03,
    0xdf, 0xfd, 0x00, 0xef, 0xf0, 0x00, 0x00, 0x00, 0x02, 0xff, 0xf1, 0x0e,
    0xff, 0x00, 0x00, 0x00, 0x00, 0x0c, 0xff, 0x30, 0xef, 0xf0, 0x00, 0x00,
    0x00, 0x00, 0xbf, 0xf4, 0x0e, 0xff, 0x00, 0x00, 0x00, 0x00, 0x0c, 0xff,
    0x20, 0xef, 0xf0, 0x00, 0x00, 0x00, 0x01, 0xff, 0xd0, 0x0e, 0xff, 0x00,
    0x00, 0x00, 0x01, 0xcf, 0xf4, 0x00, 0xef, 0xf7, 0x77, 0x77, 0x8b, 0xff,
    0xe5, 0x00, 0x0e, 0xff, 0xff, 0xff, 0xff, 0xff, 0x81, 0x00, 0x00, 0xef,
    0xff, 0xff, 0xff, 0xff, 0xff, 0xd6, 0x00, 0x0e, 0xff, 0x00, 0x00, 0x01,
    0x37, 0xef, 0xfb, 0x00, 0xef, 0xf0, 0x00, 0x00, 0x00, 0x01, 0xdf, 0xf7,
    0x0e, 0xff, 0x00, 0x00, 0x00, 0x00, 0x04, 0xff, 0xd0, 0xef, 0xf0, 0x00,
    0x00, 0x00, 0x00, 0x1f, 0xff, 0x0e, 0xff, 0x00, 0x00, 0x00, 0x00, 0x00,
    0xff, 0xf0, 0xef, 0xf0, 0x00, 0x00, 0x00, 0x00, 0x3f, 0xfe, 0x0e, 0xff,
    0x00, 0x00, 0x00, 0x00, 0x0a, 0xff, 0xb0, 0xef, 0xf0, 0x00, 0x00, 0x00,
    0x07, 0xff, 0xf5, 0x0e, 0xff, 0x88, 0x88, 0x88, 0xae, 0xff, 0xfa, 0x00,
    0xef, 0xff, 0xff, 0xff, 0xff, 0xff, 0xf8, 0x00, 0x0e, 0xff, 0xff, 0xff,
    0xff, 0xec, 0x72, 0x00, 0x00, 0x00, 0x00, 0x00, 0x03, 0x8c, 0xef, 0xfe,
    0xc9, 0x40, 0x00, 0x00, 0x00, 0x2b, 0xff, 0xff, 0xff, 0xff, 0xff, 0xe1,
    0x00, 0x00, 0x5f, 0xff, 0xff, 0xba, 0xab, 0xff, 0xfb, 0x00, 0x00, 0x5f,
    0xff, 0xd5, 0x00, 0x00, 0x00, 0x4a, 0x30, 0x00, 0x1e, 0xff, 0xb0, 0x00,
    0x00, 0x00, 0x00, 0x00, 0x00, 0x09, 0xff, 0xc0, 0x00, 0x00, 0x00, 0x00,
    0x00, 0x00, 0x01, 0xff, 0xf3, 0x00, 0x00, 0x00, 0x00, 0x00, 0x00, 0x00,
    0x6f, 0xfc, 0x00, 0x00, 0x00, 0x00, 0x00, 0x00, 0x00, 0x0a, 0xff, 0x60,
    0x00, 0x00, 0x00, 0x00, 0x00, 0x00, 0x00, 0xdf, 0xf3, 0x00, 0x00, 0x00,
    0x00, 0x00, 0x00, 0x00, 0x0f, 0xff, 0x10, 0x00, 0x00, 0x00, 0x00, 0x00,
    0x00, 0x00, 0xff, 0xf0, 0x00, 0x00, 0x00, 0x00, 0x00, 0x00, 0x00, 0x0f,
    0xff, 0x00, 0x00, 0x00, 0x00, 0x00, 0x00, 0x00, 0x00, 0xff, 0xf1, 0x00,
    0x00, 0x00, 0x00, 0x00, 0x00, 0x00, 0x0e, 0xff, 0x30, 0x00, 0x00, 0x00,
    0x00, 0x00, 0x00, 0x00, 0xbf, 0xf6, 0x00, 0x00, 0x00, 0x00, 0x00, 0x00,
    0x00, 0x08, 0xff, 0xb0, 0x00, 0x00, 0x00, 0x00, 0x00, 0x00, 0x00, 0x3f,
    0xff, 0x20, 0x00, 0x00, 0x00, 0x00, 0x00, 0x00, 0x00, 0xcf, 0xfb, 0x00,
    0x00, 0x00, 0x00, 0x00, 0x00, 0x00, 0x04, 0xff, 0xf9, 0x00, 0x00, 0x00,
    0x00, 0x00, 0x00, 0x00, 0x09, 0xff, 0xfc, 0x30, 0x00, 0x00, 0x01, 0x42,
    0x00, 0x00, 0x0a, 0xff, 0xff, 0xeb, 0xaa, 0xcd, 0xff, 0x50, 0x00, 0x00,
    0x06, 0xef, 0xff, 0xff, 0xff, 0xff, 0xf5, 0x00, 0x00, 0x00, 0x00, 0x6a,
    0xdf, 0xff, 0xec, 0x95, 0x00, 0xef, 0xff, 0xff, 0xff, 0xec, 0x95, 0x00,
    0x00, 0x00, 0x0e, 0xff, 0xff, 0xff, 0xff, 0xff, 0xfe, 0x60, 0x00, 0x00,
    0xef, 0xf8, 0x88, 0x89, 0xbe, 0xff, 0xff, 0xb0, 0x00, 0x0e, 0xff, 0x00,
    0x00, 0x00, 0x03, 0x9f, 0xff, 0xc0, 0x00, 0xef, 0xf0, 0x00, 0x00, 0x00,
    0x00, 0x4f, 0xff, 0x80, 0x0e, 0xff, 0x00, 0x00, 0x00, 0x00, 0x00, 0x5f,
    0xff, 0x20, 0xef, 0xf0, 0x00, 0x00, 0x00, 0x00, 0x00, 0xbf, 0xf8, 0x0e,
    0xff, 0x00, 0x00, 0x00, 0x00, 0x00, 0x04, 0xff, 0xd0, 0xef, 0xf0, 0x00,
    0x00, 0x00, 0x00, 0x00, 0x0f, 0xff, 0x1e, 0xff, 0x00, 0x00, 0x00, 0x00,
    0x00, 0x00, 0xcf, 0xf4, 0xef, 0xf0, 0x00, 0x00, 0x00, 0x00, 0x00, 0x0b,
    0xff, 0x5e, 0xff, 0x00, 0x00, 0x00, 0x00, 0x00, 0x00, 0xaf, 0xf6, 0xef,
    0xf0, 0x00, 0x00, 0x00, 0x00, 0x00, 0x0a, 0xff, 0x5e, 0xff, 0x00, 0x00,
    0x00, 0x00, 0x00, 0x00, 0xbf, 0xf5, 0xef, 0xf0, 0x00, 0x00, 0x00, 0x00,
    0x00, 0x0d, 0xff, 0x3e, 0xff, 0x00, 0x00, 0x00, 0x00, 0x00, 0x01, 0xff,
    0xf0, 0xef, 0xf0, 0x00, 0x00, 0x00, 0x00, 0x00, 0x6f, 0xfc, 0x0e, 0xff,
    0x00, 0x00, 0x00, 0x00, 0x00, 0x0d, 0xff, 0x60, 0xef, 0xf0, 0x00, 0x00,
    0x00, 0x00, 0x08, 0xff, 0xe0, 0x0e, 0xff, 0x00, 0x00, 0x00, 0x00, 0x07,
    0xff, 0xf6, 0x00, 0xef, 0xf0, 0x00, 0x00, 0x00, 0x4c, 0xff, 0xf9, 0x00,
    0x0e, 0xff, 0x88, 0x88, 0xab, 0xff, 0xff, 0xf8, 0x00, 0x00, 0xef, 0xff,
    0xff, 0xff, 0xff, 0xff, 0xc4, 0x00, 0x00, 0x0e, 0xff, 0xff, 0xff, 0xfe,
    0xb8, 0x30, 0x00, 0x00, 0x00, 0xef, 0xff, 0xff, 0xff, 0xff, 0xff, 0xee,
    0xff, 0xff, 0xff, 0xff, 0xff, 0xfe, 0xef, 0xf9, 0x99, 0x99, 0x99, 0x99,
    0x8e, 0xff, 0x00, 0x00, 0x00, 0x00, 0x00, 0xef, 0xf0, 0x00, 0x00, 0x00,
    0x00, 0x0e, 0xff, 0x00, 0x00, 0x00, 0x00, 0x00, 0xef, 0xf0, 0x00, 0x00,
    0x00, 0x00, 0x0e, 0xff, 0x00, 0x00, 0x00, 0x00, 0x00, 0xef, 0xf0, 0x00,
    0x00, 0x00, 0x00, 0x0e, 0xff, 0x00, 0x00, 0x00, 0x00, 0x00, 0xef, 0xf9,
    0x99, 0x99, 0x99, 0x99, 0x2e, 0xff, 0xff, 0xff, 0xff, 0xff, 0xf4, 0xef,
    0xff, 0xff, 0xff, 0xff, 0xff, 0x4e, 0xff, 0x00, 0x00, 0x00, 0x00, 0x00,
    0xef, 0xf0, 0x00, 0x00, 0x00, 0x00, 0x0e, 0xff, 0x00, 0x00, 0x00, 0x00,
    0x00, 0xef, 0xf0, 0x00, 0x00, 0x00, 0x00, 0x0e, 0xff, 0x00, 0x00, 0x00,
    0x00, 0x00, 0xef, 0xf0, 0x00, 0x00, 0x00, 0x00, 0x0e, 0xff, 0x00, 0x00,
    0x00, 0x00, 0x00, 0xef, 0xf0, 0x00, 0x00, 0x00, 0x00, 0x0e, 0xff, 0x99,
    0x99, 0x99, 0x99, 0x98, 0xef, 0xff, 0xff, 0xff, 0xff, 0xff, 0xee, 0xff,
    0xff, 0xff, 0xff, 0xff, 0xfe, 0xef, 0xff, 0xff, 0xff, 0xff, 0xff, 0xee,
    0xff, 0xff, 0xff, 0xff, 0xff, 0xfe, 0xef, 0xf9, 0x99, 0x99, 0x99, 0x99,
    0x8e, 0xff, 0x00, 0x00, 0x00, 0x00, 0x00, 0xef, 0xf0, 0x00, 0x00, 0x00,
    0x00, 0x0e, 0xff, 0x00, 0x00, 0x00, 0x00, 0x00, 0xef, 0xf0, 0x00, 0x00,
    0x00, 0x00, 0x0e, 0xff, 0x00, 0x00, 0x00, 0x00, 0x00, 0xef, 0xf0, 0x00,
    0x00, 0x00, 0x00, 0x0e, 0xff, 0x00, 0x00, 0x00, 0x00, 0x00, 0xef, 0xf0,
    0x00, 0x00, 0x00, 0x00, 0x0e, 0xff, 0x99, 0x99, 0x99, 0x99, 0x92, 0xef,
    0xff, 0xff, 0xff, 0xff, 0xff, 0x4e, 0xff, 0xff, 0xff, 0xff, 0xff, 0xf4,
    0xef, 0xf0, 0x00, 0x00, 0x00, 0x00, 0x0e, 0xff, 0x00, 0x00, 0x00, 0x00,
    0x00, 0xef, 0xf0, 0x00, 0x00, 0x00, 0x00, 0x0e, 0xff, 0x00, 0x00, 0x00,
    0x00, 0x00, 0xef, 0xf0, 0x00, 0x00, 0x00, 0x00, 0x0e, 0xff, 0x00, 0x00,
    0x00, 0x00, 0x00, 0xef, 0xf0, 0x00, 0x00, 0x00, 0x00, 0x0e, 0xff, 0x00,
    0x00, 0x00, 0x00, 0x00, 0xef, 0xf0, 0x00, 0x00, 0x00, 0x00, 0x0e, 0xff,
    0x00, 0x00, 0x00, 0x00, 0x00, 0x00, 0x00, 0x00, 0x01, 0x6a, 0xde, 0xff,
    0xec, 0x95, 0x10, 0x00, 0x00, 0x00, 0x8f, 0xff, 0xff, 0xff, 0xff, 0xff,
    0xf5, 0x00, 0x00, 0x2d, 0xff, 0xff, 0xda, 0xaa, 0xcf, 0xff, 0xf2, 0x00,
    0x02, 0xef, 0xff, 0x71, 0x00, 0x00, 0x00, 0x38, 0xa0, 0x00, 0x0d, 0xff,
    0xd2, 0x00, 0x00, 0x00, 0x00, 0x00, 0x00, 0x00, 0x8f, 0xfe, 0x10, 0x00,
    0x00, 0x00, 0x00, 0x00, 0x00, 0x00, 0xff, 0xf5, 0x00, 0x00, 0x00, 0x00,
    0x00, 0x00, 0x00, 0x06, 0xff, 0xc0, 0x00, 0x00, 0x00, 0x00, 0x00, 0x00,
    0x00, 0x0a, 0xff, 0x60, 0x00, 0x00, 0x00, 0x00, 0x00, 0x00, 0x00, 0x0d,
    0xff, 0x20, 0x00, 0x00, 0x00, 0x00, 0x00, 0x00, 0x00, 0x0f, 0xff, 0x00,
    0x00, 0x00, 0x00, 0x00, 0x00, 0x00, 0x00, 0x0f, 0xff, 0x00, 0x00, 0x00,
    0x00, 0x9a, 0xaa, 0xaa, 0xa9, 0x0f, 0xff, 0x00, 0x00, 0x00, 0x00, 0xff,
    0xff, 0xff, 0xfe, 0x0f, 0xff, 0x10, 0x00, 0x00, 0x00, 0xff, 0xff, 0xff,
    0xfe, 0x0d, 0xff, 0x20, 0x00, 0x00, 0x00, 0x00, 0x00, 0x0f, 0xfe, 0x0b,
    0xff, 0x60, 0x00, 0x00, 0x00, 0x00, 0x00, 0x0f, 0xfe, 0x07, 0xff, 0xb0,
    0x00, 0x00, 0x00, 0x00, 0x00, 0x0f, 0xfe, 0x02, 0xff, 0xf3, 0x00, 0x00,
    0x00, 0x00, 0x00, 0x0f, 0xfe, 0x00, 0xbf, 0xfc, 0x00, 0x00, 0x00, 0x00,
    0x00, 0x0f, 0xfe, 0x00, 0x2f, 0xff, 0xb0, 0x00, 0x00, 0x00, 0x00, 0x0f,
    0xfe, 0x00, 0x06, 0xff, 0xfd, 0x40, 0x00, 0x00, 0x00, 0x0f, 0xfe, 0x00,
    0x00, 0x7f, 0xff, 0xfe, 0xb9, 0x99, 0xac, 0xff, 0xfe, 0x00, 0x00, 0x04,
    0xdf, 0xff, 0xff, 0xff, 0xff, 0xff, 0xfd, 0x00, 0x00, 0x00, 0x04, 0x9c,
    0xef, 0xff, 0xec, 0xa7, 0x30, 0xef, 0xf0, 0x00, 0x00, 0x00, 0x00, 0x00,
    0x4f, 0xf9, 0xef, 0xf0, 0x00, 0x00, 0x00, 0x00, 0x00, 0x4f, 0xf9, 0xef,
    0xf0, 0x00, 0x00, 0x00, 0x00, 0x00, 0x4f, 0xf9, 0xef, 0xf0, 0x00, 0x00,
    0x00, 0x00, 0x00, 0x4f, 0xf9, 0xef, 0xf0, 0x00, 0x00, 0x00, 0x00, 0x00,
    0x4f, 0xf9, 0xef, 0xf0, 0x00, 0x00, 0x00, 0x00, 0x00, 0x4f, 0xf9, 0xef,
    0xf0, 0x00, 0x00, 0x00, 0x00, 0x00, 0x4f, 0xf9, 0xef, 0xf0, 0x00, 0x00,
    0x00, 0x00, 0x00, 0x4f, 0xf9, 0xef, 0xf0, 0x00, 0x00, 0x00, 0x00, 0x00,
    0x4f, 0xf9, 0xef, 0xf0, 0x00, 0x00, 0x00, 0x00, 0x00, 0x4f, 0xf9, 0xef,
    0xf9, 0x99, 0x99, 0x99, 0x99, 0x99, 0xbf, 0xf9, 0xef, 0xff, 0xff, 0xff,
    0xff, 0xff, 0xff, 0xff, 0xf9, 0xef, 0xff, 0xff, 0xff, 0xff, 0xff, 0xff,
    0xff, 0xf9, 0xef, 0xf0, 0x00, 0x00, 0x00, 0x00, 0x00, 0x4f, 0xf9, 0xef,
    0xf0, 0x00, 0x00, 0x00, 0x00, 0x00, 0x4f, 0xf9, 0xef, 0xf0, 0x00, 0x00,
    0x00, 0x00, 0x00, 0x4f, 0xf9, 0xef, 0xf0, 0x00, 0x00, 0x00, 0x00, 0x00,
    0x4f, 0xf9, 0xef, 0xf0, 0x00, 0x00, 0x00, 0x00, 0x00, 0x4f, 0xf9, 0xef,
    0xf0, 0x00, 0x00, 0x00, 0x00, 0x00, 0x4f, 0xf9, 0xef, 0xf0, 0x00, 0x00,
    0x00, 0x00, 0x00, 0x4f, 0xf9, 0xef, 0xf0, 0x00, 0x00, 0x00, 0x00, 0x00,
    0x4f, 0xf9, 0xef, 0xf0, 0x00, 0x00, 0x00, 0x00, 0x00, 0x4f, 0xf9, 0xef,
    0xf0, 0x00, 0x00, 0x00, 0x00, 0x00, 0x4f, 0xf9, 0xef, 0xf0, 0x00, 0x00,
    0x00, 0x00, 0x00, 0x4f, 0xf9, 0xbf, 0xff, 0xff, 0xff, 0x89, 0xff, 0xff,
    0xff, 0xf6, 0x01, 0x5f, 0xfe, 0x40, 0x00, 0x00, 0xff, 0xd0, 0x00, 0x00,
    0x0f, 0xfd, 0x00, 0x00, 0x00, 0xff, 0xd0, 0x00, 0x00, 0x0f, 0xfd, 0x00,
    0x00, 0x00, 0xff, 0xd0, 0x00, 0x00, 0x0f, 0xfd, 0x00, 0x00, 0x00, 0xff,
    0xd0, 0x00, 0x00, 0x0f, 0xfd, 0x00, 0x00, 0x00, 0xff, 0xd0, 0x00, 0x00,
    0x0f, 0xfd, 0x00, 0x00, 0x00, 0xff, 0xd0, 0x00, 0x00, 0x0f, 0xfd, 0x00,
    0x00, 0x00, 0xff, 0xd0, 0x00, 0x00, 0x0f, 0xfd, 0x00, 0x00, 0x00, 0xff,
    0xd0, 0x00, 0x00, 0x0f, 0xfd, 0x00, 0x00, 0x00, 0xff, 0xd0, 0x00, 0x00,
    0x0f, 0xfd, 0x00, 0x00, 0x04, 0xff, 0xe3, 0x00, 0x9f, 0xff, 0xff, 0xff,
    0x6b, 0xff, 0xff, 0xff, 0xf8, 0x00, 0x00, 0x01, 0xff, 0xd0, 0x00, 0x00,
    0x1f, 0xfd, 0x00, 0x00, 0x01, 0xff, 0xd0, 0x00, 0x00, 0x1f, 0xfd, 0x00,
    0x00, 0x01, 0xff, 0xd0, 0x00, 0x00, 0x1f, 0xfd, 0x00, 0x00, 0x01, 0xff,
    0xd0, 0x00, 0x00, 0x1f, 0xfd, 0x00, 0x00, 0x01, 0xff, 0xd0, 0x00, 0x00,
    0x1f, 0xfd, 0x00, 0x00, 0x01, 0xff, 0xd0, 0x00, 0x00, 0x1f, 0xfd, 0x00,
    0x00, 0x01, 0xff, 0xd0, 0x00, 0x00, 0x1f, 0xfd, 0x00, 0x00, 0x01, 0xff,
    0xd0, 0x00, 0x00, 0x1f, 0xfd, 0x00, 0x00, 0x01, 0xff, 0xd0, 0x00, 0x00,
    0x1f, 0xfd, 0x00, 0x00, 0x01, 0xff, 0xd0, 0x00, 0x00, 0x1f, 0xfd, 0x00,
    0x00, 0x01, 0xff, 0xd0, 0x00, 0x00, 0x1f, 0xfd, 0x00, 0x00, 0x01, 0xff,
    0xd0, 0x00, 0x00, 0x1f, 0xfc, 0x00, 0x00, 0x02, 0xff, 0xb0, 0x00, 0x00,
    0x6f, 0xf9, 0x00, 0x00, 0x1e, 0xff, 0x47, 0xba, 0xbf, 0xff, 0xc0, 0x8f,
    0xff, 0xff, 0xd2, 0x05, 0xdf, 0xec, 0x70, 0x00, 0xef, 0xf0, 0x00, 0x00,
    0x00, 0x00, 0x5f, 0xfe, 0x1e, 0xff, 0x00, 0x00, 0x00, 0x00, 0x3f, 0xff,
    0x30, 0xef, 0xf0, 0x00, 0x00, 0x00, 0x1e, 0xff, 0x40, 0x0e, 0xff, 0x00,
    0x00, 0x00, 0x0d, 0xff, 0x60, 0x00, 0xef, 0xf0, 0x00, 0x00, 0x0b, 0xff,
    0x80, 0x00, 0x0e, 0xff, 0x00, 0x00, 0x09, 0xff, 0xa0, 0x00, 0x00, 0xef,
    0xf0, 0x00, 0x06, 0xff, 0xc0, 0x00, 0x00, 0x0e, 0xff, 0x00, 0x04, 0xff,
    0xd1, 0x00, 0x00, 0x00, 0xef, 0xf0, 0x03, 0xff, 0xe2, 0x00, 0x00, 0x00,
    0x0e, 0xff, 0x02, 0xef, 0xf4, 0x00, 0x00, 0x00, 0x00, 0xef, 0xf0, 0xdf,
    0xf9, 0x00, 0x00, 0x00, 0x00, 0x0e, 0xff, 0xbf, 0xff, 0xf2, 0x00, 0x00,
    0x00, 0x00, 0xef, 0xff, 0xfd, 0xff, 0xc0, 0x00, 0x00, 0x00, 0x0e, 0xff,
    0xf4, 0x1e, 0xff, 0x80, 0x00, 0x00, 0x00, 0xef, 0xf3, 0x00, 0x4f, 0xff,
    0x30, 0x00, 0x00, 0x0e, 0xff, 0x00, 0x00, 0x9f, 0xfd, 0x00, 0x00, 0x00,
    0xef, 0xf0, 0x00, 0x00, 0xdf, 0xf9, 0x00, 0x00, 0x0e, 0xff, 0x00, 0x00,
    0x03, 0xff, 0xf4, 0x00, 0x00, 0xef, 0xf0, 0x00, 0x00, 0x07, 0xff, 0xe1,
    0x00, 0x0e, 0xff, 0x00, 0x00, 0x00, 0x0c, 0xff, 0xa0, 0x00, 0xef, 0xf0,
    0x00, 0x00, 0x00, 0x1e, 0xff, 0x60, 0x0e, 0xff, 0x00, 0x00, 0x00, 0x00,
    0x5f, 0xff, 0x20, 0xef, 0xf0, 0x00, 0x00, 0x00, 0x00, 0xaf, 0xfc, 0x0e,
    0xff, 0x00, 0x00, 0x00, 0x00, 0x00, 0xdf, 0xf7, 0xef, 0xf0, 0x00, 0x00,
    0x00, 0x00, 0x0e, 0xff, 0x00, 0x00, 0x00, 0x00, 0x00, 0xef, 0xf0, 0x00,
    0x00, 0x00, 0x00, 0x0e, 0xff, 0x00, 0x00, 0x00, 0x00, 0x00, 0xef, 0xf0,
    0x00, 0x00, 0x00, 0x00, 0x0e, 0xff, 0x00, 0x00, 0x00, 0x00, 0x00, 0xef,
    0xf0, 0x00, 0x00, 0x00, 0x00, 0x0e, 0xff, 0x00, 0x00, 0x00, 0x00, 0x00,
    0xef, 0xf0, 0x00, 0x00, 0x00, 0x00, 0x0e, 0xff, 0x00, 0x00, 0x00, 0x00,
    0x00, 0xef, 0xf0, 0x00, 0x00, 0x00, 0x00, 0x0e, 0xff, 0x00, 0x00, 0x00,
    0x00, 0x00, 0xef, 0xf0, 0x00, 0x00, 0x00, 0x00, 0x0e, 0xff, 0x00, 0x00,
    0x00, 0x00, 0x00, 0xef, 0xf0, 0x00, 0x00, 0x00, 0x00, 0x0e, 0xff, 0x00,
    0x00, 0x00, 0x00, 0x00, 0xef, 0xf0, 0x00, 0x00, 0x00, 0x00, 0x0e, 0xff,
    0x00, 0x00, 0x00, 0x00, 0x00, 0xef, 0xf0, 0x00, 0x00, 0x00, 0x00, 0x0e,
    0xff, 0x00, 0x00, 0x00, 0x00, 0x00, 0xef, 0xf0, 0x00, 0x00, 0x00, 0x00,
    0x0e, 0xff, 0xaa, 0xaa, 0xaa, 0xaa, 0xa9, 0xef, 0xff, 0xff, 0xff, 0xff,
    0xff, 0xfe, 0xff, 0xff, 0xff, 0xff, 0xff, 0xff, 0xef, 0xff, 0x80, 0x00,
    0x00, 0x00, 0x00, 0x00, 0x00, 0x7f, 0xff, 0xee, 0xff, 0xfe, 0x00, 0x00,
    0x00, 0x00, 0x00, 0x00, 0x0d, 0xff, 0xfe, 0xef, 0xff, 0xf4, 0x00, 0x00,
    0x00, 0x00, 0x00, 0x03, 0xff, 0xff, 0xee, 0xfd, 0xff, 0x90, 0x00, 0x00,
    0x00, 0x00, 0x00, 0x9f, 0xfc, 0xfe, 0xef, 0xae, 0xff, 0x00, 0x00, 0x00,
    0x00, 0x00, 0x0e, 0xf9, 0xcf, 0xee, 0xfa, 0x9f, 0xf5, 0x00, 0x00, 0x00,
    0x00, 0x04, 0xff, 0x4d, 0xfe, 0xef, 0xb3, 0xff, 0xb0, 0x00, 0x00, 0x00,
    0x00, 0xaf, 0xe0, 0xdf, 0xee, 0xfb, 0x0d, 0xff, 0x10, 0x00, 0x00, 0x00,
    0x1f, 0xf8, 0x0e, 0xfe, 0xef, 0xb0, 0x7f, 0xf6, 0x00, 0x00, 0x00, 0x06,
    0xff, 0x20, 0xef, 0xee, 0xfc, 0x01, 0xff, 0xc0, 0x00, 0x00, 0x00, 0xcf,
    0xc0, 0x0e, 0xfe, 0xef, 0xc0, 0x0b, 0xff, 0x20, 0x00, 0x00, 0x2f, 0xf7,
    0x00, 0xef, 0xee, 0xfc, 0x00, 0x6f, 0xf7, 0x00, 0x00, 0x07, 0xff, 0x10,
    0x0e, 0xfe, 0xef, 0xc0, 0x00, 0xff, 0xd0, 0x00, 0x00, 0xdf, 0xb0, 0x00,
    0xef, 0xee, 0xfc, 0x00, 0x0a, 0xff, 0x30, 0x00, 0x3f, 0xf5, 0x00, 0x0e,
    0xfe, 0xef, 0xc0, 0x00, 0x4f, 0xf8, 0x00, 0x09, 0xff, 0x00, 0x00, 0xef,
    0xee, 0xfc, 0x00, 0x00, 0xef, 0xe0, 0x00, 0xef, 0xa0, 0x00, 0x0e, 0xfe,
    0xef, 0xc0, 0x00, 0x08, 0xff, 0x40, 0x5f, 0xf4, 0x00, 0x00, 0xef, 0xee,
    0xfc, 0x00, 0x00, 0x2f, 0xfa, 0x0a, 0xfe, 0x00, 0x00, 0x0e, 0xfe, 0xef,
    0xc0, 0x00, 0x00, 0xdf, 0xf1, 0xff, 0x80, 0x00, 0x00, 0xef, 0xee, 0xfc,
    0x00, 0x00, 0x07, 0xff, 0xcf, 0xf2, 0x00, 0x00, 0x0e, 0xfe, 0xef, 0xc0,
    0x00, 0x00, 0x1f, 0xff, 0xfd, 0x00, 0x00, 0x00, 0xef, 0xee, 0xfc, 0x00,
    0x00, 0x00, 0xbf, 0xff, 0x70, 0x00, 0x00, 0x0e, 0xfe, 0xef, 0xc0, 0x00,
    0x00, 0x05, 0xff, 0xf1, 0x00, 0x00, 0x00, 0xef, 0xee, 0xfc, 0x00, 0x00,
    0x00, 0x0f, 0xfb, 0x00, 0x00, 0x00, 0x0e, 0xfe, 0xef, 0xfb, 0x00, 0x00,
    0x00, 0x00, 0x00, 0x07, 0xff, 0x3e, 0xff, 0xf6, 0x00, 0x00, 0x00, 0x00,
    0x00, 0x7f, 0xf3, 0xef, 0xff, 0xe1, 0x00, 0x00, 0x00, 0x00, 0x07, 0xff,
    0x3e, 0xff, 0xff, 0xa0, 0x00, 0x00, 0x00, 0x00, 0x7f, 0xf3, 0xef, 0xaf,
    0xff, 0x40, 0x00, 0x00, 0x00, 0x07, 0xff, 0x3e, 0xf9, 0x7f, 0xfd, 0x00,
    0x00, 0x00, 0x00, 0x7f, 0xf3, 0xef, 0xa0, 0xdf, 0xf8, 0x00, 0x00, 0x00,
    0x07, 0xff, 0x3e, 0xfa, 0x04, 0xff, 0xf2, 0x00, 0x00, 0x00, 0x7f, 0xf3,
    0xef, 0xb0, 0x0a, 0xff, 0xc0, 0x00, 0x00, 0x07, 0xff, 0x3e, 0xfb, 0x00,
    0x1f, 0xff, 0x60, 0x00, 0x00, 0x7f, 0xf3, 0xef, 0xc0, 0x00, 0x6f, 0xfe,
    0x10, 0x00, 0x07, 0xff, 0x3e, 0xfc, 0x00, 0x00, 0xcf, 0xfa, 0x00, 0x00,
    0x7f, 0xf3, 0xef, 0xc0, 0x00, 0x03, 0xff, 0xf4, 0x00, 0x07, 0xff, 0x3e,
    0xfc, 0x00, 0x00, 0x09, 0xff, 0xd0, 0x00, 0x7f, 0xf3, 0xef, 0xc0, 0x00,
    0x00, 0x1e, 0xff, 0x80, 0x07, 0xff, 0x3e, 0xfc, 0x00, 0x00, 0x00, 0x5f,
    0xff, 0x20, 0x6f, 0xf3, 0xef, 0xc0, 0x00, 0x00, 0x00, 0xbf, 0xfc, 0x06,
    0xff, 0x3e, 0xfc, 0x00, 0x00, 0x00, 0x02, 0xff, 0xf6, 0x5f, 0xf3, 0xef,
    0xc0, 0x00, 0x00, 0x00, 0x08, 0xff, 0xe6, 0xff, 0x3e, 0xfc, 0x00, 0x00,
    0x00, 0x00, 0x0d, 0xff, 0xdf, 0xf3, 0xef, 0xc0, 0x00, 0x00, 0x00, 0x00,
    0x4f, 0xff, 0xff, 0x3e, 0xfc, 0x00, 0x00, 0x00, 0x00, 0x00, 0xaf, 0xff,
    0xf3, 0xef, 0xc0, 0x00, 0x00, 0x00, 0x00, 0x01, 0xff, 0xff, 0x3e, 0xfc,
    0x00, 0x00, 0x00, 0x00, 0x00, 0x07, 0xff, 0xf3, 0x00, 0x00, 0x00, 0x05,
    0xad, 0xff, 0xfd, 0xa5, 0x00, 0x00, 0x00, 0x00, 0x00, 0x00, 0x6e, 0xff,
    0xff, 0xff, 0xff, 0xfe, 0x50, 0x00, 0x00, 0x00, 0x00, 0xaf, 0xff, 0xfd,
    0xaa, 0xbd, 0xff, 0xff, 0x90, 0x00, 0x00, 0x00, 0x9f, 0xff, 0x92, 0x00,
    0x00, 0x01, 0x9f, 0xff, 0x80, 0x00, 0x00, 0x4f, 0xff, 0x70, 0x00, 0x00,
    0x00, 0x00, 0x5f, 0xff, 0x30, 0x00, 0x0c, 0xff, 0x90, 0x00, 0x00, 0x00,
    0x00, 0x00, 0x9f, 0xfb, 0x00, 0x03, 0xff, 0xf1, 0x00, 0x00, 0x00, 0x00,
    0x00, 0x01, 0xff, 0xf2, 0x00, 0x8f, 0xfa, 0x00, 0x00, 0x00, 0x00, 0x00,
    0x00, 0x0a, 0xff, 0x70, 0x0b, 0xff, 0x60, 0x00, 0x00, 0x00, 0x00, 0x00,
    0x00, 0x5f, 0xfb, 0x00, 0xef, 0xf2, 0x00, 0x00, 0x00, 0x00, 0x00, 0x00,
    0x03, 0xff, 0xd0, 0x0f, 0xff, 0x10, 0x00, 0x00, 0x00, 0x00, 0x00, 0x00,
    0x1f, 0xff, 0x00, 0xff, 0xf0, 0x00, 0x00, 0x00, 0x00, 0x00, 0x00, 0x00,
    0xff, 0xf0, 0x0f, 0xff, 0x00, 0x00, 0x00, 0x00, 0x00, 0x00, 0x00, 0x0f,
    0xff, 0x00, 0xff, 0xf1, 0x00, 0x00, 0x00, 0x00, 0x00, 0x00, 0x01, 0xff,
    0xf0, 0x0e, 0xff, 0x20, 0x00, 0x00, 0x00, 0x00, 0x00, 0x00, 0x3f, 0xfd,
    0x00, 0xbf, 0xf6, 0x00, 0x00, 0x00, 0x00, 0x00, 0x00, 0x06, 0xff, 0xa0,
    0x07, 0xff, 0xa0, 0x00, 0x00, 0x00, 0x00, 0x00, 0x00, 0xaf, 0xf7, 0x00,
    0x2f, 0xff, 0x10, 0x00, 0x00, 0x00, 0x00, 0x00, 0x1f, 0xff, 0x20, 0x00,
    0xcf, 0xf9, 0x00, 0x00, 0x00, 0x00, 0x00, 0x09, 0xff, 0xb0, 0x00, 0x03,
    0xff, 0xf6, 0x00, 0x00, 0x00, 0x00, 0x06, 0xff, 0xf3, 0x00, 0x00, 0x08,
    0xff, 0xf9, 0x10, 0x00, 0x00, 0x19, 0xff, 0xf7, 0x00, 0x00, 0x00, 0x09,
    0xff, 0xff, 0xca, 0x99, 0xcf, 0xff, 0xf8, 0x00, 0x00, 0x00, 0x00, 0x05,
    0xef, 0xff, 0xff, 0xff, 0xff, 0xe5, 0x00, 0x00, 0x00, 0x00, 0x00, 0x00,
    0x5a, 0xde, 0xfe, 0xda, 0x50, 0x00, 0x00, 0x00, 0xef, 0xff, 0xff, 0xfe,
    0xda, 0x50, 0x00, 0x0e, 0xff, 0xff, 0xff, 0xff, 0xff, 0xd3, 0x00, 0xef,
    0xf8, 0x88, 0x9a, 0xdf, 0xff, 0xf3, 0x0e, 0xff, 0x00, 0x00, 0x00, 0x3d,
    0xff, 0xd0, 0xef, 0xf0, 0x00, 0x00, 0x00, 0x1e, 0xff, 0x4e, 0xff, 0x00,
    0x00, 0x00, 0x00, 0x8f, 0xf9, 0xef, 0xf0, 0x00, 0x00, 0x00, 0x05, 0xff,
    0xae, 0xff, 0x00, 0x00, 0x00, 0x00, 0x4f, 0xfb, 0xef, 0xf0, 0x00, 0x00,
    0x00, 0x05, 0xff, 0xae, 0xff, 0x00, 0x00, 0x00, 0x00, 0x9f, 0xf6, 0xef,
    0xf0, 0x00, 0x00, 0x00, 0x2f, 0xff, 0x1e, 0xff, 0x00, 0x00, 0x00, 0x5e,
    0xff, 0x90, 0xef, 0xf8, 0x88, 0x9b, 0xef, 0xff, 0xc0, 0x0e, 0xff, 0xff,
    0xff, 0xff, 0xff, 0x90, 0x00, 0xef, 0xff, 0xff, 0xfe, 0xb7, 0x10, 0x00,
    0x0e, 0xff, 0x00, 0x00, 0x00, 0x00, 0x00, 0x00, 0xef, 0xf0, 0x00, 0x00,
    0x00, 0x00, 0x00, 0x0e, 0xff, 0x00, 0x00, 0x00, 0x00, 0x00, 0x00, 0xef,
    0xf0, 0x00, 0x00, 0x00, 0x00, 0x00, 0x0e, 0xff, 0x00, 0x00, 0x00, 0x00,
    0x00, 0x00, 0xef, 0xf0, 0x00, 0x00, 0x00, 0x00, 0x00, 0x0e, 0xff, 0x00,
    0x00, 0x00, 0x00, 0x00, 0x00, 0xef, 0xf0, 0x00, 0x00, 0x00, 0x00, 0x00,
    0x0e, 0xff, 0x00, 0x00, 0x00, 0x00, 0x00, 0x00, 0x00, 0x00, 0x00, 0x05,
    0xad, 0xff, 0xfd, 0xa5, 0x00, 0x00, 0x00, 0x00, 0x00, 0x00, 0x6e, 0xff,
    0xff, 0xff, 0xff, 0xfe, 0x50, 0x00, 0x00, 0x00, 0x00, 0xaf, 0xff, 0xfd,
    0xaa, 0xbd, 0xff, 0xff, 0x90, 0x00, 0x00, 0x00, 0x9f, 0xff, 0x92, 0x00,
    0x00, 0x01, 0x9f, 0xff, 0x80, 0x00, 0x00, 0x4f, 0xff, 0x70, 0x00, 0x00,
    0x00, 0x00, 0x5f, 0xff, 0x30, 0x00, 0x0c, 0xff, 0x90, 0x00, 0x00, 0x00,
    0x00, 0x00, 0x9f, 0xfb, 0x00, 0x03, 0xff, 0xf1, 0x00, 0x00, 0x00, 0x00,
    0x00, 0x01, 0xff, 0xf2, 0x00, 0x8f, 0xfa, 0x00, 0x00, 0x00, 0x00, 0x00,
    0x00, 0x0a, 0xff, 0x70, 0x0b, 0xff, 0x60, 0x00, 0x00, 0x00, 0x00, 0x00,
    0x00, 0x5f, 0xfb, 0x00, 0xef, 0xf2, 0x00, 0x00, 0x00, 0x00, 0x00, 0x00,
    0x03, 0xff, 0xd0, 0x0f, 0xff, 0x10, 0x00, 0x00, 0x00, 0x00, 0x00, 0x00,
    0x1f, 0xff, 0x00, 0xff, 0xf0, 0x00, 0x00, 0x00, 0x00, 0x00, 0x00, 0x00,
    0xff, 0xf0, 0x0f, 0xff, 0x00, 0x00, 0x00, 0x00, 0x00, 0x00, 0x00, 0x0f,
    0xff, 0x00, 0xff, 0xf1, 0x00, 0x00, 0x00, 0x00, 0x00, 0x00, 0x01, 0xff,
    0xf0, 0x0e, 0xff, 0x20, 0x00, 0x00, 0x00, 0x00, 0x00, 0x00, 0x3f, 0xfd,
    0x00, 0xbf, 0xf6, 0x00, 0x00, 0x00, 0x00, 0x00, 0x00, 0x06, 0xff, 0xa0,
    0x07, 0xff, 0xa0, 0x00, 0x00, 0x00, 0x00, 0x00, 0x00, 0xaf, 0xf6, 0x00,
    0x2f, 0xff, 0x10, 0x00, 0x00, 0x00, 0x00, 0x00, 0x1f, 0xff, 0x20, 0x00,
    0xcf, 0xf9, 0x00, 0x00, 0x00, 0x00, 0x00, 0x09, 0xff, 0xb0, 0x00, 0x03,
    0xff, 0xf6, 0x00, 0x00, 0x00, 0x00, 0x06, 0xff, 0xf3, 0x00, 0x00, 0x08,
    0xff, 0xf9, 0x10, 0x00, 0x00, 0x19, 0xff, 0xf7, 0x00, 0x00, 0x00, 0x09,
    0xff, 0xff, 0xca, 0x99, 0xcf, 0xff, 0xf8, 0x00, 0x00, 0x00, 0x00, 0x05,
    0xef, 0xff, 0xff, 0xff, 0xff, 0xd5, 0x00, 0x00, 0x00, 0x00, 0x00, 0x00,
    0x5a, 0xde, 0xff, 0xff, 0xb0, 0x00, 0x00, 0x00, 0x00, 0x00, 0x00, 0x00,
    0x00, 0x00, 0x4f, 0xff, 0x50, 0x00, 0x00, 0x00, 0x00, 0x00, 0x00, 0x00,
    0x00, 0x00, 0x7f, 0xff, 0x40, 0x00, 0x00, 0x00, 0x00, 0x00, 0x00, 0x00,
    0x00, 0x00, 0xaf, 0xff, 0x30, 0x00, 0x00, 0x00, 0x00, 0x00, 0x00, 0x00,
    0x00, 0x00, 0xdf, 0xfe, 0x20, 0x00, 0x00, 0x00, 0x00, 0x00, 0x00, 0x00,
    0x00, 0x02, 0xef, 0xfd, 0x10, 0x00, 0x00, 0x00, 0x00, 0x00, 0x00, 0x00,
    0x00, 0x03, 0x88, 0x85, 0x00, 0xef, 0xff, 0xff, 0xfe, 0xda, 0x60, 0x00,
    0x00, 0x0e, 0xff, 0xff, 0xff, 0xff, 0xff, 0xe5, 0x00, 0x00, 0xef, 0xf9,
    0x99, 0x9a, 0xdf, 0xff, 0xf5, 0x00, 0x0e, 0xff, 0x00, 0x00, 0x00, 0x2c,
    0xff, 0xe0, 0x00, 0xef, 0xf0, 0x00, 0x00, 0x00, 0x0d, 0xff, 0x50, 0x0e,
    0xff, 0x00, 0x00, 0x00, 0x00, 0x7f, 0xf9, 0x00, 0xef, 0xf0, 0x00, 0x00,
    0x00, 0x05, 0xff, 0xa0, 0x0e, 0xff, 0x00, 0x00, 0x00, 0x00, 0x4f, 0xfb,
    0x00, 0xef, 0xf0, 0x00, 0x00, 0x00, 0x06, 0xff, 0x90, 0x0e, 0xff, 0x00,
    0x00, 0x00, 0x00, 0xbf, 0xf5, 0x00, 0xef, 0xf0, 0x00, 0x00, 0x00, 0x5f,
    0xfe, 0x00, 0x0e, 0xff, 0x00, 0x00, 0x13, 0x9f, 0xff, 0x40, 0x00, 0xef,
    0xff, 0xff, 0xff, 0xff, 0xfe, 0x40, 0x00, 0x0e, 0xff, 0xff, 0xff, 0xff,
    0xf9, 0x10, 0x00, 0x00, 0xef, 0xf8, 0x88, 0x8a, 0xff, 0xa0, 0x00, 0x00,
    0x0e, 0xff, 0x00, 0x00, 0x0d, 0xff, 0x40, 0x00, 0x00, 0xef, 0xf0, 0x00,
    0x00, 0x4f, 0xfd, 0x00, 0x00, 0x0e, 0xff, 0x00, 0x00, 0x00, 0xbf, 0xf7,
    0x00, 0x00, 0xef, 0xf0, 0x00, 0x00, 0x02, 0xff, 0xf1, 0x00, 0x0e, 0xff,
    0x00, 0x00, 0x00, 0x08, 0xff, 0xb0, 0x00, 0xef, 0xf0, 0x00, 0x00, 0x00,
    0x0e, 0xff, 0x40, 0x0e, 0xff, 0x00, 0x00, 0x00, 0x00, 0x6f, 0xfd, 0x00,
    0xef, 0xf0, 0x00, 0x00, 0x00, 0x00, 0xcf, 0xf8, 0x0e, 0xff, 0x00, 0x00,
    0x00, 0x00, 0x03, 0xff, 0xf2, 0x00, 0x00, 0x49, 0xde, 0xfe, 0xda, 0x61,
    0x00, 0x00, 0x1b, 0xff, 0xff, 0xff, 0xff, 0xff, 0x50, 0x01, 0xdf, 0xff,
    0xda, 0xab, 0xdf, 0xff, 0x10, 0x08, 0xff, 0xd3, 0x00, 0x00, 0x02, 0x79,
    0x00, 0x0e, 0xff, 0x30, 0x00, 0x00, 0x00, 0x00, 0x00, 0x0f, 0xfe, 0x00,
    0x00, 0x00, 0x00, 0x00, 0x00, 0x0f, 0xfe, 0x00, 0x00, 0x00, 0x00, 0x00,
    0x00, 0x0e, 0xff, 0x20, 0x00, 0x00, 0x00, 0x00, 0x00, 0x0a, 0xff, 0xb0,
    0x00, 0x00, 0x00, 0x00, 0x00, 0x02, 0xff, 0xfd, 0x40, 0x00, 0x00, 0x00,
    0x00, 0x00, 0x5f, 0xff, 0xfd, 0x60, 0x00, 0x00, 0x00, 0x00, 0x03, 0xdf,
    0xff, 0xff, 0x91, 0x00, 0x00, 0x00, 0x00, 0x05, 0xbf, 0xff, 0xff, 0x70,
    0x00, 0x00, 0x00, 0x00, 0x02, 0x8f, 0xff, 0xf9, 0x00, 0x00, 0x00, 0x00,
    0x00, 0x01, 0x9f, 0xff, 0x50, 0x00, 0x00, 0x00, 0x00, 0x00, 0x08, 0xff,
    0xc0, 0x00, 0x00, 0x00, 0x00, 0x00, 0x00, 0xff, 0xf0, 0x00, 0x00, 0x00,
    0x00, 0x00, 0x00, 0xdf, 0xf0, 0x00, 0x00, 0x00, 0x00, 0x00, 0x00, 0xef,
    0xe0, 0x00, 0x00, 0x00, 0x00, 0x00, 0x05, 0xff, 0xb0, 0x59, 0x40, 0x00,
    0x00, 0x00, 0x5f, 0xff, 0x40, 0x6f, 0xff, 0xca, 0x99, 0xae, 0xff, 0xf9,
    0x00, 0x5f, 0xff, 0xff, 0xff, 0xff, 0xff, 0x70, 0x00, 0x03, 0x8b, 0xde,
    0xff, 0xdb, 0x61, 0x00, 0x00, 0xbf, 0xff, 0xff, 0xff, 0xff, 0xff, 0xff,
    0xff, 0xf7, 0xbf, 0xff, 0xff, 0xff, 0xff, 0xff, 0xff, 0xff, 0xf7, 0x69,
    0x99, 0x99, 0x9d, 0xff, 0xb9, 0x99, 0x99, 0x94, 0x00, 0x00, 0x00, 0x08,
    0xff, 0x50, 0x00, 0x00, 0x00, 0x00, 0x00, 0x00, 0x08, 0xff, 0x50, 0x00,
    0x00, 0x00, 0x00, 0x00, 0x00, 0x08, 0xff, 0x50, 0x00, 0x00, 0x00, 0x00,
    0x00, 0x00, 0x08, 0xff, 0x50, 0x00, 0x00, 0x00, 0x00, 0x00, 0x00, 0x08,
    0xff, 0x50, 0x00, 0x00, 0x00, 0x00, 0x00, 0x00, 0x08, 0xff, 0x50, 0x00,
    0x00, 0x00, 0x00, 0x00, 0x00, 0x08, 0xff, 0x50, 0x00, 0x00, 0x00, 0x00,
    0x00, 0x00, 0x08, 0xff, 0x50, 0x00, 0x00, 0x00, 0x00, 0x00, 0x00, 0x08,
    0xff, 0x50, 0x00, 0x00, 0x00, 0x00, 0x00, 0x00, 0x08, 0xff, 0x50, 0x00,
    0x00, 0x00, 0x00, 0x00, 0x00, 0x08, 0xff, 0x50, 0x00, 0x00, 0x00, 0x00,
    0x00, 0x00, 0x08, 0xff, 0x50, 0x00, 0x00, 0x00, 0x00, 0x00, 0x00, 0x08,
    0xff, 0x50, 0x00, 0x00, 0x00, 0x00, 0x00, 0x00, 0x08, 0xff, 0x50, 0x00,
    0x00, 0x00, 0x00, 0x00, 0x00, 0x08, 0xff, 0x50, 0x00, 0x00, 0x00, 0x00,
    0x00, 0x00, 0x08, 0xff, 0x50, 0x00, 0x00, 0x00, 0x00, 0x00, 0x00, 0x08,
    0xff, 0x50, 0x00, 0x00, 0x00, 0x00, 0x00, 0x00, 0x08, 0xff, 0x50, 0x00,
    0x00, 0x00, 0x00, 0x00, 0x00, 0x08, 0xff, 0x50, 0x00, 0x00, 0x00, 0x00,
    0x00, 0x00, 0x08, 0xff, 0x50, 0x00, 0x00, 0x00, 0x00, 0x00, 0x00, 0x08,
    0xff, 0x50, 0x00, 0x00, 0x00, 0x2f, 0xfc, 0x00, 0x00, 0x00, 0x00, 0x00,
    0x06, 0xff, 0x72, 0xff, 0xc0, 0x00, 0x00, 0x00, 0x00, 0x00, 0x6f, 0xf7,
    0x2f, 0xfc, 0x00, 0x00, 0x00, 0x00, 0x00, 0x06, 0xff, 0x72, 0xff, 0xc0,
    0x00, 0x00, 0x00, 0x00, 0x00, 0x6f, 0xf7, 0x2f, 0xfc, 0x00, 0x00, 0x00,
    0x00, 0x00, 0x06, 0xff, 0x72, 0xff, 0xc0, 0x00, 0x00, 0x00, 0x00, 0x00,
    0x6f, 0xf7, 0x2f, 0xfc, 0x00, 0x00, 0x00, 0x00, 0x00, 0x06, 0xff, 0x72,
    0xff, 0xc0, 0x00, 0x00, 0x00, 0x00, 0x00, 0x6f, 0xf7, 0x2f, 0xfc, 0x00,
    0x00, 0x00, 0x00, 0x00, 0x06, 0xff, 0x72, 0xff, 0xc0, 0x00, 0x00, 0x00,
    0x00, 0x00, 0x6f, 0xf7, 0x2f, 0xfc, 0x00, 0x00, 0x00, 0x00, 0x00, 0x06,
    0xff, 0x72, 0xff, 0xc0, 0x00, 0x00, 0x00, 0x00, 0x00, 0x6f, 0xf7, 0x2f,
    0xfc, 0x00, 0x00, 0x00, 0x00, 0x00, 0x06, 0xff, 0x72, 0xff, 0xc0, 0x00,
    0x00, 0x00, 0x00, 0x00, 0x6f, 0xf7, 0x2f, 0xfc, 0x00, 0x00, 0x00, 0x00,
    0x00, 0x06, 0xff, 0x71, 0xff, 0xc0, 0x00, 0x00, 0x00, 0x00, 0x00, 0x6f,
    0xf7, 0x0f, 0xfd, 0x00, 0x00, 0x00, 0x00, 0x00, 0x07, 0xff, 0x50, 0xef,
    0xf0, 0x00, 0x00, 0x00, 0x00, 0x00, 0xaf, 0xf3, 0x0a, 0xff, 0x60, 0x00,
    0x00, 0x00, 0x00, 0x1f, 0xfe, 0x00, 0x4f, 0xfe, 0x10, 0x00, 0x00, 0x00,
    0x0a, 0xff, 0x90, 0x00, 0xbf, 0xfd, 0x40, 0x00, 0x00, 0x1a, 0xff, 0xf1,
    0x00, 0x01, 0xdf, 0xff, 0xda, 0x9a, 0xcf, 0xff, 0xf4, 0x00, 0x00, 0x01,
    0xbf, 0xff, 0xff, 0xff, 0xff, 0xd3, 0x00, 0x00, 0x00, 0x00, 0x39, 0xde,
    0xff, 0xda, 0x50, 0x00, 0x00, 0xdf, 0xf2, 0x00, 0x00, 0x00, 0x00, 0x00,
    0x00, 0xff, 0xf0, 0x7f, 0xf8, 0x00, 0x00, 0x00, 0x00, 0x00, 0x05, 0xff,
    0xb0, 0x2f, 0xfd, 0x00, 0x00, 0x00, 0x00, 0x00, 0x0a, 0xff, 0x50, 0x0d,
    0xff, 0x20, 0x00, 0x00, 0x00, 0x00, 0x0f, 0xff, 0x00, 0x07, 0xff, 0x80,
    0x00, 0x00, 0x00, 0x00, 0x5f, 0xfa, 0x00, 0x02, 0xff, 0xd0, 0x00, 0x00,
    0x00, 0x00, 0xaf, 0xf5, 0x00, 0x00, 0xcf, 0xf2, 0x00, 0x00, 0x00, 0x00,
    0xff, 0xf0, 0x00, 0x00, 0x7f, 0xf8, 0x00, 0x00, 0x00, 0x05, 0xff, 0xa0,
    0x00, 0x00, 0x1f, 0xfd, 0x00, 0x00, 0x00, 0x0a, 0xff, 0x40, 0x00, 0x00,
    0x0c, 0xff, 0x20, 0x00, 0x00, 0x0f, 0xff, 0x00, 0x00, 0x00, 0x06, 0xff,
    0x80, 0x00, 0x00, 0x5f, 0xfa, 0x00, 0x00, 0x00, 0x01, 0xff, 0xd0, 0x00,
    0x00, 0xaf, 0xf4, 0x00, 0x00, 0x00, 0x00, 0xcf, 0xf2, 0x00, 0x00, 0xff,
    0xe0, 0x00, 0x00, 0x00, 0x00, 0x6f, 0xf8, 0x00, 0x05, 0xff, 0x90, 0x00,
    0x00, 0x00, 0x00, 0x1f, 0xfd, 0x00, 0x0a, 0xff, 0x40, 0x00, 0x00, 0x00,
    0x00, 0x0b, 0xff, 0x20, 0x0f, 0xfe, 0x00, 0x00, 0x00, 0x00, 0x00, 0x06,
    0xff, 0x80, 0x5f, 0xf9, 0x00, 0x00, 0x00, 0x00, 0x00, 0x01, 0xff, 0xd0,
    0xaf, 0xf4, 0x00, 0x00, 0x00, 0x00, 0x00, 0x00, 0xbf, 0xf1, 0xef, 0xe0,
    0x00, 0x00, 0x00, 0x00, 0x00, 0x00, 0x6f, 0xf7, 0xff, 0x90, 0x00, 0x00,
    0x00, 0x00, 0x00, 0x00, 0x0f, 0xfe, 0xff, 0x30, 0x00, 0x00, 0x00, 0x00,
    0x00, 0x00, 0x0b, 0xff, 0xfe, 0x00, 0x00, 0x00, 0x00, 0x00, 0x00, 0x00,
    0x05, 0xff, 0xf8, 0x00, 0x00, 0x00, 0x00, 0x00, 0x00, 0x00, 0x00, 0xff,
    0xf3, 0x00, 0x00, 0x00, 0x00, 0x7f, 0xf8, 0x00, 0x00, 0x00, 0x00, 0x0d,
    0xff, 0x60, 0x00, 0x00, 0x00, 0x00, 0xcf, 0xf3, 0x3f, 0xfc, 0x00, 0x00,
    0x00, 0x00, 0x2f, 0xff, 0xa0, 0x00, 0x00, 0x00, 0x00, 0xff, 0xf0, 0x0f,
    0xff, 0x00, 0x00, 0x00, 0x00, 0x6f, 0xff, 0xf0, 0x00, 0x00, 0x00, 0x04,
    0xff, 0xb0, 0x0b, 0xff, 0x30, 0x00, 0x00, 0x00, 0xbf, 0xff, 0xf4, 0x00,
    0x00, 0x00, 0x08, 0xff, 0x70, 0x07, 0xff, 0x70, 0x00, 0x00, 0x00, 0xff,
    0xcf, 0xf8, 0x00, 0x00, 0x00, 0x0b, 0xff, 0x30, 0x03, 0xff, 0xb0, 0x00,
    0x00, 0x04, 0xff, 0x7e, 0xfd, 0x00, 0x00, 0x00, 0x0f, 0xff, 0x00, 0x00,
    0xff, 0xf0, 0x00, 0x00, 0x08, 0xff, 0x3a, 0xff, 0x10, 0x00, 0x00, 0x3f,
    0xfb, 0x00, 0x00, 0xbf, 0xf3, 0x00, 0x00, 0x0c, 0xff, 0x06, 0xff, 0x60,
    0x00, 0x00, 0x7f, 0xf7, 0x00, 0x00, 0x7f, 0xf7, 0x00, 0x00, 0x1f, 0xfb,
    0x01, 0xff, 0xb0, 0x00, 0x00, 0xbf, 0xf3, 0x00, 0x00, 0x3f, 0xfb, 0x00,
    0x00, 0x5f, 0xf6, 0x00, 0xdf, 0xf0, 0x00, 0x00, 0xff, 0xe0, 0x00, 0x00,
    0x0f, 0xfe, 0x00, 0x00, 0xaf, 0xf2, 0x00, 0x8f, 0xf4, 0x00, 0x03, 0xff,
    0xa0, 0x00, 0x00, 0x0b, 0xff, 0x20, 0x00, 0xef, 0xd0, 0x00, 0x4f, 0xf8,
    0x00, 0x06, 0xff, 0x60, 0x00, 0x00, 0x07, 0xff, 0x60, 0x03, 0xff, 0x90,
    0x00, 0x0f, 0xfd, 0x00, 0x0a, 0xff, 0x20, 0x00, 0x00, 0x03, 0xff, 0xa0,
    0x07, 0xff, 0x40, 0x00, 0x0a, 0xff, 0x20, 0x0e, 0xfe, 0x00, 0x00, 0x00,
    0x00, 0xff, 0xe0, 0x0b, 0xff, 0x00, 0x00, 0x06, 0xff, 0x60, 0x2f, 0xfa,
    0x00, 0x00, 0x00, 0x00, 0xbf, 0xf2, 0x0f, 0xfb, 0x00, 0x00, 0x01, 0xff,
    0xa0, 0x6f, 0xf6, 0x00, 0x00, 0x00, 0x00, 0x7f, 0xf5, 0x4f, 0xf7, 0x00,
    0x00, 0x00, 0xcf, 0xe0, 0xaf, 0xf2, 0x00, 0x00, 0x00, 0x00, 0x3f, 0xf8,
    0x7f, 0xf2, 0x00, 0x00, 0x00, 0x8f, 0xf2, 0xdf, 0xe0, 0x00, 0x00, 0x00,
    0x00, 0x0f, 0xfb, 0xaf, 0xe0, 0x00, 0x00, 0x00, 0x3f, 0xf6, 0xff, 0xa0,
    0x00, 0x00, 0x00, 0x00, 0x0b, 0xfe, 0xdf, 0x90, 0x00, 0x00, 0x00, 0x0e,
    0xfb, 0xff, 0x60, 0x00, 0x00, 0x00, 0x00, 0x07, 0xff, 0xff, 0x50, 0x00,
    0x00, 0x00, 0x0a, 0xff, 0xff, 0x20, 0x00, 0x00, 0x00, 0x00, 0x03, 0xff,
    0xff, 0x10, 0x00, 0x00, 0x00, 0x05, 0xff, 0xfe, 0x00, 0x00, 0x00, 0x00,
    0x00, 0x00, 0xef, 0xfc, 0x00, 0x00, 0x00, 0x00, 0x01, 0xff, 0xfa, 0x00,
    0x00, 0x00, 0x00, 0x00, 0x00, 0xbf, 0xf7, 0x00, 0x00, 0x00, 0x00, 0x00,
    0xcf, 0xf6, 0x00, 0x00, 0x00, 0x1f, 0xff, 0x20, 0x00, 0x00, 0x00, 0x00,
    0x4f, 0xfc, 0x00, 0x7f, 0xfb, 0x00, 0x00, 0x00, 0x00, 0x0d, 0xff, 0x20,
    0x00, 0xdf, 0xf4, 0x00, 0x00, 0x00, 0x07, 0xff, 0x80, 0x00, 0x03, 0xff,
    0xd0, 0x00, 0x00, 0x01, 0xff, 0xd0, 0x00, 0x00, 0x09, 0xff, 0x70, 0x00,
    0x00, 0xaf, 0xf4, 0x00, 0x00, 0x00, 0x1e, 0xff, 0x10, 0x00, 0x4f, 0xfa,
    0x00, 0x00, 0x00, 0x00, 0x6f, 0xfa, 0x00, 0x0d, 0xff, 0x10, 0x00, 0x00,
    0x00, 0x00, 0xcf, 0xf4, 0x07, 0xff, 0x70, 0x00, 0x00, 0x00, 0x00, 0x02,
    0xff, 0xd1, 0xff, 0xc0, 0x00, 0x00, 0x00, 0x00, 0x00, 0x08, 0xff, 0xef,
    0xf3, 0x00, 0x00, 0x00, 0x00, 0x00, 0x00, 0x0d, 0xff, 0xf9, 0x00, 0x00,
    0x00, 0x00, 0x00, 0x00, 0x00, 0x6f, 0xff, 0x20, 0x00, 0x00, 0x00, 0x00,
    0x00, 0x00, 0x0d, 0xff, 0xfa, 0x00, 0x00, 0x00, 0x00, 0x00, 0x00, 0x07,
    0xff, 0xef, 0xf4, 0x00, 0x00, 0x00, 0x00, 0x00, 0x02, 0xff, 0xc2, 0xff,
    0xd0, 0x00, 0x00, 0x00, 0x00, 0x00, 0xbf, 0xf3, 0x09, 0xff, 0x70, 0x00,
    0x00, 0x00, 0x00, 0x5f, 0xf9, 0x00, 0x1e, 0xff, 0x10, 0x00, 0x00, 0x00,
    0x0e, 0xfe, 0x10, 0x00, 0x6f, 0xfb, 0x00, 0x00, 0x00, 0x08, 0xff, 0x60,
    0x00, 0x00, 0xdf, 0xf4, 0x00, 0x00, 0x02, 0xff, 0xc0, 0x00, 0x00, 0x04,
    0xff, 0xd0, 0x00, 0x00, 0xbf, 0xf3, 0x00, 0x00, 0x00, 0x0a, 0xff, 0x80,
    0x00, 0x5f, 0xfa, 0x00, 0x00, 0x00, 0x00, 0x2f, 0xff, 0x20, 0x0e, 0xff,
    0x10, 0x00, 0x00, 0x00, 0x00, 0x8f, 0xfb, 0x09, 0xff, 0x70, 0x00, 0x00,
    0x00, 0x00, 0x00, 0xef, 0xf5, 0xbf, 0xf6, 0x00, 0x00, 0x00, 0x00, 0x00,
    0x3f, 0xfd, 0x03, 0xff, 0xe0, 0x00, 0x00, 0x00, 0x00, 0x0c, 0xff, 0x50,
    0x0b, 0xff, 0x60, 0x00, 0x00, 0x00, 0x04, 0xff, 0xc0, 0x00, 0x3f, 0xfe,
    0x00, 0x00, 0x00, 0x00, 0xcf, 0xf4, 0x00, 0x00, 0xbf, 0xf7, 0x00, 0x00,
    0x00, 0x4f, 0xfc, 0x00, 0x00, 0x02, 0xff, 0xe0, 0x00, 0x00, 0x0c, 0xff,
    0x40, 0x00, 0x00, 0x0a, 0xff, 0x70, 0x00, 0x05, 0xff, 0xb0, 0x00, 0x00,
    0x00, 0x2f, 0xfe, 0x00, 0x00, 0xdf, 0xf3, 0x00, 0x00, 0x00, 0x00, 0xaf,
    0xf7, 0x00, 0x5f, 0xfb, 0x00, 0x00, 0x00, 0x00, 0x02, 0xff, 0xe1, 0x0d,
    0xff, 0x30, 0x00, 0x00, 0x00, 0x00, 0x09, 0xff, 0x86, 0xff, 0xa0, 0x00,
    0x00, 0x00, 0x00, 0x00, 0x1f, 0xff, 0xef, 0xf2, 0x00, 0x00, 0x00, 0x00,
    0x00, 0x00, 0x9f, 0xff, 0xfa, 0x00, 0x00, 0x00, 0x00, 0x00, 0x00, 0x01,
    0xff, 0xff, 0x20, 0x00, 0x00, 0x00, 0x00, 0x00, 0x00, 0x09, 0xff, 0x90,
    0x00, 0x00, 0x00, 0x00, 0x00, 0x00, 0x00, 0x6f, 0xf8, 0x00, 0x00, 0x00,
    0x00, 0x00, 0x00, 0x00, 0x06, 0xff, 0x80, 0x00, 0x00, 0x00, 0x00, 0x00,
    0x00, 0x00, 0x6f, 0xf8, 0x00, 0x00, 0x00, 0x00, 0x00, 0x00, 0x00, 0x06,
    0xff, 0x80, 0x00, 0x00, 0x00, 0x00, 0x00, 0x00, 0x00, 0x6f, 0xf8, 0x00,
    0x00, 0x00, 0x00, 0x00, 0x00, 0x00, 0x06, 0xff, 0x80, 0x00, 0x00, 0x00,
    0x00, 0x00, 0x00, 0x00, 0x6f, 0xf8, 0x00, 0x00, 0x00, 0x00, 0x00, 0x00,
    0x00, 0x06, 0xff, 0x80, 0x00, 0x00, 0x00, 0x00, 0x00, 0x00, 0x00, 0x6f,
    0xf8, 0x00, 0x00, 0x00, 0x00, 0x6f, 0xff, 0xff, 0xff, 0xff, 0xff, 0xff,
    0xfb, 0x06, 0xff, 0xff, 0xff, 0xff, 0xff, 0xff, 0xff, 0xb0, 0x4a, 0xaa,
    0xaa, 0xaa, 0xaa, 0xaa, 0xff, 0xf8, 0x00, 0x00, 0x00, 0x00, 0x00, 0x00,
    0x4f, 0xfe, 0x00, 0x00, 0x00, 0x00, 0x00, 0x00, 0x0e, 0xff, 0x50, 0x00,
    0x00, 0x00, 0x00, 0x00, 0x08, 0xff, 0xb0, 0x00, 0x00, 0x00, 0x00, 0x00,
    0x03, 0xff, 0xf1, 0x00, 0x00, 0x00, 0x00, 0x00, 0x00, 0xcf, 0xf6, 0x00,
    0x00, 0x00, 0x00, 0x00, 0x00, 0x7f, 0xfc, 0x00, 0x00, 0x00, 0x00, 0x00,
    0x00, 0x1f, 0xff, 0x20, 0x00, 0x00, 0x00, 0x00, 0x00, 0x0b, 0xff, 0x80,
    0x00, 0x00, 0x00, 0x00, 0x00, 0x05, 0xff, 0xd0, 0x00, 0x00, 0x00, 0x00,
    0x00, 0x00, 0xef, 0xf4, 0x00, 0x00, 0x00, 0x00, 0x00, 0x00, 0x9f, 0xfa,
    0x00, 0x00, 0x00, 0x00, 0x00, 0x00, 0x3f, 0xfe, 0x10, 0x00, 0x00, 0x00,
    0x00, 0x00, 0x0d, 0xff, 0x60, 0x00, 0x00, 0x00, 0x00, 0x00, 0x07, 0xff,
    0xc0, 0x00, 0x00, 0x00, 0x00, 0x00, 0x02, 0xff, 0xf2, 0x00, 0x00, 0x00,
    0x00, 0x00, 0x00, 0xbf, 0xf8, 0x00, 0x00, 0x00, 0x00, 0x00, 0x00, 0x5f,
    0xfd, 0x00, 0x00, 0x00, 0x00, 0x00, 0x00, 0x1e, 0xff, 0x30, 0x00, 0x00,
    0x00, 0x00, 0x00, 0x09, 0xff, 0xea, 0xaa, 0xaa, 0xaa, 0xaa, 0xaa, 0xa0,
    0xcf, 0xff, 0xff, 0xff, 0xff, 0xff, 0xff, 0xff, 0x1c, 0xff, 0xff, 0xff,
    0xff, 0xff, 0xff, 0xff, 0xf1, 0x7f, 0xff, 0xff, 0xfb, 0x7f, 0xff, 0xff,
    0xfb, 0x7f, 0xf9, 0x66, 0x64, 0x7f, 0xf5, 0x00, 0x00, 0x7f, 0xf5, 0x00,
    0x00, 0x7f, 0xf5, 0x00, 0x00, 0x7f, 0xf5, 0x00, 0x00, 0x7f, 0xf5, 0x00,
    0x00, 0x7f, 0xf5, 0x00, 0x00, 0x7f, 0xf5, 0x00, 0x00, 0x7f, 0xf5, 0x00,
    0x00, 0x7f, 0xf5, 0x00, 0x00, 0x7f, 0xf5, 0x00, 0x00, 0x7f, 0xf5, 0x00,
    0x00, 0x7f, 0xf5, 0x00, 0x00, 0x7f, 0xf5, 0x00, 0x00, 0x7f, 0xf5, 0x00,
    0x00, 0x7f, 0xf5, 0x00, 0x00, 0x7f, 0xf5, 0x00, 0x00, 0x7f, 0xf5, 0x00,
    0x00, 0x7f, 0xf5, 0x00, 0x00, 0x7f, 0xf5, 0x00, 0x00, 0x7f, 0xf5, 0x00,
    0x00, 0x7f, 0xf5, 0x00, 0x00, 0x7f, 0xf5, 0x00, 0x00, 0x7f, 0xf5, 0x00,
    0x00, 0x7f, 0xf9, 0x66, 0x64, 0x7f, 0xff, 0xff, 0xfb, 0x7f, 0xff, 0xff,
    0xfb, 0x8f, 0xf4, 0x00, 0x00, 0x00, 0x00, 0x2f, 0xf9, 0x00, 0x00, 0x00,
    0x00, 0x0c, 0xfe, 0x00, 0x00, 0x00, 0x00, 0x07, 0xff, 0x50, 0x00, 0x00,
    0x00, 0x01, 0xff, 0xa0, 0x00, 0x00, 0x00, 0x00, 0xbf, 0xf0, 0x00, 0x00,
    0x00, 0x00, 0x6f, 0xf6, 0x00, 0x00, 0x00, 0x00, 0x0f, 0xfb, 0x00, 0x00,
    0x00, 0x00, 0x0a, 0xff, 0x10, 0x00, 0x00, 0x00, 0x05, 0xff, 0x70, 0x00,
    0x00, 0x00, 0x00, 0xef, 0xc0, 0x00, 0x00, 0x00, 0x00, 0x9f, 0xf2, 0x00,
    0x00, 0x00, 0x00, 0x4f, 0xf8, 0x00, 0x00, 0x00, 0x00, 0x0e, 0xfd, 0x00,
    0x00, 0x00, 0x00, 0x08, 0xff, 0x30, 0x00, 0x00, 0x00, 0x03, 0xff, 0x90,
    0x00, 0x00, 0x00, 0x00, 0xdf, 0xe0, 0x00, 0x00, 0x00, 0x00, 0x7f, 0xf4,
    0x00, 0x00, 0x00, 0x00, 0x2f, 0xfa, 0x00, 0x00, 0x00, 0x00, 0x0c, 0xff,
    0x00, 0x00, 0x00, 0x00, 0x06, 0xff, 0x50, 0x00, 0x00, 0x00, 0x01, 0xff,
    0xb0, 0x00, 0x00, 0x00, 0x00, 0xbf, 0xf1, 0x00, 0x00, 0x00, 0x00, 0x5f,
    0xf6, 0x3f, 0xff, 0xff, 0xff, 0x3f, 0xff, 0xff, 0xff, 0x16, 0x66, 0x6d,
    0xff, 0x00, 0x00, 0x0c, 0xff, 0x00, 0x00, 0x0c, 0xff, 0x00, 0x00, 0x0c,
    0xff, 0x00, 0x00, 0x0c, 0xff, 0x00, 0x00, 0x0c, 0xff, 0x00, 0x00, 0x0c,
    0xff, 0x00, 0x00, 0x0c, 0xff, 0x00, 0x00, 0x0c, 0xff, 0x00, 0x00, 0x0c,
    0xff, 0x00, 0x00, 0x0c, 0xff, 0x00, 0x00, 0x0c, 0xff, 0x00, 0x00, 0x0c,
    0xff, 0x00, 0x00, 0x0c, 0xff, 0x00, 0x00, 0x0c, 0xff, 0x00, 0x00, 0x0c,
    0xff, 0x00, 0x00, 0x0c, 0xff, 0x00, 0x00, 0x0c, 0xff, 0x00, 0x00, 0x0c,
    0xff, 0x00, 0x00, 0x0c, 0xff, 0x00, 0x00, 0x0c, 0xff, 0x00, 0x00, 0x0c,
    0xff, 0x00, 0x00, 0x0c, 0xff, 0x00, 0x00, 0x0c, 0xff, 0x16, 0x66, 0x6d,
    0xff, 0x3f, 0xff, 0xff, 0xff, 0x3f, 0xff, 0xff, 0xff, 0x00, 0x00, 0x00,
    0x3f, 0xd0, 0x00, 0x00, 0x00, 0x00, 0x00, 0x00, 0x0a, 0xff, 0x50, 0x00,
    0x00, 0x00, 0x00, 0x00, 0x02, 0xff, 0xfd, 0x00, 0x00, 0x00, 0x00, 0x00,
    0x00, 0x9f, 0xbe, 0xf5, 0x00, 0x00, 0x00, 0x00, 0x00, 0x1f, 0xf3, 0x7f,
    0xd0, 0x00, 0x00, 0x00, 0x00, 0x07, 0xfc, 0x01, 0xff, 0x50, 0x00, 0x00,
    0x00, 0x00, 0xef, 0x50, 0x08, 0xfd, 0x00, 0x00, 0x00, 0x00, 0x6f, 0xe0,
    0x00, 0x1f, 0xf5, 0x00, 0x00, 0x00, 0x0d, 0xf8, 0x00, 0x00, 0x8f, 0xd0,
    0x00, 0x00, 0x04, 0xff, 0x10, 0x00, 0x01, 0xff, 0x50, 0x00, 0x00, 0xcf,
    0xa0, 0x00, 0x00, 0x09, 0xfd, 0x00, 0x00, 0x3f, 0xf3, 0x00, 0x00, 0x00,
    0x1f, 0xf5, 0x00, 0x0a, 0xfc, 0x00, 0x00, 0x00, 0x00, 0x9f, 0xd0, 0x01,
    0xff, 0x50, 0x00, 0x00, 0x00, 0x02, 0xff, 0x50, 0x8f, 0xe0, 0x00, 0x00,
    0x00, 0x00, 0x0a, 0xfd, 0x00, 0x01, 0x11, 0x11, 0x11, 0x11, 0x11, 0x11,
    0x10, 0x1f, 0xff, 0xff, 0xff, 0xff, 0xff, 0xff, 0xf4, 0x1f, 0xff, 0xff,
    0xff, 0xff, 0xff, 0xff, 0xf4, 0x58, 0x86, 0x00, 0x04, 0xff, 0xf2, 0x00,
    0x08, 0xff, 0xb0, 0x00, 0x0a, 0xff, 0x40, 0x00, 0x0b, 0xfe, 0x10, 0x00,
    0x0a, 0xf9, 0x00, 0x00, 0x5a, 0xdf, 0xfe, 0xb6, 0x00, 0x00, 0x05, 0xff,
    0xff, 0xff, 0xff, 0xfc, 0x10, 0x00, 0x3f, 0xfb, 0x86, 0x69, 0xff, 0xfa,
    0x00, 0x00, 0x61, 0x00, 0x00, 0x02, 0xef, 0xf0, 0x00, 0x00, 0x00, 0x00,
    0x00, 0x09, 0xff, 0x30, 0x00, 0x00, 0x00, 0x00, 0x00, 0x6f, 0xf5, 0x00,
    0x00, 0x00, 0x00, 0x00, 0x06, 0xff, 0x50, 0x00, 0x17, 0xbd, 0xff, 0xff,
    0xff, 0xf5, 0x00, 0x7f, 0xff, 0xff, 0xff, 0xff, 0xff, 0x50, 0x8f, 0xff,
    0x83, 0x10, 0x00, 0x6f, 0xf5, 0x1f, 0xff, 0x20, 0x00, 0x00, 0x06, 0xff,
    0x56, 0xff, 0x90, 0x00, 0x00, 0x00, 0x7f, 0xf5, 0x8f, 0xf6, 0x00, 0x00,
    0x00, 0x0b, 0xff, 0x57, 0xff, 0x80, 0x00, 0x00, 0x02, 0xff, 0xf5, 0x4f,
    0xfe, 0x10, 0x00, 0x02, 0xdf, 0xff, 0x50, 0xdf, 0xfe, 0x75, 0x6a, 0xff,
    0x8f, 0xf5, 0x03, 0xef, 0xff, 0xff, 0xff, 0x60, 0xff, 0x50, 0x01, 0x8d,
    0xff, 0xd9, 0x20, 0x0c, 0xf5, 0x4f, 0xf8, 0x00, 0x00, 0x00, 0x00, 0x00,
    0x00, 0x4f, 0xf8, 0x00, 0x00, 0x00, 0x00, 0x00, 0x00, 0x4f, 0xf8, 0x00,
    0x00, 0x00, 0x00, 0x00, 0x00, 0x4f, 0xf8, 0x00, 0x00, 0x00, 0x00, 0x00,
    0x00, 0x4f, 0xf8, 0x00, 0x00, 0x00, 0x00, 0x00, 0x00, 0x4f, 0xf8, 0x00,
    0x00, 0x00, 0x00, 0x00, 0x00, 0x4f, 0xf8, 0x00, 0x00, 0x00, 0x00, 0x00,
    0x00, 0x4f, 0xf7, 0x03, 0x9d, 0xff, 0xc7, 0x10, 0x00, 0x4f, 0xf7, 0x7f,
    0xff, 0xff, 0xff, 0xe3, 0x00, 0x4f, 0xfc, 0xff, 0xb8, 0x68, 0xdf, 0xff,
    0x20, 0x4f, 0xff, 0xe2, 0x00, 0x00, 0x0a, 0xff, 0xc0, 0x4f, 0xff, 0x50,
    0x00, 0x00, 0x00, 0xdf, 0xf3, 0x4f, 0xfe, 0x00, 0x00, 0x00, 0x00, 0x7f,
    0xf8, 0x4f, 0xfb, 0x00, 0x00, 0x00, 0x00, 0x3f, 0xfb, 0x4f, 0xf9, 0x00,
    0x00, 0x00, 0x00, 0x1f, 0xfd, 0x4f, 0xf8, 0x00, 0x00, 0x00, 0x00, 0x0f,
    0xfe, 0x4f, 0xf8, 0x00, 0x00, 0x00, 0x00, 0x0f, 0xfe, 0x4f, 0xf9, 0x00,
    0x00, 0x00, 0x00, 0x1f, 0xfc, 0x4f, 0xfb, 0x00, 0x00, 0x00, 0x00, 0x3f,
    0xfb, 0x4f, 0xff, 0x00, 0x00, 0x00, 0x00, 0x7f, 0xf7, 0x4f, 0xff, 0x50,
    0x00, 0x00, 0x00, 0xef, 0xf2, 0x4f, 0xff, 0xe3, 0x00, 0x00, 0x0a, 0xff,
    0xb0, 0x4f, 0xfb, 0xff, 0xb7, 0x68, 0xdf, 0xff, 0x20, 0x4f, 0xf1, 0x7f,
    0xff, 0xff, 0xff, 0xe3, 0x00, 0x4f, 0xd0, 0x03, 0x9d, 0xfe, 0xc7, 0x10,
    0x00, 0x00, 0x00, 0x05, 0xbd, 0xff, 0xda, 0x50, 0x00, 0x04, 0xef, 0xff,
    0xff, 0xff, 0xf1, 0x00, 0x4f, 0xff, 0xfa, 0x99, 0xcf, 0xb0, 0x00, 0xef,
    0xfa, 0x00, 0x00, 0x00, 0x20, 0x07, 0xff, 0xb0, 0x00, 0x00, 0x00, 0x00,
    0x0c, 0xff, 0x30, 0x00, 0x00, 0x00, 0x00, 0x0f, 0xff, 0x00, 0x00, 0x00,
    0x00, 0x00, 0x2f, 0xfc, 0x00, 0x00, 0x00, 0x00, 0x00, 0x3f, 0xfb, 0x00,
    0x00, 0x00, 0x00, 0x00, 0x3f, 0xfb, 0x00, 0x00, 0x00, 0x00, 0x00, 0x2f,
    0xfc, 0x00, 0x00, 0x00, 0x00, 0x00, 0x0f, 0xfe, 0x00, 0x00, 0x00, 0x00,
    0x00, 0x0d, 0xff, 0x30, 0x00, 0x00, 0x00, 0x00, 0x08, 0xff, 0xb0, 0x00,
    0x00, 0x00, 0x00, 0x01, 0xff, 0xf9, 0x00, 0x00, 0x00, 0x40, 0x00, 0x5f,
    0xff, 0xea, 0x88, 0xae, 0xf0, 0x00, 0x05, 0xef, 0xff, 0xff, 0xff, 0xf0,
    0x00, 0x00, 0x16, 0xbe, 0xff, 0xd9, 0x30, 0x00, 0x00, 0x00, 0x00, 0x00,
    0x00, 0x0d, 0xff, 0x00, 0x00, 0x00, 0x00, 0x00, 0x00, 0x0d, 0xff, 0x00,
    0x00, 0x00, 0x00, 0x00, 0x00, 0x0d, 0xff, 0x00, 0x00, 0x00, 0x00, 0x00,
    0x00, 0x0d, 0xff, 0x00, 0x00, 0x00, 0x00, 0x00, 0x00, 0x0d, 0xff, 0x00,
    0x00, 0x00, 0x00, 0x00, 0x00, 0x0d, 0xff, 0x00, 0x00, 0x00, 0x00, 0x00,
    0x00, 0x0d, 0xff, 0x00, 0x00, 0x29, 0xdf, 0xfc, 0x81, 0x0d, 0xff, 0x00,
    0x07, 0xff, 0xff, 0xff, 0xfe, 0x2c, 0xff, 0x00, 0x7f, 0xff, 0xc7, 0x68,
    0xdf, 0xed, 0xff, 0x02, 0xff, 0xf6, 0x00, 0x00, 0x07, 0xff, 0xff, 0x08,
    0xff, 0xa0, 0x00, 0x00, 0x00, 0xbf, 0xff, 0x0d, 0xff, 0x30, 0x00, 0x00,
    0x00, 0x4f, 0xff, 0x0f, 0xfe, 0x00, 0x00, 0x00, 0x00, 0x0f, 0xff, 0x2f,
    0xfc, 0x00, 0x00, 0x00, 0x00, 0x0e, 0xff, 0x3f, 0xfb, 0x00, 0x00, 0x00,
    0x00, 0x0d, 0xff, 0x3f, 0xfb, 0x00, 0x00, 0x00, 0x00, 0x0d, 0xff, 0x2f,
    0xfc, 0x00, 0x00, 0x00, 0x00, 0x0e, 0xff, 0x0f, 0xfe, 0x00, 0x00, 0x00,
    0x00, 0x0f, 0xff, 0x0d, 0xff, 0x20, 0x00, 0x00, 0x00, 0x3f, 0xff, 0x08,
    0xff, 0x90, 0x00, 0x00, 0x00, 0x9f, 0xff, 0x02, 0xff, 0xf5, 0x00, 0x00,
    0x05, 0xff, 0xff, 0x00, 0x7f, 0xff, 0xb7, 0x68, 0xcf, 0xdc, 0xff, 0x00,
    0x08, 0xff, 0xff, 0xff, 0xfe, 0x28, 0xff, 0x00, 0x00, 0x39, 0xdf, 0xfc,
    0x70, 0x06, 0xff, 0x00, 0x00, 0x07, 0xcf, 0xfd, 0xb4, 0x00, 0x00, 0x00,
    0x03, 0xef, 0xff, 0xff, 0xff, 0xb1, 0x00, 0x00, 0x3f, 0xff, 0xb7, 0x68,
    0xef, 0xfc, 0x00, 0x00, 0xdf, 0xf4, 0x00, 0x00, 0x0b, 0xff, 0x70, 0x05,
    0xff, 0x80, 0x00, 0x00, 0x01, 0xff, 0xd0, 0x0b, 0xff, 0x10, 0x00, 0x00,
    0x00, 0xbf, 0xf2, 0x0f, 0xfd, 0x00, 0x00, 0x00, 0x00, 0x9f, 0xf4, 0x1f,
    0xff, 0xff, 0xff, 0xff, 0xff, 0xff, 0xf6, 0x2f, 0xff, 0xff, 0xff, 0xff,
    0xff, 0xff, 0xf6, 0x3f, 0xfc, 0x44, 0x44, 0x44, 0x44, 0x44, 0x42, 0x2f,
    0xfc, 0x00, 0x00, 0x00, 0x00, 0x00, 0x00, 0x0f, 0xff, 0x00, 0x00, 0x00,
    0x00, 0x00, 0x00, 0x0c, 0xff, 0x40, 0x00, 0x00, 0x00, 0x00, 0x00, 0x06,
    0xff, 0xd0, 0x00, 0x00, 0x00, 0x00, 0x00, 0x00, 0xdf, 0xfb, 0x10, 0x00,
    0x00, 0x04, 0x50, 0x00, 0x2f, 0xff, 0xfb, 0x87, 0x8b, 0xef, 0xa0, 0x00,
    0x02, 0xdf, 0xff, 0xff, 0xff, 0xff, 0x90, 0x00, 0x00, 0x04, 0xad, 0xff,
    0xec, 0x94, 0x00, 0x00, 0x00, 0x00, 0x03, 0x55, 0x30, 0x00, 0x00, 0x00,
    0x5e, 0xff, 0xff, 0xf3, 0x00, 0x00, 0x5f, 0xff, 0xff, 0xff, 0x00, 0x00,
    0x0e, 0xff, 0x81, 0x03, 0x40, 0x00, 0x03, 0xff, 0xb0, 0x00, 0x00, 0x00,
    0x00, 0x6f, 0xf6, 0x00, 0x00, 0x00, 0x00, 0x07, 0xff, 0x50, 0x00, 0x00,
    0x00, 0x00, 0x8f, 0xf4, 0x00, 0x00, 0x00, 0x17, 0xcf, 0xff, 0xff, 0xff,
    0xa0, 0x08, 0xff, 0xff, 0xff, 0xff, 0xfa, 0x00, 0x13, 0x3a, 0xff, 0x73,
    0x33, 0x20, 0x00, 0x00, 0x8f, 0xf4, 0x00, 0x00, 0x00, 0x00, 0x08, 0xff,
    0x40, 0x00, 0x00, 0x00, 0x00, 0x8f, 0xf4, 0x00, 0x00, 0x00, 0x00, 0x08,
    0xff, 0x40, 0x00, 0x00, 0x00, 0x00, 0x8f, 0xf4, 0x00, 0x00, 0x00, 0x00,
    0x08, 0xff, 0x40, 0x00, 0x00, 0x00, 0x00, 0x8f, 0xf4, 0x00, 0x00, 0x00,
    0x00, 0x08, 0xff, 0x40, 0x00, 0x00, 0x00, 0x00, 0x8f, 0xf4, 0x00, 0x00,
    0x00, 0x00, 0x08, 0xff, 0x40, 0x00, 0x00, 0x00, 0x00, 0x8f, 0xf4, 0x00,
    0x00, 0x00, 0x00, 0x08, 0xff, 0x40, 0x00, 0x00, 0x00, 0x00, 0x8f, 0xf4,
    0x00, 0x00, 0x00, 0x00, 0x08, 0xff, 0x40, 0x00, 0x00, 0x00, 0x00, 0x8f,
    0xf4, 0x00, 0x00, 0x00, 0x00, 0x00, 0x29, 0xdf, 0xec, 0x70, 0x05, 0xff,
    0x00, 0x07, 0xff, 0xff, 0xff, 0xfd, 0x27, 0xff, 0x00, 0x6f, 0xff, 0xd8,
    0x79, 0xef, 0xec, 0xff, 0x01, 0xef, 0xf7, 0x00, 0x00, 0x08, 0xff, 0xff,
    0x07, 0xff, 0xb0, 0x00, 0x00, 0x00, 0xbf, 0xff, 0x0c, 0xff, 0x30, 0x00,
    0x00, 0x00, 0x4f, 0xff, 0x0f, 0xff, 0x00, 0x00, 0x00, 0x00, 0x0f, 0xff,
    0x2f, 0xfc, 0x00, 0x00, 0x00, 0x00, 0x0e, 0xff, 0x3f, 0xfb, 0x00, 0x00,
    0x00, 0x00, 0x0d, 0xff, 0x3f, 0xfb, 0x00, 0x00, 0x00, 0x00, 0x0c, 0xff,
    0x2f, 0xfb, 0x00, 0x00, 0x00, 0x00, 0x0d, 0xff, 0x0f, 0xfe, 0x00, 0x00,
    0x00, 0x00, 0x0e, 0xff, 0x0d, 0xff, 0x20, 0x00, 0x00, 0x00, 0x2f, 0xff,
    0x08, 0xff, 0x90, 0x00, 0x00, 0x00, 0x8f, 0xff, 0x01, 0xff, 0xf6, 0x00,
    0x00, 0x05, 0xff, 0xff, 0x00, 0x7f, 0xff, 0xb7, 0x67, 0xbf, 0xed, 0xff,
    0x00, 0x07, 0xff, 0xff, 0xff, 0xfe, 0x3c, 0xff, 0x00, 0x00, 0x39, 0xdf,
    0xec, 0x70, 0x0d, 0xff, 0x00, 0x00, 0x00, 0x00, 0x00, 0x00, 0x0d, 0xfe,
    0x00, 0x00, 0x00, 0x00, 0x00, 0x00, 0x0e, 0xfd, 0x00, 0x00, 0x00, 0x00,
    0x00, 0x00, 0x2f, 0xfb, 0x00, 0x00, 0x00, 0x00, 0x00, 0x00, 0x9f, 0xf7,
    0x00, 0x94, 0x00, 0x00, 0x00, 0x07, 0xff, 0xf2, 0x00, 0xef, 0xeb, 0x87,
    0x68, 0xdf, 0xff, 0x70, 0x00, 0xdf, 0xff, 0xff, 0xff, 0xff, 0xf7, 0x00,
    0x00, 0x16, 0xad, 0xef, 0xfe, 0xc8, 0x20, 0x00, 0x4f, 0xf8, 0x00, 0x00,
    0x00, 0x00, 0x00, 0x00, 0x4f, 0xf8, 0x00, 0x00, 0x00, 0x00, 0x00, 0x00,
    0x4f, 0xf8, 0x00, 0x00, 0x00, 0x00, 0x00, 0x00, 0x4f, 0xf8, 0x00, 0x00,
    0x00, 0x00, 0x00, 0x00, 0x4f, 0xf8, 0x00, 0x00, 0x00, 0x00, 0x00, 0x00,
    0x4f, 0xf8, 0x00, 0x00, 0x00, 0x00, 0x00, 0x00, 0x4f, 0xf8, 0x00, 0x00,
    0x00, 0x00, 0x00, 0x00, 0x4f, 0xf8, 0x02, 0x9d, 0xff, 0xd9, 0x30, 0x00,
    0x4f, 0xf7, 0x6f, 0xff, 0xff, 0xff, 0xf7, 0x00, 0x4f, 0xfb, 0xff, 0xb8,
    0x67, 0xcf, 0xff, 0x40, 0x4f, 0xff, 0xf4, 0x00, 0x00, 0x08, 0xff, 0xb0,
    0x4f, 0xff, 0x60, 0x00, 0x00, 0x00, 0xef, 0xf0, 0x4f, 0xff, 0x00, 0x00,
    0x00, 0x00, 0xbf, 0xf1, 0x4f, 0xfb, 0x00, 0x00, 0x00, 0x00, 0x9f, 0xf2,
    0x4f, 0xf9, 0x00, 0x00, 0x00, 0x00, 0x9f, 0xf3, 0x4f, 0xf8, 0x00, 0x00,
    0x00, 0x00, 0x9f, 0xf3, 0x4f, 0xf8, 0x00, 0x00, 0x00, 0x00, 0x9f, 0xf3,
    0x4f, 0xf8, 0x00, 0x00, 0x00, 0x00, 0x9f, 0xf3, 0x4f, 0xf8, 0x00, 0x00,
    0x00, 0x00, 0x9f, 0xf3, 0x4f, 0xf8, 0x00, 0x00, 0x00, 0x00, 0x9f, 0xf3,
    0x4f, 0xf8, 0x00, 0x00, 0x00, 0x00, 0x9f, 0xf3, 0x4f, 0xf8, 0x00, 0x00,
    0x00, 0x00, 0x9f, 0xf3, 0x4f, 0xf8, 0x00, 0x00, 0x00, 0x00, 0x9f, 0xf3,
    0x4f, 0xf8, 0x00, 0x00, 0x00, 0x00, 0x9f, 0xf3, 0x4f, 0xf8, 0x00, 0x00,
    0x00, 0x00, 0x9f, 0xf3, 0x1d, 0xe4, 0x7f, 0xfb, 0x6f, 0xfa, 0x08, 0x91,
    0x00, 0x00, 0x00, 0x00, 0x00, 0x00, 0x4f, 0xf8, 0x4f, 0xf8, 0x4f, 0xf8,
    0x4f, 0xf8, 0x4f, 0xf8, 0x4f, 0xf8, 0x4f, 0xf8, 0x4f, 0xf8, 0x4f, 0xf8,
    0x4f, 0xf8, 0x4f, 0xf8, 0x4f, 0xf8, 0x4f, 0xf8, 0x4f, 0xf8, 0x4f, 0xf8,
    0x4f, 0xf8, 0x4f, 0xf8, 0x4f, 0xf8, 0x00, 0x00, 0x1d, 0xe4, 0x00, 0x00,
    0x7f, 0xfb, 0x00, 0x00, 0x6f, 0xfa, 0x00, 0x00, 0x08, 0x91, 0x00, 0x00,
    0x00, 0x00, 0x00, 0x00, 0x00, 0x00, 0x00, 0x00, 0x00, 0x00, 0x00, 0x00,
    0x4f, 0xf8, 0x00, 0x00, 0x4f, 0xf8, 0x00, 0x00, 0x4f, 0xf8, 0x00, 0x00,
    0x4f, 0xf8, 0x00, 0x00, 0x4f, 0xf8, 0x00, 0x00, 0x4f, 0xf8, 0x00, 0x00,
    0x4f, 0xf8, 0x00, 0x00, 0x4f, 0xf8, 0x00, 0x00, 0x4f, 0xf8, 0x00, 0x00,
    0x4f, 0xf8, 0x00, 0x00, 0x4f, 0xf8, 0x00, 0x00, 0x4f, 0xf8, 0x00, 0x00,
    0x4f, 0xf8, 0x00, 0x00, 0x4f, 0xf8, 0x00, 0x00, 0x4f, 0xf8, 0x00, 0x00,
    0x4f, 0xf8, 0x00, 0x00, 0x4f, 0xf8, 0x00, 0x00, 0x4f, 0xf8, 0x00, 0x00,
    0x4f, 0xf8, 0x00, 0x00, 0x4f, 0xf8, 0x00, 0x00, 0x4f, 0xf8, 0x00, 0x00,
    0x5f, 0xf7, 0x00, 0x00, 0x9f, 0xf4, 0x77, 0x7b, 0xff, 0xf0, 0xcf, 0xff,
    0xff, 0x60, 0x8e, 0xfe, 0xb4, 0x00, 0x4f, 0xf8, 0x00, 0x00, 0x00, 0x00,
    0x00, 0x04, 0xff, 0x80, 0x00, 0x00, 0x00, 0x00, 0x00, 0x4f, 0xf8, 0x00,
    0x00, 0x00, 0x00, 0x00, 0x04, 0xff, 0x80, 0x00, 0x00, 0x00, 0x00, 0x00,
    0x4f, 0xf8, 0x00, 0x00, 0x00, 0x00, 0x00, 0x04, 0xff, 0x80, 0x00, 0x00,
    0x00, 0x00, 0x00, 0x4f, 0xf8, 0x00, 0x00, 0x00, 0x00, 0x00, 0x04, 0xff,
    0x80, 0x00, 0x00, 0x06, 0xff, 0xc0, 0x4f, 0xf8, 0x00, 0x00, 0x05, 0xff,
    0xd1, 0x04, 0xff, 0x80, 0x00, 0x04, 0xff, 0xe2, 0x00, 0x4f, 0xf8, 0x00,
    0x02, 0xff, 0xf3, 0x00, 0x04, 0xff, 0x80, 0x02, 0xef, 0xf4, 0x00, 0x00,
    0x4f, 0xf7, 0x01, 0xdf, 0xf5, 0x00, 0x00, 0x04, 0xff, 0x70, 0xcf, 0xf7,
    0x00, 0x00, 0x00, 0x4f, 0xf7, 0x9f, 0xf9, 0x00, 0x00, 0x00, 0x04, 0xff,
    0xbf, 0xff, 0xe1, 0x00, 0x00, 0x00, 0x4f, 0xff, 0xfd, 0xff, 0xa0, 0x00,
    0x00, 0x04, 0xff, 0xf7, 0x0d, 0xff, 0x60, 0x00, 0x00, 0x4f, 0xf9, 0x00,
    0x3f, 0xff, 0x20, 0x00, 0x04, 0xff, 0x80, 0x00, 0x7f, 0xfc, 0x00, 0x00,
    0x4f, 0xf8, 0x00, 0x00, 0xcf, 0xf8, 0x00, 0x04, 0xff, 0x80, 0x00, 0x02,
    0xff, 0xf4, 0x00, 0x4f, 0xf8, 0x00, 0x00, 0x05, 0xff, 0xe1, 0x04, 0xff,
    0x80, 0x00, 0x00, 0x0a, 0xff, 0xb0, 0x4f, 0xf8, 0x00, 0x00, 0x00, 0x1e,
    0xff, 0x60, 0x4f, 0xf8, 0x4f, 0xf8, 0x4f, 0xf8, 0x4f, 0xf8, 0x4f, 0xf8,
    0x4f, 0xf8, 0x4f, 0xf8, 0x4f, 0xf8, 0x4f, 0xf8, 0x4f, 0xf8, 0x4f, 0xf8,
    0x4f, 0xf8, 0x4f, 0xf8, 0x4f, 0xf8, 0x4f, 0xf8, 0x4f, 0xf8, 0x4f, 0xf8,
    0x4f, 0xf8, 0x4f, 0xf8, 0x4f, 0xf8, 0x4f, 0xf8, 0x4f, 0xf8, 0x4f, 0xf8,
    0x4f, 0xf8, 0x4f, 0xf8, 0x4f, 0xf0, 0x03, 0xae, 0xfe, 0xc6, 0x00, 0x00,
    0x4a, 0xef, 0xec, 0x60, 0x00, 0x4f, 0xf3, 0x6f, 0xff, 0xff, 0xff, 0xc1,
    0x0a, 0xff, 0xff, 0xff, 0xfc, 0x00, 0x4f, 0xfa, 0xff, 0xb8, 0x7a, 0xff,
    0xf9, 0x9f, 0xfa, 0x77, 0xbf, 0xff, 0x80, 0x4f, 0xff, 0xe3, 0x00, 0x00,
    0x4f, 0xff, 0xfd, 0x10, 0x00, 0x05, 0xff, 0xe0, 0x4f, 0xff, 0x50, 0x00,
    0x00, 0x0b, 0xff, 0xf2, 0x00, 0x00, 0x00, 0xcf, 0xf2, 0x4f, 0xfe, 0x00,
    0x00, 0x00, 0x07, 0xff, 0xc0, 0x00, 0x00, 0x00, 0x8f, 0xf4, 0x4f, 0xfb,
    0x00, 0x00, 0x00, 0x06, 0xff, 0x80, 0x00, 0x00, 0x00, 0x7f, 0xf5, 0x4f,
    0xf9, 0x00, 0x00, 0x00, 0x06, 0xff, 0x70, 0x00, 0x00, 0x00, 0x7f, 0xf5,
    0x4f, 0xf8, 0x00, 0x00, 0x00, 0x06, 0xff, 0x60, 0x00, 0x00, 0x00, 0x7f,
    0xf5, 0x4f, 0xf8, 0x00, 0x00, 0x00, 0x06, 0xff, 0x60, 0x00, 0x00, 0x00,
    0x7f, 0xf5, 0x4f, 0xf8, 0x00, 0x00, 0x00, 0x06, 0xff, 0x60, 0x00, 0x00,
    0x00, 0x7f, 0xf5, 0x4f, 0xf8, 0x00, 0x00, 0x00, 0x06, 0xff, 0x60, 0x00,
    0x00, 0x00, 0x7f, 0xf5, 0x4f, 0xf8, 0x00, 0x00, 0x00, 0x06, 0xff, 0x60,
    0x00, 0x00, 0x00, 0x7f, 0xf5, 0x4f, 0xf8, 0x00, 0x00, 0x00, 0x06, 0xff,
    0x60, 0x00, 0x00, 0x00, 0x7f, 0xf5, 0x4f, 0xf8, 0x00, 0x00, 0x00, 0x06,
    0xff, 0x60, 0x00, 0x00, 0x00, 0x7f, 0xf5, 0x4f, 0xf8, 0x00, 0x00, 0x00,
    0x06, 0xff, 0x60, 0x00, 0x00, 0x00, 0x7f, 0xf5, 0x4f, 0xf8, 0x00, 0x00,
    0x00, 0x06, 0xff, 0x60, 0x00, 0x00, 0x00, 0x7f, 0xf5, 0x4f, 0xf8, 0x00,
    0x00, 0x00, 0x06, 0xff, 0x60, 0x00, 0x00, 0x00, 0x7f, 0xf5, 0x4f, 0xf0,
    0x02, 0x8d, 0xff, 0xda, 0x30, 0x00, 0x4f, 0xf3, 0x5f, 0xff, 0xff, 0xff,
    0xf8, 0x00, 0x4f, 0xfa, 0xff, 0xc8, 0x78, 0xdf, 0xff, 0x40, 0x4f, 0xff,
    0xf4, 0x00, 0x00, 0x09, 0xff, 0xc0, 0x4f, 0xff, 0x60, 0x00, 0x00, 0x00,
    0xef, 0xf0, 0x4f, 0xff, 0x00, 0x00, 0x00, 0x00, 0xbf, 0xf1, 0x4f, 0xfb,
    0x00, 0x00, 0x00, 0x00, 0x9f, 0xf2, 0x4f, 0xf9, 0x00, 0x00, 0x00, 0x00,
    0x9f, 0xf3, 0x4f, 0xf8, 0x00, 0x00, 0x00, 0x00, 0x9f, 0xf3, 0x4f, 0xf8,
    0x00, 0x00, 0x00, 0x00, 0x9f, 0xf3, 0x4f, 0xf8, 0x00, 0x00, 0x00, 0x00,
    0x9f, 0xf3, 0x4f, 0xf8, 0x00, 0x00, 0x00, 0x00, 0x9f, 0xf3, 0x4f, 0xf8,
    0x00, 0x00, 0x00, 0x00, 0x9f, 0xf3, 0x4f, 0xf8, 0x00, 0x00, 0x00, 0x00,
    0x9f, 0xf3, 0x4f, 0xf8, 0x00, 0x00, 0x00, 0x00, 0x9f, 0xf3, 0x4f, 0xf8,
    0x00, 0x00, 0x00, 0x00, 0x9f, 0xf3, 0x4f, 0xf8, 0x00, 0x00, 0x00, 0x00,
    0x9f, 0xf3, 0x4f, 0xf8, 0x00, 0x00, 0x00, 0x00, 0x9f, 0xf3, 0x00, 0x00,
    0x06, 0xbe, 0xff, 0xd8, 0x10, 0x00, 0x00, 0x00, 0x3e, 0xff, 0xff, 0xff,
    0xff, 0x60, 0x00, 0x00, 0x3f, 0xff, 0xd9, 0x78, 0xcf, 0xff, 0x70, 0x00,
    0x0d, 0xff, 0x80, 0x00, 0x00, 0x4f, 0xff, 0x30, 0x06, 0xff, 0xa0, 0x00,
    0x00, 0x00, 0x5f, 0xfc, 0x00, 0xbf, 0xf3, 0x00, 0x00, 0x00, 0x00, 0xdf,
    0xf2, 0x0f, 0xfe, 0x00, 0x00, 0x00, 0x00, 0x09, 0xff, 0x61, 0xff, 0xc0,
    0x00, 0x00, 0x00, 0x00, 0x6f, 0xf8, 0x3f, 0xfb, 0x00, 0x00, 0x00, 0x00,
    0x05, 0xff, 0x93, 0xff, 0xb0, 0x00, 0x00, 0x00, 0x00, 0x5f, 0xf9, 0x2f,
    0xfc, 0x00, 0x00, 0x00, 0x00, 0x06, 0xff, 0x80, 0xff, 0xf0, 0x00, 0x00,
    0x00, 0x00, 0x9f, 0xf5, 0x0b, 0xff, 0x30, 0x00, 0x00, 0x00, 0x0d, 0xff,
    0x20, 0x5f, 0xfb, 0x00, 0x00, 0x00, 0x05, 0xff, 0xc0, 0x00, 0xcf, 0xf8,
    0x00, 0x00, 0x03, 0xff, 0xf4, 0x00, 0x02, 0xef, 0xfe, 0x87, 0x8b, 0xff,
    0xf8, 0x00, 0x00, 0x02, 0xdf, 0xff, 0xff, 0xff, 0xf7, 0x00, 0x00, 0x00,
    0x00, 0x6b, 0xef, 0xec, 0x82, 0x00, 0x00, 0x4f, 0xf1, 0x02, 0x9d, 0xff,
    0xc8, 0x10, 0x00, 0x4f, 0xf3, 0x5f, 0xff, 0xff, 0xff, 0xe3, 0x00, 0x4f,
    0xfa, 0xff, 0xb8, 0x79, 0xef, 0xff, 0x20, 0x4f, 0xff, 0xe3, 0x00, 0x00,
    0x0b, 0xff, 0xc0, 0x4f, 0xff, 0x50, 0x00, 0x00, 0x00, 0xef, 0xf3, 0x4f,
    0xfe, 0x00, 0x00, 0x00, 0x00, 0x8f, 0xf8, 0x4f, 0xfb, 0x00, 0x00, 0x00,
    0x00, 0x3f, 0xfb, 0x4f, 0xf9, 0x00, 0x00, 0x00, 0x00, 0x1f, 0xfd, 0x4f,
    0xf8, 0x00, 0x00, 0x00, 0x00, 0x0f, 0xfe, 0x4f, 0xf8, 0x00, 0x00, 0x00,
    0x00, 0x0f, 0xfe, 0x4f, 0xf9, 0x00, 0x00, 0x00, 0x00, 0x1f, 0xfc, 0x4f,
    0xfc, 0x00, 0x00, 0x00, 0x00, 0x4f, 0xfb, 0x4f, 0xff, 0x00, 0x00, 0x00,
    0x00, 0x8f, 0xf7, 0x4f, 0xff, 0x60, 0x00, 0x00, 0x01, 0xff, 0xf2, 0x4f,
    0xff, 0xf3, 0x00, 0x00, 0x0c, 0xff, 0xb0, 0x4f, 0xfc, 0xff, 0xb8, 0x79,
    0xef, 0xff, 0x20, 0x4f, 0xf6, 0x6f, 0xff, 0xff, 0xff, 0xe3, 0x00, 0x4f,
    0xf7, 0x02, 0x9d, 0xff, 0xd8, 0x10, 0x00, 0x4f, 0xf8, 0x00, 0x00, 0x00,
    0x00, 0x00, 0x00, 0x4f, 0xf8, 0x00, 0x00, 0x00, 0x00, 0x00, 0x00, 0x4f,
    0xf8, 0x00, 0x00, 0x00, 0x00, 0x00, 0x00, 0x4f, 0xf8, 0x00, 0x00, 0x00,
    0x00, 0x00, 0x00, 0x4f, 0xf8, 0x00, 0x00, 0x00, 0x00, 0x00, 0x00, 0x4f,
    0xf8, 0x00, 0x00, 0x00, 0x00, 0x00, 0x00, 0x4f, 0xf8, 0x00, 0x00, 0x00,
    0x00, 0x00, 0x00, 0x4f, 0xf8, 0x00, 0x00, 0x00, 0x00, 0x00, 0x00, 0x00,
    0x00, 0x29, 0xdf, 0xec, 0x70, 0x05, 0xff, 0x00, 0x06, 0xff, 0xff, 0xff,
    0xfd, 0x28, 0xff, 0x00, 0x6f, 0xff, 0xc7, 0x68, 0xdf, 0xec, 0xff, 0x01,
    0xef, 0xf6, 0x00, 0x00, 0x07, 0xff, 0xff, 0x07, 0xff, 0xa0, 0x00, 0x00,
    0x00, 0xbf, 0xff, 0x0c, 0xff, 0x30, 0x00, 0x00, 0x00, 0x4f, 0xff, 0x0f,
    0xfe, 0x00, 0x00, 0x00, 0x00, 0x0f, 0xff, 0x1f, 0xfc, 0x00, 0x00, 0x00,
    0x00, 0x0e, 0xff, 0x3f, 0xfb, 0x00, 0x00, 0x00, 0x00, 0x0d, 0xff, 0x3f,
    0xfb, 0x00, 0x00, 0x00, 0x00, 0x0d, 0xff, 0x2f, 0xfc, 0x00, 0x00, 0x00,
    0x00, 0x0e, 0xff, 0x0f, 0xfe, 0x00, 0x00, 0x00, 0x00, 0x0f, 0xff, 0x0d,
    0xff, 0x20, 0x00, 0x00, 0x00, 0x3f, 0xff, 0x08, 0xff, 0x90, 0x00, 0x00,
    0x00, 0xaf, 0xff, 0x02, 0xff, 0xf6, 0x00, 0x00, 0x06, 0xff, 0xff, 0x00,
    0x7f, 0xff, 0xc7, 0x68, 0xcf, 0xdd, 0xff, 0x00, 0x08, 0xff, 0xff, 0xff,
    0xfd, 0x2c, 0xff, 0x00, 0x00, 0x39, 0xef, 0xec, 0x70, 0x0d, 0xff, 0x00,
    0x00, 0x00, 0x00, 0x00, 0x00, 0x0d, 0xff, 0x00, 0x00, 0x00, 0x00, 0x00,
    0x00, 0x0d, 0xff, 0x00, 0x00, 0x00, 0x00, 0x00, 0x00, 0x0d, 0xff, 0x00,
    0x00, 0x00, 0x00, 0x00, 0x00, 0x0d, 0xff, 0x00, 0x00, 0x00, 0x00, 0x00,
    0x00, 0x0d, 0xff, 0x00, 0x00, 0x00, 0x00, 0x00, 0x00, 0x0d, 0xff, 0x00,
    0x00, 0x00, 0x00, 0x00, 0x00, 0x0d, 0xff, 0x00, 0x00, 0x00, 0x00, 0x00,
    0x00, 0x0d, 0xff, 0x4f, 0xf1, 0x00, 0x7d, 0xff, 0xa4, 0xff, 0x21, 0xdf,
    0xff, 0xf8, 0x4f, 0xf4, 0xbf, 0xfc, 0xab, 0x54, 0xff, 0xcf, 0xc2, 0x00,
    0x00, 0x4f, 0xff, 0xd0, 0x00, 0x00, 0x04, 0xff, 0xf3, 0x00, 0x00, 0x00,
    0x4f, 0xfd, 0x00, 0x00, 0x00, 0x04, 0xff, 0x90, 0x00, 0x00, 0x00, 0x4f,
    0xf8, 0x00, 0x00, 0x00, 0x04, 0xff, 0x80, 0x00, 0x00, 0x00, 0x4f, 0xf8,
    0x00, 0x00, 0x00, 0x04, 0xff, 0x80, 0x00, 0x00, 0x00, 0x4f, 0xf8, 0x00,
    0x00, 0x00, 0x04, 0xff, 0x80, 0x00, 0x00, 0x00, 0x4f, 0xf8, 0x00, 0x00,
    0x00, 0x04, 0xff, 0x80, 0x00, 0x00, 0x00, 0x4f, 0xf8, 0x00, 0x00, 0x00,
    0x04, 0xff, 0x80, 0x00, 0x00, 0x00, 0x00, 0x05, 0xbe, 0xff, 0xec, 0x82,
    0x00, 0x1c, 0xff, 0xff, 0xff, 0xff, 0xf5, 0x0c, 0xff, 0xd8, 0x66, 0x8c,
    0xff, 0x03, 0xff, 0xb0, 0x00, 0x00, 0x01, 0x40, 0x5f, 0xf5, 0x00, 0x00,
    0x00, 0x00, 0x04, 0xff, 0xa0, 0x00, 0x00, 0x00, 0x00, 0x0e, 0xff, 0xb2,
    0x00, 0x00, 0x00, 0x00, 0x3f, 0xff, 0xfb, 0x50, 0x00, 0x00, 0x00, 0x1a,
    0xff, 0xff, 0xe7, 0x00, 0x00, 0x00, 0x02, 0x9f, 0xff, 0xfe, 0x40, 0x00,
    0x00, 0x00, 0x06, 0xef, 0xff, 0x30, 0x00, 0x00, 0x00, 0x00, 0xaf, 0xfa,
    0x00, 0x00, 0x00, 0x00, 0x00, 0xef, 0xd0, 0x00, 0x00, 0x00, 0x00, 0x0e,
    0xfc, 0x35, 0x00, 0x00, 0x00, 0x06, 0xff, 0x95, 0xff, 0xb7, 0x65, 0x7b,
    0xff, 0xf2, 0x5f, 0xff, 0xff, 0xff, 0xff, 0xe4, 0x00, 0x39, 0xce, 0xff,
    0xeb, 0x70, 0x00, 0x00, 0x01, 0xfc, 0x00, 0x00, 0x00, 0x00, 0x5f, 0xc0,
    0x00, 0x00, 0x00, 0x0a, 0xfc, 0x00, 0x00, 0x00, 0x01, 0xff, 0xc0, 0x00,
    0x00, 0x19, 0xff, 0xff, 0xff, 0xff, 0xb7, 0xff, 0xff, 0xff, 0xff, 0xfb,
    0x13, 0x4f, 0xfd, 0x33, 0x33, 0x20, 0x01, 0xff, 0xc0, 0x00, 0x00, 0x00,
    0x1f, 0xfc, 0x00, 0x00, 0x00, 0x01, 0xff, 0xc0, 0x00, 0x00, 0x00, 0x1f,
    0xfc, 0x00, 0x00, 0x00, 0x01, 0xff, 0xc0, 0x00, 0x00, 0x00, 0x1f, 0xfc,
    0x00, 0x00, 0x00, 0x01, 0xff, 0xc0, 0x00, 0x00, 0x00, 0x1f, 0xfc, 0x00,
    0x00, 0x00, 0x01, 0xff, 0xc0, 0x00, 0x00, 0x00, 0x0f, 0xfc, 0x00, 0x00,
    0x00, 0x00, 0xff, 0xe0, 0x00, 0x00, 0x00, 0x0d, 0xff, 0x50, 0x00, 0x00,
    0x00, 0x7f, 0xff, 0x96, 0x78, 0x00, 0x00, 0xcf, 0xff, 0xff, 0xd0, 0x00,
    0x00, 0x7d, 0xff, 0xd8, 0x7f, 0xf6, 0x00, 0x00, 0x00, 0x00, 0xcf, 0xf1,
    0x7f, 0xf6, 0x00, 0x00, 0x00, 0x00, 0xcf, 0xf1, 0x7f, 0xf6, 0x00, 0x00,
    0x00, 0x00, 0xcf, 0xf1, 0x7f, 0xf6, 0x00, 0x00, 0x00, 0x00, 0xcf, 0xf1,
    0x7f, 0xf6, 0x00, 0x00, 0x00, 0x00, 0xcf, 0xf1, 0x7f, 0xf6, 0x00, 0x00,
    0x00, 0x00, 0xcf, 0xf1, 0x7f, 0xf6, 0x00, 0x00, 0x00, 0x00, 0xcf, 0xf1,
    0x7f, 0xf6, 0x00, 0x00, 0x00, 0x00, 0xcf, 0xf1, 0x7f, 0xf6, 0x00, 0x00,
    0x00, 0x00, 0xcf, 0xf1, 0x7f, 0xf6, 0x00, 0x00, 0x00, 0x00, 0xcf, 0xf1,
    0x7f, 0xf6, 0x00, 0x00, 0x00, 0x00, 0xdf, 0xf1, 0x7f, 0xf6, 0x00, 0x00,
    0x00, 0x00, 0xff, 0xf1, 0x6f, 0xf7, 0x00, 0x00, 0x00, 0x03, 0xff, 0xf1,
    0x4f, 0xfb, 0x00, 0x00, 0x00, 0x0a, 0xff, 0xf1, 0x0f, 0xff, 0x50, 0x00,
    0x00, 0x7f, 0xff, 0xf1, 0x09, 0xff, 0xfb, 0x77, 0x8d, 0xff, 0xcf, 0xf1,
    0x00, 0xbf, 0xff, 0xff, 0xff, 0xe4, 0x7f, 0xf1, 0x00, 0x05, 0xbe, 0xff,
    0xc8, 0x10, 0x5f, 0xf1, 0xdf, 0xf2, 0x00, 0x00, 0x00, 0x00, 0x0e, 0xff,
    0x17, 0xff, 0x80, 0x00, 0x00, 0x00, 0x04, 0xff, 0xb0, 0x1f, 0xfd, 0x00,
    0x00, 0x00, 0x00, 0x9f, 0xf5, 0x00, 0xbf, 0xf3, 0x00, 0x00, 0x00, 0x0e,
    0xff, 0x00, 0x06, 0xff, 0x80, 0x00, 0x00, 0x04, 0xff, 0x90, 0x00, 0x0f,
    0xfe, 0x00, 0x00, 0x00, 0xaf, 0xf4, 0x00, 0x00, 0xaf, 0xf3, 0x00, 0x00,
    0x0f, 0xfe, 0x00, 0x00, 0x04, 0xff, 0x90, 0x00, 0x05, 0xff, 0x80, 0x00,
    0x00, 0x0e, 0xfe, 0x00, 0x00, 0xaf, 0xf2, 0x00, 0x00, 0x00, 0x9f, 0xf4,
    0x00, 0x0f, 0xfc, 0x00, 0x00, 0x00, 0x03, 0xff, 0x90, 0x05, 0xff, 0x70,
    0x00, 0x00, 0x00, 0x0d, 0xfe, 0x00, 0xbf, 0xf1, 0x00, 0x00, 0x00, 0x00,
    0x7f, 0xf4, 0x0f, 0xfb, 0x00, 0x00, 0x00, 0x00, 0x02, 0xff, 0x85, 0xff,
    0x50, 0x00, 0x00, 0x00, 0x00, 0x0c, 0xfd, 0xaf, 0xf0, 0x00, 0x00, 0x00,
    0x00, 0x00, 0x6f, 0xfe, 0xfa, 0x00, 0x00, 0x00, 0x00, 0x00, 0x01, 0xff,
    0xff, 0x40, 0x00, 0x00, 0x00, 0x00, 0x00, 0x0a, 0xff, 0xe0, 0x00, 0x00,
    0x00, 0x8f, 0xf6, 0x00, 0x00, 0x00, 0x1f, 0xff, 0x40, 0x00, 0x00, 0x03,
    0xff, 0xa4, 0xff, 0xa0, 0x00, 0x00, 0x05, 0xff, 0xf9, 0x00, 0x00, 0x00,
    0x7f, 0xf6, 0x0f, 0xfe, 0x00, 0x00, 0x00, 0xaf, 0xff, 0xd0, 0x00, 0x00,
    0x0b, 0xff, 0x20, 0xbf, 0xf1, 0x00, 0x00, 0x0f, 0xfb, 0xff, 0x20, 0x00,
    0x00, 0xff, 0xd0, 0x07, 0xff, 0x50, 0x00, 0x04, 0xff, 0x4f, 0xf7, 0x00,
    0x00, 0x3f, 0xf9, 0x00, 0x3f, 0xf9, 0x00, 0x00, 0x9f, 0xf0, 0xdf, 0xb0,
    0x00, 0x07, 0xff, 0x50, 0x00, 0xef, 0xd0, 0x00, 0x0d, 0xfb, 0x09, 0xff,
    0x00, 0x00, 0xbf, 0xf1, 0x00, 0x0a, 0xff, 0x10, 0x02, 0xff, 0x70, 0x4f,
    0xf5, 0x00, 0x0f, 0xfc, 0x00, 0x00, 0x6f, 0xf5, 0x00, 0x7f, 0xf2, 0x00,
    0xff, 0x90, 0x03, 0xff, 0x80, 0x00, 0x02, 0xff, 0x90, 0x0c, 0xfd, 0x00,
    0x0b, 0xfe, 0x00, 0x7f, 0xf4, 0x00, 0x00, 0x0e, 0xfd, 0x01, 0xff, 0x80,
    0x00, 0x7f, 0xf3, 0x0b, 0xff, 0x00, 0x00, 0x00, 0xaf, 0xf1, 0x5f, 0xf3,
    0x00, 0x02, 0xff, 0x70, 0xff, 0xc0, 0x00, 0x00, 0x06, 0xff, 0x49, 0xfe,
    0x00, 0x00, 0x0d, 0xfb, 0x2f, 0xf7, 0x00, 0x00, 0x00, 0x1f, 0xf8, 0xcf,
    0x90, 0x00, 0x00, 0x9f, 0xf6, 0xff, 0x30, 0x00, 0x00, 0x00, 0xdf, 0xbf,
    0xf5, 0x00, 0x00, 0x04, 0xff, 0xbf, 0xf0, 0x00, 0x00, 0x00, 0x09, 0xff,
    0xff, 0x00, 0x00, 0x00, 0x0f, 0xff, 0xfb, 0x00, 0x00, 0x00, 0x00, 0x5f,
    0xff, 0xb0, 0x00, 0x00, 0x00, 0xbf, 0xff, 0x60, 0x00, 0x00, 0x00, 0x01,
    0xff, 0xf6, 0x00, 0x00, 0x00, 0x06, 0xff, 0xf2, 0x00, 0x00, 0x0c, 0xff,
    0x60, 0x00, 0x00, 0x00, 0x7f, 0xfb, 0x00, 0x2f, 0xfe, 0x10, 0x00, 0x00,
    0x2f, 0xfe, 0x10, 0x00, 0x7f, 0xfb, 0x00, 0x00, 0x0b, 0xff, 0x50, 0x00,
    0x00, 0xcf, 0xf5, 0x00, 0x06, 0xff, 0xa0, 0x00, 0x00, 0x02, 0xff, 0xe1,
    0x01, 0xff, 0xe1, 0x00, 0x00, 0x00, 0x07, 0xff, 0xa0, 0xbf, 0xf5, 0x00,
    0x00, 0x00, 0x00, 0x0c, 0xff, 0x9f, 0xfa, 0x00, 0x00, 0x00, 0x00, 0x00,
    0x2f, 0xff, 0xfe, 0x10, 0x00, 0x00, 0x00, 0x00, 0x00, 0x7f, 0xff, 0x50,
    0x00, 0x00, 0x00, 0x00, 0x00, 0x0b, 0xff, 0xf9, 0x00, 0x00, 0x00, 0x00,
    0x00, 0x05, 0xff, 0xff, 0xf4, 0x00, 0x00, 0x00, 0x00, 0x01, 0xef, 0xe3,
    0xff, 0xe0, 0x00, 0x00, 0x00, 0x00, 0xbf, 0xf5, 0x06, 0xff, 0x90, 0x00,
    0x00, 0x00, 0x6f, 0xfb, 0x00, 0x0c, 0xff, 0x40, 0x00, 0x00, 0x1f, 0xff,
    0x10, 0x00, 0x2f, 0xfe, 0x10, 0x00, 0x0b, 0xff, 0x60, 0x00, 0x00, 0x7f,
    0xfa, 0x00, 0x06, 0xff, 0xb0, 0x00, 0x00, 0x00, 0xcf, 0xf5, 0x02, 0xff,
    0xf2, 0x00, 0x00, 0x00, 0x03, 0xff, 0xe1, 0xcf, 0xf3, 0x00, 0x00, 0x00,
    0x00, 0x0e, 0xff, 0x26, 0xff, 0x90, 0x00, 0x00, 0x00, 0x03, 0xff, 0xc0,
    0x0f, 0xfe, 0x00, 0x00, 0x00, 0x00, 0x9f, 0xf6, 0x00, 0xaf, 0xf4, 0x00,
    0x00, 0x00, 0x0e, 0xff, 0x10, 0x04, 0xff, 0xa0, 0x00, 0x00, 0x04, 0xff,
    0xa0, 0x00, 0x0d, 0xff, 0x10, 0x00, 0x00, 0x9f, 0xf5, 0x00, 0x00, 0x7f,
    0xf6, 0x00, 0x00, 0x0e, 0xfe, 0x00, 0x00, 0x01, 0xff, 0xc0, 0x00, 0x04,
    0xff, 0x90, 0x00, 0x00, 0x0b, 0xff, 0x10, 0x00, 0xaf, 0xf3, 0x00, 0x00,
    0x00, 0x5f, 0xf7, 0x00, 0x0f, 0xfd, 0x00, 0x00, 0x00, 0x00, 0xef, 0xd0,
    0x04, 0xff, 0x80, 0x00, 0x00, 0x00, 0x09, 0xff, 0x20, 0x9f, 0xf2, 0x00,
    0x00, 0x00, 0x00, 0x3f, 0xf7, 0x0e, 0xfc, 0x00, 0x00, 0x00, 0x00, 0x00,
    0xcf, 0xc3, 0xff, 0x60, 0x00, 0x00, 0x00, 0x00, 0x06, 0xff, 0x9f, 0xf1,
    0x00, 0x00, 0x00, 0x00, 0x00, 0x1f, 0xff, 0xfb, 0x00, 0x00, 0x00, 0x00,
    0x00, 0x00, 0xaf, 0xff, 0x50, 0x00, 0x00, 0x00, 0x00, 0x00, 0x04, 0xff,
    0xf0, 0x00, 0x00, 0x00, 0x00, 0x00, 0x00, 0x3f, 0xf9, 0x00, 0x00, 0x00,
    0x00, 0x00, 0x00, 0x09, 0xff, 0x40, 0x00, 0x00, 0x00, 0x00, 0x00, 0x00,
    0xff, 0xe0, 0x00, 0x00, 0x00, 0x00, 0x00, 0x00, 0x7f, 0xf7, 0x00, 0x00,
    0x00, 0x00, 0x00, 0x00, 0x3f, 0xfe, 0x10, 0x00, 0x00, 0x00, 0x05, 0x66,
    0x9f, 0xff, 0x60, 0x00, 0x00, 0x00, 0x00, 0xaf, 0xff, 0xff, 0x80, 0x00,
    0x00, 0x00, 0x00, 0x08, 0xef, 0xeb, 0x40, 0x00, 0x00, 0x00, 0x00, 0x00,
    0x3f, 0xff, 0xff, 0xff, 0xff, 0xff, 0x93, 0xff, 0xff, 0xff, 0xff, 0xff,
    0xf9, 0x03, 0x33, 0x33, 0x33, 0x3d, 0xff, 0x50, 0x00, 0x00, 0x00, 0x06,
    0xff, 0xa0, 0x00, 0x00, 0x00, 0x01, 0xef, 0xe1, 0x00, 0x00, 0x00, 0x00,
    0xbf, 0xf5, 0x00, 0x00, 0x00, 0x00, 0x5f, 0xfa, 0x00, 0x00, 0x00, 0x00,
    0x1e, 0xfe, 0x10, 0x00, 0x00, 0x00, 0x0b, 0xff, 0x50, 0x00, 0x00, 0x00,
    0x05, 0xff, 0xa0, 0x00, 0x00, 0x00, 0x01, 0xef, 0xe1, 0x00, 0x00, 0x00,
    0x00, 0xbf, 0xf5, 0x00, 0x00, 0x00, 0x00, 0x5f, 0xfa, 0x00, 0x00, 0x00,
    0x00, 0x1e, 0xfe, 0x10, 0x00, 0x00, 0x00, 0x0b, 0xff, 0x50, 0x00, 0x00,
    0x00, 0x05, 0xff, 0xc3, 0x33, 0x33, 0x33, 0x32, 0xbf, 0xff, 0xff, 0xff,
    0xff, 0xff, 0xcc, 0xff, 0xff, 0xff, 0xff, 0xff, 0xfc, 0x00, 0x00, 0x00,
    0x03, 0x9d, 0xf2, 0x00, 0x00, 0x00, 0x9f, 0xff, 0xf2, 0x00, 0x00, 0x07,
    0xff, 0xfa, 0x70, 0x00, 0x00, 0x0e, 0xff, 0x40, 0x00, 0x00, 0x00, 0x1f,
    0xfb, 0x00, 0x00, 0x00, 0x00, 0x3f, 0xf9, 0x00, 0x00, 0x00, 0x00, 0x3f,
    0xf9, 0x00, 0x00, 0x00, 0x00, 0x3f, 0xf9, 0x00, 0x00, 0x00, 0x00, 0x3f,
    0xf9, 0x00, 0x00, 0x00, 0x00, 0x3f, 0xf9, 0x00, 0x00, 0x00, 0x00, 0x4f,
    0xf8, 0x00, 0x00, 0x00, 0x00, 0x9f, 0xf5, 0x00, 0x00, 0x00, 0x28, 0xff,
    0xd0, 0x00, 0x00, 0x1f, 0xff, 0xf9, 0x10, 0x00, 0x00, 0x1f, 0xff, 0x93,
    0x00, 0x00, 0x00, 0x07, 0x9e, 0xff, 0x70, 0x00, 0x00, 0x00, 0x01, 0xdf,
    0xf2, 0x00, 0x00, 0x00, 0x00, 0x6f, 0xf7, 0x00, 0x00, 0x00, 0x00, 0x3f,
    0xf9, 0x00, 0x00, 0x00, 0x00, 0x3f, 0xf9, 0x00, 0x00, 0x00, 0x00, 0x3f,
    0xf9, 0x00, 0x00, 0x00, 0x00, 0x3f, 0xf9, 0x00, 0x00, 0x00, 0x00, 0x3f,
    0xf9, 0x00, 0x00, 0x00, 0x00, 0x3f, 0xf9, 0x00, 0x00, 0x00, 0x00, 0x1f,
    0xfb, 0x00, 0x00, 0x00, 0x00, 0x0e, 0xff, 0x30, 0x00, 0x00, 0x00, 0x07,
    0xff, 0xf9, 0x60, 0x00, 0x00, 0x00, 0xaf, 0xff, 0xf2, 0x00, 0x00, 0x00,
    0x04, 0xad, 0xf2, 0x5f, 0xf5, 0xff, 0x5f, 0xf5, 0xff, 0x5f, 0xf5, 0xff,
    0x5f, 0xf5, 0xff, 0x5f, 0xf5, 0xff, 0x5f, 0xf5, 0xff, 0x5f, 0xf5, 0xff,
    0x5f, 0xf5, 0xff, 0x5f, 0xf5, 0xff, 0x5f, 0xf5, 0xff, 0x5f, 0xf5, 0xff,
    0x5f, 0xf5, 0xff, 0x5f, 0xf5, 0xff, 0x5f, 0xf5, 0xff, 0x5f, 0xf5, 0xff,
    0x5f, 0xf5, 0xff, 0x5f, 0xf0, 0xee, 0xa5, 0x00, 0x00, 0x00, 0x0f, 0xff,
    0xfc, 0x00, 0x00, 0x00, 0x69, 0xef, 0xfa, 0x00, 0x00, 0x00, 0x01, 0xef,
    0xf1, 0x00, 0x00, 0x00, 0x08, 0xff, 0x40, 0x00, 0x00, 0x00, 0x6f, 0xf5,
    0x00, 0x00, 0x00, 0x06, 0xff, 0x50, 0x00, 0x00, 0x00, 0x6f, 0xf5, 0x00,
    0x00, 0x00, 0x06, 0xff, 0x50, 0x00, 0x00, 0x00, 0x6f, 0xf5, 0x00, 0x00,
    0x00, 0x05, 0xff, 0x60, 0x00, 0x00, 0x00, 0x3f, 0xfb, 0x00, 0x00, 0x00,
    0x00, 0xbf, 0xfa, 0x30, 0x00, 0x00, 0x00, 0x8e, 0xff, 0xf4, 0x00, 0x00,
    0x02, 0x8f, 0xff, 0x40, 0x00, 0x05, 0xff, 0xfa, 0x71, 0x00, 0x00, 0xef,
    0xe2, 0x00, 0x00, 0x00, 0x4f, 0xf8, 0x00, 0x00, 0x00, 0x06, 0xff, 0x60,
    0x00, 0x00, 0x00, 0x6f, 0xf5, 0x00, 0x00, 0x00, 0x06, 0xff, 0x50, 0x00,
    0x00, 0x00, 0x6f, 0xf5, 0x00, 0x00, 0x00, 0x06, 0xff, 0x50, 0x00, 0x00,
    0x00, 0x7f, 0xf5, 0x00, 0x00, 0x00, 0x09, 0xff, 0x40, 0x00, 0x00, 0x02,
    0xff, 0xf1, 0x00, 0x00, 0x69, 0xff, 0xf9, 0x00, 0x00, 0x0f, 0xff, 0xfb,
    0x00, 0x00, 0x00, 0xee, 0xa4, 0x00, 0x00, 0x00, 0x00, 0x00, 0x04, 0x54,
    0x10, 0x00, 0x00, 0x00, 0x01, 0x05, 0xef, 0xff, 0xfc, 0x50, 0x00, 0x00,
    0x5a, 0x4f, 0xff, 0xff, 0xff, 0xfe, 0x97, 0x7c, 0xfa, 0x6f, 0x82, 0x02,
    0x7d, 0xff, 0xff, 0xff, 0xf5, 0x53, 0x00, 0x00, 0x00, 0x4a, 0xdf, 0xea,
    0x30, 0x00, 0x04, 0x9d, 0xef, 0xeb, 0x71, 0x00, 0x00, 0x1b, 0xff, 0xff,
    0xff, 0xff, 0xf7, 0x00, 0x0d, 0xff, 0xfa, 0x76, 0x8d, 0xff, 0xf7, 0x07,
    0xff, 0xc1, 0x00, 0x00, 0x06, 0xff, 0xf1, 0xcf, 0xf3, 0x00, 0x00, 0x00,
    0x09, 0xff, 0x6e, 0xff, 0x70, 0x00, 0x00, 0x00, 0x5f, 0xf9, 0x5b, 0xff,
    0xe7, 0x00, 0x00, 0x03, 0xff, 0x90, 0x02, 0xcf, 0xf6, 0x00, 0x00, 0x3f,
    0xf9, 0x03, 0xef, 0xfb, 0x20, 0x00, 0x03, 0xff, 0x91, 0xff, 0xf3, 0x00,
    0x00, 0x00, 0x3f, 0xf9, 0x6f, 0xf8, 0x00, 0x00, 0x00, 0x03, 0xff, 0x98,
    0xff, 0x50, 0x00, 0x00, 0x00, 0x3f, 0xf9, 0x9f, 0xf4, 0x00, 0x00, 0x00,
    0x03, 0xff, 0x99, 0xff, 0x40, 0x00, 0x00, 0x00, 0x3f, 0xf9, 0x9f, 0xf4,
    0x00, 0x00, 0x00, 0x03, 0xff, 0x99, 0xff, 0x40, 0x00, 0x00, 0x00, 0x3f,
    0xf9, 0x9f, 0xf4, 0x00, 0x00, 0x00, 0x03, 0xff, 0x99, 0xff, 0x40, 0x00,
    0x00, 0x00, 0x3f, 0xf9, 0x1a, 0xdf, 0xe8, 0x00, 0x00, 0x0f, 0xfe, 0x0f,
    0xff, 0xff, 0x80, 0x00, 0x0f, 0xfe, 0x07, 0x67, 0xff, 0xd0, 0x00, 0x0f,
    0xfe, 0x00, 0x00, 0xdf, 0xd0, 0x00, 0x0f, 0xfe, 0x00, 0x01, 0xff, 0xb0,
    0x00, 0x0f, 0xfe, 0x00, 0x0a, 0xff, 0x40, 0x00, 0x0f, 0xfe, 0x00, 0x5f,
    0xfa, 0x00, 0x00, 0x0f, 0xfe, 0x00, 0xef, 0xf1, 0x00, 0x00, 0x0f, 0xfe,
    0x05, 0xff, 0x90, 0x00, 0x00, 0x0f, 0xfe, 0x07, 0xff, 0x50, 0x00, 0x00,
    0x0f, 0xfe, 0x08, 0xff, 0x50, 0x00, 0x00, 0x0f, 0xfe, 0x08, 0xff, 0x50,
    0x00, 0x00, 0x0f, 0xfe, 0x08, 0xff, 0x50, 0x00, 0x00, 0x0f, 0xfe, 0x06,
    0xff, 0x80, 0x00, 0x00, 0x1f, 0xfd, 0x02, 0xff, 0xe1, 0x00, 0x00, 0x8f,
    0xfa, 0x00, 0xbf, 0xfe, 0x86, 0x7b, 0xff, 0xf3, 0x00, 0x1c, 0xff, 0xff,
    0xff, 0xff, 0x60, 0x00, 0x00, 0x6b, 0xef, 0xfd, 0x92, 0x00, 0x9f, 0xf0,
    0x04, 0xf8, 0x00, 0x0d, 0xff, 0x7f, 0xf5, 0x4d, 0xf8, 0x00, 0x0d, 0xff,
    0x2f, 0xff, 0xff, 0xf8, 0x00, 0x0d, 0xff, 0x03, 0x9a, 0x7f, 0xf6, 0x00,
    0x0d, 0xff, 0x00, 0x00, 0xbf, 0xf1, 0x00, 0x0d, 0xff, 0x00, 0x09, 0xff,
    0x80, 0x00, 0x0d, 0xff, 0x00, 0x6f, 0xfc, 0x00, 0x00, 0x0d, 0xff, 0x00,
    0xef, 0xf1, 0x00, 0x00, 0x0d, 0xff, 0x05, 0xff, 0x90, 0x00, 0x00, 0x0d,
    0xff, 0x07, 0xff, 0x60, 0x00, 0x00, 0x0d, 0xff, 0x07, 0xff, 0x50, 0x00,
    0x00, 0x0d, 0xff, 0x08, 0xff, 0x50, 0x00, 0x00, 0x0d, 0xff, 0x07, 0xff,
    0x60, 0x00, 0x00, 0x0d, 0xff, 0x06, 0xff, 0x80, 0x00, 0x00, 0x0f, 0xfe,
    0x02, 0xff, 0xe1, 0x00, 0x00, 0x7f, 0xfa, 0x00, 0xaf, 0xfe, 0x86, 0x7b,
    0xff, 0xf3, 0x00, 0x1c, 0xff, 0xff, 0xff, 0xff, 0x60, 0x00, 0x00, 0x6b,
    0xef, 0xfd, 0x92, 0x00, 0x00, 0x01, 0x8c, 0xef, 0xfe, 0xb6, 0x00, 0x00,
    0x00, 0x6f, 0xff, 0xff, 0xff, 0xff, 0xd2, 0x00, 0x04, 0xff, 0xfd, 0x86,
    0x7a, 0xff, 0xfd, 0x00, 0x0d, 0xff, 0x80, 0x00, 0x00, 0x1d, 0xff, 0x70,
    0x2f, 0xfd, 0x00, 0x00, 0x00, 0x03, 0xff, 0xc0, 0x5f, 0xf8, 0x00, 0x00,
    0x00, 0x00, 0xef, 0xf0, 0x6f, 0xf7, 0x00, 0x00, 0x00, 0x00, 0xdf, 0xf0,
    0x6f, 0xf7, 0x00, 0x00, 0x00, 0x00, 0xcf, 0xf1, 0x6f, 0xf7, 0x2a, 0xef,
    0xf3, 0x00, 0xcf, 0xf1, 0x6f, 0xf8, 0xef, 0xff, 0xf3, 0x00, 0xcf, 0xf1,
    0x6f, 0xff, 0xfd, 0x86, 0x51, 0x00, 0xcf, 0xf1, 0x6f, 0xff, 0x70, 0x00,
    0x00, 0x00, 0xcf, 0xf1, 0x6f, 0xfc, 0x00, 0x00, 0x00, 0x00, 0xcf, 0xf1,
    0x6f, 0xf8, 0x00, 0x00, 0x00, 0x00, 0xcf, 0xf1, 0x6f, 0xf7, 0x00, 0x00,
    0x00, 0x00, 0xcf, 0xf1, 0x6f, 0xf7, 0x00, 0x00, 0x00, 0x00, 0xcf, 0xf1,
    0x6f, 0xf7, 0x00, 0x00, 0x00, 0x00, 0xcf, 0xf1, 0x6f, 0xf7, 0x00, 0x00,
    0x00, 0x00, 0xcf, 0xf1, 0x00, 0x6d, 0xfe, 0xb1, 0x3b, 0xff, 0xc5, 0x00,
    0x09, 0xff, 0xff, 0xfc, 0xef, 0xff, 0xff, 0x70, 0x1f, 0xff, 0x87, 0xdf,
    0xfb, 0x6a, 0xff, 0xf0, 0x5f, 0xf8, 0x00, 0x3f, 0xe0, 0x00, 0xcf, 0xf3,
    0x6f, 0xf6, 0x00, 0x03, 0x30, 0x00, 0x9f, 0xf4, 0x6f, 0xf6, 0x00, 0x00,
    0x00, 0x00, 0x9f, 0xf4, 0x6f, 0xf6, 0x00, 0x00, 0x00, 0x00, 0x9f, 0xf4,
    0x6f, 0xf6, 0x00, 0x00, 0x00, 0x00, 0x9f, 0xf4, 0x6f, 0xf6, 0x2a, 0xdf,
    0xf3, 0x00, 0x9f, 0xf4, 0x6f, 0xf8, 0xff, 0xff, 0xf3, 0x00, 0x9f, 0xf4,
    0x6f, 0xff, 0xfd, 0x86, 0x51, 0x00, 0x9f, 0xf4, 0x6f, 0xff, 0x70, 0x00,
    0x00, 0x00, 0x9f, 0xf4, 0x6f, 0xfc, 0x00, 0x00, 0x00, 0x00, 0x9f, 0xf4,
    0x6f, 0xf8, 0x00, 0x00, 0x00, 0x00, 0x9f, 0xf4, 0x6f, 0xf7, 0x00, 0x00,
    0x00, 0x00, 0x9f, 0xf4, 0x6f, 0xf7, 0x00, 0x00, 0x00, 0x00, 0x9f, 0xf4,
    0x6f, 0xf7, 0x00, 0x00, 0x00, 0x00, 0x9f, 0xf4, 0x6f, 0xf7, 0x00, 0x00,
    0x00, 0x00, 0x9f, 0xf4, 0x9f, 0xf0, 0x04, 0xf9, 0x00, 0x00, 0x4f, 0xf8,
    0x7f, 0xf5, 0x4d, 0xf9, 0x00, 0x00, 0x4f, 0xf8, 0x2f, 0xff, 0xff, 0xf8,
    0x00, 0x00, 0x4f, 0xf8, 0x03, 0x9a, 0x7f, 0xf5, 0x00, 0x00, 0x4f, 0xf8,
    0x00, 0x00, 0xcf, 0xe0, 0x00, 0x00, 0x4f, 0xf8, 0x00, 0x0a, 0xff, 0x60,
    0x00, 0x00, 0x4f, 0xf8, 0x00, 0x6f, 0xfa, 0x00, 0x00, 0x00, 0x4f, 0xf8,
    0x01, 0xff, 0xe0, 0x00, 0x00, 0x00, 0x4f, 0xf8, 0x06, 0xff, 0x70, 0x00,
    0x00, 0x00, 0x4f, 0xf8, 0x08, 0xff, 0x30, 0x00, 0x00, 0x00, 0x4f, 0xf8,
    0x09, 0xff, 0x30, 0x00, 0x00, 0x00, 0x4f, 0xf8, 0x0a, 0xff, 0x40, 0x00,
    0x00, 0x00, 0x4f, 0xf8, 0x0a, 0xff, 0x80, 0x00, 0x00, 0x00, 0x6f, 0xf8,
    0x0a, 0xff, 0xe1, 0x00, 0x00, 0x00, 0xaf, 0xf6, 0x0a, 0xff, 0xfc, 0x10,
    0x00, 0x04, 0xff, 0xf2, 0x0a, 0xfd, 0xaf, 0xfa, 0x78, 0xbf, 0xff, 0xb0,
    0x0a, 0xfc, 0x1c, 0xff, 0xff, 0xff, 0xfd, 0x10, 0x0a, 0xfb, 0x00, 0x5b,
    0xef, 0xfc, 0x70, 0x00, 0xdf, 0xf0, 0x00, 0xdf, 0xfe, 0xb5, 0x00, 0x00,
    0x8f, 0xf5, 0x00, 0xaf, 0xff, 0xff, 0xc1, 0x00, 0x3f, 0xfa, 0x00, 0x24,
    0x47, 0xef, 0xfc, 0x00, 0x0e, 0xfe, 0x00, 0x00, 0x00, 0x1d, 0xff, 0x60,
    0x0a, 0xff, 0x30, 0x00, 0x00, 0x02, 0xff, 0xd0, 0x05, 0xff, 0x80, 0x00,
    0x00, 0x00, 0xcf, 0xf1, 0x00, 0xff, 0xd0, 0x00, 0x00, 0x00, 0x8f, 0xf5,
    0x00, 0xbf, 0xf2, 0x00, 0x00, 0x00, 0x6f, 0xf6, 0x00, 0x6f, 0xf7, 0x00,
    0x00, 0x00, 0x6f, 0xf6, 0x00, 0x1f, 0xfc, 0x00, 0x00, 0x00, 0x7f, 0xf5,
    0x00, 0x0d, 0xff, 0x10, 0x00, 0x00, 0xaf, 0xf4, 0x00, 0x08, 0xff, 0x60,
    0x00, 0x00, 0xef, 0xf0, 0x00, 0x03, 0xff, 0xb0, 0x00, 0x04, 0xff, 0xc0,
    0x00, 0x00, 0xef, 0xf0, 0x00, 0x0c, 0xff, 0x50, 0x00, 0x00, 0x9f, 0xf4,
    0x00, 0xaf, 0xfd, 0x00, 0x00, 0x00, 0x4f, 0xfc, 0x8d, 0xff, 0xf2, 0x00,
    0x00, 0x00, 0x0f, 0xff, 0xff, 0xfe, 0x30, 0x00, 0x00, 0x00, 0x0a, 0xff,
    0xeb, 0x60, 0x00, 0x00, 0x03, 0x8b, 0xef, 0xfe, 0xc7, 0x10, 0x00, 0x0a,
    0xff, 0xff, 0xff, 0xff, 0xff, 0x40, 0x00, 0xcf, 0xea, 0x76, 0x79, 0xef,
    0xff, 0x40, 0x0a, 0x50, 0x00, 0x00, 0x00, 0x9f, 0xfd, 0x00, 0x00, 0x00,
    0x00, 0x00, 0x00, 0xcf, 0xf5, 0x00, 0x00, 0x00, 0x00, 0x00, 0x05, 0xff,
    0xa0, 0x00, 0x00, 0x00, 0x00, 0x00, 0x1f, 0xfd, 0x00, 0x00, 0x00, 0x00,
    0x00, 0x00, 0xff, 0xf0, 0x0b, 0xff, 0xff, 0x60, 0x00, 0x0e, 0xff, 0x00,
    0xbf, 0xff, 0xf6, 0x00, 0x00, 0xdf, 0xf0, 0x02, 0x47, 0xff, 0x60, 0x00,
    0x0e, 0xff, 0x00, 0x00, 0x4f, 0xf6, 0x00, 0x00, 0xff, 0xe0, 0x00, 0x04,
    0xff, 0x60, 0x00, 0x3f, 0xfa, 0x00, 0x00, 0x4f, 0xf6, 0x00, 0x09, 0xff,
    0x60, 0x00, 0x04, 0xff, 0x60, 0x04, 0xff, 0xe1, 0x00, 0x00, 0x4f, 0xf9,
    0x6a, 0xff, 0xf6, 0x00, 0x00, 0x04, 0xff, 0xff, 0xff, 0xf6, 0x00, 0x00,
    0x00, 0x4f, 0xff, 0xfc, 0x82, 0x00, 0x00, 0x00, 0x49, 0xce, 0xff, 0xec,
    0x81, 0x00, 0x01, 0xef, 0xff, 0xff, 0xff, 0xff, 0xf5, 0x00, 0x2f, 0xfd,
    0x97, 0x67, 0x9e, 0xff, 0xf5, 0x01, 0xa3, 0x00, 0x00, 0x00, 0x08, 0xff,
    0xe0, 0x00, 0x00, 0x00, 0x00, 0x00, 0x0c, 0xff, 0x40, 0x00, 0x00, 0x00,
    0x00, 0x00, 0x6f, 0xf8, 0x00, 0x00, 0x00, 0x00, 0x00, 0x03, 0xff, 0xa1,
    0x33, 0x10, 0x00, 0x00, 0x00, 0x2f, 0xfb, 0x6f, 0xf6, 0x00, 0x00, 0x00,
    0x01, 0xff, 0xb6, 0xff, 0x60, 0x00, 0x00, 0x00, 0x1f, 0xfb, 0x6f, 0xf6,
    0x00, 0x00, 0x00, 0x01, 0xff, 0xb6, 0xff, 0x60, 0x00, 0x00, 0x00, 0x3f,
    0xfb, 0x5f, 0xf7, 0x00, 0x00, 0x00, 0x06, 0xff, 0xb4, 0xff, 0xb0, 0x00,
    0x00, 0x00, 0xdf, 0xfb, 0x1f, 0xff, 0x50, 0x00, 0x00, 0xbf, 0xff, 0xb0,
    0x9f, 0xff, 0xb8, 0x79, 0xef, 0xcc, 0xfb, 0x00, 0xcf, 0xff, 0xff, 0xff,
    0xd2, 0xaf, 0xb0, 0x00, 0x6b, 0xef, 0xec, 0x60, 0x0a, 0xfb, 0x1a, 0xdf,
    0xe8, 0x00, 0x00, 0x09, 0xff, 0x30, 0xff, 0xff, 0xf8, 0x00, 0x00, 0xbf,
    0xf2, 0x08, 0x67, 0xff, 0xd0, 0x00, 0x0e, 0xff, 0x00, 0x00, 0x0d, 0xfd,
    0x00, 0x19, 0xff, 0x90, 0x00, 0x01, 0xff, 0xb0, 0x6f, 0xff, 0x90, 0x00,
    0x00, 0xaf, 0xf4, 0x05, 0xff, 0xfb, 0x10, 0x00, 0x5f, 0xfa, 0x00, 0x00,
    0x8f, 0xf9, 0x00, 0x0e, 0xff, 0x10, 0x00, 0x00, 0xff, 0xd0, 0x05, 0xff,
    0x90, 0x00, 0x00, 0x0f, 0xfe, 0x00, 0x7f, 0xf5, 0x00, 0x00, 0x00, 0xff,
    0xe0, 0x08, 0xff, 0x50, 0x00, 0x00, 0x0f, 0xfe, 0x00, 0x8f, 0xf5, 0x00,
    0x00, 0x00, 0xff, 0xe0, 0x08, 0xff, 0x50, 0x00, 0x00, 0x0f, 0xfe, 0x00,
    0x6f, 0xf8, 0x00, 0x00, 0x01, 0xff, 0xd0, 0x02, 0xff, 0xe1, 0x00, 0x00,
    0x8f, 0xfa, 0x00, 0x0b, 0xff, 0xe8, 0x67, 0xbf, 0xff, 0x30, 0x00, 0x1c,
    0xff, 0xff, 0xff, 0xff, 0x70, 0x00, 0x00, 0x06, 0xbe, 0xff, 0xd9, 0x30,
    0x00, 0x9f, 0xf0, 0x04, 0xf8, 0x00, 0x06, 0xff, 0x67, 0xff, 0x54, 0xdf,
    0x80, 0x00, 0x7f, 0xf5, 0x2f, 0xff, 0xff, 0xf8, 0x00, 0x0b, 0xff, 0x20,
    0x39, 0xa6, 0xff, 0x60, 0x17, 0xff, 0xb0, 0x00, 0x00, 0xbf, 0xf1, 0x2f,
    0xff, 0xa1, 0x00, 0x00, 0x9f, 0xf8, 0x02, 0xef, 0xfd, 0x30, 0x00, 0x4f,
    0xfc, 0x00, 0x00, 0x5f, 0xfc, 0x00, 0x0d, 0xff, 0x10, 0x00, 0x00, 0xdf,
    0xf0, 0x03, 0xff, 0xa0, 0x00, 0x00, 0x0b, 0xff, 0x20, 0x5f, 0xf7, 0x00,
    0x00, 0x00, 0xbf, 0xf2, 0x05, 0xff, 0x70, 0x00, 0x00, 0x0b, 0xff, 0x20,
    0x6f, 0xf7, 0x00, 0x00, 0x00, 0xbf, 0xf2, 0x05, 0xff, 0x80, 0x00, 0x00,
    0x0b, 0xff, 0x20, 0x4f, 0xfa, 0x00, 0x00, 0x00, 0xdf, 0xf1, 0x00, 0xff,
    0xf3, 0x00, 0x00, 0x5f, 0xfd, 0x00, 0x08, 0xff, 0xf9, 0x67, 0xaf, 0xff,
    0x60, 0x00, 0x0b, 0xff, 0xff, 0xff, 0xff, 0x90, 0x00, 0x00, 0x05, 0xbe,
    0xff, 0xda, 0x30, 0x00, 0x00, 0x05, 0xad, 0xff, 0xda, 0x50, 0x00, 0x00,
    0x00, 0x00, 0x07, 0xff, 0x60, 0x2c, 0xff, 0xff, 0xff, 0xff, 0xd2, 0x00,
    0x00, 0x00, 0x00, 0x7f, 0xf6, 0x1e, 0xff, 0xe9, 0x76, 0x9e, 0xff, 0xe1,
    0x00, 0x00, 0x00, 0x07, 0xff, 0x68, 0xff, 0xb0, 0x00, 0x00, 0x1c, 0xff,
    0x80, 0x00, 0x00, 0x00, 0x7f, 0xf6, 0xcf, 0xf2, 0x00, 0x00, 0x00, 0x2f,
    0xfd, 0x00, 0x00, 0x00, 0x07, 0xff, 0x6e, 0xff, 0x91, 0x00, 0x00, 0x00,
    0xef, 0xf0, 0x00, 0x00, 0x00, 0x7f, 0xf6, 0x39, 0xef, 0xfa, 0x20, 0x00,
    0x0d, 0xff, 0x00, 0x00, 0x00, 0x07, 0xff, 0x60, 0x01, 0xbf, 0xf9, 0x00,
    0x00, 0xdf, 0xf0, 0x00, 0x00, 0x00, 0x7f, 0xf6, 0x03, 0xef, 0xf9, 0x30,
    0x00, 0x0d, 0xff, 0x00, 0x00, 0x00, 0x07, 0xff, 0x60, 0xef, 0xf2, 0x00,
    0x00, 0x00, 0xdf, 0xf0, 0x00, 0x00, 0x00, 0x7f, 0xf6, 0x3f, 0xfa, 0x00,
    0x00, 0x00, 0x0d, 0xff, 0x00, 0x00, 0x00, 0x07, 0xff, 0x64, 0xff, 0x80,
    0x00, 0x00, 0x00, 0xdf, 0xf2, 0x00, 0x00, 0x00, 0x7f, 0xf6, 0x5f, 0xf8,
    0x00, 0x00, 0x00, 0x0d, 0xff, 0x50, 0x00, 0x00, 0x07, 0xff, 0x65, 0xff,
    0x80, 0x00, 0x00, 0x00, 0xdf, 0xfc, 0x00, 0x00, 0x00, 0xaf, 0xf4, 0x4f,
    0xf9, 0x00, 0x00, 0x00, 0x0d, 0xff, 0xf9, 0x00, 0x00, 0x3f, 0xff, 0x13,
    0xff, 0xe7, 0x70, 0x00, 0x00, 0xdf, 0xac, 0xfd, 0x87, 0xaf, 0xff, 0xb0,
    0x0d, 0xff, 0xff, 0x30, 0x00, 0x0d, 0xf9, 0x2d, 0xff, 0xff, 0xff, 0xd1,
    0x00, 0x2a, 0xef, 0xf5, 0x00, 0x00, 0xdf, 0x90, 0x17, 0xdf, 0xfd, 0x80,
    0x00, 0x00, 0x05, 0xad, 0xff, 0xda, 0x40, 0x00, 0x00, 0x00, 0x00, 0x09,
    0xff, 0x40, 0x1c, 0xff, 0xff, 0xff, 0xff, 0xc1, 0x00, 0x00, 0x00, 0x00,
    0x9f, 0xf4, 0x1d, 0xff, 0xf9, 0x77, 0x9f, 0xff, 0xc0, 0x00, 0x00, 0x00,
    0x09, 0xff, 0x48, 0xff, 0xb0, 0x00, 0x00, 0x1d, 0xff, 0x60, 0x00, 0x00,
    0x00, 0x9f, 0xf4, 0xcf, 0xf2, 0x00, 0x00, 0x00, 0x4f, 0xfb, 0x00, 0x00,
    0x00, 0x09, 0xff, 0x4e, 0xff, 0x70, 0x00, 0x00, 0x00, 0xff, 0xd0, 0x00,
    0x00, 0x00, 0x9f, 0xf4, 0x5b, 0xff, 0xf8, 0x10, 0x00, 0x0f, 0xfe, 0x00,
    0x00, 0x00, 0x09, 0xff, 0x40, 0x01, 0xbf, 0xf9, 0x00, 0x00, 0xff, 0xe0,
    0x00, 0x00, 0x00, 0x9f, 0xf4, 0x02, 0xcf, 0xfc, 0x40, 0x00, 0x0f, 0xfe,
    0x00, 0x00, 0x00, 0x09, 0xff, 0x40, 0xdf, 0xf4, 0x00, 0x00, 0x00, 0xff,
    0xe0, 0x00, 0x00, 0x00, 0x9f, 0xf4, 0x3f, 0xfb, 0x00, 0x00, 0x00, 0x0f,
    0xfe, 0x00, 0x00, 0x00, 0x09, 0xff, 0x44, 0xff, 0x80, 0x00, 0x00, 0x00,
    0xff, 0xe0, 0x00, 0x00, 0x00, 0xbf, 0xf4, 0x5f, 0xf8, 0x00, 0x00, 0x00,
    0x0e, 0xff, 0x00, 0x00, 0x00, 0x0e, 0xff, 0x45, 0xff, 0x80, 0x00, 0x00,
    0x00, 0xdf, 0xf1, 0x00, 0x00, 0x05, 0xff, 0xf4, 0x4f, 0xf8, 0x00, 0x00,
    0x00, 0x09, 0xff, 0xa0, 0x00, 0x03, 0xef, 0xff, 0x43, 0xff, 0xe6, 0x50,
    0x00, 0x00, 0x3f, 0xff, 0xd8, 0x7a, 0xff, 0xef, 0xf4, 0x0d, 0xff, 0xff,
    0x30, 0x00, 0x00, 0x7f, 0xff, 0xff, 0xff, 0x88, 0xff, 0x40, 0x2a, 0xef,
    0xf5, 0x00, 0x00, 0x00, 0x4b, 0xef, 0xea, 0x40, 0x9f, 0xf2, 0x00, 0x00,
    0x00, 0x00, 0x00, 0x00, 0x00, 0x00, 0x00, 0x00, 0x0c, 0xff, 0x10, 0x00,
    0x00, 0x00, 0x00, 0x00, 0x00, 0x00, 0x00, 0x00, 0x02, 0xff, 0xd0, 0x00,
    0x00, 0x00, 0x00, 0x00, 0x00, 0xd4, 0x00, 0x00, 0x01, 0xcf, 0xf8, 0x00,
    0x00, 0x00, 0x00, 0x00, 0x00, 0x0f, 0xfe, 0xa8, 0x8b, 0xff, 0xfd, 0x00,
    0x00, 0x00, 0x00, 0x00, 0x00, 0x00, 0xff, 0xff, 0xff, 0xff, 0xfc, 0x20,
    0x00, 0x00, 0x00, 0x00, 0x00, 0x00, 0x01, 0x7b, 0xef, 0xfd, 0xb5, 0x00,
    0x00, 0x00, 0x00, 0x04, 0x9d, 0xef, 0xec, 0x82, 0x00, 0x00, 0x00, 0x1b,
    0xff, 0xff, 0xff, 0xff, 0xf8, 0x00, 0x00, 0x0d, 0xff, 0xfa, 0x76, 0x8c,
    0xff, 0xf9, 0x00, 0x07, 0xff, 0xc1, 0x00, 0x00, 0x05, 0xff, 0xf3, 0x00,
    0xcf, 0xf3, 0x00, 0x00, 0x00, 0x08, 0xff, 0x80, 0x0d, 0xff, 0x91, 0x00,
    0x00, 0x00, 0x3f, 0xfa, 0x00, 0x39, 0xef, 0xfa, 0x20, 0x00, 0x02, 0xff,
    0xb0, 0x00, 0x01, 0xaf, 0xf9, 0x00, 0x00, 0x2f, 0xfb, 0x00, 0x02, 0xdf,
    0xfa, 0x30, 0x00, 0x02, 0xff, 0xb0, 0x00, 0xbf, 0xf6, 0x00, 0x00, 0x00,
    0x2f, 0xfb, 0x00, 0x0f, 0xff, 0x00, 0x00, 0x00, 0x02, 0xff, 0xb0, 0x00,
    0xff, 0xd0, 0x00, 0x00, 0x00, 0x2f, 0xfb, 0x00, 0x1f, 0xfc, 0x00, 0x00,
    0x00, 0x02, 0xff, 0xb0, 0x01, 0xff, 0xc0, 0x00, 0x00, 0x00, 0x2f, 0xfb,
    0x00, 0x1f, 0xfc, 0x00, 0x00, 0x00, 0x02, 0xff, 0xb0, 0x58, 0xff, 0xb0,
    0x00, 0x00, 0x00, 0x2f, 0xfb, 0x3f, 0xff, 0xf7, 0x00, 0x00, 0x00, 0x02,
    0xff, 0xb3, 0xdf, 0xe8, 0x00, 0x00, 0x00, 0x00, 0x2f, 0xfb, 0x00, 0x00,
    0x00, 0x00, 0x00, 0x00, 0x02, 0xff, 0xb0, 0x00, 0x00, 0x02, 0x55, 0x42,
    0x00, 0x2f, 0xfb, 0x00, 0x00, 0x3d, 0xff, 0xff, 0xfd, 0x62, 0xff, 0xb0,
    0x00, 0x2f, 0xff, 0xff, 0xff, 0xff, 0xff, 0xfb, 0x00, 0x09, 0xff, 0xd3,
    0x00, 0x27, 0xdf, 0xff, 0xb0, 0x00, 0xbf, 0xf4, 0x00, 0x00, 0x00, 0x4e,
    0xfb, 0x00, 0x00, 0x04, 0x9d, 0xef, 0xec, 0x82, 0x00, 0x00, 0x00, 0x1b,
    0xff, 0xff, 0xff, 0xff, 0xf8, 0x00, 0x00, 0x0d, 0xff, 0xfa, 0x76, 0x8c,
    0xff, 0xf9, 0x00, 0x07, 0xff, 0xc1, 0x00, 0x00, 0x05, 0xff, 0xf3, 0x00,
    0xcf, 0xf3, 0x00, 0x00, 0x00, 0x08, 0xff, 0x80, 0x0d, 0xff, 0x91, 0x00,
    0x00, 0x00, 0x3f, 0xfa, 0x00, 0x39, 0xef, 0xfa, 0x20, 0x00, 0x02, 0xff,
    0xb0, 0x00, 0x01, 0xaf, 0xf9, 0x00, 0x00, 0x2f, 0xfb, 0x00, 0x02, 0xdf,
    0xfa, 0x30, 0x00, 0x02, 0xff, 0xb0, 0x00, 0xbf, 0xf6, 0x00, 0x00, 0x00,
    0x2f, 0xfb, 0x00, 0x0f, 0xff, 0x00, 0x00, 0x00, 0x02, 0xff, 0xb0, 0x00,
    0xff, 0xd0, 0x00, 0x00, 0x00, 0x2f, 0xfb, 0x00, 0x1f, 0xfc, 0x00, 0x00,
    0x00, 0x02, 0xff, 0xb0, 0x01, 0xff, 0xc0, 0x00, 0x00, 0x00, 0x2f, 0xfb,
    0x00, 0x1f, 0xfc, 0x00, 0x00, 0x00, 0x02, 0xff, 0xb0, 0x58, 0xff, 0xb0,
    0x00, 0x00, 0x00, 0x2f, 0xfb, 0x3f, 0xff, 0xf7, 0x00, 0x00, 0x00, 0x02,
    0xff, 0xb3, 0xdf, 0xe8, 0x00, 0x00, 0x00, 0x00, 0x2f, 0xfb, 0x00, 0x00,
    0x00, 0x00, 0x00, 0x00, 0x02, 0xff, 0xb0, 0x00, 0x00, 0x23, 0x10, 0x00,
    0x00, 0x2f, 0xfb, 0x00, 0x04, 0xdf, 0xff, 0x90, 0x2d, 0x82, 0xff, 0xb0,
    0x02, 0xff, 0xff, 0xff, 0xbe, 0xff, 0xef, 0xfb, 0x00, 0x7f, 0xf9, 0x03,
    0xef, 0xf9, 0xcf, 0xff, 0xb0, 0x08, 0xff, 0x20, 0x04, 0xf6, 0x00, 0x8f,
    0xfb, 0x00, 0x00, 0x00, 0x00, 0x00, 0x00, 0x48, 0x82, 0x00, 0x00, 0x00,
    0x00, 0x00, 0x00, 0xaf, 0xf3, 0x04, 0x9c, 0xef, 0xfe, 0xb6, 0x05, 0xff,
    0xe0, 0xcf, 0xff, 0xff, 0xff, 0xff, 0xff, 0xff, 0x50, 0xef, 0xea, 0x76,
    0x79, 0xef, 0xff, 0x92, 0x00, 0xa4, 0x00, 0x00, 0x00, 0x0a, 0xff, 0xa0,
    0x00, 0x00, 0x00, 0x00, 0x00, 0x00, 0xdf, 0xf2, 0x00, 0x00, 0x00, 0x00,
    0x00, 0x00, 0x7f, 0xf7, 0x00, 0x00, 0x00, 0x00, 0x00, 0x00, 0x3f, 0xfb,
    0x00, 0x03, 0x44, 0x44, 0x10, 0x00, 0x1f, 0xfd, 0x00, 0x0d, 0xff, 0xff,
    0x40, 0x00, 0x0f, 0xfe, 0x00, 0x0d, 0xff, 0xff, 0x40, 0x00, 0x0f, 0xfe,
    0x00, 0x00, 0x06, 0xff, 0x40, 0x00, 0x0f, 0xfd, 0x00, 0x00, 0x06, 0xff,
    0x40, 0x00, 0x2f, 0xfc, 0x00, 0x00, 0x06, 0xff, 0x40, 0x00, 0x5f, 0xf8,
    0x00, 0x00, 0x06, 0xff, 0x40, 0x00, 0xbf, 0xf4, 0x00, 0x00, 0x06, 0xff,
    0x40, 0x05, 0xff, 0xd0, 0x00, 0x00, 0x06, 0xff, 0x86, 0xbf, 0xff, 0x40,
    0x00, 0x00, 0x06, 0xff, 0xff, 0xff, 0xf4, 0x00, 0x00, 0x00, 0x06, 0xff,
    0xfe, 0xc8, 0x10, 0x00, 0x00, 0x00, 0x00, 0x00, 0x00, 0x00, 0x00, 0x00,
    0x00, 0x00, 0x02, 0x20, 0x00, 0x00, 0x0a, 0xd9, 0x00, 0x06, 0xef, 0xfd,
    0x20, 0xba, 0x0d, 0xfb, 0x00, 0x4f, 0xff, 0xff, 0xec, 0xff, 0xdf, 0xfb,
    0x00, 0x9f, 0xf4, 0x19, 0xff, 0xab, 0xff, 0xfb, 0x00, 0xaf, 0xe0, 0x00,
    0xd9, 0x00, 0x9f, 0xfb, 0x00, 0x9f, 0xe0, 0x07, 0xf3, 0x07, 0xcf, 0xfc,
    0x60, 0x07, 0xff, 0x21, 0xef, 0x3c, 0xff, 0xff, 0xff, 0x70, 0x2f, 0xff,
    0xff, 0xfc, 0xff, 0x98, 0xcf, 0xff, 0x10, 0x39, 0xa7, 0xff, 0xfc, 0x10,
    0x00, 0xcf, 0xf5, 0x00, 0x00, 0xaf, 0xfc, 0x00, 0x00, 0x07, 0xff, 0x60,
    0x00, 0x6f, 0xfd, 0x10, 0x00, 0x00, 0x6f, 0xf7, 0x00, 0x2f, 0xff, 0x30,
    0x00, 0x00, 0x06, 0xff, 0x70, 0x08, 0xff, 0x90, 0x00, 0x00, 0x00, 0x6f,
    0xf7, 0x00, 0xbf, 0xf3, 0x00, 0x00, 0x00, 0x06, 0xff, 0x70, 0x0d, 0xff,
    0x10, 0x00, 0x00, 0x00, 0x6f, 0xf7, 0x00, 0xdf, 0xf0, 0x00, 0x00, 0x00,
    0x06, 0xff, 0x70, 0x0d, 0xff, 0x00, 0x00, 0x00, 0x00, 0x6f, 0xf7, 0x00,
    0xdf, 0xf0, 0x00, 0x00, 0x00, 0x06, 0xff, 0x70, 0x0d, 0xff, 0x00, 0x00,
    0x00, 0x00, 0x6f, 0xf7, 0x00, 0xdf, 0xf0, 0x00, 0x00, 0x00, 0x06, 0xff,
    0x70, 0x0d, 0xff, 0x00, 0x00, 0x00, 0x00, 0x6f, 0xf7, 0x00, 0xdf, 0xf0,
    0x00, 0x00, 0x00, 0x06, 0xff, 0x70, 0x0d, 0xff, 0x00, 0x00, 0x00, 0x00,
    0x6f, 0xf7, 0x00, 0x4b, 0xff, 0xb1, 0x4c, 0xff, 0xb2, 0x00, 0x00, 0x00,
    0x00, 0x9f, 0xf3, 0x05, 0xff, 0xff, 0xfc, 0xff, 0xff, 0xff, 0x20, 0x00,
    0x00, 0x00, 0x9f, 0xf3, 0x0e, 0xff, 0xa7, 0xef, 0xfa, 0x6c, 0xff, 0x90,
    0x00, 0x00, 0x00, 0x9f, 0xf3, 0x5f, 0xfa, 0x00, 0x4f, 0xd0, 0x01, 0xff,
    0xd0, 0x00, 0x00, 0x00, 0x9f, 0xf3, 0x9f, 0xf3, 0x00, 0x04, 0x30, 0x00,
    0xff, 0xe0, 0x00, 0x00, 0x00, 0x9f, 0xf3, 0xcf, 0xf0, 0x00, 0x00, 0x00,
    0x00, 0xff, 0xe0, 0x00, 0x00, 0x00, 0x9f, 0xf3, 0xef, 0xe0, 0x00, 0x00,
    0x00, 0x00, 0xff, 0xe0, 0x00, 0x00, 0x00, 0x9f, 0xf3, 0xff, 0xe0, 0x00,
    0x00, 0x00, 0x00, 0xff, 0xe0, 0x00, 0x00, 0x00, 0x9f, 0xf3, 0xff, 0xd0,
    0x00, 0x00, 0x00, 0x00, 0xff, 0xe0, 0x00, 0x00, 0x00, 0x9f, 0xf3, 0xff,
    0xe0, 0x00, 0x00, 0x00, 0x00, 0xff, 0xe0, 0x00, 0x00, 0x00, 0x9f, 0xf3,
    0xef, 0xe0, 0x00, 0x00, 0x00, 0x00, 0xff, 0xe0, 0x00, 0x00, 0x00, 0x9f,
    0xf3, 0xcf, 0xf0, 0x00, 0x00, 0x00, 0x00, 0xff, 0xf0, 0x00, 0x00, 0x00,
    0x9f, 0xf3, 0x9f, 0xf3, 0x00, 0x00, 0x00, 0x00, 0xff, 0xf3, 0x00, 0x00,
    0x00, 0xaf, 0xf3, 0x6f, 0xf9, 0x00, 0x00, 0x00, 0x00, 0xff, 0xfa, 0x00,
    0x00, 0x00, 0xdf, 0xf1, 0x1f, 0xff, 0x40, 0x00, 0x00, 0x00, 0xff, 0xff,
    0x70, 0x00, 0x06, 0xff, 0xe0, 0x08, 0xff, 0xfa, 0x77, 0x70, 0x00, 0xff,
    0x9e, 0xfc, 0x87, 0xbf, 0xff, 0x80, 0x00, 0xaf, 0xff, 0xff, 0xf0, 0x00,
    0xff, 0x73, 0xef, 0xff, 0xff, 0xfc, 0x00, 0x00, 0x05, 0xbe, 0xff, 0xf1,
    0x00, 0xff, 0x60, 0x18, 0xdf, 0xfc, 0x70, 0x00, 0x00, 0x05, 0xad, 0xff,
    0xda, 0x50, 0x00, 0x00, 0x00, 0x00, 0x09, 0xff, 0x40, 0x2c, 0xff, 0xff,
    0xff, 0xff, 0xc1, 0x00, 0x00, 0x00, 0x00, 0x9f, 0xf4, 0x1e, 0xff, 0xe9,
    0x76, 0x9f, 0xff, 0xd0, 0x00, 0x00, 0x00, 0x09, 0xff, 0x48, 0xff, 0xb0,
    0x00, 0x00, 0x1d, 0xff, 0x60, 0x00, 0x00, 0x00, 0x9f, 0xf4, 0xcf, 0xf2,
    0x00, 0x00, 0x00, 0x4f, 0xfb, 0x00, 0x00, 0x00, 0x09, 0xff, 0x4e, 0xff,
    0x91, 0x00, 0x00, 0x00, 0xff, 0xd0, 0x00, 0x00, 0x00, 0x9f, 0xf4, 0x39,
    0xef, 0xfa, 0x20, 0x00, 0x0f, 0xfe, 0x00, 0x00, 0x00, 0x09, 0xff, 0x40,
    0x01, 0xbf, 0xf9, 0x00, 0x00, 0xff, 0xe0, 0x00, 0x00, 0x00, 0x9f, 0xf4,
    0x03, 0xef, 0xf9, 0x30, 0x00, 0x0f, 0xfe, 0x00, 0x00, 0x00, 0x09, 0xff,
    0x40, 0xef, 0xf2, 0x00, 0x00, 0x00, 0xff, 0xe0, 0x00, 0x00, 0x00, 0x9f,
    0xf4, 0x3f, 0xfa, 0x00, 0x00, 0x00, 0x0f, 0xfe, 0x00, 0x00, 0x00, 0x09,
    0xff, 0x44, 0xff, 0x80, 0x00, 0x00, 0x00, 0xff, 0xe0, 0x00, 0x00, 0x00,
    0xbf, 0xf4, 0x5f, 0xf8, 0x00, 0x00, 0x00, 0x0e, 0xff, 0x00, 0x00, 0x00,
    0x0e, 0xff, 0x45, 0xff, 0x80, 0x00, 0x00, 0x00, 0xdf, 0xf1, 0x00, 0x00,
    0x06, 0xff, 0xf4, 0x4f, 0xf9, 0x00, 0x00, 0x00, 0x0a, 0xff, 0xa0, 0x00,
    0x03, 0xff, 0xff, 0x43, 0xff, 0xe7, 0x70, 0x00, 0x00, 0x4f, 0xff, 0xd8,
    0x7a, 0xff, 0x7f, 0xf4, 0x0d, 0xff, 0xff, 0x30, 0x00, 0x00, 0x8f, 0xff,
    0xff, 0xff, 0x72, 0xff, 0x40, 0x2a, 0xef, 0xf5, 0x00, 0x00, 0x00, 0x4b,
    0xef, 0xea, 0x30, 0x1f, 0xf4, 0x00, 0x00, 0x18, 0xce, 0xff, 0xdb, 0x60,
    0x00, 0x00, 0x00, 0x6f, 0xff, 0xff, 0xff, 0xff, 0xd3, 0x00, 0x00, 0x6f,
    0xff, 0xd8, 0x66, 0x8e, 0xff, 0xe1, 0x00, 0x0f, 0xff, 0x70, 0x00, 0x00,
    0x0b, 0xff, 0x90, 0x06, 0xff, 0xa0, 0x00, 0x00, 0x00, 0x1f, 0xfe, 0x00,
    0xbf, 0xf3, 0x00, 0x00, 0x00, 0x00, 0xdf, 0xf0, 0x0e, 0xff, 0x00, 0x00,
    0x00, 0x00, 0x0b, 0xff, 0x10, 0xff, 0xd0, 0x00, 0x00, 0x00, 0x00, 0xbf,
    0xf2, 0x0f, 0xfc, 0x00, 0x00, 0x00, 0x00, 0x0b, 0xff, 0x20, 0xff, 0xc0,
    0x00, 0x00, 0x00, 0x00, 0xbf, 0xf2, 0x0f, 0xfd, 0x00, 0x00, 0x00, 0x00,
    0x0b, 0xff, 0x20, 0xef, 0xf0, 0x00, 0x00, 0x00, 0x00, 0xbf, 0xf2, 0x0b,
    0xff, 0x20, 0x00, 0x00, 0x00, 0x0b, 0xff, 0x20, 0x7f, 0xf8, 0x00, 0x00,
    0x00, 0x00, 0xbf, 0xf2, 0x01, 0xff, 0xf4, 0x00, 0x00, 0x00, 0x0b, 0xff,
    0x20, 0x09, 0xff, 0xfa, 0x76, 0x60, 0x00, 0xbf, 0xf2, 0x00, 0x0b, 0xff,
    0xff, 0xfd, 0x00, 0x0b, 0xff, 0x20, 0x00, 0x05, 0xbe, 0xff, 0xe0, 0x00,
    0xbf, 0xf2, 0x00, 0x3b, 0xef, 0xc4, 0x09, 0xef, 0xe9, 0x10, 0x04, 0xff,
    0xff, 0xff, 0xbf, 0xff, 0xff, 0xd0, 0x0e, 0xff, 0xa6, 0xbf, 0xfe, 0x77,
    0xef, 0xf7, 0x5f, 0xfb, 0x00, 0x0e, 0xf4, 0x00, 0x4f, 0xfa, 0x9f, 0xf4,
    0x00, 0x03, 0x40, 0x00, 0x1f, 0xfc, 0xcf, 0xf1, 0x00, 0x00, 0x00, 0x00,
    0x1f, 0xfc, 0xef, 0xf0, 0x00, 0x00, 0x00, 0x00, 0x1f, 0xfc, 0xff, 0xe0,
    0x00, 0x00, 0x00, 0x00, 0x1f, 0xfc, 0xff, 0xd0, 0x00, 0x00, 0x00, 0x00,
    0x1f, 0xfc, 0xff, 0xe0, 0x00, 0x00, 0x00, 0x00, 0x1f, 0xfc, 0xef, 0xe0,
    0x00, 0x00, 0x00, 0x00, 0x1f, 0xfc, 0xcf, 0xf0, 0x00, 0x00, 0x00, 0x00,
    0x1f, 0xfc, 0x9f, 0xf3, 0x00, 0x00, 0x00, 0x00, 0x1f, 0xfc, 0x5f, 0xf9,
    0x00, 0x00, 0x00, 0x00, 0x1f, 0xfc, 0x0e, 0xff, 0x40, 0x00, 0x00, 0x00,
    0x1f, 0xfc, 0x07, 0xff, 0xfa, 0x76, 0x80, 0x00, 0x1f, 0xfc, 0x00, 0x9f,
    0xff, 0xff, 0xf2, 0x00, 0x1f, 0xfc, 0x00, 0x04, 0xbe, 0xff, 0xf3, 0x00,
    0x1f, 0xfc, 0x00, 0x04, 0x9d, 0xef, 0xec, 0x71, 0x00, 0x00, 0x1b, 0xff,
    0xff, 0xff, 0xff, 0xf7, 0x00, 0x0d, 0xff, 0xfa, 0x76, 0x8d, 0xff, 0xf8,
    0x08, 0xff, 0xc1, 0x00, 0x00, 0x05, 0xff, 0xf2, 0xcf, 0xf2, 0x00, 0x00,
    0x00, 0x08, 0xff, 0x7e, 0xff, 0x91, 0x00, 0x00, 0x00, 0x4f, 0xfa, 0x39,
    0xef, 0xfa, 0x20, 0x00, 0x02, 0xff, 0xa0, 0x01, 0xbf, 0xf9, 0x00, 0x00,
    0x2f, 0xfa, 0x03, 0xef, 0xe9, 0x30, 0x00, 0x02, 0xff, 0xa0, 0xef, 0xe1,
    0x00, 0x00, 0x00, 0x2f, 0xfa, 0x3f, 0xf9, 0x00, 0x00, 0x00, 0x02, 0xff,
    0xa4, 0xff, 0x80, 0x00, 0x00, 0x00, 0x2f, 0xfa, 0x5f, 0xf8, 0x00, 0x00,
    0x00, 0x02, 0xff, 0xa5, 0xff, 0x80, 0x00, 0x00, 0x00, 0x2f, 0xfa, 0x4f,
    0xf9, 0x00, 0x00, 0x00, 0x02, 0xff, 0xa3, 0xff, 0xe6, 0x60, 0x00, 0x00,
    0x2f, 0xfa, 0x0d, 0xff, 0xff, 0x30, 0x00, 0x02, 0xff, 0xa0, 0x2a, 0xef,
    0xf5, 0x00, 0x00, 0x2f, 0xfa, 0x5f, 0xc0, 0x03, 0xad, 0xfe, 0xd8, 0x10,
    0x05, 0xfe, 0x08, 0xff, 0xff, 0xff, 0xfe, 0x30, 0x5f, 0xf6, 0xff, 0xc8,
    0x79, 0xff, 0xfe, 0x15, 0xff, 0xff, 0x50, 0x00, 0x01, 0xdf, 0xf7, 0x5f,
    0xff, 0x60, 0x00, 0x00, 0x05, 0xff, 0xb5, 0xff, 0xe0, 0x00, 0x00, 0x00,
    0x1f, 0xfd, 0x5f, 0xfa, 0x00, 0x00, 0x00, 0x00, 0xff, 0xe5, 0xff, 0x80,
    0x00, 0x00, 0x00, 0x0f, 0xfe, 0x5f, 0xf8, 0x00, 0x00, 0x00, 0x00, 0xff,
    0xe5, 0xff, 0x80, 0x00, 0x00, 0x00, 0x0f, 0xfe, 0x5f, 0xf8, 0x00, 0x00,
    0x00, 0x00, 0xff, 0xe5, 0xff, 0x80, 0x00, 0x00, 0x00, 0x0f, 0xfe, 0x5f,
    0xf8, 0x00, 0x00, 0x00, 0x00, 0xff, 0xe5, 0xff, 0x80, 0x00, 0x00, 0x00,
    0x0f, 0xfe, 0x5f, 0xf8, 0x00, 0x00, 0x00, 0x00, 0xff, 0xe5, 0xff, 0x80,
    0x00, 0x00, 0x00, 0x0f, 0xfe, 0x5f, 0xf8, 0x00, 0x00, 0x00, 0x00, 0xff,
    0xe5, 0xff, 0x80, 0x00, 0x00, 0x00, 0x0f, 0xfe, 0x00, 0x4a, 0xde, 0xff,
    0xec, 0x95, 0x00, 0x0b, 0xff, 0xff, 0xff, 0xff, 0xff, 0xb0, 0x9f, 0xfe,
    0x86, 0x67, 0x8a, 0xdf, 0xb0, 0xef, 0xf1, 0x00, 0x00, 0x00, 0x02, 0x50,
    0xff, 0xf0, 0x00, 0x00, 0x00, 0x00, 0x00, 0xbf, 0xfc, 0x40, 0x00, 0x00,
    0x00, 0x00, 0x3e, 0xff, 0xfe, 0xa6, 0x10, 0x00, 0x00, 0x01, 0x9f, 0xff,
    0xff, 0xfb, 0x50, 0x00, 0x00, 0x00, 0x5a, 0xff, 0xff, 0xfd, 0x20, 0x25,
    0x51, 0x00, 0x04, 0x9f, 0xff, 0xe1, 0x6f, 0xf4, 0x00, 0x00, 0x01, 0xbf,
    0xf8, 0x6f, 0xf4, 0x00, 0x00, 0x00, 0x1f, 0xfc, 0x6f, 0xf4, 0x00, 0x00,
    0x00, 0x0f, 0xfd, 0x6f, 0xf4, 0x00, 0x00, 0x00, 0x1f, 0xfc, 0x6f, 0xf4,
    0x00, 0x00, 0x00, 0xaf, 0xf8, 0x6f, 0xfd, 0x87, 0x56, 0x8d, 0xff, 0xe1,
    0x5f, 0xff, 0xff, 0xff, 0xff, 0xfe, 0x30, 0x02, 0x7b, 0xdf, 0xff, 0xdb,
    0x60, 0x00, 0x6f, 0xf7, 0x00, 0x00, 0x00, 0x00, 0xff, 0xc6, 0xff, 0x70,
    0x00, 0x00, 0x00, 0x0f, 0xfc, 0x6f, 0xf7, 0x00, 0x00, 0x00, 0x00, 0xff,
    0xc6, 0xff, 0x70, 0x00, 0x00, 0x00, 0x0f, 0xfc, 0x6f, 0xf7, 0x00, 0x00,
    0x00, 0x00, 0xff, 0xc6, 0xff, 0x70, 0x00, 0x00, 0x00, 0x0f, 0xfc, 0x6f,
    0xf7, 0x00, 0x00, 0x00, 0x00, 0xff, 0xc6, 0xff, 0x70, 0x00, 0x00, 0x00,
    0x0f, 0xfc, 0x6f, 0xf7, 0x00, 0x00, 0x00, 0x00, 0xff, 0xc6, 0xff, 0x70,
    0x00, 0x00, 0x00, 0x0f, 0xfc, 0x6f, 0xf7, 0x00, 0x00, 0x00, 0x01, 0xff,
    0xc6, 0xff, 0x70, 0x00, 0x00, 0x00, 0x2f, 0xfc, 0x5f, 0xf8, 0x00, 0x00,
    0x00, 0x06, 0xff, 0xc3, 0xff, 0xc0, 0x00, 0x00, 0x00, 0xdf, 0xfc, 0x0f,
    0xff, 0x70, 0x00, 0x00, 0xaf, 0xff, 0xc0, 0x8f, 0xff, 0xc8, 0x79, 0xef,
    0xdb, 0xfc, 0x00, 0xbf, 0xff, 0xff, 0xff, 0xd2, 0xaf, 0xc0, 0x00, 0x5b,
    0xef, 0xec, 0x60, 0x09, 0xfc, 0x6f, 0xf7, 0x00, 0x00, 0x00, 0x01, 0xff,
    0xb6, 0xff, 0x70, 0x00, 0x00, 0x00, 0x1f, 0xfb, 0x6f, 0xf7, 0x00, 0x00,
    0x00, 0x01, 0xff, 0xb6, 0xff, 0x70, 0x00, 0x00, 0x00, 0x1f, 0xfb, 0x6f,
    0xf7, 0x00, 0x00, 0x00, 0x01, 0xff, 0xb6, 0xff, 0x70, 0x00, 0x00, 0x00,
    0x1f, 0xfb, 0x6f, 0xf7, 0x00, 0x00, 0x00, 0x01, 0xff, 0xb6, 0xff, 0x70,
    0x00, 0x00, 0x00, 0x1f, 0xfb, 0x6f, 0xf7, 0x00, 0x00, 0x00, 0x01, 0xff,
    0xb6, 0xff, 0x70, 0x00, 0x00, 0x00, 0x1f, 0xfb, 0x6f, 0xf7, 0x00, 0x00,
    0x00, 0x01, 0xff, 0xb6, 0xff, 0x70, 0x00, 0x00, 0x00, 0x2f, 0xfb, 0x5f,
    0xf8, 0x00, 0x00, 0x00, 0x03, 0xff, 0xa2, 0xff, 0xd0, 0x00, 0x00, 0x00,
    0x8f, 0xf7, 0x0d, 0xff, 0x70, 0x00, 0x00, 0x3f, 0xff, 0x20, 0x5f, 0xff,
    0xc7, 0x67, 0xaf, 0xff, 0xa0, 0x00, 0x7f, 0xff, 0xff, 0xff, 0xff, 0xb0,
    0x00, 0x00, 0x29, 0xce, 0xff, 0xda, 0x40, 0x00, 0x00, 0x00, 0x00, 0x00,
    0x00, 0x01, 0xff, 0xb0, 0x00, 0x00, 0x00, 0x00, 0x00, 0x1f, 0xfb, 0x00,
    0x00, 0x00, 0x00, 0x00, 0x01, 0xff, 0xb0, 0x00, 0x00, 0x00, 0x00, 0x00,
    0x1f, 0xfb, 0x00, 0x00, 0x00, 0x00, 0x00, 0x01, 0xff, 0xb0, 0x00, 0x00,
    0x00, 0x00, 0x00, 0x1f, 0xfb, 0x6f, 0xf7, 0x00, 0x00, 0x00, 0x01, 0xff,
    0xb6, 0xff, 0x70, 0x00, 0x00, 0x00, 0x1f, 0xfb, 0x6f, 0xf7, 0x00, 0x00,
    0x00, 0x01, 0xff, 0xb6, 0xff, 0x70, 0x00, 0x00, 0x00, 0x1f, 0xfb, 0x6f,
    0xf7, 0x00, 0x00, 0x00, 0x01, 0xff, 0xb6, 0xff, 0x70, 0x00, 0x00, 0x00,
    0x1f, 0xfb, 0x6f, 0xf7, 0x00, 0x00, 0x00, 0x01, 0xff, 0xb6, 0xff, 0x70,
    0x00, 0x00, 0x00, 0x1f, 0xfb, 0x6f, 0xf7, 0x00, 0x00, 0x00, 0x01, 0xff,
    0xb6, 0xff, 0x70, 0x00, 0x00, 0x00, 0x1f, 0xfb, 0x6f, 0xf7, 0x00, 0x00,
    0x00, 0x01, 0xff, 0xb6, 0xff, 0x70, 0x00, 0x00, 0x00, 0x1f, 0xfb, 0x5f,
    0xf8, 0x00, 0x00, 0x00, 0x03, 0xff, 0xa2, 0xff, 0xd0, 0x00, 0x00, 0x00,
    0x7f, 0xf7, 0x0d, 0xff, 0x70, 0x00, 0x00, 0x3f, 0xff, 0x20, 0x5f, 0xff,
    0xc7, 0x67, 0xaf, 0xff, 0xa0, 0x00, 0x7f, 0xff, 0xff, 0xff, 0xff, 0xb0,
    0x00, 0x00, 0x29, 0xce, 0xff, 0xda, 0x40, 0x00, 0x01, 0x9e, 0xff, 0x50,
    0x00, 0x00, 0x0d, 0xfe, 0x0c, 0xff, 0xff, 0x30, 0x00, 0x00, 0x0d, 0xfe,
    0x2f, 0xfe, 0x76, 0x10, 0x00, 0x00, 0x0d, 0xfe, 0x3f, 0xf9, 0x00, 0x00,
    0x00, 0x00, 0x0d, 0xfe, 0x4f, 0xf8, 0x00, 0x00, 0x00, 0x00, 0x0d, 0xfe,
    0x4f, 0xf8, 0x00, 0x00, 0x00, 0x00, 0x0d, 0xfe, 0x4f, 0xf8, 0x00, 0x06,
    0x83, 0x00, 0x0d, 0xfe, 0x4f, 0xf8, 0x00, 0x2f, 0xfd, 0x00, 0x0d, 0xfe,
    0x4f, 0xf8, 0x00, 0xbf, 0xff, 0x60, 0x0d, 0xfe, 0x4f, 0xf8, 0x05, 0xff,
    0xdf, 0xe1, 0x0d, 0xfe, 0x4f, 0xf8, 0x0e, 0xfb, 0x1e, 0xf9, 0x0d, 0xfe,
    0x4f, 0xf7, 0x7f, 0xf2, 0x06, 0xff, 0x2d, 0xfe, 0x4f, 0xf8, 0xef, 0x80,
    0x00, 0xdf, 0xac, 0xfe, 0x4f, 0xfe, 0xfe, 0x00, 0x00, 0x4f, 0xfe, 0xfe,
    0x4f, 0xff, 0xf5, 0x00, 0x00, 0x0a, 0xff, 0xfe, 0x4f, 0xff, 0xc0, 0x00,
    0x00, 0x01, 0xff, 0xfe, 0x4f, 0xff, 0x20, 0x00, 0x00, 0x00, 0x7f, 0xfe,
    0x4f, 0xf9, 0x00, 0x00, 0x00, 0x00, 0x0d, 0xfe, 0x00, 0x00, 0x00, 0x00,
    0x00, 0x00, 0x0d, 0xff, 0x00, 0x00, 0x00, 0x00, 0x00, 0x00, 0x0d, 0xff,
    0x00, 0x00, 0x00, 0x00, 0x00, 0x00, 0x0d, 0xff, 0x00, 0x00, 0x00, 0x00,
    0x00, 0x00, 0x0d, 0xff, 0x00, 0x00, 0x00, 0x00, 0x00, 0x00, 0x0d, 0xff,
    0x00, 0x00, 0x00, 0x00, 0x00, 0x00, 0x0d, 0xff, 0x01, 0x9e, 0xfd, 0x40,
    0x00, 0x00, 0x0d, 0xff, 0x0c, 0xff, 0xff, 0x40, 0x00, 0x00, 0x0d, 0xff,
    0x2f, 0xfe, 0x76, 0x10, 0x00, 0x00, 0x0d, 0xff, 0x3f, 0xf9, 0x00, 0x00,
    0x00, 0x00, 0x0d, 0xff, 0x4f, 0xf8, 0x00, 0x00, 0x00, 0x00, 0x0d, 0xff,
    0x4f, 0xf8, 0x00, 0x00, 0x00, 0x00, 0x0d, 0xff, 0x4f, 0xf8, 0x00, 0x06,
    0x83, 0x00, 0x0d, 0xff, 0x4f, 0xf8, 0x00, 0x2f, 0xfd, 0x00, 0x0d, 0xff,
    0x4f, 0xf8, 0x00, 0xbf, 0xff, 0x60, 0x0d, 0xff, 0x4f, 0xf8, 0x05, 0xff,
    0xdf, 0xe1, 0x0d, 0xff, 0x4f, 0xf8, 0x0e, 0xfb, 0x1e, 0xf9, 0x0d, 0xff,
    0x4f, 0xf7, 0x7f, 0xf2, 0x06, 0xff, 0x2d, 0xff, 0x4f, 0xf8, 0xef, 0x80,
    0x00, 0xdf, 0xac, 0xff, 0x4f, 0xfe, 0xfe, 0x00, 0x00, 0x4f, 0xfe, 0xff,
    0x4f, 0xff, 0xf5, 0x00, 0x00, 0x0a, 0xff, 0xff, 0x4f, 0xff, 0xc0, 0x00,
    0x00, 0x01, 0xff, 0xff, 0x4f, 0xff, 0x20, 0x00, 0x00, 0x00, 0x7f, 0xff,
    0x4f, 0xf9, 0x00, 0x00, 0x00, 0x00, 0x0d, 0xff, 0x9f, 0xf4, 0x00, 0x00,
    0x3f, 0xf6, 0x00, 0x00, 0x1f, 0xfd, 0x6f, 0xf7, 0x00, 0x00, 0x7f, 0xfa,
    0x00, 0x00, 0x3f, 0xfa, 0x3f, 0xf9, 0x00, 0x00, 0xcf, 0xff, 0x00, 0x00,
    0x6f, 0xf7, 0x1f, 0xfc, 0x00, 0x01, 0xff, 0xff, 0x30, 0x00, 0x8f, 0xf4,
    0x0e, 0xfe, 0x00, 0x05, 0xff, 0xcf, 0x80, 0x00, 0xbf, 0xf2, 0x0b, 0xff,
    0x10, 0x09, 0xfd, 0x9f, 0xc0, 0x00, 0xef, 0xf0, 0x08, 0xff, 0x40, 0x0e,
    0xf9, 0x6f, 0xf1, 0x00, 0xff, 0xc0, 0x05, 0xff, 0x60, 0x2f, 0xf5, 0x2f,
    0xf5, 0x03, 0xff, 0x90, 0x03, 0xff, 0x90, 0x6f, 0xf1, 0x0e, 0xfa, 0x05,
    0xff, 0x60, 0x00, 0xff, 0xb0, 0xbf, 0xc0, 0x09, 0xfe, 0x08, 0xff, 0x40,
    0x00, 0xdf, 0xc0, 0xff, 0x70, 0x04, 0xff, 0x29, 0xff, 0x10, 0x00, 0xaf,
    0xe3, 0xff, 0x20, 0x00, 0xff, 0x6b, 0xfe, 0x00, 0x00, 0x7f, 0xf7, 0xfe,
    0x00, 0x00, 0xaf, 0xad, 0xfb, 0x00, 0x00, 0x4f, 0xfc, 0xf9, 0x00, 0x00,
    0x6f, 0xde, 0xf8, 0x00, 0x00, 0x2f, 0xff, 0xf4, 0x00, 0x00, 0x1f, 0xff,
    0xf6, 0x00, 0x00, 0x0f, 0xff, 0xf0, 0x00, 0x00, 0x0c, 0xff, 0xf3, 0x00,
    0x00, 0x0c, 0xff, 0xb0, 0x00, 0x00, 0x07, 0xff, 0xf0, 0x00, 0x00, 0x09,
    0xff, 0x60, 0x00, 0x00, 0x02, 0xff, 0xd0, 0x00, 0x00, 0x00, 0x00, 0x00,
    0x00, 0x00, 0x00, 0x00, 0x0b, 0xff, 0x10, 0x00, 0x00, 0x00, 0x00, 0x00,
    0x00, 0x00, 0x00, 0xdf, 0xe0, 0x00, 0x00, 0x00, 0x00, 0x00, 0x00, 0x00,
    0x00, 0x0f, 0xfc, 0x00, 0x00, 0x00, 0x00, 0x00, 0x00, 0x00, 0x00, 0x01,
    0xff, 0xa0, 0x00, 0x00, 0x00, 0x00, 0x00, 0x00, 0x00, 0x00, 0x3f, 0xf7,
    0x00, 0x00, 0x00, 0x00, 0x00, 0x00, 0x00, 0x00, 0x06, 0xff, 0x50, 0x9f,
    0xf4, 0x00, 0x00, 0x5f, 0xf4, 0x00, 0x00, 0x8f, 0xf3, 0x06, 0xff, 0x60,
    0x00, 0x09, 0xff, 0x80, 0x00, 0x0a, 0xff, 0x00, 0x4f, 0xf9, 0x00, 0x00,
    0xef, 0xfd, 0x00, 0x00, 0xcf, 0xe0, 0x01, 0xff, 0xb0, 0x00, 0x2f, 0xff,
    0xf1, 0x00, 0x0e, 0xfc, 0x00, 0x0e, 0xfd, 0x00, 0x07, 0xfe, 0xef, 0x60,
    0x00, 0xff, 0x90, 0x00, 0xcf, 0xf0, 0x00, 0xbf, 0xbb, 0xfa, 0x00, 0x2f,
    0xf7, 0x00, 0x09, 0xff, 0x20, 0x0f, 0xf7, 0x8f, 0xf0, 0x04, 0xff, 0x50,
    0x00, 0x6f, 0xf4, 0x04, 0xff, 0x34, 0xff, 0x30, 0x6f, 0xf2, 0x00, 0x04,
    0xff, 0x60, 0x9f, 0xf0, 0x0f, 0xf8, 0x08, 0xff, 0x00, 0x00, 0x1f, 0xf8,
    0x0d, 0xfa, 0x00, 0xbf, 0xc0, 0xaf, 0xd0, 0x00, 0x00, 0xef, 0xa1, 0xff,
    0x50, 0x06, 0xff, 0x0c, 0xfb, 0x00, 0x00, 0x0b, 0xfb, 0x5f, 0xf1, 0x00,
    0x1f, 0xf4, 0xdf, 0x90, 0x00, 0x00, 0x9f, 0xd8, 0xfc, 0x00, 0x00, 0xdf,
    0x7f, 0xf6, 0x00, 0x00, 0x06, 0xff, 0xcf, 0x70, 0x00, 0x08, 0xfc, 0xff,
    0x40, 0x00, 0x00, 0x3f, 0xff, 0xf2, 0x00, 0x00, 0x3f, 0xff, 0xf2, 0x00,
    0x00, 0x01, 0xff, 0xfe, 0x00, 0x00, 0x00, 0xef, 0xff, 0x00, 0x00, 0x00,
    0x0e, 0xff, 0x90, 0x00, 0x00, 0x0a, 0xff, 0xd0, 0x00, 0x00, 0x00, 0xbf,
    0xf4, 0x00, 0x00, 0x00, 0x5f, 0xfb, 0x00, 0x00, 0x00, 0x00, 0x04, 0x9d,
    0xef, 0xec, 0x82, 0x00, 0x00, 0x00, 0x1b, 0xff, 0xff, 0xff, 0xff, 0xf8,
    0x00, 0x00, 0x0d, 0xff, 0xfa, 0x76, 0x8d, 0xff, 0xf8, 0x00, 0x07, 0xff,
    0xc1, 0x00, 0x00, 0x05, 0xff, 0xf3, 0x00, 0xcf, 0xf3, 0x00, 0x00, 0x00,
    0x08, 0xff, 0x80, 0x0d, 0xff, 0x92, 0x00, 0x00, 0x00, 0x3f, 0xfa, 0x00,
    0x39, 0xef, 0xfa, 0x20, 0x00, 0x02, 0xff, 0xb0, 0x00, 0x01, 0xaf, 0xf9,
    0x00, 0x00, 0x2f, 0xfb, 0x00, 0x02, 0xef, 0xfa, 0x30, 0x00, 0x02, 0xff,
    0xb0, 0x00, 0xbf, 0xf5, 0x00, 0x00, 0x00, 0x2f, 0xfb, 0x00, 0x0f, 0xff,
    0x00, 0x00, 0x00, 0x02, 0xff, 0xb0, 0x00, 0xff, 0xd0, 0x00, 0x00, 0x00,
    0x2f, 0xfb, 0x00, 0x1f, 0xfc, 0x00, 0x00, 0x00, 0x02, 0xff, 0xb0, 0x01,
    0xff, 0xc0, 0x00, 0x00, 0x00, 0x2f, 0xfb, 0x00, 0x1f, 0xfc, 0x00, 0x00,
    0x00, 0x02, 0xff, 0xb0, 0x58, 0xff, 0xb0, 0x00, 0x00, 0x00, 0x2f, 0xfb,
    0x3f, 0xff, 0xf7, 0x00, 0x00, 0x00, 0x02, 0xff, 0xb4, 0xef, 0xe8, 0x00,
    0x00, 0x00, 0x00, 0x2f, 0xfb, 0x2f, 0xfb, 0x00, 0x00, 0x00, 0x00, 0xcf,
    0xf1, 0x2f, 0xfb, 0x00, 0x00, 0x00, 0x00, 0xcf, 0xf1, 0x2f, 0xfb, 0x00,
    0x00, 0x00, 0x00, 0xcf, 0xf1, 0x2f, 0xfb, 0x00, 0x00, 0x00, 0x00, 0xcf,
    0xf1, 0x2f, 0xfb, 0x00, 0x00, 0x00, 0x00, 0xcf, 0xf1, 0x2f, 0xfb, 0x00,
    0x00, 0x00, 0x00, 0xcf, 0xf1, 0x2f, 0xfb, 0x00, 0x00, 0x00, 0x00, 0xcf,
    0xf1, 0x2f, 0xfb, 0x00, 0x00, 0x00, 0x00, 0xcf, 0xf1, 0x2f, 0xfb, 0x00,
    0x00, 0x00, 0x00, 0xcf, 0xf1, 0x2f, 0xfb, 0x00, 0x00, 0x00, 0x00, 0xcf,
    0xf1, 0x2f, 0xfb, 0x00, 0x00, 0x00, 0x00, 0xcf, 0xf1, 0x2f, 0xfd, 0x00,
    0x00, 0x00, 0x00, 0xcf, 0xf0, 0x2f, 0xff, 0x10, 0x00, 0x00, 0x00, 0xef,
    0xf0, 0x2f, 0xff, 0x80, 0x00, 0x00, 0x02, 0xff, 0xe0, 0x2f, 0xff, 0xf6,
    0x00, 0x00, 0x0b, 0xff, 0x90, 0x2f, 0xf7, 0xff, 0xd8, 0x79, 0xef, 0xff,
    0x30, 0x2f, 0xf4, 0x6f, 0xff, 0xff, 0xff, 0xf6, 0x00, 0x2f, 0xf3, 0x02,
    0x9d, 0xff, 0xd9, 0x20, 0x00, 0x00, 0x6c, 0xef, 0xec, 0x10, 0x07, 0xff,
    0x60, 0xbf, 0xff, 0xff, 0xf0, 0x00, 0x7f, 0xf6, 0x6f, 0xff, 0x96, 0x78,
    0x00, 0x07, 0xff, 0x6b, 0xff, 0x50, 0x00, 0x00, 0x00, 0x7f, 0xf6, 0xcf,
    0xf1, 0x00, 0x00, 0x00, 0x07, 0xff, 0x69, 0xff, 0x40, 0x00, 0x00, 0x00,
    0x7f, 0xf6, 0x2f, 0xfe, 0x62, 0x00, 0x00, 0x07, 0xff, 0x60, 0x2b, 0xff,
    0xff, 0x80, 0x00, 0x7f, 0xf6, 0x02, 0xaf, 0xff, 0xf8, 0x00, 0x07, 0xff,
    0x61, 0xef, 0xf9, 0x31, 0x00, 0x00, 0x7f, 0xf6, 0x7f, 0xf9, 0x00, 0x00,
    0x00, 0x07, 0xff, 0x6a, 0xff, 0x40, 0x00, 0x00, 0x00, 0x7f, 0xf6, 0xbf,
    0xf3, 0x00, 0x00, 0x00, 0x07, 0xff, 0x59, 0xff, 0x60, 0x00, 0x00, 0x00,
    0xbf, 0xf3, 0x6f, 0xfd, 0x10, 0x00, 0x00, 0x4f, 0xff, 0x00, 0xdf, 0xfe,
    0x96, 0x67, 0xbf, 0xff, 0x80, 0x02, 0xdf, 0xff, 0xff, 0xff, 0xff, 0xa0,
    0x00, 0x00, 0x6b, 0xef, 0xff, 0xd9, 0x30, 0x00, 0x00, 0x06, 0xad, 0xff,
    0xfd, 0xa5, 0x00, 0x02, 0xdf, 0xff, 0xff, 0xff, 0xff, 0x50, 0x0e, 0xff,
    0xd8, 0x66, 0x79, 0xcf, 0x60, 0x5f, 0xfc, 0x00, 0x00, 0x00, 0x01, 0x20,
    0x7f, 0xf6, 0x00, 0x00, 0x00, 0x00, 0x00, 0x5f, 0xfb, 0x00, 0x00, 0x00,
    0x00, 0x00, 0x1f, 0xff, 0xc4, 0x00, 0x00, 0x00, 0x00, 0x05, 0xff, 0xff,
    0xe8, 0x20, 0x00, 0x00, 0x00, 0x3c, 0xff, 0xff, 0xfb, 0x40, 0x00, 0x00,
    0x00, 0x4a, 0xff, 0xff, 0xfa, 0x00, 0x00, 0x00, 0x00, 0x05, 0xcf, 0xff,
    0x90, 0x00, 0x00, 0x00, 0x00, 0x05, 0xff, 0xf2, 0x00, 0x00, 0x00, 0x00,
    0x00, 0x9f, 0xf5, 0x00, 0x00, 0x00, 0x00, 0x00, 0x8f, 0xf4, 0x06, 0x10,
    0x00, 0x00, 0x02, 0xef, 0xf1, 0x4f, 0xfd, 0x97, 0x67, 0xaf, 0xff, 0x90,
    0x8f, 0xff, 0xff, 0xff, 0xff, 0xfa, 0x00, 0x03, 0x7b, 0xdf, 0xff, 0xda,
    0x40, 0x00, 0x00, 0x04, 0x9d, 0xef, 0xec, 0x71, 0x00, 0x00, 0x1b, 0xff,
    0xff, 0xff, 0xff, 0xf7, 0x00, 0x0d, 0xff, 0xfa, 0x76, 0x8d, 0xff, 0xf8,
    0x07, 0xff, 0xc1, 0x00, 0x00, 0x05, 0xff, 0xf2, 0xcf, 0xf3, 0x00, 0x00,
    0x00, 0x08, 0xff, 0x7e, 0xff, 0x70, 0x00, 0x00, 0x00, 0x4f, 0xfa, 0x5b,
    0xff, 0xf8, 0x10, 0x00, 0x02, 0xff, 0xa0, 0x01, 0xbf, 0xf9, 0x00, 0x00,
    0x2f, 0xfa, 0x02, 0xdf, 0xfb, 0x40, 0x00, 0x02, 0xff, 0xa0, 0xdf, 0xe2,
    0x00, 0x00, 0x00, 0x2f, 0xfa, 0x3f, 0xf9, 0x00, 0x00, 0x00, 0x02, 0xff,
    0xa4, 0xff, 0x80, 0x00, 0x00, 0x00, 0x2f, 0xfa, 0x5f, 0xf8, 0x00, 0x00,
    0x00, 0x02, 0xff, 0xa5, 0xff, 0x80, 0x00, 0x00, 0x00, 0x2f, 0xfa, 0x4f,
    0xf8, 0x00, 0x00, 0x00, 0x03, 0xff, 0xd3, 0xff, 0xe6, 0x60, 0x00, 0x00,
    0x5f, 0xff, 0x0d, 0xff, 0xff, 0x30, 0x00, 0x05, 0xff, 0xf0, 0x2a, 0xef,
    0xf5, 0x00, 0x00, 0x5f, 0xff, 0x00, 0x00, 0x00, 0x00, 0x00, 0x02, 0xff,
    0xa0, 0x00, 0x00, 0x00, 0x00, 0x00, 0x2f, 0xfa, 0x00, 0x00, 0x00, 0x00,
    0x00, 0x02, 0xff, 0xa0, 0x00, 0x00, 0x00, 0x00, 0x00, 0x2f, 0xfa, 0x00,
    0x00, 0x00, 0x00, 0x00, 0x02, 0xff, 0xa0, 0x00, 0x00, 0x00, 0x00, 0x00,
    0x2f, 0xfa, 0x00, 0x04, 0x9c, 0xef, 0xfe, 0xb6, 0x00, 0x00, 0x0e, 0xff,
    0xff, 0xff, 0xff, 0xfd, 0x10, 0x01, 0xff, 0xd9, 0x76, 0x69, 0xef, 0xfc,
    0x00, 0x09, 0x20, 0x00, 0x00, 0x01, 0xdf, 0xf4, 0x00, 0x00, 0x00, 0x00,
    0x00, 0x06, 0xff, 0x80, 0x00, 0x00, 0x00, 0x00, 0x00, 0x3f, 0xfa, 0x00,
    0x00, 0x00, 0x00, 0x00, 0x02, 0xff, 0xa0, 0x00, 0x17, 0xbd, 0xff, 0xff,
    0xff, 0xfb, 0x00, 0x7f, 0xff, 0xff, 0xff, 0xff, 0xff, 0xb0, 0x6f, 0xff,
    0xd9, 0x76, 0x55, 0x8f, 0xfb, 0x0f, 0xff, 0x60, 0x00, 0x00, 0x02, 0xff,
    0xb4, 0xff, 0xa0, 0x00, 0x00, 0x00, 0x2f, 0xfb, 0x6f, 0xf7, 0x00, 0x00,
    0x00, 0x02, 0xff, 0xb6, 0xff, 0x90, 0x00, 0x00, 0x00, 0x2f, 0xfb, 0x3f,
    0xfe, 0x10, 0x00, 0x00, 0x02, 0xff, 0xb0, 0xcf, 0xfe, 0x86, 0x57, 0x00,
    0x2f, 0xfb, 0x02, 0xef, 0xff, 0xff, 0xf0, 0x02, 0xff, 0xb0, 0x01, 0x8c,
    0xff, 0xfe, 0x10, 0x2f, 0xfb, 0x00, 0x00, 0x03, 0x9d, 0xef, 0xec, 0x82,
    0x00, 0x00, 0x00, 0x1b, 0xff, 0xff, 0xff, 0xff, 0xf8, 0x00, 0x00, 0x0d,
    0xff, 0xfa, 0x76, 0x8d, 0xff, 0xf8, 0x00, 0x07, 0xff, 0xd1, 0x00, 0x00,
    0x05, 0xff, 0xf3, 0x00, 0xcf, 0xf3, 0x00, 0x00, 0x00, 0x08, 0xff, 0x80,
    0x0d, 0xff, 0x81, 0x00, 0x00, 0x00, 0x3f, 0xfa, 0x00, 0x4b, 0xff, 0xf8,
    0x10, 0x00, 0x02, 0xff, 0xb0, 0x00, 0x01, 0xaf, 0xf9, 0x00, 0x00, 0x2f,
    0xfb, 0x00, 0x01, 0xcf, 0xfc, 0x40, 0x00, 0x02, 0xff, 0xb0, 0x00, 0xbf,
    0xf7, 0x00, 0x00, 0x00, 0x2f, 0xfb, 0x00, 0x0f, 0xff, 0x00, 0x00, 0x00,
    0x02, 0xff, 0xb0, 0x00, 0xff, 0xd0, 0x00, 0x00, 0x00, 0x2f, 0xfb, 0x00,
    0x1f, 0xfc, 0x00, 0x00, 0x00, 0x02, 0xff, 0xb0, 0x01, 0xff, 0xc0, 0x00,
    0x00, 0x00, 0x2f, 0xfb, 0x00, 0x1f, 0xfc, 0x00, 0x00, 0x00, 0x02, 0xff,
    0xd0, 0x58, 0xff, 0xb0, 0x00, 0x00, 0x00, 0x4f, 0xff, 0x3f, 0xff, 0xf7,
    0x00, 0x00, 0x00, 0x04, 0xff, 0xf4, 0xef, 0xe8, 0x00, 0x00, 0x00, 0x00,
    0x4f, 0xff, 0x00, 0x00, 0x00, 0x00, 0x00, 0x00, 0x02, 0xff, 0xb0, 0x00,
    0x00, 0x00, 0x00, 0x00, 0x00, 0x2f, 0xfb, 0x00, 0x00, 0x00, 0x00, 0x00,
    0x00, 0x02, 0xff, 0xb0, 0x00, 0x00, 0x00, 0x00, 0x00, 0x00, 0x2f, 0xfb,
    0x00, 0x00, 0x00, 0x00, 0x00, 0x00, 0x02, 0xff, 0xb0, 0x00, 0x00, 0x00,
    0x00, 0x00, 0x00, 0x2f, 0xfb, 0x29, 0xce, 0xff, 0xd9, 0x40, 0x00, 0x0a,
    0xff, 0xff, 0xff, 0xff, 0xa0, 0x00, 0xad, 0x97, 0x68, 0xcf, 0xff, 0xc0,
    0x01, 0x00, 0x00, 0x00, 0x4e, 0xff, 0x70, 0x00, 0x00, 0x00, 0x00, 0x4f,
    0xfe, 0x00, 0x00, 0x00, 0x00, 0x00, 0xcf, 0xf4, 0x00, 0x00, 0x00, 0x00,
    0x07, 0xff, 0x80, 0x00, 0x00, 0x00, 0x00, 0x4f, 0xf9, 0x00, 0x00, 0x00,
    0x00, 0x03, 0xff, 0xb0, 0x00, 0x00, 0x00, 0x00, 0x3f, 0xfb, 0x00, 0x00,
    0x00, 0x00, 0x04, 0xff, 0xa0, 0x00, 0x00, 0x00, 0x00, 0x7f, 0xf7, 0x00,
    0x00, 0x00, 0x00, 0x0c, 0xff, 0x40, 0x00, 0x00, 0x00, 0x04, 0xff, 0xe0,
    0x03, 0x00, 0x00, 0x03, 0xef, 0xf7, 0x04, 0xfc, 0x86, 0x7b, 0xff, 0xfc,
    0x00, 0x9f, 0xff, 0xff, 0xff, 0xfc, 0x10, 0x00, 0x5a, 0xdf, 0xfe, 0xa5,
    0x00, 0x00, 0x00, 0x00, 0x00, 0x00, 0x00, 0x00, 0x06, 0xdd, 0x40, 0x00,
    0x18, 0xce, 0xff, 0xda, 0x32, 0xef, 0xf2, 0x00, 0x6f, 0xff, 0xff, 0xff,
    0xff, 0xff, 0xf6, 0x00, 0x4f, 0xff, 0xd8, 0x67, 0x9f, 0xff, 0xf3, 0x00,
    0x0d, 0xff, 0x80, 0x00, 0x00, 0x1d, 0xff, 0x60, 0x02, 0xff, 0xd0, 0x00,
    0x00, 0x00, 0x3f, 0xfc, 0x00, 0x5f, 0xf8, 0x00, 0x00, 0x00, 0x00, 0xef,
    0xf0, 0x06, 0xff, 0x70, 0x00, 0x00, 0x00, 0x0d, 0xff, 0x00, 0x6f, 0xf7,
    0x00, 0x00, 0x00, 0x00, 0xcf, 0xf1, 0x06, 0xff, 0x72, 0xae, 0xff, 0x30,
    0x0c, 0xff, 0x10, 0x6f, 0xf8, 0xef, 0xff, 0xf3, 0x00, 0xcf, 0xf1, 0x06,
    0xff, 0xff, 0xd8, 0x65, 0x10, 0x0c, 0xff, 0x10, 0x6f, 0xff, 0x70, 0x00,
    0x00, 0x00, 0xcf, 0xf1, 0x06, 0xff, 0xc0, 0x00, 0x00, 0x00, 0x0c, 0xff,
    0x10, 0x6f, 0xf8, 0x00, 0x00, 0x00, 0x00, 0xcf, 0xf1, 0x06, 0xff, 0x70,
    0x00, 0x00, 0x00, 0x0c, 0xff, 0x10, 0x6f, 0xf7, 0x00, 0x00, 0x00, 0x00,
    0xcf, 0xf1, 0x06, 0xff, 0x70, 0x00, 0x00, 0x00, 0x0c, 0xff, 0x10, 0x6f,
    0xf7, 0x00, 0x00, 0x00, 0x00, 0xcf, 0xf1, 0x00, 0x6f, 0xf7, 0x00, 0x00,
    0x00, 0x00, 0xaf, 0xf3, 0x00, 0x6f, 0xf7, 0x00, 0x00, 0x00, 0x00, 0xaf,
    0xf3, 0x00, 0x6f, 0xf7, 0x00, 0x00, 0x00, 0x00, 0xaf, 0xf3, 0x00, 0x6f,
    0xf7, 0x00, 0x00, 0x00, 0x00, 0xaf, 0xf3, 0x00, 0x6f, 0xf7, 0x00, 0x00,
    0x00, 0x00, 0xaf, 0xf3, 0x00, 0x6f, 0xf7, 0x00, 0x24, 0x10, 0x00, 0xaf,
    0xf3, 0x00, 0x6f, 0xf7, 0x00, 0x9f, 0xe0, 0x00, 0xaf, 0xf3, 0x00, 0x6f,
    0xf7, 0x00, 0xbf, 0xf2, 0x00, 0xaf, 0xf3, 0x00, 0x6f, 0xf7, 0x00, 0x7f,
    0xff, 0xff, 0xff, 0xff, 0xf3, 0x6f, 0xf7, 0x00, 0x0a, 0xff, 0xff, 0xff,
    0xff, 0xf3, 0x6f, 0xf7, 0x00, 0x00, 0x02, 0x33, 0xdf, 0xf6, 0x30, 0x5f,
    0xf7, 0x00, 0x00, 0x00, 0x00, 0xaf, 0xf2, 0x00, 0x4f, 0xf9, 0x00, 0x00,
    0x00, 0x00, 0xcf, 0xf1, 0x00, 0x1f, 0xfd, 0x00, 0x00, 0x00, 0x01, 0xff,
    0xe0, 0x00, 0x0c, 0xff, 0x80, 0x00, 0x00, 0x0b, 0xff, 0x90, 0x00, 0x03,
    0xff, 0xfd, 0x86, 0x69, 0xef, 0xfe, 0x10, 0x00, 0x00, 0x5f, 0xff, 0xff,
    0xff, 0xff, 0xd3, 0x00, 0x00, 0x00, 0x01, 0x7c, 0xef, 0xfe, 0xb7, 0x00,
    0x00, 0x00, 0x00, 0x00, 0x00, 0x00, 0x00, 0x00, 0x0c, 0xff, 0x00, 0x00,
    0x49, 0xce, 0xff, 0xeb, 0x46, 0xff, 0xc0, 0x00, 0xef, 0xff, 0xff, 0xff,
    0xff, 0xff, 0xe3, 0x00, 0x1f, 0xfd, 0x97, 0x66, 0x9e, 0xff, 0xf1, 0x00,
    0x00, 0x92, 0x00, 0x00, 0x00, 0x1d, 0xff, 0x30, 0x00, 0x00, 0x00, 0x00,
    0x00, 0x00, 0x6f, 0xf8, 0x00, 0x00, 0x00, 0x00, 0x00, 0x00, 0x03, 0xff,
    0xa0, 0x00, 0x00, 0x00, 0x00, 0x00, 0x00, 0x2f, 0xfa, 0x00, 0x00, 0x01,
    0x7b, 0xdf, 0xff, 0xff, 0xff, 0xb0, 0x00, 0x07, 0xff, 0xff, 0xff, 0xff,
    0xff, 0xfb, 0x00, 0x06, 0xff, 0xfd, 0x97, 0x65, 0x58, 0xff, 0xb0, 0x00,
    0xff, 0xf6, 0x00, 0x00, 0x00, 0x2f, 0xfb, 0x00, 0x4f, 0xfa, 0x00, 0x00,
    0x00, 0x02, 0xff, 0xb0, 0x06, 0xff, 0x70, 0x00, 0x00, 0x00, 0x2f, 0xfb,
    0x00, 0x6f, 0xf9, 0x00, 0x00, 0x00, 0x02, 0xff, 0xb0, 0x03, 0xff, 0xe1,
    0x00, 0x00, 0x00, 0x2f, 0xfb, 0x00, 0x0c, 0xff, 0xe8, 0x65, 0x70, 0x02,
    0xff, 0xb0, 0x00, 0x2e, 0xff, 0xff, 0xff, 0x00, 0x2f, 0xfb, 0x00, 0x00,
    0x18, 0xcf, 0xff, 0xe1, 0x02, 0xff, 0xb0, 0x00, 0x2f, 0xfb, 0x00, 0x00,
    0x00, 0x5f, 0xfe, 0x22, 0xff, 0xb0, 0x00, 0x00, 0x4f, 0xfe, 0x20, 0x2f,
    0xfb, 0x00, 0x00, 0x2f, 0xff, 0x30, 0x02, 0xff, 0xb0, 0x00, 0x1e, 0xff,
    0x40, 0x00, 0x2f, 0xfb, 0x00, 0x1d, 0xff, 0x40, 0x00, 0x02, 0xff, 0xb0,
    0x0c, 0xff, 0x50, 0x00, 0x00, 0x2f, 0xfb, 0x0a, 0xff, 0xff, 0xd7, 0x00,
    0x02, 0xff, 0xb9, 0xff, 0xff, 0xff, 0xfd, 0x10, 0x2f, 0xff, 0xff, 0x80,
    0x26, 0xef, 0xfb, 0x02, 0xff, 0xff, 0x90, 0x00, 0x01, 0xef, 0xf2, 0x2f,
    0xff, 0xa0, 0x00, 0x00, 0x08, 0xff, 0x72, 0xff, 0xc0, 0x00, 0x00, 0x00,
    0x4f, 0xf8, 0x2f, 0xfb, 0x00, 0x00, 0x00, 0x04, 0xff, 0x92, 0xff, 0xb0,
    0x00, 0x00, 0x00, 0x4f, 0xf9, 0x2f, 0xfb, 0x00, 0x00, 0x00, 0x04, 0xff,
    0x92, 0xff, 0xb0, 0x00, 0x00, 0x00, 0x4f, 0xf9, 0x2f, 0xfb, 0x00, 0x00,
    0x00, 0x04, 0xff, 0x92, 0xff, 0xb0, 0x00, 0x00, 0x00, 0x4f, 0xf9, 0x00,
    0x00, 0x00, 0x00, 0x00, 0x00, 0x00, 0x00, 0x0c, 0xff, 0x10, 0x00, 0x00,
    0x00, 0x00, 0x00, 0x00, 0x00, 0x00, 0xef, 0xf0, 0x00, 0x00, 0x00, 0x00,
    0x00, 0x00, 0x00, 0x00, 0x5f, 0xfa, 0x00, 0x00, 0x00, 0x00, 0x00, 0x00,
    0x11, 0x13, 0x7f, 0xfe, 0x20, 0x00, 0x00, 0x00, 0x00, 0x00, 0x3f, 0xff,
    0xff, 0xe8, 0x10, 0x09, 0xff, 0x30, 0x00, 0x00, 0x03, 0xff, 0xff, 0xff,
    0x80, 0x00, 0x7f, 0xf5, 0x00, 0x00, 0x00, 0x00, 0x01, 0x6f, 0xff, 0x40,
    0x05, 0xff, 0x70, 0x00, 0x00, 0x00, 0x00, 0x00, 0x5f, 0xf8, 0x00, 0x2f,
    0xf9, 0x00, 0x00, 0x36, 0x40, 0x00, 0x01, 0xff, 0x90, 0x00, 0xff, 0xb0,
    0x00, 0x0c, 0xff, 0x00, 0x00, 0x2f, 0xf8, 0x00, 0x0d, 0xfd, 0x00, 0x02,
    0xff, 0xf6, 0x00, 0x04, 0xff, 0x60, 0x00, 0xbf, 0xf0, 0x00, 0x8f, 0xcf,
    0xc0, 0x00, 0x7f, 0xf3, 0x00, 0x08, 0xff, 0x10, 0x0e, 0xf5, 0xff, 0x20,
    0x0a, 0xff, 0x00, 0x00, 0x6f, 0xf3, 0x04, 0xff, 0x0d, 0xf8, 0x00, 0xdf,
    0xd0, 0x00, 0x04, 0xff, 0x50, 0xaf, 0xc0, 0x8f, 0xe0, 0x0f, 0xfb, 0x00,
    0x00, 0x1f, 0xf7, 0x0f, 0xf7, 0x02, 0xff, 0x32, 0xff, 0x80, 0x00, 0x00,
    0xff, 0x84, 0xff, 0x20, 0x0d, 0xf8, 0x4f, 0xf5, 0x00, 0x00, 0x0c, 0xfa,
    0x9f, 0xc0, 0x00, 0x7f, 0xd5, 0xff, 0x20, 0x00, 0x00, 0xaf, 0xbe, 0xf6,
    0x00, 0x02, 0xff, 0x8f, 0xf0, 0x00, 0x00, 0x08, 0xfe, 0xff, 0x10, 0x00,
    0x0c, 0xfe, 0xfd, 0x00, 0x00, 0x00, 0x5f, 0xff, 0xa0, 0x00, 0x00, 0x7f,
    0xff, 0xa0, 0x00, 0x00, 0x03, 0xff, 0xf5, 0x00, 0x00, 0x01, 0xff, 0xf7,
    0x00, 0x00, 0x00, 0x0f, 0xfe, 0x00, 0x00, 0x00, 0x0b, 0xff, 0x40, 0x00,
    0x00, 0x00, 0x27, 0xad, 0xef, 0xfc, 0x82, 0x00, 0x00, 0x06, 0xff, 0xff,
    0xff, 0xff, 0xff, 0x60, 0x00, 0x08, 0xff, 0xb8, 0x76, 0x8d, 0xff, 0xf7,
    0x00, 0x06, 0x60, 0x00, 0x00, 0x00, 0x5f, 0xff, 0x10, 0x00, 0x00, 0x00,
    0x00, 0x00, 0x08, 0xff, 0x90, 0x00, 0x00, 0x00, 0x00, 0x00, 0x01, 0xff,
    0xd0, 0x00, 0x00, 0x00, 0x00, 0x00, 0x00, 0xcf, 0xf2, 0x03, 0x44, 0x44,
    0x43, 0x00, 0x00, 0xaf, 0xf3, 0x0f, 0xff, 0xff, 0xfc, 0x00, 0x00, 0x9f,
    0xf4, 0x0f, 0xff, 0xff, 0xfc, 0x00, 0x00, 0x9f, 0xf5, 0x1f, 0xfc, 0x00,
    0x00, 0x00, 0x00, 0x9f, 0xf4, 0x0f, 0xfd, 0x00, 0x00, 0x00, 0x00, 0xbf,
    0xf2, 0x0e, 0xfe, 0x00, 0x00, 0x00, 0x00, 0xef, 0xf0, 0x0b, 0xff, 0x20,
    0x00, 0x00, 0x05, 0xff, 0xb0, 0x06, 0xff, 0xb0, 0x00, 0x00, 0x2e, 0xff,
    0x40, 0x00, 0xdf, 0xfd, 0x75, 0x69, 0xff, 0xfb, 0x00, 0x00, 0x2d, 0xff,
    0xff, 0xff, 0xff, 0xa0, 0x00, 0x00, 0x00, 0x6b, 0xef, 0xfd, 0xa5, 0x00,
    0x00, 0x00, 0x00, 0x00, 0x00, 0x00, 0x00, 0x0c, 0xff, 0x10, 0x02, 0x7a,
    0xde, 0xfe, 0xc7, 0x16, 0xff, 0xc0, 0x06, 0xff, 0xff, 0xff, 0xff, 0xff,
    0xff, 0xe3, 0x00, 0x8f, 0xfb, 0x86, 0x68, 0xdf, 0xff, 0xc1, 0x00, 0x06,
    0x60, 0x00, 0x00, 0x00, 0x6f, 0xff, 0x10, 0x00, 0x00, 0x00, 0x00, 0x00,
    0x00, 0x8f, 0xf9, 0x00, 0x00, 0x00, 0x00, 0x00, 0x00, 0x01, 0xff, 0xe0,
    0x00, 0x00, 0x00, 0x00, 0x00, 0x00, 0x0d, 0xff, 0x20, 0x03, 0x44, 0x44,
    0x43, 0x00, 0x00, 0xaf, 0xf4, 0x00, 0xff, 0xff, 0xff, 0xc0, 0x00, 0x09,
    0xff, 0x50, 0x0f, 0xff, 0xff, 0xfc, 0x00, 0x00, 0x9f, 0xf5, 0x01, 0xff,
    0xc0, 0x00, 0x00, 0x00, 0x09, 0xff, 0x40, 0x0f, 0xfd, 0x00, 0x00, 0x00,
    0x00, 0xbf, 0xf2, 0x00, 0xef, 0xe0, 0x00, 0x00, 0x00, 0x0e, 0xff, 0x00,
    0x0b, 0xff, 0x20, 0x00, 0x00, 0x05, 0xff, 0xb0, 0x00, 0x6f, 0xfb, 0x00,
    0x00, 0x02, 0xef, 0xf4, 0x00, 0x00, 0xdf, 0xfd, 0x75, 0x69, 0xff, 0xfb,
    0x00, 0x00, 0x02, 0xdf, 0xff, 0xff, 0xff, 0xfa, 0x00, 0x00, 0x00, 0x00,
    0x6b, 0xef, 0xfd, 0xa5, 0x00, 0x00, 0x00, 0x00, 0x2a, 0xef, 0xf9, 0x00,
    0x6f, 0xf7, 0x03, 0xff, 0xff, 0xf7, 0x00, 0x6f, 0xf7, 0x0d, 0xff, 0xd6,
    0x62, 0x00, 0x6f, 0xf7, 0x3f, 0xfd, 0x00, 0x00, 0x00, 0x6f, 0xf7, 0x5f,
    0xf8, 0x00, 0x00, 0x00, 0x6f, 0xf7, 0x6f, 0xf7, 0x00, 0x00, 0x00, 0x7f,
    0xf7, 0x4f, 0xf9, 0x00, 0x00, 0x00, 0xbf, 0xf7, 0x0f, 0xff, 0x20, 0x00,
    0x04, 0xff, 0xf7, 0x08, 0xff, 0xf9, 0x66, 0x9f, 0xff, 0xf7, 0x00, 0xaf,
    0xff, 0xff, 0xff, 0xff, 0xf7, 0x00, 0x05, 0xbe, 0xfe, 0xb4, 0x6f, 0xf7,
    0x00, 0x00, 0x00, 0x00, 0x00, 0x6f, 0xf7, 0x00, 0x00, 0x00, 0x00, 0x00,
    0x6f, 0xf7, 0x00, 0x00, 0x00, 0x00, 0x00, 0x6f, 0xf7, 0x00, 0x00, 0x00,
    0x00, 0x00, 0x6f, 0xf7, 0x00, 0x00, 0x00, 0x00, 0x00, 0x6f, 0xf7, 0x00,
    0x00, 0x00, 0x00, 0x00, 0x6f, 0xf7, 0x00, 0x00, 0x00, 0x00, 0x00, 0x6f,
    0xf7, 0x38, 0x50, 0x00, 0x00, 0x0a, 0xff, 0x00, 0x00, 0x00, 0xbf, 0xf6,
    0x44, 0x44, 0x26, 0xff, 0xff, 0xff, 0xf9, 0x06, 0xdf, 0xff, 0xff, 0x90,
    0x00, 0x00, 0x00, 0x00, 0x00, 0x00, 0x00, 0x00, 0x00, 0x00, 0x00, 0x00,
    0x00, 0x00, 0x00, 0x00, 0x00, 0x03, 0x85, 0x00, 0x00, 0x00, 0xaf, 0xf0,
    0x00, 0x00, 0x0b, 0xff, 0x64, 0x44, 0x42, 0x6f, 0xff, 0xff, 0xff, 0x90,
    0x6d, 0xff, 0xff, 0xf9, 0x28, 0x51, 0x00, 0x00, 0x00, 0x00, 0x07, 0xff,
    0x20, 0x00, 0x00, 0x00, 0x00, 0x8f, 0xf8, 0x33, 0x33, 0x33, 0x33, 0x14,
    0xff, 0xff, 0xff, 0xff, 0xff, 0xf5, 0x05, 0xcf, 0xff, 0xff, 0xff, 0xff,
    0x50, 0x17, 0xbe, 0xff, 0xd9, 0x20, 0x0b, 0xff, 0xff, 0xff, 0xff, 0x40,
    0xbf, 0xa7, 0x68, 0xef, 0xfe, 0x04, 0x10, 0x00, 0x01, 0xef, 0xf3, 0x00,
    0x00, 0x00, 0x09, 0xff, 0x50, 0x00, 0x00, 0x00, 0x7f, 0xf6, 0x00, 0x00,
    0x00, 0x07, 0xff, 0x60, 0x00, 0x00, 0x00, 0x7f, 0xf6, 0x00, 0x00, 0x00,
    0x07, 0xff, 0x60, 0x00, 0x00, 0x00, 0x7f, 0xf6, 0x00, 0x00, 0x00, 0x07,
    0xff, 0x60, 0x00, 0x00, 0x00, 0x7f, 0xf6, 0x00, 0x00, 0x00, 0x07, 0xff,
    0x60, 0x00, 0x00, 0x00, 0x7f, 0xf6, 0x00, 0x00, 0x00, 0x07, 0xff, 0x60,
    0x00, 0x00, 0x00, 0x7f, 0xf6, 0x00, 0x00, 0x00, 0x07, 0xff, 0x60, 0x00,
    0x00, 0x00, 0x7f, 0xf6, 0x00, 0x47, 0x63, 0x00, 0x00, 0x00, 0x00, 0x00,
    0x00, 0x00, 0x0c, 0xff, 0xff, 0x90, 0x00, 0x00, 0x00, 0x00, 0x00, 0x00,
    0x6f, 0xb1, 0x2d, 0xf3, 0x00, 0x00, 0x00, 0x00, 0x00, 0x00, 0x8f, 0x60,
    0x09, 0xf5, 0x00, 0x00, 0x00, 0x00, 0x00, 0x00, 0x6f, 0xb1, 0x2d, 0xf3,
    0x00, 0x00, 0x00, 0x00, 0x00, 0x00, 0x0c, 0xff, 0xff, 0x90, 0x00, 0x00,
    0x00, 0x00, 0x00, 0x00, 0x00, 0x47, 0x63, 0x00, 0x00, 0x00, 0x00, 0x00,
    0x00, 0x00, 0x00, 0x00, 0x00, 0x00, 0x00, 0x00, 0x00, 0x00, 0x00, 0x00,
    0x00, 0x00, 0x00, 0x00, 0x01, 0x7b, 0xef, 0xfd, 0x92, 0x00, 0x00, 0x00,
    0x00, 0x00, 0x0b, 0xff, 0xff, 0xff, 0xff, 0x40, 0x00, 0x00, 0x00, 0x00,
    0x0b, 0xfa, 0x76, 0x8e, 0xff, 0xe0, 0x00, 0x00, 0x00, 0x00, 0x04, 0x10,
    0x00, 0x01, 0xef, 0xf3, 0x00, 0x00, 0x00, 0x00, 0x00, 0x00, 0x00, 0x00,
    0x9f, 0xf5, 0x00, 0x00, 0x00, 0x00, 0x00, 0x00, 0x00, 0x00, 0x7f, 0xf6,
    0x00, 0x00, 0x00, 0x00, 0x00, 0x00, 0x00, 0x00, 0x7f, 0xf6, 0x00, 0x00,
    0x00, 0x00, 0x00, 0x00, 0x00, 0x00, 0x7f, 0xf6, 0x00, 0x00, 0x00, 0x00,
    0x00, 0x00, 0x00, 0x00, 0x7f, 0xf6, 0x00, 0x00, 0x00, 0x00, 0x00, 0x00,
    0x00, 0x00, 0x7f, 0xf6, 0x00, 0x00, 0x00, 0x00, 0x00, 0x00, 0x00, 0x00,
    0x7f, 0xf6, 0x00, 0x00, 0x00, 0x00, 0x00, 0x00, 0x00, 0x00, 0x7f, 0xf6,
    0x00, 0x00, 0x00, 0x00, 0x00, 0x00, 0x00, 0x00, 0x7f, 0xf6, 0x00, 0x00,
    0x00, 0x00, 0x00, 0x00, 0x00, 0x00, 0x7f, 0xf6, 0x00, 0x00, 0x00, 0x00,
    0x00, 0x00, 0x00, 0x00, 0x7f, 0xf6, 0x00, 0x00, 0x00, 0x00, 0x00, 0x00,
    0x00, 0x00, 0x7f, 0xf6, 0x00, 0x00, 0x00, 0x00, 0x00, 0x00, 0x00, 0x00,
    0x7f, 0xf6, 0x00, 0x00, 0x00, 0x00, 0x00, 0x00, 0x00, 0x00, 0x7f, 0xf6,
    0x00, 0x14, 0x44, 0x44, 0x44, 0x44, 0x44, 0x02, 0xaf, 0xff, 0xff, 0xff,
    0xff, 0xff, 0xf2, 0x7f, 0xff, 0xff, 0xff, 0xff, 0xff, 0xff, 0x20, 0x00,
    0x00, 0x00, 0x00, 0x00, 0x08, 0xff, 0x30, 0x00, 0x00, 0x00, 0x00, 0x00,
    0x8f, 0xf3, 0x00, 0x14, 0x44, 0x44, 0x44, 0x4c, 0xff, 0x32, 0xaf, 0xff,
    0xff, 0xff, 0xff, 0xff, 0xf4, 0x7f, 0xff, 0xff, 0xff, 0xff, 0xff, 0xff,
    0x20, 0x00, 0x00, 0x00, 0x00, 0x00, 0x01, 0x00, 0x00, 0x00, 0x00, 0x00,
    0x00, 0x6f, 0xff, 0x70, 0x00, 0x00, 0x00, 0x00, 0x3f, 0xb5, 0xaf, 0x50,
    0x01, 0x44, 0x44, 0x4a, 0xf4, 0x01, 0xf8, 0x2a, 0xff, 0xff, 0xff, 0xff,
    0xc6, 0xbf, 0x47, 0xff, 0xff, 0xff, 0xff, 0xff, 0xfe, 0x70, 0x00, 0x00,
    0x00, 0x0d, 0xf8, 0x03, 0xff, 0x20, 0x00, 0x00, 0x00, 0xdf, 0x80, 0x3f,
    0xf2, 0x00, 0x14, 0x44, 0x4f, 0xfc, 0x47, 0xff, 0x32, 0xaf, 0xff, 0xff,
    0xff, 0xff, 0xff, 0xf4, 0x7f, 0xff, 0xff, 0xff, 0xff, 0xff, 0xff, 0x20,
    0x02, 0x54, 0x00, 0x0f, 0xff, 0xc0, 0x0a, 0xff, 0xf1, 0x00, 0x7f, 0xf2,
    0x00, 0x6f, 0xf2, 0x00, 0x6f, 0xf2, 0x00, 0x6f, 0xf2, 0x27, 0x72, 0x00,
    0x02, 0x88, 0x15, 0xff, 0xf1, 0x00, 0x5f, 0xf2, 0x2c, 0xff, 0x30, 0x05,
    0xff, 0x20, 0x3f, 0xf4, 0x00, 0x5f, 0xf2, 0x01, 0xff, 0xa0, 0x0b, 0xff,
    0x00, 0x0b, 0xff, 0xff, 0xff, 0xa0, 0x00, 0x07, 0xdf, 0xfd, 0x70, 0x00,
    0x00, 0x20, 0x02, 0xef, 0xf4, 0x8f, 0xff, 0xb7, 0xff, 0xfa, 0x1b, 0xfc,
    0x20, 0x00, 0x00, 0x00, 0xef, 0x10, 0x00, 0x00, 0x00, 0x00, 0x00, 0x00,
    0xef, 0x10, 0x00, 0x00, 0x00, 0x37, 0x77, 0x77, 0xff, 0x73, 0x00, 0x00,
    0x00, 0x7f, 0xff, 0xff, 0xff, 0xff, 0xfb, 0x30, 0x00, 0x7f, 0xff, 0xff,
    0xff, 0xff, 0xff, 0xf5, 0x00, 0x7f, 0xf4, 0x00, 0xef, 0x36, 0xdf, 0xfe,
    0x00, 0x7f, 0xf4, 0x00, 0xef, 0x10, 0x0e, 0xff, 0x40, 0x7f, 0xf4, 0x00,
    0xef, 0x10, 0x09, 0xff, 0x60, 0x7f, 0xf4, 0x00, 0xef, 0x10, 0x09, 0xff,
    0x60, 0x7f, 0xf4, 0x00, 0xef, 0x10, 0x0c, 0xff, 0x30, 0x7f, 0xf4, 0x00,
    0xef, 0x10, 0x6f, 0xfb, 0x00, 0x7f, 0xfa, 0x77, 0xff, 0xac, 0xff, 0xb0,
    0x00, 0x7f, 0xff, 0xff, 0xff, 0xff, 0xd4, 0x00, 0x00, 0x7f, 0xff, 0xff,
    0xff, 0xff, 0xff, 0xa1, 0x00, 0x7f, 0xf4, 0x00, 0xef, 0x24, 0xaf, 0xfe,
    0x20, 0x7f, 0xf4, 0x00, 0xef, 0x10, 0x08, 0xff, 0xb0, 0x7f, 0xf4, 0x00,
    0xef, 0x10, 0x00, 0xff, 0xf0, 0x7f, 0xf4, 0x00, 0xef, 0x10, 0x00, 0xef,
    0xf1, 0x7f, 0xf4, 0x00, 0xef, 0x10, 0x01, 0xff, 0xf0, 0x7f, 0xf4, 0x00,
    0xef, 0x10, 0x09, 0xff, 0xd0, 0x7f, 0xf4, 0x00, 0xef, 0x23, 0xaf, 0xff,
    0x50, 0x7f, 0xff, 0xff, 0xff, 0xff, 0xff, 0xf9, 0x00, 0x7f, 0xff, 0xff,
    0xff, 0xff, 0xfd, 0x50, 0x00, 0x37, 0x77, 0x77, 0xff, 0x75, 0x20, 0x00,
    0x00, 0x00, 0x00, 0x00, 0xef, 0x10, 0x00, 0x00, 0x00, 0x00, 0x00, 0x00,
    0xef, 0x10, 0x00, 0x00, 0x00, 0x00, 0x00, 0x00, 0x78, 0x00, 0x00, 0x00,
    0x00, 0xef, 0xe0, 0x00, 0xef, 0xe0, 0x00, 0xef, 0xe0, 0x00, 0xef, 0xe0,
    0x00, 0xef, 0xe0, 0x00, 0xef, 0xe0, 0x00, 0xef, 0xe0, 0x00, 0xef, 0xe0,
    0x00, 0xef, 0xe0, 0x00, 0xef, 0xe0, 0x00, 0xef, 0xe0, 0x00, 0xef, 0xe0,
    0x00, 0xef, 0xe0, 0x00, 0xef, 0xe0, 0x00, 0xef, 0xf0, 0x00, 0xdf, 0xf9,
    0x64, 0x7f, 0xff, 0xfa, 0x07, 0xdf, 0xe8, 0xef, 0xe0, 0x00, 0x00, 0x3f,
    0xfa, 0x00, 0x0e, 0xfe, 0x00, 0x00, 0x03, 0xff, 0xa0, 0x00, 0xef, 0xe0,
    0x00, 0x00, 0x3f, 0xfa, 0x00, 0x0e, 0xfe, 0x00, 0x00, 0x03, 0xff, 0xa0,
    0x00, 0xef, 0xe0, 0x00, 0x00, 0x3f, 0xfa, 0x00, 0x0e, 0xfe, 0x00, 0x00,
    0x03, 0xff, 0xa0, 0x00, 0xef, 0xe0, 0x00, 0x00, 0x3f, 0xfa, 0x00, 0x0e,
    0xfe, 0x00, 0x00, 0x03, 0xff, 0xa0, 0x00, 0xef, 0xe0, 0x00, 0x00, 0x3f,
    0xfa, 0x00, 0x0e, 0xfe, 0x00, 0x00, 0x03, 0xff, 0xa0, 0x00, 0xef, 0xe0,
    0x00, 0x00, 0x3f, 0xfa, 0x00, 0x0e, 0xfe, 0x00, 0x00, 0x03, 0xff, 0xa0,
    0x00, 0xef, 0xe0, 0x00, 0x00, 0x3f, 0xfa, 0x00, 0x0e, 0xfe, 0x00, 0x00,
    0x03, 0xff, 0xa0, 0x00, 0xef, 0xf0, 0x00, 0x00, 0x2f, 0xfb, 0x00, 0x0d,
    0xff, 0x96, 0x40, 0x01, 0xff, 0xf7, 0x62, 0x7f, 0xff, 0xfa, 0x00, 0x0b,
    0xff, 0xff, 0x60, 0x7d, 0xfe, 0x80, 0x00, 0x19, 0xef, 0xd5, 0x17, 0xef,
    0xff, 0xff, 0xff, 0xf3, 0xbf, 0xff, 0xff, 0xff, 0xff, 0xf3, 0x38, 0xff,
    0xe5, 0x44, 0x44, 0x40, 0x00, 0x2f, 0xfa, 0x00, 0x00, 0x00, 0x00, 0x0a,
    0xff, 0x10, 0x00, 0x00, 0x00, 0x08, 0xff, 0x40, 0x00, 0x00, 0x00, 0x07,
    0xff, 0x50, 0x00, 0x00, 0x00, 0x07, 0xff, 0x60, 0x00, 0x00, 0x00, 0x07,
    0xff, 0x60, 0x00, 0x00, 0x00, 0x0f, 0xff, 0xc0, 0x00, 0x00, 0x00, 0x0f,
    0xff, 0xc0, 0x00, 0x00, 0x00, 0x0f, 0xff, 0xc0, 0x00, 0x00, 0x00, 0x09,
    0xff, 0x70, 0x00, 0x00, 0x00, 0x07, 0xff, 0x60, 0x00, 0x00, 0x00, 0x07,
    0xff, 0x60, 0x00, 0x00, 0x00, 0x07, 0xff, 0x60, 0x00, 0x00, 0x00, 0x07,
    0xff, 0x60, 0x00, 0x00, 0x00, 0x07, 0xff, 0x60, 0x00, 0x00, 0x00, 0x07,
    0xff, 0x60, 0x00, 0x00, 0x00, 0x07, 0xff, 0x60, 0x00, 0x00, 0x00, 0x07,
    0xff, 0x60, 0x00, 0x00, 0x00, 0x07, 0xff, 0x60, 0x00, 0x00, 0x00, 0x07,
    0xff, 0x60, 0x00, 0x00, 0x00, 0x07, 0xff, 0x60, 0x00, 0x00, 0x00, 0x06,
    0xff, 0xd6, 0x70, 0x00, 0x00, 0x01, 0xff, 0xff, 0xf1, 0x00, 0x00, 0x00,
    0x3b, 0xff, 0xc2, 0x00, 0x29, 0xdf, 0xfd, 0x81, 0x06, 0xff, 0xff, 0xff,
    0xe2, 0x6c, 0x75, 0x6d, 0xff, 0x90, 0x00, 0x00, 0x1f, 0xfc, 0x00, 0x00,
    0x00, 0xff, 0xc0, 0x00, 0x00, 0x5f, 0xf8, 0x00, 0x00, 0x1e, 0xff, 0x10,
    0x00, 0x0b, 0xff, 0x60, 0x00, 0x07, 0xff, 0xa0, 0x00, 0x00, 0xff, 0xe1,
    0x00, 0x00, 0x3f, 0xfa, 0x00, 0x00, 0x03, 0xff, 0x90, 0x00, 0x00, 0x4f,
    0xf9, 0x00, 0x00, 0x04, 0xff, 0x90, 0x00, 0x00, 0x4f, 0xf9, 0x00, 0x00,
    0x04, 0xff, 0x90, 0x00, 0x00, 0x4f, 0xf9, 0x00, 0x00, 0x04, 0xff, 0x90,
    0x00, 0x00, 0x4f, 0xf9, 0x00, 0x00, 0x04, 0xff, 0x90, 0x00, 0x00, 0x4f,
    0xf9, 0x00, 0x00, 0x04, 0xff, 0x90, 0x00, 0x00, 0x4f, 0xf9, 0x00, 0x00,
    0x03, 0xff, 0xa0, 0x00, 0x00, 0x2f, 0xfe, 0x66, 0x10, 0x00, 0xcf, 0xff,
    0xf5, 0x00, 0x01, 0xae, 0xfd, 0x40, 0x0d, 0xff, 0xff, 0xff, 0xff, 0x52,
    0xff, 0xff, 0xff, 0xff, 0xf5, 0x15, 0x55, 0x57, 0xff, 0xe7, 0x10, 0x00,
    0x00, 0xdf, 0xe1, 0x00, 0x00, 0x00, 0x4f, 0xf8, 0x00, 0x00, 0x00, 0x06,
    0xff, 0x60, 0x00, 0x00, 0x00, 0x7f, 0xf6, 0x00, 0x00, 0x00, 0x07, 0xff,
    0x60, 0x00, 0x00, 0x00, 0x7f, 0xf6, 0x00, 0x00, 0x00, 0x0f, 0xff, 0xc0,
    0x00, 0x00, 0x00, 0xff, 0xfc, 0x00, 0x00, 0x00, 0x0f, 0xff, 0xc0, 0x00,
    0x00, 0x00, 0x9f, 0xf7, 0x00, 0x00, 0x00, 0x07, 0xff, 0x60, 0x00, 0x00,
    0x00, 0x7f, 0xf6, 0x00, 0x00, 0x00, 0x07, 0xff, 0x60, 0x00, 0x00, 0x00,
    0x7f, 0xf6, 0x00, 0x00, 0x00, 0x07, 0xff, 0x60, 0x00, 0x00, 0x00, 0x7f,
    0xf6, 0x00, 0x00, 0x00, 0x07, 0xff, 0x60, 0x00, 0x00, 0x00, 0x7f, 0xf6,
    0x00, 0x00, 0x00, 0x07, 0xff, 0x60, 0x00, 0x00, 0x00, 0x7f, 0xf6, 0x00,
    0x00, 0x00, 0x07, 0xff, 0x60, 0x00, 0x00, 0x00, 0x6f, 0xfd, 0x67, 0x00,
    0x00, 0x01, 0xff, 0xff, 0xf1, 0x00, 0x00, 0x03, 0xbf, 0xfc, 0x20, 0x17,
    0xbe, 0xff, 0xd9, 0x20, 0x0b, 0xff, 0xff, 0xff, 0xff, 0x40, 0xbf, 0xa7,
    0x68, 0xef, 0xfe, 0x04, 0x10, 0x00, 0x01, 0xef, 0xf3, 0x00, 0x00, 0x00,
    0x09, 0xff, 0x50, 0x00, 0x00, 0x00, 0x7f, 0xf6, 0x00, 0x00, 0x00, 0x07,
    0xff, 0x60, 0x00, 0x00, 0x00, 0x7f, 0xf6, 0x00, 0x00, 0x00, 0x07, 0xff,
    0x60, 0x00, 0x00, 0x00, 0x7f, 0xf6, 0x00, 0x00, 0x00, 0x07, 0xff, 0x60,
    0x00, 0x00, 0x00, 0x7f, 0xf6, 0x00, 0x00, 0x00, 0x07, 0xff, 0x60, 0x00,
    0x00, 0x00, 0x7f, 0xf6, 0x00, 0x00, 0x00, 0x08, 0xff, 0x70, 0x00, 0x00,
    0x00, 0xef, 0xfd, 0x00, 0x00, 0x00, 0x0e, 0xff, 0xd0, 0x00, 0x00, 0x00,
    0xef, 0xfd, 0x00, 0x00, 0x00, 0x07, 0xff, 0x60, 0x00, 0x00, 0x00, 0x7f,
    0xf6, 0x00, 0x00, 0x00, 0x07, 0xff, 0x60, 0x00, 0x00, 0x00, 0x7f, 0xf6,
    0x00, 0x00, 0x00, 0x07, 0xff, 0x60, 0x00, 0x00, 0x00, 0x7f, 0xf6, 0x00,
    0x7d, 0xfd, 0x70, 0x5c, 0xfe, 0xa1, 0x00, 0x9f, 0xff, 0xff, 0xaf, 0xff,
    0xff, 0xd0, 0x1f, 0xff, 0x78, 0xff, 0xf8, 0x6e, 0xff, 0x45, 0xff, 0x70,
    0x0c, 0xfc, 0x00, 0x7f, 0xf6, 0x7f, 0xf4, 0x00, 0xbf, 0xb0, 0x05, 0xff,
    0x77, 0xff, 0x40, 0x04, 0x75, 0x00, 0x5f, 0xf7, 0x7f, 0xf5, 0x00, 0x00,
    0x00, 0x05, 0xff, 0x74, 0xff, 0x80, 0x00, 0x00, 0x00, 0x5f, 0xf7, 0x0f,
    0xff, 0x86, 0x40, 0x00, 0x05, 0xff, 0x70, 0x7f, 0xff, 0xfb, 0x00, 0x00,
    0x5f, 0xf7, 0x00, 0x6d, 0xfe, 0x90, 0x00, 0x05, 0xff, 0x70, 0x00, 0x00,
    0x00, 0x00, 0x00, 0x5f, 0xf7, 0x00, 0x00, 0x00, 0x00, 0x00, 0x05, 0xff,
    0x70, 0x00, 0x00, 0x00, 0x00, 0x00, 0x5f, 0xf7, 0x00, 0x00, 0x00, 0x00,
    0x00, 0x05, 0xff, 0x70, 0x00, 0x00, 0x00, 0x00, 0x00, 0x5f, 0xf7, 0x00,
    0x00, 0x00, 0x00, 0x00, 0x05, 0xff, 0x70, 0x00, 0x00, 0x00, 0x00, 0x00,
    0x5f, 0xf7, 0x00, 0x00, 0x00, 0x00, 0x00, 0x05, 0xff, 0x70, 0x00, 0x00,
    0x00, 0x00, 0x00, 0x5f, 0xf7, 0x00, 0x00, 0x00, 0x00, 0x00, 0x05, 0xff,
    0x70, 0x00, 0x00, 0x00, 0x00, 0x00, 0x5f, 0xf7, 0x00, 0x00, 0x00, 0x00,
    0x00, 0x05, 0xff, 0x70, 0x00, 0x00, 0x00, 0x00, 0x00, 0x5f, 0xf7, 0x00,
    0x9e, 0xff, 0xff, 0xff, 0xfc, 0x0b, 0xff, 0xff, 0xff, 0xff, 0xfb, 0x2f,
    0xf6, 0x00, 0x00, 0x00, 0x00, 0x4f, 0xf0, 0x00, 0x60, 0x01, 0x76, 0x2f,
    0xf5, 0x1c, 0xf7, 0x08, 0xfb, 0x0b, 0xff, 0xff, 0xdf, 0xff, 0xf7, 0x00,
    0x7d, 0xe4, 0x1b, 0xfe, 0x80, 0x8c, 0xc1, 0xbf, 0xf2, 0xbf, 0xf2, 0xbf,
    0xf2, 0xbf, 0xf2, 0xbf, 0xf2, 0xbf, 0xf2, 0x00, 0x32, 0x00, 0x00, 0x00,
    0x07, 0xff, 0xfd, 0x10, 0x00, 0x00, 0x7f, 0xff, 0xf8, 0x00, 0x00, 0x00,
    0x11, 0xff, 0x80, 0x00, 0x00, 0x00, 0x4f, 0xf6, 0x44, 0x44, 0x06, 0xcf,
    0xff, 0xff, 0xff, 0xf2, 0xcf, 0xff, 0xff, 0xff, 0xff, 0x20, 0x00, 0x5a,
    0x30, 0x3a, 0x71, 0x00, 0x00, 0xbf, 0xff, 0xbf, 0xff, 0xd0, 0x00, 0x4f,
    0xf8, 0xaf, 0xa7, 0xff, 0x60, 0x06, 0xfe, 0x00, 0x10, 0x0d, 0xf7, 0x00,
    0x5f, 0xf1, 0x00, 0x00, 0xef, 0x74, 0x31, 0xef, 0xeb, 0x10, 0xcf, 0xff,
    0xfd, 0x03, 0xbf, 0xe3, 0x0f, 0xff, 0xff, 0xd0, 0x00, 0x05, 0x86, 0x00,
    0x00, 0x00, 0xbf, 0xc0, 0x00, 0x01, 0x1c, 0xfd, 0x11, 0x01, 0xff, 0xff,
    0xff, 0xf3, 0x1f, 0xff, 0xff, 0xff, 0x30, 0x00, 0xbf, 0xc0, 0x00, 0x00,
    0x0b, 0xfc, 0x00, 0x00, 0x00, 0x58, 0x60, 0x00, 0x00, 0x13, 0x33, 0x33,
    0x00, 0xaf, 0xff, 0xff, 0xf2, 0x6f, 0xff, 0xff, 0xff, 0x29, 0xff, 0x50,
    0x00, 0x00, 0x7f, 0xf2, 0x00, 0x00, 0x01, 0x53, 0x00, 0x00, 0x00, 0x04,
    0xcf, 0xeb, 0x20, 0x3f, 0xf9, 0xaf, 0xe1, 0x7f, 0x70, 0x0a, 0xf5, 0x7f,
    0x70, 0x0a, 0xf4, 0x2f, 0xf9, 0xaf, 0xe1, 0x04, 0xcf, 0xeb, 0x20, 0x00,
    0x00, 0x8e, 0xfa, 0x00, 0x04, 0xff, 0xdc, 0x06, 0xad, 0xf6, 0x00, 0x6f,
    0xff, 0xf5, 0x00, 0x9f, 0x90, 0x30, 0x00, 0x7f, 0x60, 0x00, 0x00, 0x01,
    0x00, 0x00, 0x00, 0x00, 0x00, 0x00, 0x13, 0x33, 0x10, 0x00, 0x00, 0x00,
    0x00, 0x07, 0xdf, 0xff, 0xff, 0xd7, 0x00, 0x00, 0x00, 0x1c, 0xff, 0xff,
    0xff, 0xff, 0xfd, 0x20, 0x00, 0x0c, 0xff, 0xc5, 0x10, 0x14, 0xcf, 0xfd,
    0x00, 0x05, 0xff, 0xb0, 0x00, 0x00, 0x00, 0xbf, 0xf6, 0x00, 0xbf, 0xf2,
    0x04, 0xdf, 0xd5, 0x01, 0xff, 0xc0, 0x0e, 0xfd, 0x01, 0xff, 0xff, 0xf2,
    0x0d, 0xff, 0x00, 0xff, 0xb0, 0x6f, 0xff, 0xff, 0x60, 0xaf, 0xf1, 0x0f,
    0xfb, 0x07, 0xff, 0xff, 0xf8, 0x0a, 0xff, 0x20, 0xff, 0xc0, 0x5f, 0xff,
    0xff, 0x60, 0xbf, 0xf0, 0x0d, 0xfe, 0x00, 0xef, 0xff, 0xf1, 0x0e, 0xfe,
    0x00, 0x8f, 0xf5, 0x02, 0xad, 0xb3, 0x04, 0xff, 0x90, 0x02, 0xff, 0xe2,
    0x00, 0x00, 0x02, 0xef, 0xf3, 0x00, 0x07, 0xff, 0xf9, 0x54, 0x59, 0xff,
    0xf8, 0x00, 0x00, 0x07, 0xff, 0xff, 0xff, 0xff, 0xf8, 0x00, 0x00, 0x00,
    0x02, 0x8c, 0xef, 0xec, 0x82, 0x00, 0x00, 0x00, 0x00, 0x00, 0x34, 0x54,
    0x00, 0x00, 0x00, 0x00, 0x01, 0x9f, 0xff, 0xff, 0xfb, 0x30, 0x00, 0x00,
    0x3e, 0xff, 0xff, 0xff, 0xff, 0xf5, 0x00, 0x00, 0xef, 0xfb, 0x40, 0x02,
    0x9f, 0xff, 0x30, 0x07, 0xff, 0xb0, 0x00, 0x00, 0x07, 0xff, 0xb0, 0x0c,
    0xff, 0x20, 0x00, 0x00, 0x00, 0xef, 0xf0, 0x0f, 0xfe, 0x00, 0x00, 0x00,
    0x00, 0xaf, 0xf3, 0x1f, 0xfc, 0x00, 0x00, 0x00, 0x00, 0x8f, 0xf5, 0x1f,
    0xfb, 0x00, 0x00, 0x00, 0x00, 0x8f, 0xf5, 0x0f, 0xfd, 0x00, 0x00, 0x00,
    0x00, 0x9f, 0xf4, 0x0e, 0xff, 0x00, 0x00, 0x00, 0x00, 0xcf, 0xf2, 0x0a,
    0xff, 0x60, 0x00, 0x00, 0x02, 0xff, 0xe0, 0x03, 0xff, 0xe2, 0x00, 0x00,
    0x1d, 0xff, 0x70, 0x00, 0x9f, 0xff, 0xa6, 0x68, 0xef, 0xfc, 0x00, 0x00,
    0x09, 0xff, 0xff, 0xff, 0xff, 0xc1, 0x00, 0x00, 0x00, 0x39, 0xdf, 0xfe,
    0xa5, 0x00, 0x00, 0x00, 0x00, 0x02, 0x45, 0x42, 0x00, 0x00, 0x00, 0x00,
    0x7e, 0xff, 0xff, 0xfe, 0x70, 0x00, 0x00, 0xcf, 0xff, 0xff, 0xff, 0xff,
    0xb0, 0x00, 0x9f, 0xfd, 0x52, 0x01, 0x6e, 0xff, 0x80, 0x0f, 0xfe, 0x10,
    0x00, 0x00, 0x2f, 0xff, 0x03, 0xff, 0x90, 0x00, 0x00, 0x00, 0x9f, 0xf4,
    0x4f, 0xf7, 0x00, 0x00, 0x00, 0x06, 0xff, 0x73, 0xff, 0x90, 0x00, 0x00,
    0x00, 0x4f, 0xf9, 0x1f, 0xfe, 0x10, 0x00, 0x00, 0x04, 0xff, 0x90, 0xbf,
    0xfd, 0x85, 0x00, 0x00, 0x5f, 0xf7, 0x02, 0xff, 0xff, 0xc0, 0x00, 0x09,
    0xff, 0x50, 0x02, 0xbf, 0xfb, 0x00, 0x00, 0xef, 0xf1, 0x00, 0x00, 0x00,
    0x00, 0x00, 0x9f, 0xfb, 0x00, 0x00, 0x00, 0x56, 0x57, 0xcf, 0xff, 0x20,
    0x00, 0x00, 0x0a, 0xff, 0xff, 0xff, 0x40, 0x00, 0x00, 0x00, 0x7e, 0xff,
    0xd9, 0x20, 0x00, 0x1f, 0xfa, 0x00, 0x00, 0x00, 0x00, 0x00, 0x00, 0x01,
    0xff, 0xa0, 0x00, 0x00, 0x00, 0x00, 0x00, 0x00, 0x1f, 0xfa, 0x00, 0x00,
    0x00, 0x00, 0x00, 0x00, 0x01, 0xff, 0xa0, 0x00, 0x12, 0x00, 0x00, 0x21,
    0x00, 0x1f, 0xfa, 0x00, 0x8f, 0xff, 0x54, 0xef, 0xf9, 0x01, 0xff, 0xa0,
    0x3f, 0xff, 0xff, 0xef, 0xff, 0xf5, 0x1f, 0xfa, 0x08, 0xff, 0x43, 0xff,
    0x35, 0xff, 0xa1, 0xff, 0xa0, 0xaf, 0xf0, 0x0a, 0xa0, 0x0f, 0xfc, 0x1f,
    0xfa, 0x0a, 0xff, 0x00, 0x00, 0x00, 0xff, 0xc1, 0xff, 0xa0, 0x7f, 0xf5,
    0x00, 0x00, 0x0f, 0xfc, 0x1f, 0xfa, 0x01, 0xff, 0xff, 0x70, 0x00, 0xff,
    0xc1, 0xff, 0xa0, 0x04, 0xef, 0xf9, 0x00, 0x0f, 0xfc, 0x0f, 0xfb, 0x00,
    0x00, 0x21, 0x00, 0x01, 0xff, 0xa0, 0xef, 0xe0, 0x00, 0x00, 0x00, 0x00,
    0x4f, 0xf9, 0x0a, 0xff, 0x50, 0x00, 0x00, 0x00, 0x0a, 0xff, 0x50, 0x4f,
    0xfe, 0x40, 0x00, 0x00, 0x06, 0xff, 0xf0, 0x00, 0x9f, 0xff, 0xc8, 0x66,
    0x7b, 0xff, 0xf6, 0x00, 0x00, 0x8f, 0xff, 0xff, 0xff, 0xff, 0xf6, 0x00,
    0x00, 0x00, 0x27, 0xce, 0xff, 0xec, 0x82, 0x00, 0x00, 0x00, 0x00, 0x34,
    0x20, 0x01, 0x43, 0x10, 0x00, 0x03, 0xdf, 0xff, 0x74, 0xff, 0xff, 0x70,
    0x01, 0xef, 0xff, 0xff, 0xef, 0xff, 0xff, 0x50, 0x7f, 0xfa, 0x16, 0xff,
    0x70, 0x6f, 0xfb, 0x0c, 0xff, 0x10, 0x0d, 0xe0, 0x00, 0xff, 0xd0, 0xff,
    0xd0, 0x00, 0x00, 0x00, 0x0f, 0xfd, 0x0f, 0xfb, 0x00, 0x00, 0x00, 0x00,
    0xff, 0xd1, 0xff, 0xa0, 0x00, 0x00, 0x00, 0x0f, 0xfd, 0x1f, 0xfa, 0x00,
    0x00, 0x00, 0x00, 0xff, 0xd1, 0xff, 0xb0, 0x00, 0x00, 0x00, 0x0f, 0xfd,
    0x0f, 0xfd, 0x00, 0x00, 0x00, 0x00, 0xff, 0xd0, 0xcf, 0xf1, 0x00, 0x00,
    0x00, 0x0f, 0xfd, 0x08, 0xff, 0x70, 0x00, 0x00, 0x00, 0xff, 0xd0, 0x2f,
    0xff, 0x85, 0x40, 0x00, 0x0f, 0xfd, 0x00, 0x7f, 0xff, 0xfb, 0x00, 0x00,
    0xff, 0xd0, 0x00, 0x6d, 0xff, 0xd0, 0x00, 0x0f, 0xfd, 0x00, 0x00, 0x00,
    0x00, 0x00, 0x07, 0xff, 0x30, 0x00, 0x00, 0x00, 0x00, 0x00, 0x8f, 0xf2,
    0x00, 0x00, 0x00, 0x00, 0x00, 0x0a, 0xff, 0x10, 0x00, 0x00, 0x00, 0x00,
    0x15, 0xff, 0xe0, 0x00, 0x01, 0x8d, 0xff, 0xff, 0xff, 0xf7, 0x00, 0x01,
    0xdf, 0xff, 0xff, 0xff, 0xf8, 0x00, 0x00, 0xcf, 0xfe, 0x86, 0x55, 0x30,
    0x00, 0x00, 0x5f, 0xfc, 0x00, 0x00, 0x00, 0x00, 0x00, 0x0b, 0xff, 0x30,
    0x00, 0x00, 0x00, 0x00, 0x00, 0xef, 0xe0, 0x00, 0x00, 0x00, 0x22, 0x00,
    0x0f, 0xfb, 0x00, 0x00, 0x04, 0xef, 0xfb, 0x01, 0xff, 0xb0, 0x00, 0x01,
    0xff, 0xff, 0x60, 0x1f, 0xfb, 0x00, 0x00, 0x6f, 0xf7, 0x00, 0x00, 0xff,
    0xc0, 0x00, 0x08, 0xff, 0x10, 0x00, 0x0d, 0xff, 0x10, 0x00, 0x8f, 0xf0,
    0x00, 0x00, 0x8f, 0xf9, 0x00, 0x05, 0xff, 0x40, 0x00, 0x01, 0xff, 0xfc,
    0x65, 0x5f, 0xfe, 0x75, 0x30, 0x04, 0xff, 0xff, 0xff, 0xff, 0xff, 0xfa,
    0x00, 0x01, 0x8d, 0xff, 0xff, 0xff, 0xff, 0xa0, 0x00, 0x00, 0x00, 0x01,
    0x00, 0x00, 0x00, 0x00, 0x00, 0x00, 0xaf, 0xfe, 0x50, 0x3d, 0xd3, 0x00,
    0x00, 0x7f, 0x96, 0xdf, 0x14, 0xff, 0x40, 0x00, 0x09, 0xf0, 0x06, 0xf3,
    0x6f, 0xf2, 0x00, 0x00, 0x5f, 0x96, 0xdf, 0x4d, 0xfe, 0x00, 0x00, 0x07,
    0xff, 0xff, 0xff, 0xff, 0x70, 0x00, 0x2e, 0xff, 0xff, 0xff, 0xff, 0x70,
    0x00, 0x0d, 0xff, 0xd7, 0x44, 0x42, 0x00, 0x00, 0x06, 0xff, 0xc0, 0x00,
    0x00, 0x00, 0x00, 0x00, 0xcf, 0xf3, 0x00, 0x00, 0x00, 0x00, 0x00, 0x0f,
    0xfe, 0x00, 0x00, 0x00, 0x02, 0x10, 0x01, 0xff, 0xb0, 0x00, 0x00, 0x3e,
    0xff, 0xb0, 0x1f, 0xfa, 0x00, 0x00, 0x1e, 0xff, 0xf6, 0x01, 0xff, 0xb0,
    0x00, 0x05, 0xff, 0x80, 0x00, 0x0f, 0xfc, 0x00, 0x00, 0x8f, 0xf1, 0x00,
    0x00, 0xdf, 0xf1, 0x00, 0x07, 0xff, 0x00, 0x00, 0x08, 0xff, 0x90, 0x00,
    0x5f, 0xf4, 0x00, 0x00, 0x1f, 0xff, 0xc6, 0x55, 0xff, 0xe7, 0x53, 0x00,
    0x4f, 0xff, 0xff, 0xff, 0xff, 0xff, 0xb0, 0x00, 0x18, 0xdf, 0xff, 0xff,
    0xff, 0xfb, 0x6f, 0xf4, 0x00, 0x00, 0x00, 0x00, 0x00, 0x01, 0xff, 0x80,
    0x00, 0x00, 0x00, 0x00, 0x00, 0x0d, 0xfd, 0x00, 0x00, 0x00, 0x00, 0x00,
    0x00, 0x9f, 0xf2, 0x00, 0x34, 0x31, 0x00, 0x00, 0x04, 0xff, 0x79, 0xff,
    0xff, 0xfa, 0x10, 0x00, 0x0f, 0xff, 0xff, 0xff, 0xff, 0xfe, 0x10, 0x00,
    0xcf, 0xfd, 0x51, 0x03, 0xcf, 0xfa, 0x00, 0x07, 0xff, 0x20, 0x00, 0x00,
    0xdf, 0xf2, 0x00, 0x2a, 0x80, 0x00, 0x00, 0x06, 0xff, 0x70, 0x00, 0x00,
    0x00, 0x00, 0x00, 0x3f, 0xfa, 0x00, 0x00, 0x00, 0x00, 0x00, 0x01, 0xff,
    0xb0, 0x00, 0x00, 0x00, 0x00, 0x00, 0x1f, 0xfc, 0x00, 0x00, 0x00, 0x00,
    0x00, 0x02, 0xff, 0xb0, 0x00, 0x00, 0x00, 0x00, 0x00, 0x4f, 0xf9, 0x00,
    0x00, 0x00, 0x00, 0x00, 0x09, 0xff, 0x50, 0x00, 0xaa, 0x00, 0x00, 0x03,
    0xff, 0xf0, 0x00, 0x8f, 0xfd, 0x75, 0x69, 0xff, 0xf7, 0x00, 0x00, 0xbf,
    0xff, 0xff, 0xff, 0xf8, 0x00, 0x00, 0x00, 0x4a, 0xef, 0xfd, 0x93, 0x00,
    0x00, 0x00, 0x00, 0x00, 0x00, 0x00, 0x00, 0x00, 0x00, 0x0e, 0xfd, 0x00,
    0x00, 0x00, 0x00, 0x00, 0x00, 0x00, 0x00, 0x0e, 0xfd, 0x00, 0x00, 0x00,
    0x00, 0x00, 0x00, 0x00, 0x00, 0x0e, 0xfd, 0x00, 0x00, 0x44, 0x10, 0x02,
    0x43, 0x00, 0x00, 0x0e, 0xfd, 0x00, 0x5f, 0xff, 0xf3, 0x9f, 0xff, 0xd3,
    0x00, 0x0e, 0xfd, 0x02, 0xff, 0xff, 0xfe, 0xff, 0xff, 0xfd, 0x00, 0x0e,
    0xfd, 0x09, 0xff, 0x80, 0x9f, 0xf2, 0x1d, 0xff, 0x10, 0x0e, 0xfd, 0x0d,
    0xff, 0x00, 0x3f, 0xa0, 0x09, 0xff, 0x20, 0x0e, 0xfd, 0x0f, 0xfc, 0x00,
    0x00, 0x00, 0x08, 0xff, 0x20, 0x0e, 0xfd, 0x1f, 0xfb, 0x00, 0x00, 0x00,
    0x08, 0xff, 0x20, 0x0e, 0xfd, 0x2f, 0xfa, 0x00, 0x00, 0x00, 0x08, 0xff,
    0x20, 0x0e, 0xfd, 0x1f, 0xfb, 0x00, 0x00, 0x00, 0x08, 0xff, 0x20, 0x0e,
    0xfd, 0x0f, 0xfb, 0x00, 0x00, 0x00, 0x08, 0xff, 0x20, 0x0e, 0xfd, 0x0f,
    0xfd, 0x00, 0x00, 0x00, 0x08, 0xff, 0x20, 0x0f, 0xfc, 0x0c, 0xff, 0x00,
    0x00, 0x00, 0x08, 0xff, 0x20, 0x1f, 0xfb, 0x08, 0xff, 0x60, 0x00, 0x00,
    0x08, 0xff, 0x20, 0x7f, 0xf6, 0x02, 0xff, 0xf7, 0x43, 0x00, 0x08, 0xff,
    0x89, 0xff, 0xe0, 0x00, 0x7f, 0xff, 0xfb, 0x00, 0x08, 0xff, 0xff, 0xfe,
    0x30, 0x00, 0x05, 0xcf, 0xfc, 0x00, 0x08, 0xff, 0xfc, 0x71, 0x00, 0x00,
    0x00, 0x00, 0x00, 0x00, 0x03, 0xff, 0x70, 0x00, 0x00, 0x00, 0x00, 0x00,
    0x03, 0xff, 0x70, 0x00, 0x00, 0x00, 0x00, 0x00, 0x05, 0xff, 0x60, 0x00,
    0x00, 0x00, 0x00, 0x00, 0x3d, 0xff, 0x20, 0x00, 0x01, 0x8d, 0xff, 0xff,
    0xff, 0xfb, 0x00, 0x00, 0x2e, 0xff, 0xff, 0xff, 0xff, 0xb1, 0x00, 0x00,
    0xdf, 0xfd, 0x75, 0x55, 0x41, 0x00, 0x00, 0x06, 0xff, 0xb0, 0x00, 0x00,
    0x00, 0x00, 0x00, 0x0b, 0xff, 0x20, 0x00, 0x00, 0x00, 0x00, 0x00, 0x0e,
    0xfd, 0x00, 0x00, 0x00, 0x00, 0x02, 0x00, 0x0f, 0xfb, 0x00, 0x00, 0x00,
    0x00, 0x9f, 0x40, 0x1f, 0xfa, 0x00, 0x00, 0x00, 0x03, 0xff, 0xe0, 0x1f,
    0xfa, 0x00, 0x00, 0x00, 0x00, 0x9f, 0xf5, 0x0f, 0xfc, 0x00, 0x00, 0x00,
    0x00, 0x3f, 0xf8, 0x0d, 0xff, 0x10, 0x0b, 0xe2, 0x00, 0x2f, 0xf8, 0x09,
    0xff, 0xa0, 0xaf, 0xf5, 0x00, 0x6f, 0xf6, 0x02, 0xff, 0xff, 0xff, 0xfe,
    0x77, 0xef, 0xf2, 0x00, 0x6f, 0xff, 0xf3, 0xcf, 0xff, 0xff, 0x80, 0x00,
    0x04, 0xbe, 0x60, 0x1a, 0xef, 0xd6, 0x00, 0x00, 0x00, 0x00, 0x00, 0x00,
    0x00, 0xcf, 0xd0, 0x00, 0x00, 0x00, 0x00, 0x00, 0x0c, 0xfd, 0x00, 0x00,
    0x00, 0x00, 0x00, 0x00, 0xdf, 0xd0, 0x00, 0x00, 0x21, 0x00, 0x02, 0x5f,
    0xfb, 0x00, 0x1b, 0xff, 0xfa, 0x3e, 0xff, 0xff, 0x50, 0x0d, 0xff, 0xff,
    0xff, 0xff, 0xfe, 0x80, 0x06, 0xff, 0x90, 0x7f, 0xff, 0x30, 0x00, 0x00,
    0xcf, 0xf1, 0x00, 0xef, 0xd0, 0x00, 0x00, 0x0f, 0xfd, 0x00, 0x08, 0xff,
    0x10, 0x00, 0x01, 0xff, 0xb0, 0x00, 0x2f, 0xf8, 0x00, 0x00, 0x2f, 0xfa,
    0x00, 0x00, 0xbf, 0xe0, 0x00, 0x01, 0xff, 0xb0, 0x00, 0x05, 0xff, 0x50,
    0x00, 0x1f, 0xfb, 0x00, 0x00, 0x0e, 0xfc, 0x00, 0x00, 0xff, 0xd0, 0x00,
    0x00, 0x8f, 0xf3, 0x00, 0x0c, 0xff, 0x10, 0x00, 0x02, 0xff, 0xa0, 0x00,
    0x8f, 0xf7, 0x00, 0x00, 0x0c, 0xff, 0x10, 0x02, 0xff, 0xf8, 0x54, 0x00,
    0x6f, 0xf7, 0x00, 0x07, 0xff, 0xff, 0xb0, 0x00, 0xff, 0xd0, 0x00, 0x05,
    0xcf, 0xfd, 0x00, 0x09, 0xff, 0x40, 0x00, 0x2a, 0xef, 0xf9, 0x00, 0x6f,
    0xf7, 0x00, 0x00, 0x7f, 0xf6, 0x03, 0xff, 0xff, 0xf7, 0x00, 0x6f, 0xf7,
    0x00, 0x00, 0x7f, 0xf6, 0x0d, 0xff, 0xd6, 0x62, 0x00, 0x6f, 0xf7, 0x00,
    0x00, 0x7f, 0xf6, 0x3f, 0xfd, 0x00, 0x00, 0x00, 0x6f, 0xf7, 0x00, 0x00,
    0x7f, 0xf6, 0x5f, 0xf8, 0x00, 0x00, 0x00, 0x6f, 0xf7, 0x00, 0x00, 0x8f,
    0xf6, 0x6f, 0xf7, 0x00, 0x00, 0x00, 0x7f, 0xf7, 0x00, 0x00, 0xaf, 0xf6,
    0x4f, 0xf9, 0x00, 0x00, 0x00, 0xdf, 0xf7, 0x00, 0x02, 0xff, 0xf6, 0x0f,
    0xff, 0x20, 0x00, 0x03, 0xff, 0xfb, 0x00, 0x4d, 0xff, 0xf6, 0x08, 0xff,
    0xf9, 0x65, 0x9f, 0xff, 0xff, 0xff, 0xff, 0xff, 0xf6, 0x00, 0xbf, 0xff,
    0xff, 0xff, 0xdf, 0xff, 0xff, 0xfb, 0x8f, 0xf6, 0x00, 0x05, 0xbe, 0xfe,
    0xb4, 0x6f, 0xf9, 0x55, 0x20, 0x7f, 0xf6, 0x00, 0x00, 0x00, 0x00, 0x00,
    0x6f, 0xf7, 0x00, 0x00, 0x7f, 0xf6, 0x00, 0x00, 0x00, 0x00, 0x00, 0x6f,
    0xf7, 0x00, 0x00, 0x7f, 0xf6, 0x00, 0x00, 0x00, 0x00, 0x00, 0x6f, 0xf7,
    0x00, 0x00, 0x7f, 0xf6, 0x00, 0x00, 0x00, 0x00, 0x00, 0x6f, 0xf7, 0x00,
    0x00, 0x7f, 0xf6, 0x00, 0x00, 0x00, 0x00, 0x00, 0x6f, 0xf7, 0x00, 0x00,
    0x7f, 0xf6, 0x00, 0x00, 0x00, 0x00, 0x00, 0x6f, 0xf7, 0x00, 0x00, 0x7f,
    0xf6, 0x00, 0x00, 0x00, 0x00, 0x00, 0x6f, 0xf7, 0x00, 0x00, 0x7f, 0xf6,
    0x00, 0x3b, 0xef, 0xd8, 0x00, 0x00, 0x00, 0x00, 0x00, 0x00, 0x00, 0x00,
    0x00, 0x04, 0xff, 0xff, 0xff, 0xd0, 0x00, 0x00, 0x00, 0x00, 0x00, 0x00,
    0x00, 0x00, 0x0e, 0xff, 0x74, 0xaf, 0xf6, 0x02, 0x31, 0x00, 0x00, 0x00,
    0x00, 0x00, 0x00, 0x3f, 0xf8, 0x00, 0x0e, 0xf9, 0x0a, 0xf9, 0x03, 0xfa,
    0x03, 0xa2, 0x00, 0x00, 0x6f, 0xf5, 0x00, 0x0e, 0xf8, 0x0c, 0xff, 0x07,
    0xff, 0x1a, 0xf8, 0x00, 0x00, 0x6f, 0xf5, 0x00, 0x1f, 0xf4, 0x0f, 0xff,
    0x7c, 0xff, 0x7f, 0xfe, 0x00, 0x00, 0x4f, 0xf7, 0x00, 0x01, 0x70, 0x7f,
    0xbe, 0xef, 0x9d, 0xff, 0xef, 0x91, 0x20, 0x1f, 0xfe, 0x10, 0x00, 0x03,
    0xff, 0x48, 0xff, 0x46, 0xff, 0x2e, 0xff, 0xf0, 0x08, 0xff, 0xf8, 0x56,
    0xaf, 0xfb, 0x01, 0xff, 0x00, 0xeb, 0x01, 0x7a, 0x80, 0x00, 0xbf, 0xff,
    0xff, 0xff, 0xc1, 0x00, 0x33, 0x00, 0x00, 0x00, 0x00, 0x00, 0x00, 0x05,
    0xbe, 0xfe, 0xb6, 0x00, 0x00, 0x00, 0x00, 0x00, 0x00, 0x00, 0x00, 0x00,
    0x00, 0x00, 0x00, 0x00, 0x00, 0x00, 0x00, 0x00, 0x00, 0x00, 0x00, 0x5a,
    0xd7, 0x00, 0x00, 0x00, 0x00, 0x00, 0x00, 0x00, 0x00, 0x00, 0x00, 0x01,
    0x6b, 0xff, 0xff, 0xf1, 0x00, 0x00, 0x00, 0x00, 0x00, 0x00, 0x00, 0x00,
    0x02, 0x7c, 0xff, 0xff, 0xff, 0xff, 0x20, 0x00, 0x00, 0x00, 0x00, 0x00,
    0x00, 0x03, 0x8d, 0xff, 0xff, 0xff, 0xff, 0xff, 0xf2, 0x00, 0x00, 0x00,
    0x00, 0x00, 0x04, 0x9e, 0xff, 0xff, 0xff, 0xff, 0xff, 0xff, 0xff, 0x20,
    0x00, 0x00, 0x00, 0x00, 0x0a, 0xff, 0xff, 0xff, 0xff, 0xff, 0xff, 0xff,
    0xff, 0xf2, 0x00, 0x00, 0x00, 0x00, 0x00, 0xff, 0xff, 0xff, 0xff, 0xff,
    0xff, 0xff, 0xff, 0xff, 0x20, 0x00, 0x00, 0x00, 0x00, 0x0f, 0xff, 0xff,
    0xff, 0xff, 0xff, 0xff, 0xff, 0xff, 0xf2, 0x00, 0x00, 0x00, 0x00, 0x00,
    0xff, 0xff, 0xff, 0xff, 0xff, 0xff, 0xff, 0xff, 0xff, 0x20, 0x00, 0x00,
    0x00, 0x00, 0x0f, 0xff, 0xff, 0xff, 0xff, 0xff, 0xff, 0xff, 0xbf, 0xf2,
    0x00, 0x00, 0x00, 0x00, 0x00, 0xff, 0xff, 0xff, 0xff, 0xff, 0xfe, 0x94,
    0x00, 0xff, 0x20, 0x00, 0x00, 0x00, 0x00, 0x0f, 0xff, 0xff, 0xff, 0xfd,
    0x83, 0x00, 0x00, 0x0f, 0xf2, 0x00, 0x00, 0x00, 0x00, 0x00, 0xff, 0xff,
    0xfb, 0x72, 0x00, 0x00, 0x00, 0x00, 0xff, 0x20, 0x00, 0x00, 0x00, 0x00,
    0x0f, 0xfb, 0x51, 0x00, 0x00, 0x00, 0x00, 0x00, 0x0f, 0xf2, 0x00, 0x00,
    0x00, 0x00, 0x00, 0xff, 0x20, 0x00, 0x00, 0x00, 0x00, 0x00, 0x00, 0xff,
    0x20, 0x00, 0x00, 0x00, 0x00, 0x0f, 0xf2, 0x00, 0x00, 0x00, 0x00, 0x00,
    0x00, 0x0f, 0xf2, 0x00, 0x00, 0x00, 0x00, 0x00, 0xff, 0x20, 0x00, 0x00,
    0x00, 0x00, 0x00, 0x00, 0xff, 0x20, 0x00, 0x00, 0x00, 0x00, 0x0f, 0xf2,
    0x00, 0x00, 0x00, 0x00, 0x00, 0x00, 0x0f, 0xf2, 0x00, 0x00, 0x00, 0x00,
    0x00, 0xff, 0x20, 0x00, 0x00, 0x00, 0x47, 0x87, 0x50, 0xff, 0x20, 0x00,
    0x00, 0x00, 0x00, 0x0f, 0xf2, 0x00, 0x00, 0x08, 0xff, 0xff, 0xff, 0xff,
    0xf2, 0x00, 0x00, 0x00, 0x00, 0x00, 0xff, 0x20, 0x00, 0x0a, 0xff, 0xff,
    0xff, 0xff, 0xff, 0x20, 0x00, 0x00, 0x00, 0x00, 0x0f, 0xf2, 0x00, 0x01,
    0xff, 0xff, 0xff, 0xff, 0xff, 0xf2, 0x00, 0x00, 0x00, 0x00, 0x00, 0xff,
    0x20, 0x00, 0x0f, 0xff, 0xff, 0xff, 0xff, 0xff, 0x00, 0x00, 0x6b, 0xef,
    0xec, 0x7f, 0xf2, 0x00, 0x00, 0x7f, 0xff, 0xff, 0xff, 0xff, 0x70, 0x03,
    0xef, 0xff, 0xff, 0xff, 0xff, 0x20, 0x00, 0x00, 0x4b, 0xff, 0xff, 0xfb,
    0x40, 0x00, 0xef, 0xff, 0xff, 0xff, 0xff, 0xf2, 0x00, 0x00, 0x00, 0x00,
    0x24, 0x20, 0x00, 0x00, 0x1f, 0xff, 0xff, 0xff, 0xff, 0xff, 0x20, 0x00,
    0x00, 0x00, 0x00, 0x00, 0x00, 0x00, 0x00, 0xdf, 0xff, 0xff, 0xff, 0xff,
    0xd0, 0x00, 0x00, 0x00, 0x00, 0x00, 0x00, 0x00, 0x00, 0x02, 0xdf, 0xff,
    0xff, 0xff, 0xd2, 0x00, 0x00, 0x00, 0x00, 0x00, 0x00, 0x00, 0x00, 0x00,
    0x00, 0x49, 0xcd, 0xc9, 0x40, 0x00, 0x00, 0x00, 0x00, 0x00, 0x00, 0x00,
    0x00, 0x00, 0x6f, 0xff, 0xff, 0xff, 0x80, 0x02, 0xdf, 0xff, 0xff, 0xff,
    0xff, 0xff, 0xff, 0xff, 0xff, 0xf6, 0xff, 0xff, 0xff, 0xff, 0xf1, 0x08,
    0xff, 0xff, 0xff, 0xff, 0xff, 0xff, 0xff, 0xff, 0xff, 0xff, 0xff, 0xff,
    0xff, 0xff, 0xf2, 0x09, 0xff, 0xff, 0xff, 0xff, 0xff, 0xff, 0xff, 0xff,
    0xff, 0xff, 0xff, 0xff, 0xff, 0xff, 0xf2, 0x09, 0xff, 0xff, 0xff, 0xff,
    0xff, 0xff, 0xff, 0xff, 0xff, 0xff, 0xff, 0xff, 0xff, 0xff, 0xf2, 0x09,
    0xff, 0xff, 0xff, 0xff, 0xff, 0xff, 0xff, 0xff, 0xff, 0xff, 0xef, 0xff,
    0xff, 0xff, 0xf1, 0x07, 0xff, 0xff, 0xff, 0xff, 0xff, 0xff, 0xff, 0xff,
    0xff, 0xfe, 0x4c, 0xdd, 0xdd, 0xdd, 0x60, 0x01, 0xad, 0xdd, 0xdd, 0xdd,
    0xdd, 0xdd, 0xdd, 0xdd, 0xdd, 0xc4, 0x00, 0x00, 0x00, 0x00, 0x00, 0x00,
    0x00, 0x00, 0x00, 0x00, 0x00, 0x00, 0x00, 0x00, 0x00, 0x00, 0x00, 0x00,
    0x00, 0x00, 0x00, 0x00, 0x00, 0x00, 0x00, 0x00, 0x00, 0x00, 0x00, 0x00,
    0x00, 0x00, 0x6f, 0xff, 0xff, 0xff, 0x80, 0x02, 0xdf, 0xff, 0xff, 0xff,
    0xff, 0xff, 0xff, 0xff, 0xff, 0xf6, 0xff, 0xff, 0xff, 0xff, 0xf1, 0x08,
    0xff, 0xff, 0xff, 0xff, 0xff, 0xff, 0xff, 0xff, 0xff, 0xff, 0xff, 0xff,
    0xff, 0xff, 0xf2, 0x09, 0xff, 0xff, 0xff, 0xff, 0xff, 0xff, 0xff, 0xff,
    0xff, 0xff, 0xff, 0xff, 0xff, 0xff, 0xf2, 0x09, 0xff, 0xff, 0xff, 0xff,
    0xff, 0xff, 0xff, 0xff, 0xff, 0xff, 0xff, 0xff, 0xff, 0xff, 0xf2, 0x09,
    0xff, 0xff, 0xff, 0xff, 0xff, 0xff, 0xff, 0xff, 0xff, 0xff, 0xef, 0xff,
    0xff, 0xff, 0xf1, 0x07, 0xff, 0xff, 0xff, 0xff, 0xff, 0xff, 0xff, 0xff,
    0xff, 0xfe, 0x4c, 0xdd, 0xdd, 0xdd, 0x60, 0x01, 0xad, 0xdd, 0xdd, 0xdd,
    0xdd, 0xdd, 0xdd, 0xdd, 0xdd, 0xc4, 0x00, 0x00, 0x00, 0x00, 0x00, 0x00,
    0x00, 0x00, 0x00, 0x00, 0x00, 0x00, 0x00, 0x00, 0x00, 0x00, 0x00, 0x00,
    0x00, 0x00, 0x00, 0x00, 0x00, 0x00, 0x00, 0x00, 0x00, 0x00, 0x00, 0x00,
    0x00, 0x00, 0x4c, 0xdd, 0xdd, 0xdd, 0x60, 0x01, 0xad, 0xdd, 0xdd, 0xdd,
    0xdd, 0xdd, 0xdd, 0xdd, 0xdd, 0xc4, 0xef, 0xff, 0xff, 0xff, 0xf1, 0x07,
    0xff, 0xff, 0xff, 0xff, 0xff, 0xff, 0xff, 0xff, 0xff, 0xfe, 0xff, 0xff,
    0xff, 0xff, 0xf2, 0x09, 0xff, 0xff, 0xff, 0xff, 0xff, 0xff, 0xff, 0xff,
    0xff, 0xff, 0xff, 0xff, 0xff, 0xff, 0xf2, 0x09, 0xff, 0xff, 0xff, 0xff,
    0xff, 0xff, 0xff, 0xff, 0xff, 0xff, 0xff, 0xff, 0xff, 0xff, 0xf2, 0x09,
    0xff, 0xff, 0xff, 0xff, 0xff, 0xff, 0xff, 0xff, 0xff, 0xff, 0xff, 0xff,
    0xff, 0xff, 0xf1, 0x08, 0xff, 0xff, 0xff, 0xff, 0xff, 0xff, 0xff, 0xff,
    0xff, 0xff, 0x6f, 0xff, 0xff, 0xff, 0x80, 0x02, 0xdf, 0xff, 0xff, 0xff,
    0xff, 0xff, 0xff, 0xff, 0xff, 0xf6, 0x00, 0x00, 0x00, 0x00, 0x00, 0x00,
    0x00, 0x00, 0x00, 0x00, 0x00, 0x16, 0x30, 0x00, 0x00, 0x00, 0x00, 0x00,
    0x00, 0x00, 0x00, 0x00, 0x00, 0x00, 0x01, 0xdf, 0xf6, 0x00, 0x00, 0x00,
    0x00, 0x00, 0x00, 0x00, 0x00, 0x00, 0x00, 0x00, 0x1d, 0xff, 0xff, 0x60,
    0x00, 0x00, 0x00, 0x00, 0x00, 0x00, 0x00, 0x00, 0x00, 0x01, 0xdf, 0xff,
    0xff, 0xf5, 0x00, 0x00, 0x00, 0x00, 0x00, 0x00, 0x00, 0x00, 0x00, 0x1d,
    0xff, 0xff, 0xff, 0xfc, 0x00, 0x00, 0x00, 0x00, 0x00, 0x00, 0x00, 0x00,
    0x01, 0xdf, 0xff, 0xff, 0xff, 0xf9, 0x00, 0x00, 0x00, 0x00, 0x00, 0x00,
    0x00, 0x00, 0x1d, 0xff, 0xff, 0xff, 0xff, 0xb0, 0x00, 0x1b, 0xf7, 0x00,
    0x00, 0x00, 0x00, 0x01, 0xdf, 0xff, 0xff, 0xff, 0xfb, 0x00, 0x01, 0xdf,
    0xff, 0x80, 0x00, 0x00, 0x00, 0x1d, 0xff, 0xff, 0xff, 0xff, 0xb0, 0x00,
    0x1d, 0xff, 0xff, 0xf8, 0x00, 0x00, 0x01, 0xdf, 0xff, 0xff, 0xff, 0xfb,
    0x00, 0x00, 0xaf, 0xff, 0xff, 0xff, 0x80, 0x00, 0x1d, 0xff, 0xff, 0xff,
    0xff, 0xb0, 0x00, 0x00, 0xcf, 0xff, 0xff, 0xff, 0xf8, 0x01, 0xdf, 0xff,
    0xff, 0xff, 0xfb, 0x00, 0x00, 0x00, 0x3f, 0xff, 0xff, 0xff, 0xff, 0x8d,
    0xff, 0xff, 0xff, 0xff, 0xb0, 0x00, 0x00, 0x00, 0x03, 0xff, 0xff, 0xff,
    0xff, 0xff, 0xff, 0xff, 0xff, 0xfb, 0x00, 0x00, 0x00, 0x00, 0x00, 0x3f,
    0xff, 0xff, 0xff, 0xff, 0xff, 0xff, 0xff, 0xb0, 0x00, 0x00, 0x00, 0x00,
    0x00, 0x03, 0xff, 0xff, 0xff, 0xff, 0xff, 0xff, 0xfb, 0x00, 0x00, 0x00,
    0x00, 0x00, 0x00, 0x00, 0x3f, 0xff, 0xff, 0xff, 0xff, 0xff, 0xb0, 0x00,
    0x00, 0x00, 0x00, 0x00, 0x00, 0x00, 0x03, 0xff, 0xff, 0xff, 0xff, 0xfb,
    0x00, 0x00, 0x00, 0x00, 0x00, 0x00, 0x00, 0x00, 0x00, 0x3f, 0xff, 0xff,
    0xff, 0xb0, 0x00, 0x00, 0x00, 0x00, 0x00, 0x00, 0x00, 0x00, 0x00, 0x03,
    0xff, 0xff, 0xfb, 0x00, 0x00, 0x00, 0x00, 0x00, 0x00, 0x00, 0x00, 0x00,
    0x00, 0x00, 0x3f, 0xff, 0xb0, 0x00, 0x00, 0x00, 0x00, 0x00, 0x00, 0x00,
    0x00, 0x00, 0x00, 0x00, 0x03, 0xa8, 0x00, 0x00, 0x00, 0x00, 0x00, 0x00,
    0x00, 0x00, 0x00, 0x02, 0xde, 0x50, 0x00, 0x00, 0x00, 0x00, 0x3d, 0xe4,
    0x00, 0x00, 0x02, 0xef, 0xff, 0x50, 0x00, 0x00, 0x00, 0x3f, 0xff, 0xf4,
    0x00, 0x02, 0xef, 0xff, 0xff, 0x50, 0x00, 0x00, 0x3f, 0xff, 0xff, 0xf4,
    0x00, 0xdf, 0xff, 0xff, 0xff, 0x50, 0x00, 0x3f, 0xff, 0xff, 0xff, 0xf0,
    0x0f, 0xff, 0xff, 0xff, 0xff, 0x50, 0x3f, 0xff, 0xff, 0xff, 0xff, 0x10,
    0x6f, 0xff, 0xff, 0xff, 0xff, 0x8f, 0xff, 0xff, 0xff, 0xff, 0x80, 0x00,
    0x6f, 0xff, 0xff, 0xff, 0xff, 0xff, 0xff, 0xff, 0xff, 0x80, 0x00, 0x00,
    0x6f, 0xff, 0xff, 0xff, 0xff, 0xff, 0xff, 0xff, 0x80, 0x00, 0x00, 0x00,
    0x6f, 0xff, 0xff, 0xff, 0xff, 0xff, 0xff, 0x80, 0x00, 0x00, 0x00, 0x00,
    0x6f, 0xff, 0xff, 0xff, 0xff, 0xff, 0x80, 0x00, 0x00, 0x00, 0x00, 0x00,
    0x8f, 0xff, 0xff, 0xff, 0xff, 0xa0, 0x00, 0x00, 0x00, 0x00, 0x00, 0x3f,
    0xff, 0xff, 0xff, 0xff, 0xff, 0x50, 0x00, 0x00, 0x00, 0x00, 0x3f, 0xff,
    0xff, 0xff, 0xff, 0xff, 0xff, 0x50, 0x00, 0x00, 0x00, 0x3f, 0xff, 0xff,
    0xff, 0xff, 0xff, 0xff, 0xff, 0x50, 0x00, 0x00, 0x3f, 0xff, 0xff, 0xff,
    0xff, 0xff, 0xff, 0xff, 0xff, 0x50, 0x00, 0x3f, 0xff, 0xff, 0xff, 0xff,
    0xbf, 0xff, 0xff, 0xff, 0xff, 0x50, 0x0e, 0xff, 0xff, 0xff, 0xff, 0x80,
    0x6f, 0xff, 0xff, 0xff, 0xff, 0x00, 0xef, 0xff, 0xff, 0xff, 0x80, 0x00,
    0x6f, 0xff, 0xff, 0xff, 0xf1, 0x05, 0xff, 0xff, 0xff, 0x80, 0x00, 0x00,
    0x6f, 0xff, 0xff, 0xf7, 0x00, 0x05, 0xff, 0xff, 0x80, 0x00, 0x00, 0x00,
    0x6f, 0xff, 0xf7, 0x00, 0x00, 0x05, 0xff, 0x80, 0x00, 0x00, 0x00, 0x00,
    0x6f, 0xf7, 0x00, 0x00, 0x00, 0x01, 0x20, 0x00, 0x00, 0x00, 0x00, 0x00,
    0x11, 0x00, 0x00, 0x00, 0x00, 0x00, 0x00, 0x00, 0x01, 0x22, 0x21, 0x00,
    0x00, 0x00, 0x00, 0x00, 0x00, 0x00, 0x00, 0x00, 0x00, 0x00, 0x0f, 0xff,
    0xff, 0x10, 0x00, 0x00, 0x00, 0x00, 0x00, 0x00, 0x00, 0x00, 0x00, 0x00,
    0x3f, 0xff, 0xff, 0x40, 0x00, 0x00, 0x00, 0x00, 0x00, 0x00, 0x00, 0x07,
    0x70, 0x00, 0x5f, 0xff, 0xff, 0x60, 0x00, 0x68, 0x00, 0x00, 0x00, 0x00,
    0x00, 0x9f, 0xfb, 0x10, 0x9f, 0xff, 0xff, 0xa0, 0x0a, 0xff, 0xa0, 0x00,
    0x00, 0x00, 0x09, 0xff, 0xff, 0xed, 0xff, 0xff, 0xff, 0xfe, 0xdf, 0xff,
    0xfa, 0x00, 0x00, 0x00, 0x6f, 0xff, 0xff, 0xff, 0xff, 0xff, 0xff, 0xff,
    0xff, 0xff, 0xff, 0x70, 0x00, 0x00, 0x3f, 0xff, 0xff, 0xff, 0xff, 0xff,
    0xff, 0xff, 0xff, 0xff, 0xff, 0x50, 0x00, 0x00, 0x07, 0xff, 0xff, 0xff,
    0xff, 0xff, 0xff, 0xff, 0xff, 0xff, 0xf9, 0x00, 0x00, 0x00, 0x00, 0xbf,
    0xff, 0xff, 0xff, 0xff, 0xff, 0xff, 0xff, 0xff, 0xd0, 0x00, 0x00, 0x00,
    0x00, 0xdf, 0xff, 0xff, 0xf8, 0x20, 0x17, 0xff, 0xff, 0xff, 0xe0, 0x00,
    0x00, 0x14, 0x69, 0xff, 0xff, 0xff, 0x40, 0x00, 0x00, 0x3f, 0xff, 0xff,
    0xfa, 0x53, 0x00, 0xff, 0xff, 0xff, 0xff, 0xf9, 0x00, 0x00, 0x00, 0x07,
    0xff, 0xff, 0xff, 0xff, 0xf1, 0xff, 0xff, 0xff, 0xff, 0xf4, 0x00, 0x00,
    0x00, 0x02, 0xff, 0xff, 0xff, 0xff, 0xf2, 0xff, 0xff, 0xff, 0xff, 0xf2,
    0x00, 0x00, 0x00, 0x00, 0xff, 0xff, 0xff, 0xff, 0xf2, 0xff, 0xff, 0xff,
    0xff, 0xf4, 0x00, 0x00, 0x00, 0x02, 0xff, 0xff, 0xff, 0xff, 0xf2, 0xef,
    0xff, 0xff, 0xff, 0xf9, 0x00, 0x00, 0x00, 0x07, 0xff, 0xff, 0xff, 0xff,
    0xf1, 0x03, 0x58, 0xff, 0xff, 0xff, 0x40, 0x00, 0x00, 0x3f, 0xff, 0xff,
    0xfa, 0x74, 0x10, 0x00, 0x00, 0xcf, 0xff, 0xff, 0xf8, 0x20, 0x17, 0xff,
    0xff, 0xff, 0xe0, 0x00, 0x00, 0x00, 0x00, 0xbf, 0xff, 0xff, 0xff, 0xff,
    0xff, 0xff, 0xff, 0xff, 0xd0, 0x00, 0x00, 0x00, 0x06, 0xff, 0xff, 0xff,
    0xff, 0xff, 0xff, 0xff, 0xff, 0xff, 0xf9, 0x00, 0x00, 0x00, 0x3f, 0xff,
    0xff, 0xff, 0xff, 0xff, 0xff, 0xff, 0xff, 0xff, 0xff, 0x60, 0x00, 0x00,
    0x5f, 0xff, 0xff, 0xff, 0xff, 0xff, 0xff, 0xff, 0xff, 0xff, 0xff, 0x80,
    0x00, 0x00, 0x08, 0xff, 0xff, 0xed, 0xff, 0xff, 0xff, 0xfe, 0xdf, 0xff,
    0xfb, 0x00, 0x00, 0x00, 0x00, 0x8f, 0xfc, 0x10, 0x8f, 0xff, 0xff, 0xb0,
    0x0a, 0xff, 0xb0, 0x00, 0x00, 0x00, 0x00, 0x06, 0x80, 0x00, 0x4f, 0xff,
    0xff, 0x70, 0x00, 0x68, 0x00, 0x00, 0x00, 0x00, 0x00, 0x00, 0x00, 0x00,
    0x2f, 0xff, 0xff, 0x50, 0x00, 0x00, 0x00, 0x00, 0x00, 0x00, 0x00, 0x00,
    0x00, 0x00, 0x0f, 0xff, 0xff, 0x20, 0x00, 0x00, 0x00, 0x00, 0x00, 0x00,
    0x00, 0x00, 0x00, 0x00, 0x01, 0x22, 0x21, 0x00, 0x00, 0x00, 0x00, 0x00,
    0x00, 0x00, 0x00, 0x00, 0x00, 0x00, 0x00, 0x1a, 0xda, 0x10, 0x00, 0x6d,
    0xdd, 0xc0, 0x00, 0x00, 0x00, 0x00, 0x00, 0x00, 0x00, 0x02, 0xdf, 0xff,
    0xe3, 0x00, 0x9f, 0xff, 0xf0, 0x00, 0x00, 0x00, 0x00, 0x00, 0x00, 0x00,
    0x4e, 0xff, 0xff, 0xff, 0x50, 0x9f, 0xff, 0xf0, 0x00, 0x00, 0x00, 0x00,
    0x00, 0x00, 0x06, 0xff, 0xfe, 0x5e, 0xff, 0xf8, 0x9f, 0xff, 0xf0, 0x00,
    0x00, 0x00, 0x00, 0x00, 0x00, 0x9f, 0xff, 0xc1, 0x11, 0xcf, 0xff, 0xff,
    0xff, 0xf0, 0x00, 0x00, 0x00, 0x00, 0x00, 0x1b, 0xff, 0xfa, 0x07, 0xf7,
    0x09, 0xff, 0xff, 0xff, 0xf0, 0x00, 0x00, 0x00, 0x00, 0x02, 0xdf, 0xff,
    0x70, 0xaf, 0xff, 0xa0, 0x6f, 0xff, 0xff, 0xf0, 0x00, 0x00, 0x00, 0x00,
    0x4e, 0xff, 0xf5, 0x2d, 0xff, 0xff, 0xfd, 0x24, 0xef, 0xff, 0xf0, 0x00,
    0x00, 0x00, 0x06, 0xff, 0xfe, 0x34, 0xef, 0xff, 0xff, 0xff, 0xe4, 0x2d,
    0xff, 0xf9, 0x00, 0x00, 0x00, 0x9f, 0xff, 0xc1, 0x7f, 0xff, 0xff, 0xff,
    0xff, 0xff, 0x70, 0xaf, 0xff, 0xb1, 0x00, 0x1b, 0xff, 0xfa, 0x1a, 0xff,
    0xff, 0xff, 0xff, 0xff, 0xff, 0xfa, 0x08, 0xff, 0xfd, 0x20, 0xcf, 0xff,
    0x71, 0xcf, 0xff, 0xff, 0xff, 0xff, 0xff, 0xff, 0xff, 0xc1, 0x5f, 0xff,
    0xe0, 0x6f, 0xf5, 0x3e, 0xff, 0xff, 0xff, 0xff, 0xff, 0xff, 0xff, 0xff,
    0xfe, 0x33, 0xef, 0x90, 0x06, 0x30, 0xff, 0xff, 0xff, 0xff, 0xff, 0xff,
    0xff, 0xff, 0xff, 0xff, 0xf0, 0x17, 0x00, 0x00, 0x00, 0xff, 0xff, 0xff,
    0xff, 0xff, 0xff, 0xff, 0xff, 0xff, 0xff, 0xf0, 0x00, 0x00, 0x00, 0x00,
    0xff, 0xff, 0xff, 0xff, 0xff, 0xff, 0xff, 0xff, 0xff, 0xff, 0xf0, 0x00,
    0x00, 0x00, 0x00, 0xff, 0xff, 0xff, 0xff, 0x22, 0x22, 0x2f, 0xff, 0xff,
    0xff, 0xf0, 0x00, 0x00, 0x00, 0x00, 0xff, 0xff, 0xff, 0xff, 0x00, 0x00,
    0x0f, 0xff, 0xff, 0xff, 0xf0, 0x00, 0x00, 0x00, 0x00, 0xff, 0xff, 0xff,
    0xff, 0x00, 0x00, 0x0f, 0xff, 0xff, 0xff, 0xf0, 0x00, 0x00, 0x00, 0x00,
    0xff, 0xff, 0xff, 0xff, 0x00, 0x00, 0x0f, 0xff, 0xff, 0xff, 0xf0, 0x00,
    0x00, 0x00, 0x00, 0xff, 0xff, 0xff, 0xff, 0x00, 0x00, 0x0f, 0xff, 0xff,
    0xff, 0xf0, 0x00, 0x00, 0x00, 0x00, 0xff, 0xff, 0xff, 0xff, 0x00, 0x00,
    0x0f, 0xff, 0xff, 0xff, 0xf0, 0x00, 0x00, 0x00, 0x00, 0xbf, 0xff, 0xff,
    0xff, 0x00, 0x00, 0x0f, 0xff, 0xff, 0xff, 0xb0, 0x00, 0x00, 0x00, 0x00,
    0x00, 0x00, 0x00, 0x00, 0x34, 0x44, 0x42, 0x00, 0x00, 0x00, 0x00, 0x00,
    0x00, 0x00, 0x00, 0x00, 0x00, 0x00, 0x07, 0xff, 0xff, 0xff, 0x20, 0x00,
    0x00, 0x00, 0x00, 0x00, 0x00, 0x00, 0x00, 0x00, 0x00, 0x09, 0xff, 0xff,
    0xff, 0x40, 0x00, 0x00, 0x00, 0x00, 0x00, 0x00, 0x00, 0x00, 0x00, 0x00,
    0x09, 0xff, 0xff, 0xff, 0x40, 0x00, 0x00, 0x00, 0x00, 0x00, 0x00, 0x00,
    0x00, 0x00, 0x00, 0x09, 0xff, 0xff, 0xff, 0x40, 0x00, 0x00, 0x00, 0x00,
    0x00, 0x00, 0x00, 0x00, 0x00, 0x00, 0x09, 0xff, 0xff, 0xff, 0x40, 0x00,
    0x00, 0x00, 0x00, 0x00, 0x00, 0x00, 0x00, 0x00, 0x00, 0x09, 0xff, 0xff,
    0xff, 0x40, 0x00, 0x00, 0x00, 0x00, 0x00, 0x00, 0x00, 0x00, 0x00, 0x00,
    0x09, 0xff, 0xff, 0xff, 0x40, 0x00, 0x00, 0x00, 0x00, 0x00, 0x00, 0x00,
    0x00, 0x00, 0x00, 0x09, 0xff, 0xff, 0xff, 0x40, 0x00, 0x00, 0x00, 0x00,
    0x00, 0x00, 0x00, 0x00, 0x02, 0x22, 0x29, 0xff, 0xff, 0xff, 0x62, 0x22,
    0x20, 0x00, 0x00, 0x00, 0x00, 0x00, 0x01, 0xff, 0xff, 0xff, 0xff, 0xff,
    0xff, 0xff, 0xff, 0xfd, 0x00, 0x00, 0x00, 0x00, 0x00, 0x01, 0xff, 0xff,
    0xff, 0xff, 0xff, 0xff, 0xff, 0xff, 0xfd, 0x00, 0x00, 0x00, 0x00, 0x00,
    0x00, 0x4f, 0xff, 0xff, 0xff, 0xff, 0xff, 0xff, 0xff, 0xd1, 0x00, 0x00,
    0x00, 0x00, 0x00, 0x00, 0x04, 0xff, 0xff, 0xff, 0xff, 0xff, 0xff, 0xfd,
    0x10, 0x00, 0x00, 0x00, 0x00, 0x00, 0x00, 0x00, 0x4f, 0xff, 0xff, 0xff,
    0xff, 0xff, 0xd1, 0x00, 0x00, 0x00, 0x00, 0x00, 0x00, 0x00, 0x00, 0x04,
    0xff, 0xff, 0xff, 0xff, 0xfd, 0x10, 0x00, 0x00, 0x00, 0x00, 0x00, 0x00,
    0x00, 0x00, 0x00, 0x4f, 0xff, 0xff, 0xff, 0xd1, 0x00, 0x00, 0x00, 0x00,
    0x00, 0x00, 0x00, 0x00, 0x00, 0x00, 0x04, 0xff, 0xff, 0xfd, 0x10, 0x00,
    0x00, 0x00, 0x00, 0x00, 0x00, 0x00, 0x00, 0x00, 0x00, 0x00, 0x4f, 0xff,
    0xd1, 0x00, 0x00, 0x00, 0x00, 0x00, 0x00, 0x6f, 0xff, 0xff, 0xff, 0xff,
    0x80, 0x04, 0xfd, 0x10, 0x0b, 0xff, 0xff, 0xff, 0xff, 0xf6, 0xff, 0xff,
    0xff, 0xff, 0xff, 0xf8, 0x00, 0x00, 0x00, 0xcf, 0xff, 0xff, 0xff, 0xff,
    0xff, 0xff, 0xff, 0xff, 0xff, 0xff, 0xff, 0x90, 0x00, 0x1c, 0xff, 0xff,
    0xff, 0xff, 0xff, 0xff, 0xff, 0xff, 0xff, 0xff, 0xff, 0xff, 0xfe, 0xab,
    0xff, 0xff, 0xff, 0xff, 0xff, 0xff, 0xff, 0xff, 0xff, 0xff, 0xff, 0xff,
    0xff, 0xff, 0xff, 0xff, 0xff, 0xfa, 0xdf, 0xfd, 0x9e, 0xff, 0xff, 0xff,
    0xff, 0xff, 0xff, 0xff, 0xff, 0xff, 0xff, 0xff, 0xa0, 0x2f, 0xf2, 0x03,
    0xff, 0xff, 0xff, 0xff, 0xff, 0xff, 0xff, 0xff, 0xff, 0xff, 0xff, 0xe3,
    0x8f, 0xf9, 0x3a, 0xff, 0xff, 0xff, 0xff, 0xff, 0xff, 0xff, 0xff, 0xff,
    0xff, 0xff, 0xff, 0xff, 0xff, 0xff, 0xff, 0x6f, 0xff, 0xff, 0xff, 0xff,
    0xff, 0xff, 0xff, 0xff, 0xff, 0xff, 0xff, 0xff, 0xff, 0xf6, 0x00, 0x00,
    0x00, 0x00, 0x00, 0x00, 0x01, 0x00, 0x00, 0x00, 0x00, 0x00, 0x00, 0x00,
    0x00, 0x00, 0x00, 0x00, 0x28, 0xcf, 0xff, 0xff, 0xc7, 0x20, 0x00, 0x00,
    0x00, 0x00, 0x00, 0x00, 0x00, 0x2b, 0xff, 0xff, 0xff, 0xff, 0xff, 0xfb,
    0x30, 0x00, 0x0b, 0xe1, 0x00, 0x00, 0x06, 0xff, 0xff, 0xff, 0xff, 0xff,
    0xff, 0xff, 0xf8, 0x00, 0xcf, 0xf4, 0x00, 0x00, 0x9f, 0xff, 0xff, 0xff,
    0xff, 0xff, 0xff, 0xff, 0xff, 0xbc, 0xff, 0xf4, 0x00, 0x09, 0xff, 0xff,
    0xff, 0xfb, 0x87, 0x8a, 0xef, 0xff, 0xff, 0xff, 0xff, 0xf4, 0x00, 0x5f,
    0xff, 0xff, 0xf7, 0x00, 0x00, 0x00, 0x05, 0xdf, 0xff, 0xff, 0xff, 0xf4,
    0x01, 0xff, 0xff, 0xfd, 0x20, 0x00, 0x00, 0x00, 0x00, 0x0a, 0xff, 0xff,
    0xff, 0xf4, 0x08, 0xff, 0xff, 0xd0, 0x00, 0x00, 0x00, 0x00, 0x00, 0x0c,
    0xff, 0xff, 0xff, 0xf4, 0x0f, 0xff, 0xff, 0x20, 0x00, 0x00, 0x00, 0x00,
    0x00, 0xcf, 0xff, 0xff, 0xff, 0xf4, 0x5f, 0xff, 0xf8, 0x00, 0x00, 0x00,
    0x00, 0x00, 0x0b, 0xff, 0xff, 0xff, 0xff, 0xf4, 0x9f, 0xff, 0xf2, 0x00,
    0x00, 0x00, 0x00, 0x00, 0x0e, 0xff, 0xff, 0xff, 0xff, 0xf2, 0x14, 0x44,
    0x30, 0x00, 0x00, 0x00, 0x00, 0x00, 0x01, 0x44, 0x44, 0x44, 0x44, 0x20,
    0x00, 0x00, 0x00, 0x00, 0x00, 0x00, 0x00, 0x00, 0x00, 0x00, 0x00, 0x00,
    0x00, 0x00, 0x00, 0x00, 0x00, 0x00, 0x00, 0x00, 0x00, 0x00, 0x00, 0x00,
    0x00, 0x00, 0x00, 0x00, 0x00, 0x00, 0x00, 0x00, 0x00, 0x00, 0x00, 0x00,
    0x00, 0x00, 0x00, 0x00, 0x00, 0x00, 0x13, 0x44, 0x44, 0x44, 0x42, 0x00,
    0x00, 0x00, 0x00, 0x00, 0x00, 0x14, 0x44, 0x20, 0xef, 0xff, 0xff, 0xff,
    0xff, 0x20, 0x00, 0x00, 0x00, 0x00, 0x00, 0xdf, 0xff, 0xb0, 0xff, 0xff,
    0xff, 0xff, 0xfe, 0x10, 0x00, 0x00, 0x00, 0x00, 0x04, 0xff, 0xff, 0x70,
    0xff, 0xff, 0xff, 0xff, 0xe2, 0x00, 0x00, 0x00, 0x00, 0x00, 0x0d, 0xff,
    0xff, 0x20, 0xff, 0xff, 0xff, 0xfe, 0x20, 0x00, 0x00, 0x00, 0x00, 0x00,
    0xaf, 0xff, 0xfa, 0x00, 0xff, 0xff, 0xff, 0xfe, 0x30, 0x00, 0x00, 0x00,
    0x00, 0x1b, 0xff, 0xff, 0xf2, 0x00, 0xff, 0xff, 0xff, 0xff, 0xf9, 0x20,
    0x00, 0x00, 0x06, 0xef, 0xff, 0xff, 0x70, 0x00, 0xff, 0xff, 0xff, 0xff,
    0xff, 0xfd, 0xa9, 0x9c, 0xff, 0xff, 0xff, 0xfa, 0x00, 0x00, 0xff, 0xfd,
    0x7f, 0xff, 0xff, 0xff, 0xff, 0xff, 0xff, 0xff, 0xff, 0xa0, 0x00, 0x00,
    0xff, 0xd1, 0x03, 0xef, 0xff, 0xff, 0xff, 0xff, 0xff, 0xff, 0xf7, 0x00,
    0x00, 0x00, 0x9b, 0x10, 0x00, 0x07, 0xef, 0xff, 0xff, 0xff, 0xff, 0xfa,
    0x20, 0x00, 0x00, 0x00, 0x00, 0x00, 0x00, 0x00, 0x04, 0x9c, 0xef, 0xed,
    0xa6, 0x10, 0x00, 0x00, 0x00, 0x00, 0x00, 0x00, 0x00, 0x00, 0x00, 0x00,
    0x00, 0x00, 0x00, 0x00, 0x10, 0x00, 0x00, 0x00, 0x00, 0x00, 0x00, 0x00,
    0x00, 0x00, 0x00, 0x00, 0x00, 0x00, 0x05, 0xfd, 0x50, 0x00, 0x00, 0x00,
    0x00, 0x00, 0x00, 0x00, 0x00, 0x00, 0x30, 0x00, 0x00, 0x05, 0xff, 0xfc,
    0x20, 0x00, 0x00, 0x00, 0x00, 0x00, 0x00, 0x00, 0x0a, 0xf9, 0x00, 0x00,
    0x00, 0x3a, 0xff, 0xf4, 0x00, 0x00, 0x00, 0x00, 0x00, 0x00, 0x00, 0xaf,
    0xfb, 0x00, 0x00, 0x00, 0x00, 0x4e, 0xff, 0x40, 0x00, 0x00, 0x00, 0x00,
    0x00, 0x0a, 0xff, 0xfb, 0x00, 0x00, 0xcb, 0x30, 0x01, 0xcf, 0xf2, 0x00,
    0x00, 0x00, 0x00, 0x00, 0xaf, 0xff, 0xfb, 0x00, 0x01, 0xff, 0xf8, 0x00,
    0x0d, 0xfd, 0x00, 0x00, 0x00, 0x00, 0x0a, 0xff, 0xff, 0xfb, 0x00, 0x00,
    0x3c, 0xff, 0xa0, 0x02, 0xff, 0x70, 0x00, 0x00, 0x00, 0xaf, 0xff, 0xff,
    0xfb, 0x00, 0x00, 0x00, 0x8f, 0xf6, 0x00, 0x7f, 0xe0, 0xbf, 0xff, 0xff,
    0xff, 0xff, 0xff, 0xfb, 0x00, 0x1a, 0x20, 0x08, 0xff, 0x10, 0x0f, 0xf5,
    0xff, 0xff, 0xff, 0xff, 0xff, 0xff, 0xfb, 0x00, 0x4f, 0xf2, 0x00, 0xdf,
    0x70, 0x0a, 0xf9, 0xff, 0xff, 0xff, 0xff, 0xff, 0xff, 0xfb, 0x00, 0x0d,
    0xfa, 0x00, 0x7f, 0xc0, 0x06, 0xfd, 0xff, 0xff, 0xff, 0xff, 0xff, 0xff,
    0xfb, 0x00, 0x03, 0xff, 0x00, 0x3f, 0xf0, 0x03, 0xfe, 0xff, 0xff, 0xff,
    0xff, 0xff, 0xff, 0xfb, 0x00, 0x00, 0xff, 0x10, 0x1f, 0xf0, 0x02, 0xff,
    0xff, 0xff, 0xff, 0xff, 0xff, 0xff, 0xfb, 0x00, 0x02, 0xff, 0x00, 0x3f,
    0xf0, 0x03, 0xfe, 0xff, 0xff, 0xff, 0xff, 0xff, 0xff, 0xfb, 0x00, 0x0b,
    0xfb, 0x00, 0x6f, 0xd0, 0x05, 0xfd, 0xff, 0xff, 0xff, 0xff, 0xff, 0xff,
    0xfb, 0x00, 0x4f, 0xf3, 0x00, 0xcf, 0x80, 0x09, 0xfa, 0xdf, 0xff, 0xff,
    0xff, 0xff, 0xff, 0xfb, 0x00, 0x1c, 0x40, 0x07, 0xff, 0x20, 0x0e, 0xf5,
    0x02, 0x22, 0x22, 0xcf, 0xff, 0xff, 0xfb, 0x00, 0x00, 0x00, 0x6f, 0xf9,
    0x00, 0x6f, 0xf0, 0x00, 0x00, 0x00, 0x0c, 0xff, 0xff, 0xfb, 0x00, 0x00,
    0x2a, 0xff, 0xc0, 0x01, 0xef, 0x80, 0x00, 0x00, 0x00, 0x00, 0xcf, 0xff,
    0xfb, 0x00, 0x01, 0xff, 0xfb, 0x10, 0x0b, 0xfe, 0x00, 0x00, 0x00, 0x00,
    0x00, 0x0c, 0xff, 0xfb, 0x00, 0x00, 0xee, 0x60, 0x00, 0xaf, 0xf4, 0x00,
    0x00, 0x00, 0x00, 0x00, 0x00, 0xcf, 0xfb, 0x00, 0x00, 0x00, 0x00, 0x2c,
    0xff, 0x60, 0x00, 0x00, 0x00, 0x00, 0x00, 0x00, 0x0c, 0xfa, 0x00, 0x00,
    0x00, 0x18, 0xff, 0xf6, 0x00, 0x00, 0x00, 0x00, 0x00, 0x00, 0x00, 0x00,
    0x51, 0x00, 0x00, 0x04, 0xff, 0xfe, 0x40, 0x00, 0x00, 0x00, 0x00, 0x00,
    0x00, 0x00, 0x00, 0x00, 0x00, 0x00, 0x06, 0xff, 0x80, 0x00, 0x00, 0x00,
    0x00, 0x00, 0x00, 0x00, 0x00, 0x00, 0x00, 0x00, 0x00, 0x00, 0x30, 0x00,
    0x00, 0x00, 0x00, 0x00, 0x01, 0x11, 0x11, 0x11, 0x11, 0x11, 0x11, 0x11,
    0x11, 0x11, 0x11, 0x11, 0x11, 0x11, 0x10, 0x00, 0x01, 0xaf, 0xff, 0xff,
    0xff, 0xff, 0xff, 0xff, 0xff, 0xff, 0xff, 0xff, 0xff, 0xff, 0xff, 0xff,
    0xfc, 0x20, 0xaf, 0xff, 0xff, 0xff, 0xff, 0xff, 0xff, 0xff, 0xff, 0xff,
    0xff, 0xff, 0xff, 0xff, 0xff, 0xff, 0xfc, 0x0f, 0xf4, 0x11, 0x11, 0x11,
    0x11, 0x11, 0x11, 0x11, 0x11, 0x11, 0x11, 0x11, 0x11, 0x11, 0x11, 0x2f,
    0xf1, 0xff, 0x20, 0x00, 0x00, 0x00, 0x00, 0x00, 0x00, 0x00, 0x00, 0x00,
    0x00, 0x00, 0x00, 0x00, 0x00, 0xff, 0x2f, 0xf2, 0x00, 0x2a, 0xca, 0x30,
    0x00, 0x00, 0x00, 0x00, 0x00, 0x00, 0x00, 0x00, 0x00, 0x00, 0x0f, 0xf2,
    0xff, 0x20, 0x2f, 0xff, 0xff, 0x30, 0x00, 0x00, 0x00, 0x00, 0x00, 0x00,
    0x00, 0x00, 0x00, 0x00, 0xff, 0x2f, 0xf2, 0x0a, 0xff, 0xff, 0xfc, 0x00,
    0x00, 0x00, 0x00, 0x00, 0x00, 0x00, 0x00, 0x00, 0x00, 0x0f, 0xf2, 0xff,
    0x20, 0xcf, 0xff, 0xff, 0xf0, 0x00, 0x00, 0x00, 0x00, 0x06, 0x90, 0x00,
    0x00, 0x00, 0x00, 0xff, 0x2f, 0xf2, 0x0a, 0xff, 0xff, 0xfd, 0x00, 0x00,
    0x00, 0x00, 0x07, 0xff, 0x90, 0x00, 0x00, 0x00, 0x0f, 0xf2, 0xff, 0x20,
    0x3f, 0xff, 0xff, 0x50, 0x00, 0x00, 0x00, 0x07, 0xff, 0xff, 0xa0, 0x00,
    0x00, 0x00, 0xff, 0x2f, 0xf2, 0x00, 0x3c, 0xfd, 0x50, 0x00, 0x00, 0x00,
    0x07, 0xff, 0xff, 0xff, 0xa0, 0x00, 0x00, 0x0f, 0xf2, 0xff, 0x20, 0x00,
    0x00, 0x00, 0x00, 0x00, 0x00, 0x08, 0xff, 0xff, 0xff, 0xff, 0xa0, 0x00,
    0x00, 0xff, 0x2f, 0xf2, 0x00, 0x00, 0x00, 0x00, 0x00, 0x00, 0x08, 0xff,
    0xff, 0xff, 0xff, 0xff, 0xa0, 0x00, 0x0f, 0xf2, 0xff, 0x20, 0x00, 0x00,
    0x05, 0x20, 0x00, 0x08, 0xff, 0xff, 0xff, 0xff, 0xff, 0xff, 0xb0, 0x00,
    0xff, 0x2f, 0xf2, 0x00, 0x00, 0x05, 0xfe, 0x20, 0x09, 0xff, 0xff, 0xff,
    0xff, 0xff, 0xff, 0xff, 0x90, 0x0f, 0xf2, 0xff, 0x20, 0x00, 0x05, 0xff,
    0xfe, 0x29, 0xff, 0xff, 0xff, 0xff, 0xff, 0xff, 0xff, 0xfa, 0x00, 0xff,
    0x2f, 0xf2, 0x00, 0x05, 0xff, 0xff, 0xff, 0xff, 0xff, 0xff, 0xff, 0xff,
    0xff, 0xff, 0xff, 0xa0, 0x0f, 0xf2, 0xff, 0x20, 0x05, 0xff, 0xff, 0xff,
    0xff, 0xff, 0xff, 0xff, 0xff, 0xff, 0xff, 0xff, 0xfa, 0x00, 0xff, 0x2f,
    0xf2, 0x05, 0xff, 0xff, 0xff, 0xff, 0xff, 0xff, 0xff, 0xff, 0xff, 0xff,
    0xff, 0xff, 0xa0, 0x0f, 0xf2, 0xff, 0x20, 0xdf, 0xff, 0xff, 0xff, 0xff,
    0xff, 0xff, 0xff, 0xff, 0xff, 0xff, 0xff, 0xfa, 0x00, 0xff, 0x2f, 0xf2,
    0x0d, 0xff, 0xff, 0xff, 0xff, 0xff, 0xff, 0xff, 0xff, 0xff, 0xff, 0xff,
    0xff, 0xa0, 0x0f, 0xf2, 0xff, 0x20, 0xdf, 0xff, 0xff, 0xff, 0xff, 0xff,
    0xff, 0xff, 0xff, 0xff, 0xff, 0xff, 0xfa, 0x00, 0xff, 0x2f, 0xf2, 0x05,
    0x77, 0x77, 0x77, 0x77, 0x77, 0x77, 0x77, 0x77, 0x77, 0x77, 0x77, 0x77,
    0x40, 0x0f, 0xf2, 0xff, 0x20, 0x00, 0x00, 0x00, 0x00, 0x00, 0x00, 0x00,
    0x00, 0x00, 0x00, 0x00, 0x00, 0x00, 0x00, 0xff, 0x2f, 0xf4, 0x00, 0x00,
    0x00, 0x00, 0x00, 0x00, 0x00, 0x00, 0x00, 0x00, 0x00, 0x00, 0x00, 0x00,
    0x1f, 0xf1, 0xbf, 0xff, 0xff, 0xff, 0xff, 0xff, 0xff, 0xff, 0xff, 0xff,
    0xff, 0xff, 0xff, 0xff, 0xff, 0xff, 0xfd, 0x01, 0xcf, 0xff, 0xff, 0xff,
    0xff, 0xff, 0xff, 0xff, 0xff, 0xff, 0xff, 0xff, 0xff, 0xff, 0xff, 0xfd,
    0x20, 0x00, 0x12, 0x22, 0x22, 0x22, 0x22, 0x22, 0x22, 0x22, 0x22, 0x22,
    0x22, 0x22, 0x22, 0x22, 0x21, 0x00, 0x00, 0x02, 0x21, 0x00, 0x00, 0x00,
    0x00, 0x00, 0x00, 0x00, 0x0c, 0xff, 0xf6, 0x00, 0x00, 0x00, 0x00, 0x00,
    0x01, 0xd4, 0xff, 0xff, 0x90, 0x00, 0x00, 0x00, 0x00, 0x01, 0xdf, 0x4f,
    0xff, 0xf9, 0x00, 0x00, 0x00, 0x00, 0x01, 0xdf, 0xf4, 0xff, 0xff, 0x90,
    0x00, 0x00, 0x00, 0x01, 0xdf, 0xff, 0x4f, 0xff, 0xf9, 0x00, 0x00, 0x00,
    0x01, 0xdf, 0xff, 0xf4, 0xff, 0xff, 0x90, 0x00, 0x00, 0x01, 0xdf, 0xff,
    0xff, 0x4f, 0xff, 0xf9, 0x00, 0x00, 0x01, 0xdf, 0xff, 0xff, 0xf4, 0xff,
    0xff, 0x90, 0x00, 0x01, 0xdf, 0xff, 0xff, 0xff, 0x4f, 0xff, 0xf9, 0x00,
    0x01, 0xdf, 0xff, 0xff, 0xff, 0xf4, 0xff, 0xff, 0x90, 0x01, 0xdf, 0xff,
    0xff, 0xff, 0xff, 0x4f, 0xff, 0xf9, 0x01, 0xdf, 0xff, 0xff, 0xff, 0xff,
    0xf4, 0xff, 0xff, 0x91, 0xdf, 0xff, 0xff, 0xff, 0xff, 0xff, 0x4f, 0xff,
    0xfa, 0xdf, 0xff, 0xff, 0xff, 0xff, 0xff, 0xf4, 0xff, 0xff, 0xff, 0xff,
    0xff, 0xff, 0xff, 0xff, 0xff, 0x4f, 0xff, 0xfb, 0xef, 0xff, 0xff, 0xff,
    0xff, 0xff, 0xf4, 0xff, 0xff, 0x92, 0xef, 0xff, 0xff, 0xff, 0xff, 0xff,
    0x4f, 0xff, 0xf9, 0x02, 0xef, 0xff, 0xff, 0xff, 0xff, 0xf4, 0xff, 0xff,
    0x90, 0x02, 0xef, 0xff, 0xff, 0xff, 0xff, 0x4f, 0xff, 0xf9, 0x00, 0x02,
    0xef, 0xff, 0xff, 0xff, 0xf4, 0xff, 0xff, 0x90, 0x00, 0x02, 0xef, 0xff,
    0xff, 0xff, 0x4f, 0xff, 0xf9, 0x00, 0x00, 0x02, 0xef, 0xff, 0xff, 0xf4,
    0xff, 0xff, 0x90, 0x00, 0x00, 0x02, 0xef, 0xff, 0xff, 0x4f, 0xff, 0xf9,
    0x00, 0x00, 0x00, 0x02, 0xef, 0xff, 0xf4, 0xff, 0xff, 0x90, 0x00, 0x00,
    0x00, 0x02, 0xef, 0xff, 0x4f, 0xff, 0xf9, 0x00, 0x00, 0x00, 0x00, 0x02,
    0xef, 0xf4, 0xff, 0xff, 0x90, 0x00, 0x00, 0x00, 0x00, 0x02, 0xef, 0x4e,
    0xff, 0xf7, 0x00, 0x00, 0x00, 0x00, 0x00, 0x02, 0xe4, 0x14, 0x43, 0x00,
    0x00, 0x00, 0x00, 0x00, 0x00, 0x01, 0x00, 0x20, 0x00, 0x00, 0x00, 0x00,
    0x00, 0x00, 0x00, 0x00, 0x00, 0x00, 0x00, 0x00, 0xfd, 0x50, 0x00, 0x00,
    0x00, 0x00, 0x00, 0x00, 0x00, 0x00, 0x00, 0x00, 0x00, 0xff, 0xfc, 0x30,
    0x00, 0x00, 0x00, 0x00, 0x00, 0x00, 0x00, 0x00, 0x00, 0x00, 0xff, 0xff,
    0xfa, 0x20, 0x00, 0x00, 0x00, 0x00, 0x00, 0x00, 0x00, 0x00, 0x00, 0xff,
    0xff, 0xff, 0xf8, 0x10, 0x00, 0x00, 0x00, 0x00, 0x00, 0x00, 0x00, 0x00,
    0xff, 0xff, 0xff, 0xff, 0xe6, 0x00, 0x00, 0x00, 0x00, 0x00, 0x00, 0x00,
    0x00, 0xff, 0xff, 0xff, 0xff, 0xff, 0xd5, 0x00, 0x00, 0x00, 0x00, 0x00,
    0x00, 0x00, 0xff, 0xff, 0xff, 0xff, 0xff, 0xff, 0xc3, 0x00, 0x00, 0x00,
    0x00, 0x00, 0x00, 0xff, 0xff, 0xff, 0xff, 0xff, 0xff, 0xff, 0xa2, 0x00,
    0x00, 0x00, 0x00, 0x00, 0xff, 0xff, 0xff, 0xff, 0xff, 0xff, 0xff, 0xff,
    0x81, 0x00, 0x00, 0x00, 0x00, 0xff, 0xff, 0xff, 0xff, 0xff, 0xff, 0xff,
    0xff, 0xfe, 0x70, 0x00, 0x00, 0x00, 0xff, 0xff, 0xff, 0xff, 0xff, 0xff,
    0xff, 0xff, 0xff, 0xfd, 0x50, 0x00, 0x00, 0xff, 0xff, 0xff, 0xff, 0xff,
    0xff, 0xff, 0xff, 0xff, 0xff, 0xfc, 0x30, 0x00, 0xff, 0xff, 0xff, 0xff,
    0xff, 0xff, 0xff, 0xff, 0xff, 0xff, 0xff, 0xfa, 0x20, 0xff, 0xff, 0xff,
    0xff, 0xff, 0xff, 0xff, 0xff, 0xff, 0xff, 0xff, 0xff, 0xf0, 0xff, 0xff,
    0xff, 0xff, 0xff, 0xff, 0xff, 0xff, 0xff, 0xff, 0xff, 0xfc, 0x30, 0xff,
    0xff, 0xff, 0xff, 0xff, 0xff, 0xff, 0xff, 0xff, 0xff, 0xfe, 0x50, 0x00,
    0xff, 0xff, 0xff, 0xff, 0xff, 0xff, 0xff, 0xff, 0xff, 0xff, 0x70, 0x00,
    0x00, 0xff, 0xff, 0xff, 0xff, 0xff, 0xff, 0xff, 0xff, 0xff, 0x91, 0x00,
    0x00, 0x00, 0xff, 0xff, 0xff, 0xff, 0xff, 0xff, 0xff, 0xff, 0xb2, 0x00,
    0x00, 0x00, 0x00, 0xff, 0xff, 0xff, 0xff, 0xff, 0xff, 0xff, 0xc3, 0x00,
    0x00, 0x00, 0x00, 0x00, 0xff, 0xff, 0xff, 0xff, 0xff, 0xff, 0xe5, 0x00,
    0x00, 0x00, 0x00, 0x00, 0x00, 0xff, 0xff, 0xff, 0xff, 0xff, 0xf7, 0x00,
    0x00, 0x00, 0x00, 0x00, 0x00, 0x00, 0xff, 0xff, 0xff, 0xff, 0xf9, 0x10,
    0x00, 0x00, 0x00, 0x00, 0x00, 0x00, 0x00, 0xff, 0xff, 0xff, 0xfb, 0x20,
    0x00, 0x00, 0x00, 0x00, 0x00, 0x00, 0x00, 0x00, 0xff, 0xff, 0xfc, 0x30,
    0x00, 0x00, 0x00, 0x00, 0x00, 0x00, 0x00, 0x00, 0x00, 0xff, 0xfe, 0x50,
    0x00, 0x00, 0x00, 0x00, 0x00, 0x00, 0x00, 0x00, 0x00, 0x00, 0xff, 0x70,
    0x00, 0x00, 0x00, 0x00, 0x00, 0x00, 0x00, 0x00, 0x00, 0x00, 0x00, 0x51,
    0x00, 0x00, 0x00, 0x00, 0x00, 0x00, 0x00, 0x00, 0x00, 0x00, 0x00, 0x00,
    0x02, 0x22, 0x22, 0x22, 0x22, 0x10, 0x00, 0x00, 0x02, 0x22, 0x22, 0x22,
    0x22, 0x10, 0xcf, 0xff, 0xff, 0xff, 0xff, 0xf3, 0x00, 0x00, 0xcf, 0xff,
    0xff, 0xff, 0xff, 0xf3, 0xff, 0xff, 0xff, 0xff, 0xff, 0xf6, 0x00, 0x00,
    0xff, 0xff, 0xff, 0xff, 0xff, 0xf6, 0xff, 0xff, 0xff, 0xff, 0xff, 0xf6,
    0x00, 0x00, 0xff, 0xff, 0xff, 0xff, 0xff, 0xf6, 0xff, 0xff, 0xff, 0xff,
    0xff, 0xf6, 0x00, 0x00, 0xff, 0xff, 0xff, 0xff, 0xff, 0xf6, 0xff, 0xff,
    0xff, 0xff, 0xff, 0xf6, 0x00, 0x00, 0xff, 0xff, 0xff, 0xff, 0xff, 0xf6,
    0xff, 0xff, 0xff, 0xff, 0xff, 0xf6, 0x00, 0x00, 0xff, 0xff, 0xff, 0xff,
    0xff, 0xf6, 0xff, 0xff, 0xff, 0xff, 0xff, 0xf6, 0x00, 0x00, 0xff, 0xff,
    0xff, 0xff, 0xff, 0xf6, 0xff, 0xff, 0xff, 0xff, 0xff, 0xf6, 0x00, 0x00,
    0xff, 0xff, 0xff, 0xff, 0xff, 0xf6, 0xff, 0xff, 0xff, 0xff, 0xff, 0xf6,
    0x00, 0x00, 0xff, 0xff, 0xff, 0xff, 0xff, 0xf6, 0xff, 0xff, 0xff, 0xff,
    0xff, 0xf6, 0x00, 0x00, 0xff, 0xff, 0xff, 0xff, 0xff, 0xf6, 0xff, 0xff,
    0xff, 0xff, 0xff, 0xf6, 0x00, 0x00, 0xff, 0xff, 0xff, 0xff, 0xff, 0xf6,
    0xff, 0xff, 0xff, 0xff, 0xff, 0xf6, 0x00, 0x00, 0xff, 0xff, 0xff, 0xff,
    0xff, 0xf6, 0xff, 0xff, 0xff, 0xff, 0xff, 0xf6, 0x00, 0x00, 0xff, 0xff,
    0xff, 0xff, 0xff, 0xf6, 0xff, 0xff, 0xff, 0xff, 0xff, 0xf6, 0x00, 0x00,
    0xff, 0xff, 0xff, 0xff, 0xff, 0xf6, 0xff, 0xff, 0xff, 0xff, 0xff, 0xf6,
    0x00, 0x00, 0xff, 0xff, 0xff, 0xff, 0xff, 0xf6, 0xff, 0xff, 0xff, 0xff,
    0xff, 0xf6, 0x00, 0x00, 0xff, 0xff, 0xff, 0xff, 0xff, 0xf6, 0xff, 0xff,
    0xff, 0xff, 0xff, 0xf6, 0x00, 0x00, 0xff, 0xff, 0xff, 0xff, 0xff, 0xf6,
    0xff, 0xff, 0xff, 0xff, 0xff, 0xf6, 0x00, 0x00, 0xff, 0xff, 0xff, 0xff,
    0xff, 0xf6, 0xff, 0xff, 0xff, 0xff, 0xff, 0xf6, 0x00, 0x00, 0xff, 0xff,
    0xff, 0xff, 0xff, 0xf6, 0xff, 0xff, 0xff, 0xff, 0xff, 0xf6, 0x00, 0x00,
    0xff, 0xff, 0xff, 0xff, 0xff, 0xf6, 0xff, 0xff, 0xff, 0xff, 0xff, 0xf6,
    0x00, 0x00, 0xff, 0xff, 0xff, 0xff, 0xff, 0xf6, 0xff, 0xff, 0xff, 0xff,
    0xff, 0xf6, 0x00, 0x00, 0xff, 0xff, 0xff, 0xff, 0xff, 0xf6, 0xff, 0xff,
    0xff, 0xff, 0xff, 0xf6, 0x00, 0x00, 0xff, 0xff, 0xff, 0xff, 0xff, 0xf6,
    0xff, 0xff, 0xff, 0xff, 0xff, 0xf6, 0x00, 0x00, 0xff, 0xff, 0xff, 0xff,
    0xff, 0xf6, 0xff, 0xff, 0xff, 0xff, 0xff, 0xf6, 0x00, 0x00, 0xff, 0xff,
    0xff, 0xff, 0xff, 0xf6, 0xff, 0xff, 0xff, 0xff, 0xff, 0xf6, 0x00, 0x00,
    0xff, 0xff, 0xff, 0xff, 0xff, 0xf6, 0xef, 0xff, 0xff, 0xff, 0xff, 0xf4,
    0x00, 0x00, 0xef, 0xff, 0xff, 0xff, 0xff, 0xf4, 0x14, 0x44, 0x44, 0x44,
    0x44, 0x30, 0x00, 0x00, 0x14, 0x44, 0x44, 0x44, 0x44, 0x30, 0x02, 0x22,
    0x22, 0x22, 0x22, 0x22, 0x22, 0x22, 0x22, 0x22, 0x22, 0x22, 0x22, 0x10,
    0xcf, 0xff, 0xff, 0xff, 0xff, 0xff, 0xff, 0xff, 0xff, 0xff, 0xff, 0xff,
    0xff, 0xf3, 0xff, 0xff, 0xff, 0xff, 0xff, 0xff, 0xff, 0xff, 0xff, 0xff,
    0xff, 0xff, 0xff, 0xf6, 0xff, 0xff, 0xff, 0xff, 0xff, 0xff, 0xff, 0xff,
    0xff, 0xff, 0xff, 0xff, 0xff, 0xf6, 0xff, 0xff, 0xff, 0xff, 0xff, 0xff,
    0xff, 0xff, 0xff, 0xff, 0xff, 0xff, 0xff, 0xf6, 0xff, 0xff, 0xff, 0xff,
    0xff, 0xff, 0xff, 0xff, 0xff, 0xff, 0xff, 0xff, 0xff, 0xf6, 0xff, 0xff,
    0xff, 0xff, 0xff, 0xff, 0xff, 0xff, 0xff, 0xff, 0xff, 0xff, 0xff, 0xf6,
    0xff, 0xff, 0xff, 0xff, 0xff, 0xff, 0xff, 0xff, 0xff, 0xff, 0xff, 0xff,
    0xff, 0xf6, 0xff, 0xff, 0xff, 0xff, 0xff, 0xff, 0xff, 0xff, 0xff, 0xff,
    0xff, 0xff, 0xff, 0xf6, 0xff, 0xff, 0xff, 0xff, 0xff, 0xff, 0xff, 0xff,
    0xff, 0xff, 0xff, 0xff, 0xff, 0xf6, 0xff, 0xff, 0xff, 0xff, 0xff, 0xff,
    0xff, 0xff, 0xff, 0xff, 0xff, 0xff, 0xff, 0xf6, 0xff, 0xff, 0xff, 0xff,
    0xff, 0xff, 0xff, 0xff, 0xff, 0xff, 0xff, 0xff, 0xff, 0xf6, 0xff, 0xff,
    0xff, 0xff, 0xff, 0xff, 0xff, 0xff, 0xff, 0xff, 0xff, 0xff, 0xff, 0xf6,
    0xff, 0xff, 0xff, 0xff, 0xff, 0xff, 0xff, 0xff, 0xff, 0xff, 0xff, 0xff,
    0xff, 0xf6, 0xff, 0xff, 0xff, 0xff, 0xff, 0xff, 0xff, 0xff, 0xff, 0xff,
    0xff, 0xff, 0xff, 0xf6, 0xff, 0xff, 0xff, 0xff, 0xff, 0xff, 0xff, 0xff,
    0xff, 0xff, 0xff, 0xff, 0xff, 0xf6, 0xff, 0xff, 0xff, 0xff, 0xff, 0xff,
    0xff, 0xff, 0xff, 0xff, 0xff, 0xff, 0xff, 0xf6, 0xff, 0xff, 0xff, 0xff,
    0xff, 0xff, 0xff, 0xff, 0xff, 0xff, 0xff, 0xff, 0xff, 0xf6, 0xff, 0xff,
    0xff, 0xff, 0xff, 0xff, 0xff, 0xff, 0xff, 0xff, 0xff, 0xff, 0xff, 0xf6,
    0xff, 0xff, 0xff, 0xff, 0xff, 0xff, 0xff, 0xff, 0xff, 0xff, 0xff, 0xff,
    0xff, 0xf6, 0xff, 0xff, 0xff, 0xff, 0xff, 0xff, 0xff, 0xff, 0xff, 0xff,
    0xff, 0xff, 0xff, 0xf6, 0xff, 0xff, 0xff, 0xff, 0xff, 0xff, 0xff, 0xff,
    0xff, 0xff, 0xff, 0xff, 0xff, 0xf6, 0xff, 0xff, 0xff, 0xff, 0xff, 0xff,
    0xff, 0xff, 0xff, 0xff, 0xff, 0xff, 0xff, 0xf6, 0xff, 0xff, 0xff, 0xff,
    0xff, 0xff, 0xff, 0xff, 0xff, 0xff, 0xff, 0xff, 0xff, 0xf6, 0xff, 0xff,
    0xff, 0xff, 0xff, 0xff, 0xff, 0xff, 0xff, 0xff, 0xff, 0xff, 0xff, 0xf6,
    0xff, 0xff, 0xff, 0xff, 0xff, 0xff, 0xff, 0xff, 0xff, 0xff, 0xff, 0xff,
    0xff, 0xf6, 0xff, 0xff, 0xff, 0xff, 0xff, 0xff, 0xff, 0xff, 0xff, 0xff,
    0xff, 0xff, 0xff, 0xf6, 0xef, 0xff, 0xff, 0xff, 0xff, 0xff, 0xff, 0xff,
    0xff, 0xff, 0xff, 0xff, 0xff, 0xf4, 0x14, 0x44, 0x44, 0x44, 0x44, 0x44,
    0x44, 0x44, 0x44, 0x44, 0x44, 0x44, 0x44, 0x30, 0x00, 0x00, 0x00, 0x00,
    0x00, 0x00, 0x00, 0x01, 0x22, 0x04, 0xd1, 0x00, 0x00, 0x00, 0x00, 0x00,
    0x05, 0xff, 0xfc, 0x4f, 0xd1, 0x00, 0x00, 0x00, 0x00, 0x00, 0x9f, 0xff,
    0xf4, 0xff, 0xd1, 0x00, 0x00, 0x00, 0x00, 0x09, 0xff, 0xff, 0x4f, 0xff,
    0xd1, 0x00, 0x00, 0x00, 0x00, 0x9f, 0xff, 0xf4, 0xff, 0xff, 0xd1, 0x00,
    0x00, 0x00, 0x09, 0xff, 0xff, 0x4f, 0xff, 0xff, 0xd1, 0x00, 0x00, 0x00,
    0x9f, 0xff, 0xf4, 0xff, 0xff, 0xff, 0xd1, 0x00, 0x00, 0x09, 0xff, 0xff,
    0x4f, 0xff, 0xff, 0xff, 0xd1, 0x00, 0x00, 0x9f, 0xff, 0xf4, 0xff, 0xff,
    0xff, 0xff, 0xd1, 0x00, 0x09, 0xff, 0xff, 0x4f, 0xff, 0xff, 0xff, 0xff,
    0xd1, 0x00, 0x9f, 0xff, 0xf4, 0xff, 0xff, 0xff, 0xff, 0xff, 0xd1, 0x09,
    0xff, 0xff, 0x4f, 0xff, 0xff, 0xff, 0xff, 0xff, 0xd1, 0x9f, 0xff, 0xf4,
    0xff, 0xff, 0xff, 0xff, 0xff, 0xff, 0xda, 0xff, 0xff, 0x4f, 0xff, 0xff,
    0xff, 0xff, 0xff, 0xff, 0xff, 0xff, 0xf4, 0xff, 0xff, 0xff, 0xff, 0xff,
    0xff, 0xeb, 0xff, 0xff, 0x4f, 0xff, 0xff, 0xff, 0xff, 0xff, 0xe2, 0x9f,
    0xff, 0xf4, 0xff, 0xff, 0xff, 0xff, 0xff, 0xe2, 0x09, 0xff, 0xff, 0x4f,
    0xff, 0xff, 0xff, 0xff, 0xe2, 0x00, 0x9f, 0xff, 0xf4, 0xff, 0xff, 0xff,
    0xff, 0xe2, 0x00, 0x09, 0xff, 0xff, 0x4f, 0xff, 0xff, 0xff, 0xe2, 0x00,
    0x00, 0x9f, 0xff, 0xf4, 0xff, 0xff, 0xff, 0xe2, 0x00, 0x00, 0x09, 0xff,
    0xff, 0x4f, 0xff, 0xff, 0xe2, 0x00, 0x00, 0x00, 0x9f, 0xff, 0xf4, 0xff,
    0xff, 0xe2, 0x00, 0x00, 0x00, 0x09, 0xff, 0xff, 0x4f, 0xff, 0xe2, 0x00,
    0x00, 0x00, 0x00, 0x9f, 0xff, 0xf4, 0xff, 0xe2, 0x00, 0x00, 0x00, 0x00,
    0x09, 0xff, 0xff, 0x4f, 0xe2, 0x00, 0x00, 0x00, 0x00, 0x00, 0x9f, 0xff,
    0xf4, 0xe2, 0x00, 0x00, 0x00, 0x00, 0x00, 0x07, 0xff, 0xfe, 0x01, 0x00,
    0x00, 0x00, 0x00, 0x00, 0x00, 0x03, 0x44, 0x10, 0x00, 0x00, 0x00, 0x00,
    0x00, 0x00, 0x00, 0xbe, 0x20, 0x00, 0x00, 0x00, 0x00, 0x00, 0x00, 0x00,
    0x0c, 0xff, 0xe2, 0x00, 0x00, 0x00, 0x00, 0x00, 0x00, 0x00, 0xcf, 0xff,
    0xfe, 0x20, 0x00, 0x00, 0x00, 0x00, 0x00, 0x0c, 0xff, 0xff, 0xff, 0xe1,
    0x00, 0x00, 0x00, 0x00, 0x00, 0xcf, 0xff, 0xff, 0xff, 0xf2, 0x00, 0x00,
    0x00, 0x00, 0x0c, 0xff, 0xff, 0xff, 0xff, 0x50, 0x00, 0x00, 0x00, 0x00,
    0xcf, 0xff, 0xff, 0xff, 0xf5, 0x00, 0x00, 0x00, 0x00, 0x0c, 0xff, 0xff,
    0xff, 0xff, 0x50, 0x00, 0x00, 0x00, 0x00, 0xcf, 0xff, 0xff, 0xff, 0xf5,
    0x00, 0x00, 0x00, 0x00, 0x0c, 0xff, 0xff, 0xff, 0xff, 0x50, 0x00, 0x00,
    0x00, 0x00, 0xcf, 0xff, 0xff, 0xff, 0xf5, 0x00, 0x00, 0x00, 0x00, 0x0c,
    0xff, 0xff, 0xff, 0xff, 0x50, 0x00, 0x00, 0x00, 0x00, 0xcf, 0xff, 0xff,
    0xff, 0xf5, 0x00, 0x00, 0x00, 0x00, 0x0c, 0xff, 0xff, 0xff, 0xff, 0x50,
    0x00, 0x00, 0x00, 0x00, 0x3f, 0xff, 0xff, 0xff, 0xfa, 0x00, 0x00, 0x00,
    0x00, 0x00, 0x09, 0xff, 0xff, 0xff, 0xff, 0x80, 0x00, 0x00, 0x00, 0x00,
    0x00, 0x9f, 0xff, 0xff, 0xff, 0xf8, 0x00, 0x00, 0x00, 0x00, 0x00, 0x09,
    0xff, 0xff, 0xff, 0xff, 0x80, 0x00, 0x00, 0x00, 0x00, 0x00, 0x9f, 0xff,
    0xff, 0xff, 0xf8, 0x00, 0x00, 0x00, 0x00, 0x00, 0x09, 0xff, 0xff, 0xff,
    0xff, 0x80, 0x00, 0x00, 0x00, 0x00, 0x00, 0x9f, 0xff, 0xff, 0xff, 0xf8,
    0x00, 0x00, 0x00, 0x00, 0x00, 0x09, 0xff, 0xff, 0xff, 0xff, 0x80, 0x00,
    0x00, 0x00, 0x00, 0x00, 0x9f, 0xff, 0xff, 0xff, 0xf8, 0x00, 0x00, 0x00,
    0x00, 0x00, 0x09, 0xff, 0xff, 0xff, 0xff, 0x80, 0x00, 0x00, 0x00, 0x00,
    0x00, 0x9f, 0xff, 0xff, 0xff, 0xf2, 0x00, 0x00, 0x00, 0x00, 0x00, 0x09,
    0xff, 0xff, 0xff, 0xd0, 0x00, 0x00, 0x00, 0x00, 0x00, 0x00, 0x9f, 0xff,
    0xfd, 0x10, 0x00, 0x00, 0x00, 0x00, 0x00, 0x00, 0x09, 0xff, 0xd1, 0x00,
    0x00, 0x00, 0x00, 0x00, 0x00, 0x00, 0x00, 0x8a, 0x10, 0x00, 0x00, 0x00,
    0x00, 0x00, 0x00, 0x00, 0x26, 0x78, 0x87, 0x62, 0x00, 0x00, 0x00, 0x00,
    0x00, 0x00, 0x00, 0x00, 0x00, 0x00, 0x04, 0xaf, 0xff, 0xff, 0xff, 0xff,
    0xfa, 0x40, 0x00, 0x00, 0x00, 0x00, 0x00, 0x00, 0x00, 0x04, 0xcf, 0xff,
    0xff, 0xff, 0xff, 0xff, 0xff, 0xfc, 0x40, 0x00, 0x00, 0x00, 0x00, 0x00,
    0x01, 0xbf, 0xff, 0xff, 0xfa, 0x30, 0x5f, 0xff, 0xff, 0xff, 0xfb, 0x10,
    0x00, 0x00, 0x00, 0x00, 0x4e, 0xff, 0xef, 0xff, 0x50, 0x00, 0x5f, 0xff,
    0xff, 0xfe, 0xff, 0xe4, 0x00, 0x00, 0x00, 0x06, 0xff, 0xf9, 0x6f, 0xf8,
    0x02, 0xaf, 0xff, 0xff, 0xff, 0xf6, 0x9f, 0xff, 0x60, 0x00, 0x00, 0x5f,
    0xff, 0x50, 0xbf, 0xe0, 0x1e, 0xff, 0xff, 0xff, 0xff, 0xfa, 0x05, 0xff,
    0xf5, 0x00, 0x04, 0xff, 0xe2, 0x00, 0xef, 0xb0, 0x8f, 0xff, 0xff, 0xff,
    0xff, 0xfe, 0x00, 0x2e, 0xff, 0x30, 0x1e, 0xfe, 0x30, 0x00, 0xff, 0xa0,
    0xbf, 0xff, 0xff, 0xff, 0xff, 0xff, 0x00, 0x03, 0xff, 0xe1, 0x9f, 0xf4,
    0x00, 0x00, 0xef, 0xfb, 0xff, 0xff, 0xff, 0xff, 0xff, 0xfe, 0x00, 0x00,
    0x5f, 0xf9, 0xff, 0x80, 0x00, 0x00, 0xcf, 0xff, 0xff, 0xff, 0xff, 0xff,
    0xff, 0xfc, 0x00, 0x00, 0x09, 0xff, 0xdf, 0xb0, 0x00, 0x00, 0x7f, 0xff,
    0xff, 0xff, 0xff, 0xff, 0xff, 0xf7, 0x00, 0x00, 0x0b, 0xfd, 0x4f, 0xf7,
    0x00, 0x00, 0x1f, 0xff, 0xff, 0xff, 0xff, 0xff, 0xff, 0xe1, 0x00, 0x00,
    0x7f, 0xf4, 0x08, 0xff, 0x50, 0x00, 0x05, 0xff, 0xff, 0xff, 0xff, 0xff,
    0xff, 0x50, 0x00, 0x05, 0xff, 0x80, 0x00, 0xbf, 0xf6, 0x00, 0x00, 0x7f,
    0xff, 0xff, 0xff, 0xff, 0xf7, 0x00, 0x00, 0x5f, 0xfb, 0x00, 0x00, 0x0c,
    0xff, 0x80, 0x00, 0x04, 0xdf, 0xff, 0xff, 0xfd, 0x40, 0x00, 0x08, 0xff,
    0xc0, 0x00, 0x00, 0x00, 0xaf, 0xfc, 0x20, 0x00, 0x04, 0x8a, 0xa8, 0x40,
    0x00, 0x03, 0xcf, 0xfa, 0x00, 0x00, 0x00, 0x00, 0x07, 0xff, 0xfa, 0x30,
    0x00, 0x00, 0x00, 0x00, 0x03, 0xaf, 0xff, 0x70, 0x00, 0x00, 0x00, 0x00,
    0x00, 0x2b, 0xff, 0xfd, 0x96, 0x42, 0x34, 0x69, 0xdf, 0xff, 0xb2, 0x00,
    0x00, 0x00, 0x00, 0x00, 0x00, 0x00, 0x3b, 0xff, 0xff, 0xff, 0xff, 0xff,
    0xff, 0xb3, 0x00, 0x00, 0x00, 0x00, 0x00, 0x00, 0x00, 0x00, 0x00, 0x16,
    0x9c, 0xef, 0xfe, 0xc9, 0x61, 0x00, 0x00, 0x00, 0x00, 0x00, 0x00, 0x00,
    0x00, 0x00, 0x00, 0x00, 0x00, 0x00, 0x00, 0x00, 0x20, 0x00, 0x00, 0x00,
    0x00, 0x00, 0x00, 0x00, 0x00, 0x00, 0x00, 0x00, 0x00, 0x00, 0x00, 0x02,
    0xfe, 0x50, 0x00, 0x00, 0x00, 0x00, 0x00, 0x00, 0x00, 0x00, 0x00, 0x00,
    0x36, 0x78, 0x88, 0x6b, 0xff, 0xf4, 0x00, 0x00, 0x00, 0x00, 0x00, 0x00,
    0x00, 0x00, 0x04, 0xaf, 0xff, 0xff, 0xff, 0xff, 0xff, 0xc0, 0x00, 0x00,
    0x00, 0x00, 0x00, 0x00, 0x00, 0x05, 0xdf, 0xff, 0xff, 0xff, 0xff, 0xff,
    0xff, 0x40, 0x00, 0x00, 0x00, 0x00, 0x00, 0x00, 0x01, 0xbf, 0xff, 0xff,
    0xfa, 0x30, 0x5f, 0xff, 0xfb, 0x00, 0x02, 0x10, 0x00, 0x00, 0x00, 0x00,
    0x3e, 0xff, 0xcf, 0xff, 0x50, 0x03, 0x9f, 0xff, 0xf2, 0x00, 0x0c, 0xe4,
    0x00, 0x00, 0x00, 0x05, 0xff, 0xf6, 0x6f, 0xf7, 0x04, 0xef, 0xff, 0xff,
    0x90, 0x00, 0x2f, 0xff, 0x50, 0x00, 0x00, 0x4f, 0xfd, 0x20, 0xbf, 0xe0,
    0x2f, 0xff, 0xff, 0xff, 0x10, 0x00, 0x02, 0xdf, 0xf5, 0x00, 0x03, 0xff,
    0xd1, 0x00, 0xef, 0xa0, 0x9f, 0xff, 0xff, 0xf7, 0x00, 0x06, 0x00, 0x1d,
    0xff, 0x30, 0x0d, 0xfd, 0x10, 0x00, 0xff, 0xa0, 0xcf, 0xff, 0xff, 0xe0,
    0x00, 0x1e, 0x00, 0x01, 0xdf, 0xe1, 0x9f, 0xf3, 0x00, 0x00, 0xef, 0xfd,
    0xff, 0xff, 0xff, 0x50, 0x00, 0x9e, 0x00, 0x00, 0x2f, 0xf9, 0xff, 0x70,
    0x00, 0x00, 0xbf, 0xff, 0xff, 0xff, 0xfc, 0x00, 0x02, 0xfb, 0x00, 0x00,
    0x07, 0xff, 0xdf, 0xd0, 0x00, 0x00, 0x5f, 0xff, 0xff, 0xff, 0xf3, 0x00,
    0x0b, 0xf5, 0x00, 0x00, 0x0d, 0xfd, 0x3f, 0xf9, 0x00, 0x00, 0x0c, 0xff,
    0xff, 0xff, 0xb0, 0x00, 0x4f, 0xd0, 0x00, 0x00, 0x9f, 0xf4, 0x07, 0xff,
    0x80, 0x00, 0x02, 0xff, 0xff, 0xff, 0x20, 0x00, 0xcf, 0x20, 0x00, 0x07,
    0xff, 0x80, 0x00, 0xaf, 0xf8, 0x00, 0x00, 0x3e, 0xff, 0xf9, 0x00, 0x05,
    0xe3, 0x00, 0x00, 0x8f, 0xfb, 0x00, 0x00, 0x0b, 0xff, 0xa1, 0x00, 0x1f,
    0xff, 0xf1, 0x00, 0x07, 0x10, 0x00, 0x0a, 0xff, 0xb0, 0x00, 0x00, 0x00,
    0xaf, 0xfe, 0x50, 0x9f, 0xff, 0x70, 0x00, 0x00, 0x00, 0x05, 0xdf, 0xfa,
    0x00, 0x00, 0x00, 0x00, 0x06, 0xff, 0xfd, 0xff, 0xfe, 0x00, 0x00, 0x00,
    0x05, 0xcf, 0xff, 0x70, 0x00, 0x00, 0x00, 0x00, 0x00, 0x2b, 0xff, 0xff,
    0xf5, 0x00, 0x04, 0x8b, 0xff, 0xff, 0xc2, 0x00, 0x00, 0x00, 0x00, 0x00,
    0x00, 0x00, 0x7f, 0xff, 0xc0, 0x00, 0x2f, 0xff, 0xff, 0xb4, 0x00, 0x00,
    0x00, 0x00, 0x00, 0x00, 0x00, 0x00, 0xcf, 0xff, 0x40, 0x00, 0xbe, 0xca,
    0x61, 0x00, 0x00, 0x00, 0x00, 0x00, 0x00, 0x00, 0x00, 0x00, 0x9f, 0xfb,
    0x00, 0x00, 0x00, 0x00, 0x00, 0x00, 0x00, 0x00, 0x00, 0x00, 0x00, 0x00,
    0x00, 0x00, 0x02, 0x92, 0x00, 0x00, 0x00, 0x00, 0x00, 0x00, 0x00, 0x00,
    0x00, 0x00, 0x00, 0x00, 0x00, 0x00, 0x00, 0x00, 0x00, 0x01, 0x10, 0x00,
    0x00, 0x00, 0x00, 0x00, 0x00, 0x00, 0x00, 0x00, 0x00, 0x00, 0x00, 0x00,
    0x00, 0x7f, 0xf7, 0x00, 0x00, 0x00, 0x00, 0x00, 0x00, 0x00, 0x00, 0x00,
    0x00, 0x00, 0x00, 0x00, 0x04, 0xff, 0xff, 0x40, 0x00, 0x00, 0x00, 0x00,
    0x00, 0x00, 0x00, 0x00, 0x00, 0x00, 0x00, 0x00, 0x0c, 0xff, 0xff, 0xc0,
    0x00, 0x00, 0x00, 0x00, 0x00, 0x00, 0x00, 0x00, 0x00, 0x00, 0x00, 0x00,
    0x6f, 0xff, 0xff, 0xf5, 0x00, 0x00, 0x00, 0x00, 0x00, 0x00, 0x00, 0x00,
    0x00, 0x00, 0x00, 0x00, 0xef, 0xff, 0xff, 0xfe, 0x00, 0x00, 0x00, 0x00,
    0x00, 0x00, 0x00, 0x00, 0x00, 0x00, 0x00, 0x07, 0xff, 0xff, 0xff, 0xff,
    0x70, 0x00, 0x00, 0x00, 0x00, 0x00, 0x00, 0x00, 0x00, 0x00, 0x00, 0x1f,
    0xff, 0xff, 0xff, 0xff, 0xf1, 0x00, 0x00, 0x00, 0x00, 0x00, 0x00, 0x00,
    0x00, 0x00, 0x00, 0x9f, 0xff, 0xff, 0xff, 0xff, 0xf9, 0x00, 0x00, 0x00,
    0x00, 0x00, 0x00, 0x00, 0x00, 0x00, 0x02, 0xff, 0xff, 0xff, 0xff, 0xff,
    0xff, 0x20, 0x00, 0x00, 0x00, 0x00, 0x00, 0x00, 0x00, 0x00, 0x0b, 0xff,
    0xf8, 0x00, 0x00, 0x8f, 0xff, 0xb0, 0x00, 0x00, 0x00, 0x00, 0x00, 0x00,
    0x00, 0x00, 0x4f, 0xff, 0xf7, 0x00, 0x00, 0x7f, 0xff, 0xf4, 0x00, 0x00,
    0x00, 0x00, 0x00, 0x00, 0x00, 0x00, 0xdf, 0xff, 0xf7, 0x00, 0x00, 0x8f,
    0xff, 0xfd, 0x00, 0x00, 0x00, 0x00, 0x00, 0x00, 0x00, 0x06, 0xff, 0xff,
    0xf8, 0x00, 0x00, 0x8f, 0xff, 0xff, 0x60, 0x00, 0x00, 0x00, 0x00, 0x00,
    0x00, 0x0e, 0xff, 0xff, 0xf9, 0x00, 0x00, 0x9f, 0xff, 0xff, 0xe0, 0x00,
    0x00, 0x00, 0x00, 0x00, 0x00, 0x7f, 0xff, 0xff, 0xf9, 0x00, 0x00, 0xaf,
    0xff, 0xff, 0xf7, 0x00, 0x00, 0x00, 0x00, 0x00, 0x01, 0xff, 0xff, 0xff,
    0xfa, 0x00, 0x00, 0xaf, 0xff, 0xff, 0xff, 0x10, 0x00, 0x00, 0x00, 0x00,
    0x09, 0xff, 0xff, 0xff, 0xfb, 0x00, 0x00, 0xbf, 0xff, 0xff, 0xff, 0x90,
    0x00, 0x00, 0x00, 0x00, 0x2f, 0xff, 0xff, 0xff, 0xfc, 0x11, 0x11, 0xdf,
    0xff, 0xff, 0xff, 0xf2, 0x00, 0x00, 0x00, 0x00, 0xbf, 0xff, 0xff, 0xff,
    0xff, 0xff, 0xff, 0xff, 0xff, 0xff, 0xff, 0xfb, 0x00, 0x00, 0x00, 0x04,
    0xff, 0xff, 0xff, 0xff, 0xff, 0xff, 0xff, 0xff, 0xff, 0xff, 0xff, 0xff,
    0x40, 0x00, 0x00, 0x0d, 0xff, 0xff, 0xff, 0xff, 0xfd, 0x11, 0x11, 0xdf,
    0xff, 0xff, 0xff, 0xff, 0xd0, 0x00, 0x00, 0x6f, 0xff, 0xff, 0xff, 0xff,
    0xfb, 0x00, 0x00, 0xbf, 0xff, 0xff, 0xff, 0xff, 0xf6, 0x00, 0x00, 0xef,
    0xff, 0xff, 0xff, 0xff, 0xfb, 0x00, 0x00, 0xbf, 0xff, 0xff, 0xff, 0xff,
    0xfe, 0x00, 0x08, 0xff, 0xff, 0xff, 0xff, 0xff, 0xfb, 0x00, 0x00, 0xbf,
    0xff, 0xff, 0xff, 0xff, 0xff, 0x80, 0x1f, 0xff, 0xff, 0xff, 0xff, 0xff,
    0xff, 0x99, 0x99, 0xff, 0xff, 0xff, 0xff, 0xff, 0xff, 0xf1, 0x9f, 0xff,
    0xff, 0xff, 0xff, 0xff, 0xff, 0xff, 0xff, 0xff, 0xff, 0xff, 0xff, 0xff,
    0xff, 0xf9, 0xff, 0xff, 0xff, 0xff, 0xff, 0xff, 0xff, 0xff, 0xff, 0xff,
    0xff, 0xff, 0xff, 0xff, 0xff, 0xff, 0xdf, 0xff, 0xff, 0xff, 0xff, 0xff,
    0xff, 0xff, 0xff, 0xff, 0xff, 0xff, 0xff, 0xff, 0xff, 0xfd, 0x2d, 0xff,
    0xff, 0xff, 0xff, 0xff, 0xff, 0xff, 0xff, 0xff, 0xff, 0xff, 0xff, 0xff,
    0xff, 0xd2, 0x00, 0x00, 0x00, 0x00, 0x00, 0x00, 0x00, 0x00, 0x00, 0x00,
    0x00, 0x00, 0x0b, 0x70, 0x00, 0x00, 0x00, 0x00, 0x00, 0x00, 0x00, 0x00,
    0x00, 0x00, 0x00, 0x00, 0x00, 0x00, 0x0d, 0xf7, 0x00, 0x00, 0x00, 0x00,
    0x00, 0x00, 0x00, 0x00, 0x00, 0x00, 0x00, 0x00, 0x00, 0x00, 0x0d, 0xff,
    0x70, 0x00, 0x00, 0x00, 0x00, 0x00, 0x00, 0x00, 0x00, 0x00, 0x00, 0x00,
    0x00, 0x00, 0x0d, 0xff, 0xf7, 0x00, 0xef, 0xff, 0xfe, 0xc6, 0x10, 0x00,
    0x00, 0x00, 0x06, 0xbe, 0xff, 0xff, 0xff, 0xff, 0xff, 0x70, 0xff, 0xff,
    0xff, 0xff, 0xf5, 0x00, 0x00, 0x05, 0xef, 0xff, 0xff, 0xff, 0xff, 0xff,
    0xff, 0xf7, 0xff, 0xff, 0xff, 0xff, 0xff, 0x80, 0x00, 0x6f, 0xff, 0xff,
    0xff, 0xff, 0xff, 0xff, 0xff, 0xfd, 0xff, 0xff, 0xff, 0xff, 0xff, 0xf7,
    0x05, 0xff, 0xff, 0xff, 0xff, 0xff, 0xff, 0xff, 0xff, 0xe2, 0x79, 0x99,
    0x9b, 0xff, 0xff, 0xf9, 0x1f, 0xff, 0xff, 0xfb, 0x99, 0x99, 0x9f, 0xff,
    0xfe, 0x20, 0x00, 0x00, 0x00, 0x2c, 0xff, 0xf1, 0xaf, 0xff, 0xfd, 0x20,
    0x00, 0x00, 0x0d, 0xff, 0xe2, 0x00, 0x00, 0x00, 0x00, 0x01, 0xef, 0x82,
    0xff, 0xff, 0xf2, 0x00, 0x00, 0x00, 0x0d, 0xfe, 0x20, 0x00, 0x00, 0x00,
    0x00, 0x00, 0x4f, 0x1a, 0xff, 0xff, 0x70, 0x00, 0x00, 0x00, 0x0d, 0xe2,
    0x00, 0x00, 0x00, 0x00, 0x00, 0x00, 0x06, 0x2f, 0xff, 0xfe, 0x00, 0x00,
    0x00, 0x00, 0x06, 0x20, 0x00, 0x00, 0x00, 0x00, 0x00, 0x00, 0x00, 0x9f,
    0xff, 0xf6, 0x00, 0x00, 0x00, 0x00, 0x00, 0x00, 0x00, 0x00, 0x00, 0x00,
    0x00, 0x00, 0x01, 0xff, 0xff, 0xe0, 0x00, 0x00, 0x00, 0x00, 0x00, 0x00,
    0x00, 0x00, 0x00, 0x00, 0x00, 0x00, 0x07, 0xff, 0xff, 0x80, 0x00, 0x00,
    0x00, 0x00, 0x00, 0x00, 0x00, 0x00, 0x00, 0x00, 0x00, 0x00, 0x0e, 0xff,
    0xff, 0x1a, 0x20, 0x00, 0x00, 0x00, 0x0b, 0x70, 0x00, 0x00, 0x00, 0x00,
    0x00, 0x00, 0x8f, 0xff, 0xf9, 0x2f, 0xa0, 0x00, 0x00, 0x00, 0x0d, 0xf7,
    0x00, 0x00, 0x00, 0x00, 0x00, 0x04, 0xff, 0xff, 0xf2, 0x9f, 0xf6, 0x00,
    0x00, 0x00, 0x0d, 0xff, 0x70, 0x00, 0x00, 0x00, 0x01, 0x7f, 0xff, 0xff,
    0x82, 0xff, 0xff, 0x92, 0x00, 0x00, 0x0d, 0xff, 0xf7, 0x00, 0xef, 0xff,
    0xff, 0xff, 0xff, 0xfd, 0x09, 0xff, 0xff, 0xff, 0xff, 0xff, 0xff, 0xff,
    0xff, 0x70, 0xff, 0xff, 0xff, 0xff, 0xff, 0xe2, 0x01, 0xdf, 0xff, 0xff,
    0xff, 0xff, 0xff, 0xff, 0xff, 0xf7, 0xff, 0xff, 0xff, 0xff, 0xfe, 0x30,
    0x00, 0x2d, 0xff, 0xff, 0xff, 0xff, 0xff, 0xff, 0xff, 0xfd, 0xff, 0xff,
    0xff, 0xff, 0x91, 0x00, 0x00, 0x00, 0x9f, 0xff, 0xff, 0xff, 0xff, 0xff,
    0xff, 0xe2, 0x79, 0x99, 0x98, 0x50, 0x00, 0x00, 0x00, 0x00, 0x00, 0x47,
    0x99, 0x99, 0x9f, 0xff, 0xfe, 0x20, 0x00, 0x00, 0x00, 0x00, 0x00, 0x00,
    0x00, 0x00, 0x00, 0x00, 0x00, 0x00, 0x0d, 0xff, 0xe2, 0x00, 0x00, 0x00,
    0x00, 0x00, 0x00, 0x00, 0x00, 0x00, 0x00, 0x00, 0x00, 0x00, 0x0d, 0xfe,
    0x20, 0x00, 0x00, 0x00, 0x00, 0x00, 0x00, 0x00, 0x00, 0x00, 0x00, 0x00,
    0x00, 0x00, 0x0d, 0xe2, 0x00, 0x00, 0x00, 0x00, 0x00, 0x00, 0x00, 0x00,
    0x00, 0x00, 0x00, 0x00, 0x00, 0x00, 0x06, 0x20, 0x00, 0x00, 0x00, 0x00,
    0x00, 0x64, 0x00, 0x04, 0x99, 0x99, 0x99, 0x99, 0x99, 0x99, 0x99, 0x99,
    0x92, 0x00, 0x00, 0x00, 0x00, 0x09, 0xff, 0x40, 0x05, 0xff, 0xff, 0xff,
    0xff, 0xff, 0xff, 0xff, 0xff, 0xf6, 0x00, 0x00, 0x00, 0x00, 0x6f, 0xff,
    0xf2, 0x00, 0x8f, 0xff, 0xff, 0xff, 0xff, 0xff, 0xff, 0xff, 0xf7, 0x00,
    0x00, 0x00, 0x04, 0xff, 0xff, 0xfd, 0x10, 0x0b, 0xff, 0xff, 0xff, 0xff,
    0xff, 0xff, 0xff, 0xf7, 0x00, 0x00, 0x00, 0x2e, 0xff, 0xff, 0xff, 0xc0,
    0x00, 0xcf, 0xff, 0xff, 0xff, 0xff, 0xff, 0xff, 0xf7, 0x00, 0x00, 0x00,
    0xdf, 0xff, 0xff, 0xff, 0xf9, 0x00, 0x00, 0x00, 0x00, 0x00, 0x00, 0x2f,
    0xff, 0xf7, 0x00, 0x00, 0x0b, 0xff, 0xff, 0xff, 0xff, 0xff, 0x70, 0x00,
    0x00, 0x00, 0x00, 0x00, 0x2f, 0xff, 0xf7, 0x00, 0x00, 0x8f, 0xff, 0xff,
    0xff, 0xff, 0xff, 0xf4, 0x00, 0x00, 0x00, 0x00, 0x00, 0x2f, 0xff, 0xf7,
    0x00, 0x00, 0xff, 0xff, 0xff, 0xff, 0xff, 0xff, 0xfa, 0x00, 0x00, 0x00,
    0x00, 0x00, 0x2f, 0xff, 0xf7, 0x00, 0x00, 0x49, 0x99, 0xcf, 0xff, 0xfa,
    0x99, 0x82, 0x00, 0x00, 0x00, 0x00, 0x00, 0x2f, 0xff, 0xf7, 0x00, 0x00,
    0x00, 0x00, 0x6f, 0xff, 0xf2, 0x00, 0x00, 0x00, 0x00, 0x00, 0x00, 0x00,
    0x2f, 0xff, 0xf7, 0x00, 0x00, 0x00, 0x00, 0x6f, 0xff, 0xf2, 0x00, 0x00,
    0x00, 0x00, 0x00, 0x01, 0x22, 0x4f, 0xff, 0xf8, 0x22, 0x20, 0x00, 0x00,
    0x6f, 0xff, 0xf2, 0x00, 0x00, 0x00, 0x00, 0x00, 0x8f, 0xff, 0xff, 0xff,
    0xff, 0xff, 0xfc, 0x00, 0x00, 0x6f, 0xff, 0xf2, 0x00, 0x00, 0x00, 0x00,
    0x00, 0x8f, 0xff, 0xff, 0xff, 0xff, 0xff, 0xfd, 0x00, 0x00, 0x6f, 0xff,
    0xf2, 0x00, 0x00, 0x00, 0x00, 0x00, 0x0c, 0xff, 0xff, 0xff, 0xff, 0xff,
    0xf2, 0x00, 0x00, 0x6f, 0xff, 0xf2, 0x00, 0x00, 0x00, 0x00, 0x00, 0x01,
    0xef, 0xff, 0xff, 0xff, 0xff, 0x40, 0x00, 0x00, 0x6f, 0xff, 0xfa, 0x99,
    0x99, 0x99, 0x99, 0x96, 0x00, 0x2f, 0xff, 0xff, 0xff, 0xf6, 0x00, 0x00,
    0x00, 0x6f, 0xff, 0xff, 0xff, 0xff, 0xff, 0xff, 0xff, 0x50, 0x05, 0xff,
    0xff, 0xff, 0x90, 0x00, 0x00, 0x00, 0x6f, 0xff, 0xff, 0xff, 0xff, 0xff,
    0xff, 0xff, 0xf3, 0x00, 0x7f, 0xff, 0xfb, 0x00, 0x00, 0x00, 0x00, 0x6f,
    0xff, 0xff, 0xff, 0xff, 0xff, 0xff, 0xff, 0xfe, 0x10, 0x0a, 0xff, 0xd1,
    0x00, 0x00, 0x00, 0x00, 0x5f, 0xff, 0xff, 0xff, 0xff, 0xff, 0xff, 0xff,
    0xff, 0x70, 0x00, 0xbe, 0x20, 0x00, 0x00, 0x00, 0x01, 0x22, 0x22, 0x22,
    0x00, 0x00, 0x00, 0x00, 0x00, 0x00, 0x00, 0x00, 0x00, 0x00, 0x03, 0xdf,
    0xff, 0xff, 0xff, 0xfb, 0x10, 0x00, 0x00, 0x00, 0x00, 0x00, 0x00, 0x00,
    0x00, 0x3f, 0xff, 0xff, 0xff, 0xff, 0xff, 0xd0, 0x00, 0x00, 0x00, 0x00,
    0x00, 0x00, 0x00, 0x00, 0xbf, 0xff, 0xff, 0xff, 0xff, 0xff, 0xf7, 0x00,
    0x00, 0x00, 0x00, 0x00, 0x00, 0x00, 0x00, 0xff, 0xff, 0xff, 0xff, 0xff,
    0xff, 0xfa, 0x00, 0x00, 0x00, 0x00, 0x00, 0x00, 0x00, 0x00, 0xff, 0xff,
    0xff, 0xff, 0xff, 0xff, 0xfe, 0x99, 0x99, 0x99, 0x99, 0x99, 0x99, 0x72,
    0x00, 0xff, 0xff, 0xff, 0xff, 0xff, 0xff, 0xff, 0xff, 0xff, 0xff, 0xff,
    0xff, 0xff, 0xff, 0x60, 0xff, 0xff, 0xff, 0xff, 0xff, 0xff, 0xff, 0xff,
    0xff, 0xff, 0xff, 0xff, 0xff, 0xff, 0xf3, 0xff, 0xff, 0xff, 0xff, 0xff,
    0xff, 0xff, 0xff, 0xff, 0xff, 0xff, 0xff, 0xff, 0xff, 0xf9, 0xff, 0xff,
    0xff, 0xff, 0xff, 0xff, 0xff, 0xff, 0xff, 0xff, 0xff, 0xff, 0xff, 0xff,
    0xfb, 0xff, 0xff, 0xff, 0xff, 0xff, 0xff, 0xff, 0xff, 0xff, 0xff, 0xff,
    0xff, 0xff, 0xff, 0xfb, 0xff, 0xff, 0xff, 0xff, 0xff, 0xff, 0xff, 0xff,
    0xff, 0xff, 0xff, 0xff, 0xff, 0xff, 0xfb, 0xff, 0xff, 0xff, 0xff, 0xff,
    0xff, 0xff, 0xff, 0xff, 0xff, 0xff, 0xff, 0xff, 0xff, 0xfb, 0xff, 0xff,
    0xff, 0xff, 0xff, 0xff, 0xff, 0xff, 0xff, 0xff, 0xff, 0xff, 0xff, 0xff,
    0xfb, 0xff, 0xff, 0xff, 0xff, 0xff, 0xff, 0xff, 0xff, 0xff, 0xff, 0xff,
    0xff, 0xff, 0xff, 0xfb, 0xff, 0xff, 0xff, 0xff, 0xff, 0xff, 0xff, 0xff,
    0xff, 0xff, 0xff, 0xff, 0xff, 0xff, 0xfb, 0xff, 0xff, 0xff, 0xff, 0xff,
    0xff, 0xff, 0xff, 0xff, 0xff, 0xff, 0xff, 0xff, 0xff, 0xfb, 0xff, 0xff,
    0xff, 0xff, 0xff, 0xff, 0xff, 0xff, 0xff, 0xff, 0xff, 0xff, 0xff, 0xff,
    0xfb, 0xff, 0xff, 0xff, 0xff, 0xff, 0xff, 0xff, 0xff, 0xff, 0xff, 0xff,
    0xff, 0xff, 0xff, 0xfb, 0xff, 0xff, 0xff, 0xff, 0xff, 0xff, 0xff, 0xff,
    0xff, 0xff, 0xff, 0xff, 0xff, 0xff, 0xfb, 0xff, 0xff, 0xff, 0xff, 0xff,
    0xff, 0xff, 0xff, 0xff, 0xff, 0xff, 0xff, 0xff, 0xff, 0xfb, 0xff, 0xff,
    0xff, 0xff, 0xff, 0xff, 0xff, 0xff, 0xff, 0xff, 0xff, 0xff, 0xff, 0xff,
    0xfb, 0xff, 0xff, 0xff, 0xff, 0xff, 0xff, 0xff, 0xff, 0xff, 0xff, 0xff,
    0xff, 0xff, 0xff, 0xfa, 0xbf, 0xff, 0xff, 0xff, 0xff, 0xff, 0xff, 0xff,
    0xff, 0xff, 0xff, 0xff, 0xff, 0xff, 0xf6, 0x2e, 0xff, 0xff, 0xff, 0xff,
    0xff, 0xff, 0xff, 0xff, 0xff, 0xff, 0xff, 0xff, 0xff, 0xc0, 0x02, 0xbf,
    0xff, 0xff, 0xff, 0xff, 0xff, 0xff, 0xff, 0xff, 0xff, 0xff, 0xff, 0xe8,
    0x00, 0x00, 0x11, 0x11, 0x11, 0x11, 0x11, 0x11, 0x11, 0x11, 0x00, 0x00,
    0x00, 0x00, 0x00, 0x7f, 0xff, 0xff, 0xff, 0xff, 0xff, 0xff, 0xff, 0xff,
    0xfc, 0x40, 0x00, 0x00, 0x00, 0xff, 0xff, 0xff, 0xff, 0xff, 0xff, 0xff,
    0xff, 0xff, 0xff, 0xf6, 0x00, 0x00, 0x00, 0xff, 0x31, 0xdf, 0xff, 0xff,
    0xf2, 0x11, 0x13, 0xff, 0x6b, 0xff, 0x60, 0x00, 0x00, 0xff, 0x20, 0xdf,
    0xff, 0xff, 0xf0, 0x00, 0x01, 0xff, 0x30, 0xaf, 0xf6, 0x00, 0x00, 0xff,
    0x20, 0xdf, 0xff, 0xff, 0xf0, 0x00, 0x01, 0xff, 0x30, 0x0a, 0xff, 0x60,
    0x00, 0xff, 0x20, 0xdf, 0xff, 0xff, 0xf0, 0x00, 0x01, 0xff, 0x30, 0x00,
    0xaf, 0xf6, 0x00, 0xff, 0x20, 0xdf, 0xff, 0xff, 0xf0, 0x00, 0x01, 0xff,
    0x30, 0x00, 0x0b, 0xff, 0x40, 0xff, 0x20, 0xdf, 0xff, 0xff, 0xf0, 0x00,
    0x01, 0xff, 0x30, 0x00, 0x00, 0xbf, 0xc0, 0xff, 0x20, 0xdf, 0xff, 0xff,
    0xf1, 0x00, 0x02, 0xff, 0x30, 0x00, 0x00, 0x2f, 0xf1, 0xff, 0x20, 0xdf,
    0xff, 0xff, 0xff, 0xff, 0xff, 0xff, 0x30, 0x00, 0x00, 0x0f, 0xf2, 0xff,
    0x20, 0x6f, 0xff, 0xff, 0xff, 0xff, 0xff, 0xfc, 0x00, 0x00, 0x00, 0x0f,
    0xf2, 0xff, 0x20, 0x01, 0x22, 0x22, 0x22, 0x22, 0x22, 0x20, 0x00, 0x00,
    0x00, 0x0f, 0xf2, 0xff, 0x20, 0x00, 0x00, 0x00, 0x00, 0x00, 0x00, 0x00,
    0x00, 0x00, 0x00, 0x0f, 0xf2, 0xff, 0x20, 0x00, 0x00, 0x00, 0x00, 0x00,
    0x00, 0x00, 0x00, 0x00, 0x00, 0x0f, 0xf2, 0xff, 0x20, 0x00, 0x00, 0x00,
    0x00, 0x00, 0x00, 0x00, 0x00, 0x00, 0x00, 0x0f, 0xf2, 0xff, 0x20, 0x00,
    0x11, 0x11, 0x11, 0x11, 0x11, 0x11, 0x11, 0x10, 0x00, 0x0f, 0xf2, 0xff,
    0x20, 0x5f, 0xff, 0xff, 0xff, 0xff, 0xff, 0xff, 0xff, 0xff, 0x70, 0x0f,
    0xf2, 0xff, 0x20, 0xcf, 0xff, 0xff, 0xff, 0xff, 0xff, 0xff, 0xff, 0xff,
    0xf0, 0x0f, 0xf2, 0xff, 0x20, 0xdf, 0x71, 0x11, 0x11, 0x11, 0x11, 0x11,
    0x11, 0x3f, 0xf0, 0x0f, 0xf2, 0xff, 0x20, 0xdf, 0x70, 0x00, 0x00, 0x00,
    0x00, 0x00, 0x00, 0x2f, 0xf0, 0x0f, 0xf2, 0xff, 0x20, 0xdf, 0x70, 0x00,
    0x00, 0x00, 0x00, 0x00, 0x00, 0x2f, 0xf0, 0x0f, 0xf2, 0xff, 0x20, 0xdf,
    0x70, 0x00, 0x00, 0x00, 0x00, 0x00, 0x00, 0x2f, 0xf0, 0x0f, 0xf2, 0xff,
    0x20, 0xdf, 0x70, 0x00, 0x00, 0x00, 0x00, 0x00, 0x00, 0x2f, 0xf0, 0x0f,
    0xf2, 0xff, 0x20, 0xdf, 0x70, 0x00, 0x00, 0x00, 0x00, 0x00, 0x00, 0x2f,
    0xf0, 0x0f, 0xf2, 0xff, 0x20, 0xdf, 0x70, 0x00, 0x00, 0x00, 0x00, 0x00,
    0x00, 0x2f, 0xf0, 0x0f, 0xf2, 0xff, 0xff, 0xff, 0xff, 0xff, 0xff, 0xff,
    0xff, 0xff, 0xff, 0xff, 0xff, 0xff, 0xf2, 0x9f, 0xff, 0xff, 0xff, 0xff,
    0xff, 0xff, 0xff, 0xff, 0xff, 0xff, 0xff, 0xff, 0xb0, 0x01, 0x22, 0x22,
    0x22, 0x22, 0x22, 0x22, 0x22, 0x22, 0x22, 0x22, 0x22, 0x22, 0x00, 0x00,
    0x00, 0x00, 0x00, 0x00, 0x00, 0x01, 0x76, 0x00, 0x00, 0x00, 0x00, 0x00,
    0x00, 0x00, 0x00, 0x00, 0x00, 0x00, 0x00, 0x00, 0x0a, 0xff, 0x60, 0x00,
    0x00, 0x00, 0x00, 0x00, 0x00, 0x00, 0x00, 0x00, 0x00, 0x00, 0x00, 0x0d,
    0xff, 0x80, 0x00, 0x00, 0x00, 0x00, 0x00, 0x00, 0x00, 0x00, 0x00, 0x00,
    0x00, 0x4b, 0xff, 0xff, 0xfe, 0x92, 0x00, 0x00, 0x00, 0x00, 0x00, 0x00,
    0x00, 0x00, 0x00, 0x1b, 0xff, 0xff, 0xff, 0xff, 0xff, 0x80, 0x00, 0x00,
    0x00, 0x00, 0x00, 0x00, 0x00, 0x02, 0xef, 0xff, 0xff, 0xff, 0xff, 0xff,
    0xfb, 0x00, 0x00, 0x00, 0x00, 0x00, 0x00, 0x00, 0x0c, 0xff, 0xff, 0xff,
    0xff, 0xff, 0xff, 0xff, 0x80, 0x00, 0x00, 0x00, 0x00, 0x00, 0x00, 0x7f,
    0xff, 0xff, 0xff, 0xff, 0xff, 0xff, 0xff, 0xf2, 0x00, 0x00, 0x00, 0x00,
    0x00, 0x00, 0xef, 0xff, 0xff, 0xff, 0xff, 0xff, 0xff, 0xff, 0xf9, 0x00,
    0x00, 0x00, 0x00, 0x00, 0x02, 0xff, 0xff, 0xff, 0xff, 0xff, 0xff, 0xff,
    0xff, 0xfd, 0x00, 0x00, 0x00, 0x00, 0x00, 0x04, 0xff, 0xff, 0xff, 0xff,
    0xff, 0xff, 0xff, 0xff, 0xff, 0x00, 0x00, 0x00, 0x00, 0x00, 0x05, 0xff,
    0xff, 0xff, 0xff, 0xff, 0xff, 0xff, 0xff, 0xff, 0x00, 0x00, 0x00, 0x00,
    0x00, 0x05, 0xff, 0xff, 0xff, 0xff, 0xff, 0xff, 0xff, 0xff, 0xff, 0x00,
    0x00, 0x00, 0x00, 0x00, 0x06, 0xff, 0xff, 0xff, 0xff, 0xff, 0xff, 0xff,
    0xff, 0xff, 0x20, 0x00, 0x00, 0x00, 0x00, 0x08, 0xff, 0xff, 0xff, 0xff,
    0xff, 0xff, 0xff, 0xff, 0xff, 0x30, 0x00, 0x00, 0x00, 0x00, 0x0a, 0xff,
    0xff, 0xff, 0xff, 0xff, 0xff, 0xff, 0xff, 0xff, 0x60, 0x00, 0x00, 0x00,
    0x00, 0x0d, 0xff, 0xff, 0xff, 0xff, 0xff, 0xff, 0xff, 0xff, 0xff, 0x90,
    0x00, 0x00, 0x00, 0x00, 0x1f, 0xff, 0xff, 0xff, 0xff, 0xff, 0xff, 0xff,
    0xff, 0xff, 0xc0, 0x00, 0x00, 0x00, 0x00, 0x5f, 0xff, 0xff, 0xff, 0xff,
    0xff, 0xff, 0xff, 0xff, 0xff, 0xf1, 0x00, 0x00, 0x00, 0x00, 0xbf, 0xff,
    0xff, 0xff, 0xff, 0xff, 0xff, 0xff, 0xff, 0xff, 0xf7, 0x00, 0x00, 0x00,
    0x02, 0xff, 0xff, 0xff, 0xff, 0xff, 0xff, 0xff, 0xff, 0xff, 0xff, 0xfe,
    0x00, 0x00, 0x00, 0x0a, 0xff, 0xff, 0xff, 0xff, 0xff, 0xff, 0xff, 0xff,
    0xff, 0xff, 0xff, 0x60, 0x00, 0x00, 0x4f, 0xff, 0xff, 0xff, 0xff, 0xff,
    0xff, 0xff, 0xff, 0xff, 0xff, 0xff, 0xe1, 0x00, 0x01, 0xef, 0xff, 0xff,
    0xff, 0xff, 0xff, 0xff, 0xff, 0xff, 0xff, 0xff, 0xff, 0xfa, 0x00, 0x1c,
    0xff, 0xff, 0xff, 0xff, 0xff, 0xff, 0xff, 0xff, 0xff, 0xff, 0xff, 0xff,
    0xff, 0x90, 0xcf, 0xff, 0xff, 0xff, 0xff, 0xff, 0xff, 0xff, 0xff, 0xff,
    0xff, 0xff, 0xff, 0xff, 0xf8, 0xbf, 0xff, 0xff, 0xff, 0xff, 0xff, 0xff,
    0xff, 0xff, 0xff, 0xff, 0xff, 0xff, 0xff, 0xf7, 0x1a, 0xdd, 0xdd, 0xdd,
    0xdd, 0xfe, 0xef, 0xff, 0xff, 0xfe, 0xdd, 0xdd, 0xdd, 0xdd, 0x80, 0x00,
    0x00, 0x00, 0x00, 0x00, 0xad, 0x9f, 0xff, 0xff, 0xf5, 0x00, 0x00, 0x00,
    0x00, 0x00, 0x00, 0x00, 0x00, 0x00, 0x00, 0x6f, 0x6e, 0xff, 0xff, 0xf2,
    0x00, 0x00, 0x00, 0x00, 0x00, 0x00, 0x00, 0x00, 0x00, 0x00, 0x0d, 0xe7,
    0x7f, 0xff, 0x90, 0x00, 0x00, 0x00, 0x00, 0x00, 0x00, 0x00, 0x00, 0x00,
    0x00, 0x01, 0xcf, 0xff, 0xf9, 0x00, 0x00, 0x00, 0x00, 0x00, 0x00, 0x00,
    0x00, 0x00, 0x00, 0x00, 0x00, 0x03, 0x65, 0x20, 0x00, 0x00, 0x00, 0x00,
    0x00, 0x00, 0x00, 0x22, 0x22, 0x22, 0x22, 0x22, 0x22, 0x22, 0x22, 0x22,
    0x22, 0x22, 0x22, 0x22, 0x22, 0x22, 0x00, 0x04, 0xff, 0xff, 0xff, 0xff,
    0xff, 0xff, 0xff, 0xff, 0xff, 0xff, 0xff, 0xff, 0xff, 0xff, 0xff, 0xff,
    0x60, 0xdf, 0xff, 0xff, 0xff, 0xff, 0xff, 0xff, 0xff, 0xff, 0xff, 0xff,
    0xff, 0xff, 0xff, 0xff, 0xff, 0xff, 0x0f, 0xf2, 0x00, 0x00, 0x00, 0x00,
    0x00, 0x00, 0x00, 0x00, 0x00, 0x00, 0x00, 0x00, 0x00, 0x00, 0x0f, 0xf2,
    0xff, 0x20, 0x00, 0x00, 0x00, 0x00, 0x00, 0x00, 0x00, 0x00, 0x00, 0x00,
    0x00, 0x00, 0x00, 0x00, 0xff, 0x2f, 0xf2, 0x08, 0xfb, 0x00, 0xff, 0x00,
    0xdf, 0xf0, 0x0d, 0xfd, 0x00, 0xfb, 0x00, 0xff, 0x20, 0x0f, 0xf2, 0xff,
    0x20, 0x8f, 0xb0, 0x0f, 0xf0, 0x0d, 0xff, 0x00, 0xdf, 0xd0, 0x0f, 0xb0,
    0x0f, 0xf2, 0x00, 0xff, 0x2f, 0xf2, 0x01, 0x21, 0x00, 0x22, 0x00, 0x12,
    0x20, 0x01, 0x21, 0x00, 0x21, 0x00, 0xff, 0x20, 0x0f, 0xf2, 0xff, 0x20,
    0x00, 0x00, 0x00, 0x00, 0x00, 0x00, 0x00, 0x00, 0x00, 0x00, 0x00, 0x0f,
    0xf2, 0x00, 0xff, 0x2f, 0xf2, 0x01, 0x22, 0x22, 0x00, 0x22, 0x00, 0x02,
    0x20, 0x00, 0x22, 0x00, 0x22, 0xff, 0x20, 0x0f, 0xf2, 0xff, 0x20, 0x8f,
    0xff, 0xf0, 0x0f, 0xf2, 0x00, 0xff, 0x20, 0x2f, 0xf0, 0x4f, 0xff, 0xf2,
    0x00, 0xff, 0x2f, 0xf2, 0x08, 0xff, 0xff, 0x00, 0xff, 0x20, 0x0f, 0xf2,
    0x02, 0xff, 0x04, 0xff, 0xff, 0x20, 0x0f, 0xf2, 0xff, 0x20, 0x00, 0x00,
    0x00, 0x00, 0x00, 0x00, 0x00, 0x00, 0x00, 0x00, 0x00, 0x00, 0x00, 0x00,
    0xff, 0x2f, 0xf2, 0x00, 0x00, 0x00, 0x00, 0x00, 0x00, 0x00, 0x00, 0x00,
    0x00, 0x00, 0x00, 0x00, 0x00, 0x0f, 0xf2, 0xff, 0x20, 0x8f, 0xb0, 0x0f,
    0xff, 0xff, 0xff, 0xff, 0xff, 0xff, 0xff, 0xb0, 0x0f, 0xf2, 0x00, 0xff,
    0x2f, 0xf2, 0x08, 0xfb, 0x00, 0xff, 0xff, 0xff, 0xff, 0xff, 0xff, 0xff,
    0xfb, 0x00, 0xff, 0x20, 0x0f, 0xf2, 0xff, 0x20, 0x12, 0x10, 0x02, 0x22,
    0x22, 0x22, 0x22, 0x22, 0x22, 0x22, 0x10, 0x02, 0x20, 0x00, 0xff, 0x2f,
    0xf2, 0x00, 0x00, 0x00, 0x00, 0x00, 0x00, 0x00, 0x00, 0x00, 0x00, 0x00,
    0x00, 0x00, 0x00, 0x0f, 0xf2, 0xff, 0x42, 0x22, 0x22, 0x22, 0x22, 0x22,
    0x22, 0x22, 0x22, 0x22, 0x22, 0x22, 0x22, 0x22, 0x22, 0xff, 0x2d, 0xff,
    0xff, 0xff, 0xff, 0xff, 0xff, 0xff, 0xff, 0xff, 0xff, 0xff, 0xff, 0xff,
    0xff, 0xff, 0xff, 0xf0, 0x3d, 0xff, 0xff, 0xff, 0xff, 0xff, 0xff, 0xff,
    0xff, 0xff, 0xff, 0xff, 0xff, 0xff, 0xff, 0xff, 0xd4, 0x00, 0x00, 0x00,
    0x00, 0x00, 0x00, 0x01, 0x48, 0xac, 0xef, 0xff, 0xec, 0xa7, 0x40, 0x00,
    0x00, 0x00, 0x00, 0x00, 0x00, 0x00, 0x00, 0x00, 0x16, 0xcf, 0xff, 0xff,
    0xff, 0xff, 0xff, 0xff, 0xff, 0xb5, 0x00, 0x00, 0x00, 0x00, 0x00, 0x00,
    0x00, 0x29, 0xff, 0xff, 0xff, 0xff, 0xff, 0xff, 0xff, 0xff, 0xff, 0xff,
    0xe8, 0x10, 0x00, 0x00, 0x00, 0x00, 0x19, 0xff, 0xff, 0xff, 0xff, 0xff,
    0xff, 0xff, 0xff, 0xff, 0xff, 0xff, 0xff, 0xf8, 0x00, 0x00, 0x00, 0x05,
    0xef, 0xff, 0xff, 0xff, 0xff, 0xec, 0xa9, 0x99, 0xac, 0xef, 0xff, 0xff,
    0xff, 0xff, 0xd3, 0x00, 0x00, 0x9f, 0xff, 0xff, 0xff, 0xfb, 0x62, 0x00,
    0x00, 0x00, 0x00, 0x02, 0x6b, 0xff, 0xff, 0xff, 0xff, 0x60, 0x0b, 0xff,
    0xff, 0xff, 0xf8, 0x10, 0x00, 0x14, 0x78, 0x88, 0x64, 0x10, 0x00, 0x28,
    0xff, 0xff, 0xff, 0xf8, 0x0b, 0xff, 0xff, 0xf9, 0x10, 0x02, 0x8d, 0xff,
    0xff, 0xff, 0xff, 0xfd, 0x71, 0x00, 0x1a, 0xff, 0xff, 0xfb, 0x00, 0xcf,
    0xfd, 0x30, 0x03, 0xbf, 0xff, 0xff, 0xff, 0xff, 0xff, 0xff, 0xff, 0xa2,
    0x00, 0x4e, 0xff, 0xc0, 0x00, 0x0b, 0xa0, 0x00, 0x9f, 0xff, 0xff, 0xff,
    0xff, 0xff, 0xff, 0xff, 0xff, 0xff, 0x80, 0x01, 0xba, 0x00, 0x00, 0x00,
    0x00, 0x2d, 0xff, 0xff, 0xff, 0xff, 0xff, 0xff, 0xff, 0xff, 0xff, 0xff,
    0xfc, 0x10, 0x00, 0x00, 0x00, 0x00, 0x01, 0xef, 0xff, 0xff, 0xff, 0xb6,
    0x31, 0x01, 0x26, 0xbf, 0xff, 0xff, 0xff, 0xd0, 0x00, 0x00, 0x00, 0x00,
    0x00, 0xcf, 0xff, 0xff, 0x81, 0x00, 0x00, 0x00, 0x00, 0x01, 0x9f, 0xff,
    0xff, 0xb0, 0x00, 0x00, 0x00, 0x00, 0x00, 0x1d, 0xff, 0xa1, 0x00, 0x01,
    0x57, 0x87, 0x51, 0x00, 0x02, 0xdf, 0xfc, 0x00, 0x00, 0x00, 0x00, 0x00,
    0x00, 0x01, 0xc6, 0x00, 0x06, 0xdf, 0xff, 0xff, 0xff, 0xc4, 0x00, 0x09,
    0xb1, 0x00, 0x00, 0x00, 0x00, 0x00, 0x00, 0x00, 0x00, 0x03, 0xdf, 0xff,
    0xff, 0xff, 0xff, 0xff, 0xc1, 0x00, 0x00, 0x00, 0x00, 0x00, 0x00, 0x00,
    0x00, 0x00, 0x00, 0x3f, 0xff, 0xff, 0xff, 0xff, 0xff, 0xff, 0xfe, 0x10,
    0x00, 0x00, 0x00, 0x00, 0x00, 0x00, 0x00, 0x00, 0x00, 0x1e, 0xff, 0xff,
    0xff, 0xff, 0xff, 0xff, 0xfe, 0x10, 0x00, 0x00, 0x00, 0x00, 0x00, 0x00,
    0x00, 0x00, 0x00, 0x03, 0xff, 0xfd, 0x61, 0x02, 0x6e, 0xff, 0xe2, 0x00,
    0x00, 0x00, 0x00, 0x00, 0x00, 0x00, 0x00, 0x00, 0x00, 0x00, 0x3e, 0x70,
    0x00, 0x00, 0x00, 0x8e, 0x30, 0x00, 0x00, 0x00, 0x00, 0x00, 0x00, 0x00,
    0x00, 0x00, 0x00, 0x00, 0x00, 0x00, 0x03, 0x42, 0x00, 0x00, 0x00, 0x00,
    0x00, 0x00, 0x00, 0x00, 0x00, 0x00, 0x00, 0x00, 0x00, 0x00, 0x00, 0x03,
    0xdf, 0xff, 0xd2, 0x00, 0x00, 0x00, 0x00, 0x00, 0x00, 0x00, 0x00, 0x00,
    0x00, 0x00, 0x00, 0x00, 0x00, 0x03, 0xff, 0xff, 0xf2, 0x00, 0x00, 0x00,
    0x00, 0x00, 0x00, 0x00, 0x00, 0x00, 0x00, 0x00, 0x00, 0x00, 0x00, 0x00,
    0x6f, 0xff, 0x40, 0x00, 0x00, 0x00, 0x00, 0x00, 0x00, 0x00, 0x00, 0x00,
    0x00, 0x00, 0x00, 0x00, 0x00, 0x00, 0x05, 0xe4, 0x00, 0x00, 0x00, 0x00,
    0x00, 0x00, 0x00, 0x00, 0x09, 0xef, 0xff, 0xff, 0xff, 0xff, 0xff, 0xff,
    0xff, 0xff, 0xff, 0xff, 0xff, 0xff, 0xff, 0xff, 0xff, 0xff, 0xe9, 0x00,
    0x00, 0x9f, 0xff, 0xff, 0xff, 0xff, 0xff, 0xff, 0xff, 0xff, 0xff, 0xff,
    0xff, 0xff, 0xff, 0xff, 0xff, 0xff, 0xff, 0xff, 0x80, 0x00, 0xef, 0x62,
    0x22, 0x22, 0x22, 0x22, 0x22, 0x22, 0x22, 0x22, 0x22, 0x22, 0x22, 0x22,
    0x22, 0x22, 0x22, 0x22, 0x6f, 0xe0, 0x00, 0xff, 0x20, 0x00, 0x00, 0x00,
    0x00, 0x00, 0x00, 0x00, 0x00, 0x00, 0x00, 0x00, 0x00, 0x00, 0x00, 0x00,
    0x00, 0x2f, 0xf0, 0x00, 0xff, 0x20, 0x00, 0x00, 0x00, 0x00, 0x00, 0x00,
    0x00, 0x00, 0x00, 0x00, 0x00, 0x00, 0x00, 0x00, 0x00, 0x00, 0x2f, 0xf0,
    0x00, 0xff, 0x20, 0xbf, 0xff, 0xff, 0xff, 0xff, 0xff, 0xff, 0xff, 0xff,
    0xff, 0xff, 0xff, 0xff, 0xff, 0xff, 0x00, 0x2f, 0xf0, 0x00, 0xff, 0x20,
    0xbf, 0xff, 0xff, 0xff, 0xff, 0xff, 0xff, 0xff, 0xff, 0xff, 0xff, 0xff,
    0xff, 0xff, 0xff, 0x00, 0x2f, 0xff, 0x60, 0xff, 0x20, 0xbf, 0xff, 0xff,
    0xff, 0xff, 0xff, 0xff, 0xff, 0xff, 0xff, 0xff, 0xff, 0xff, 0xff, 0xff,
    0x00, 0x2e, 0xef, 0xf1, 0xff, 0x20, 0xbf, 0xff, 0xff, 0xff, 0xff, 0xff,
    0xff, 0xff, 0xff, 0xff, 0xff, 0xff, 0xff, 0xff, 0xff, 0x00, 0x00, 0x0f,
    0xf4, 0xff, 0x20, 0xbf, 0xff, 0xff, 0xff, 0xff, 0xff, 0xff, 0xff, 0xff,
    0xff, 0xff, 0xff, 0xff, 0xff, 0xff, 0x00, 0x00, 0x0f, 0xf4, 0xff, 0x20,
    0xbf, 0xff, 0xff, 0xff, 0xff, 0xff, 0xff, 0xff, 0xff, 0xff, 0xff, 0xff,
    0xff, 0xff, 0xff, 0x00, 0x00, 0x0f, 0xf4, 0xff, 0x20, 0xbf, 0xff, 0xff,
    0xff, 0xff, 0xff, 0xff, 0xff, 0xff, 0xff, 0xff, 0xff, 0xff, 0xff, 0xff,
    0x00, 0x00, 0x0f, 0xf4, 0xff, 0x20, 0xbf, 0xff, 0xff, 0xff, 0xff, 0xff,
    0xff, 0xff, 0xff, 0xff, 0xff, 0xff, 0xff, 0xff, 0xff, 0x00, 0x00, 0x0f,
    0xf4, 0xff, 0x20, 0xbf, 0xff, 0xff, 0xff, 0xff, 0xff, 0xff, 0xff, 0xff,
    0xff, 0xff, 0xff, 0xff, 0xff, 0xff, 0x00, 0x00, 0x0f, 0xf4, 0xff, 0x20,
    0xbf, 0xff, 0xff, 0xff, 0xff, 0xff, 0xff, 0xff, 0xff, 0xff, 0xff, 0xff,
    0xff, 0xff, 0xff, 0x00, 0x00, 0x0f, 0xf4, 0xff, 0x20, 0xbf, 0xff, 0xff,
    0xff, 0xff, 0xff, 0xff, 0xff, 0xff, 0xff, 0xff, 0xff, 0xff, 0xff, 0xff,
    0x00, 0x2e, 0xef, 0xf3, 0xff, 0x20, 0xbf, 0xff, 0xff, 0xff, 0xff, 0xff,
    0xff, 0xff, 0xff, 0xff, 0xff, 0xff, 0xff, 0xff, 0xff, 0x00, 0x2f, 0xff,
    0xc0, 0xff, 0x20, 0xbf, 0xff, 0xff, 0xff, 0xff, 0xff, 0xff, 0xff, 0xff,
    0xff, 0xff, 0xff, 0xff, 0xff, 0xff, 0x00, 0x2f, 0xf6, 0x00, 0xff, 0x20,
    0x7b, 0xbb, 0xbb, 0xbb, 0xbb, 0xbb, 0xbb, 0xbb, 0xbb, 0xbb, 0xbb, 0xbb,
    0xbb, 0xbb, 0xbb, 0x00, 0x2f, 0xf0, 0x00, 0xff, 0x20, 0x00, 0x00, 0x00,
    0x00, 0x00, 0x00, 0x00, 0x00, 0x00, 0x00, 0x00, 0x00, 0x00, 0x00, 0x00,
    0x00, 0x2f, 0xf0, 0x00, 0xef, 0x52, 0x22, 0x22, 0x22, 0x22, 0x22, 0x22,
    0x22, 0x22, 0x22, 0x22, 0x22, 0x22, 0x22, 0x22, 0x22, 0x22, 0x6f, 0xf0,
    0x00, 0x9f, 0xff, 0xff, 0xff, 0xff, 0xff, 0xff, 0xff, 0xff, 0xff, 0xff,
    0xff, 0xff, 0xff, 0xff, 0xff, 0xff, 0xff, 0xff, 0xa0, 0x00, 0x09, 0xef,
    0xff, 0xff, 0xff, 0xff, 0xff, 0xff, 0xff, 0xff, 0xff, 0xff, 0xff, 0xff,
    0xff, 0xff, 0xff, 0xff, 0xe9, 0x00, 0x00, 0x09, 0xef, 0xff, 0xff, 0xff,
    0xff, 0xff, 0xff, 0xff, 0xff, 0xff, 0xff, 0xff, 0xff, 0xff, 0xff, 0xff,
    0xff, 0xe9, 0x00, 0x00, 0x9f, 0xff, 0xff, 0xff, 0xff, 0xff, 0xff, 0xff,
    0xff, 0xff, 0xff, 0xff, 0xff, 0xff, 0xff, 0xff, 0xff, 0xff, 0xff, 0x80,
    0x00, 0xef, 0x52, 0x22, 0x22, 0x22, 0x22, 0x22, 0x22, 0x22, 0x22, 0x22,
    0x22, 0x22, 0x22, 0x22, 0x22, 0x22, 0x22, 0x6f, 0xe0, 0x00, 0xff, 0x20,
    0x00, 0x00, 0x00, 0x00, 0x00, 0x00, 0x00, 0x00, 0x00, 0x00, 0x00, 0x00,
    0x00, 0x00, 0x00, 0x00, 0x2f, 0xf0, 0x00, 0xff, 0x20, 0x00, 0x00, 0x00,
    0x00, 0x00, 0x00, 0x00, 0x00, 0x00, 0x00, 0x00, 0x00, 0x00, 0x00, 0x00,
    0x00, 0x2f, 0xf0, 0x00, 0xff, 0x20, 0xdf, 0xff, 0xff, 0xff, 0xff, 0xff,
    0xff, 0xff, 0xff, 0xff, 0xff, 0xf0, 0x00, 0x00, 0x00, 0x00, 0x2f, 0xf0,
    0x00, 0xff, 0x20, 0xdf, 0xff, 0xff, 0xff, 0xff, 0xff, 0xff, 0xff, 0xff,
    0xff, 0xff, 0xf0, 0x00, 0x00, 0x00, 0x00, 0x2f, 0xff, 0x60, 0xff, 0x20,
    0xdf, 0xff, 0xff, 0xff, 0xff, 0xff, 0xff, 0xff, 0xff, 0xff, 0xff, 0xf0,
    0x00, 0x00, 0x00, 0x00, 0x2e, 0xef, 0xf1, 0xff, 0x20, 0xdf, 0xff, 0xff,
    0xff, 0xff, 0xff, 0xff, 0xff, 0xff, 0xff, 0xff, 0xf0, 0x00, 0x00, 0x00,
    0x00, 0x00, 0x0f, 0xf4, 0xff, 0x20, 0xdf, 0xff, 0xff, 0xff, 0xff, 0xff,
    0xff, 0xff, 0xff, 0xff, 0xff, 0xf0, 0x00, 0x00, 0x00, 0x00, 0x00, 0x0f,
    0xf4, 0xff, 0x20, 0xdf, 0xff, 0xff, 0xff, 0xff, 0xff, 0xff, 0xff, 0xff,
    0xff, 0xff, 0xf0, 0x00, 0x00, 0x00, 0x00, 0x00, 0x0f, 0xf4, 0xff, 0x20,
    0xdf, 0xff, 0xff, 0xff, 0xff, 0xff, 0xff, 0xff, 0xff, 0xff, 0xff, 0xf0,
    0x00, 0x00, 0x00, 0x00, 0x00, 0x0f, 0xf4, 0xff, 0x20, 0xdf, 0xff, 0xff,
    0xff, 0xff, 0xff, 0xff, 0xff, 0xff, 0xff, 0xff, 0xf0, 0x00, 0x00, 0x00,
    0x00, 0x00, 0x0f, 0xf4, 0xff, 0x20, 0xdf, 0xff, 0xff, 0xff, 0xff, 0xff,
    0xff, 0xff, 0xff, 0xff, 0xff, 0xf0, 0x00, 0x00, 0x00, 0x00, 0x00, 0x0f,
    0xf4, 0xff, 0x20, 0xdf, 0xff, 0xff, 0xff, 0xff, 0xff, 0xff, 0xff, 0xff,
    0xff, 0xff, 0xf0, 0x00, 0x00, 0x00, 0x00, 0x00, 0x0f, 0xf4, 0xff, 0x20,
    0xdf, 0xff, 0xff, 0xff, 0xff, 0xff, 0xff, 0xff, 0xff, 0xff, 0xff, 0xf0,
    0x00, 0x00, 0x00, 0x00, 0x2e, 0xef, 0xf3, 0xff, 0x20, 0xdf, 0xff, 0xff,
    0xff, 0xff, 0xff, 0xff, 0xff, 0xff, 0xff, 0xff, 0xf0, 0x00, 0x00, 0x00,
    0x00, 0x2f, 0xff, 0xc0, 0xff, 0x20, 0xdf, 0xff, 0xff, 0xff, 0xff, 0xff,
    0xff, 0xff, 0xff, 0xff, 0xff, 0xf0, 0x00, 0x00, 0x00, 0x00, 0x2f, 0xf6,
    0x00, 0xff, 0x20, 0x9b, 0xbb, 0xbb, 0xbb, 0xbb, 0xbb, 0xbb, 0xbb, 0xbb,
    0xbb, 0xbb, 0xb0, 0x00, 0x00, 0x00, 0x00, 0x2f, 0xf0, 0x00, 0xff, 0x20,
    0x00, 0x00, 0x00, 0x00, 0x00, 0x00, 0x00, 0x00, 0x00, 0x00, 0x00, 0x00,
    0x00, 0x00, 0x00, 0x00, 0x2f, 0xf0, 0x00, 0xef, 0x52, 0x22, 0x22, 0x22,
    0x22, 0x22, 0x22, 0x22, 0x22, 0x22, 0x22, 0x22, 0x22, 0x22, 0x22, 0x22,
    0x22, 0x6f, 0xf0, 0x00, 0x9f, 0xff, 0xff, 0xff, 0xff, 0xff, 0xff, 0xff,
    0xff, 0xff, 0xff, 0xff, 0xff, 0xff, 0xff, 0xff, 0xff, 0xff, 0xff, 0xa0,
    0x00, 0x09, 0xef, 0xff, 0xff, 0xff, 0xff, 0xff, 0xff, 0xff, 0xff, 0xff,
    0xff, 0xff, 0xff, 0xff, 0xff, 0xff, 0xff, 0xe9, 0x00, 0x00, 0x09, 0xef,
    0xff, 0xff, 0xff, 0xff, 0xff, 0xff, 0xff, 0xff, 0xff, 0xff, 0xff, 0xff,
    0xff, 0xff, 0xff, 0xff, 0xe9, 0x00, 0x00, 0x9f, 0xff, 0xff, 0xff, 0xff,
    0xff, 0xff, 0xff, 0xff, 0xff, 0xff, 0xff, 0xff, 0xff, 0xff, 0xff, 0xff,
    0xff, 0xff, 0x80, 0x00, 0xef, 0x62, 0x22, 0x22, 0x22, 0x22, 0x22, 0x22,
    0x22, 0x22, 0x22, 0x22, 0x22, 0x22, 0x22, 0x22, 0x22, 0x22, 0x6f, 0xe0,
    0x00, 0xff, 0x20, 0x00, 0x00, 0x00, 0x00, 0x00, 0x00, 0x00, 0x00, 0x00,
    0x00, 0x00, 0x00, 0x00, 0x00, 0x00, 0x00, 0x2f, 0xf0, 0x00, 0xff, 0x20,
    0x00, 0x00, 0x00, 0x00, 0x00, 0x00, 0x00, 0x00, 0x00, 0x00, 0x00, 0x00,
    0x00, 0x00, 0x00, 0x00, 0x2f, 0xf0, 0x00, 0xff, 0x20, 0x2f, 0xff, 0xff,
    0xff, 0xff, 0x00, 0x00, 0x00, 0x00, 0x00, 0x00, 0x00, 0x00, 0x00, 0x00,
    0x00, 0x2f, 0xf0, 0x00, 0xff, 0x20, 0x2f, 0xff, 0xff, 0xff, 0xff, 0x00,
    0x00, 0x00, 0x00, 0x00, 0x00, 0x00, 0x00, 0x00, 0x00, 0x00, 0x2f, 0xff,
    0x60, 0xff, 0x20, 0x2f, 0xff, 0xff, 0xff, 0xff, 0x00, 0x00, 0x00, 0x00,
    0x00, 0x00, 0x00, 0x00, 0x00, 0x00, 0x00, 0x2e, 0xef, 0xf1, 0xff, 0x20,
    0x2f, 0xff, 0xff, 0xff, 0xff, 0x00, 0x00, 0x00, 0x00, 0x00, 0x00, 0x00,
    0x00, 0x00, 0x00, 0x00, 0x00, 0x0f, 0xf4, 0xff, 0x20, 0x2f, 0xff, 0xff,
    0xff, 0xff, 0x00, 0x00, 0x00, 0x00, 0x00, 0x00, 0x00, 0x00, 0x00, 0x00,
    0x00, 0x00, 0x0f, 0xf4, 0xff, 0x20, 0x2f, 0xff, 0xff, 0xff, 0xff, 0x00,
    0x00, 0x00, 0x00, 0x00, 0x00, 0x00, 0x00, 0x00, 0x00, 0x00, 0x00, 0x0f,
    0xf4, 0xff, 0x20, 0x2f, 0xff, 0xff, 0xff, 0xff, 0x00, 0x00, 0x00, 0x00,
    0x00, 0x00, 0x00, 0x00, 0x00, 0x00, 0x00, 0x00, 0x0f, 0xf4, 0xff, 0x20,
    0x2f, 0xff, 0xff, 0xff, 0xff, 0x00, 0x00, 0x00, 0x00, 0x00, 0x00, 0x00,
    0x00, 0x00, 0x00, 0x00, 0x00, 0x0f, 0xf4, 0xff, 0x20, 0x2f, 0xff, 0xff,
    0xff, 0xff, 0x00, 0x00, 0x00, 0x00, 0x00, 0x00, 0x00, 0x00, 0x00, 0x00,
    0x00, 0x00, 0x0f, 0xf4, 0xff, 0x20, 0x2f, 0xff, 0xff, 0xff, 0xff, 0x00,
    0x00, 0x00, 0x00, 0x00, 0x00, 0x00, 0x00, 0x00, 0x00, 0x00, 0x00, 0x0f,
    0xf4, 0xff, 0x20, 0x2f, 0xff, 0xff, 0xff, 0xff, 0x00, 0x00, 0x00, 0x00,
    0x00, 0x00, 0x00, 0x00, 0x00, 0x00, 0x00, 0x2e, 0xef, 0xf3, 0xff, 0x20,
    0x2f, 0xff, 0xff, 0xff, 0xff, 0x00, 0x00, 0x00, 0x00, 0x00, 0x00, 0x00,
    0x00, 0x00, 0x00, 0x00, 0x2f, 0xff, 0xc0, 0xff, 0x20, 0x2f, 0xff, 0xff,
    0xff, 0xff, 0x00, 0x00, 0x00, 0x00, 0x00, 0x00, 0x00, 0x00, 0x00, 0x00,
    0x00, 0x2f, 0xf6, 0x00, 0xff, 0x20, 0x1b, 0xbb, 0xbb, 0xbb, 0xbb, 0x00,
    0x00, 0x00, 0x00, 0x00, 0x00, 0x00, 0x00, 0x00, 0x00, 0x00, 0x2f, 0xf0,
    0x00, 0xff, 0x20, 0x00, 0x00, 0x00, 0x00, 0x00, 0x00, 0x00, 0x00, 0x00,
    0x00, 0x00, 0x00, 0x00, 0x00, 0x00, 0x00, 0x2f, 0xf0, 0x00, 0xef, 0x52,
    0x22, 0x22, 0x22, 0x22, 0x22, 0x22, 0x22, 0x22, 0x22, 0x22, 0x22, 0x22,
    0x22, 0x22, 0x22, 0x22, 0x6f, 0xf0, 0x00, 0x9f, 0xff, 0xff, 0xff, 0xff,
    0xff, 0xff, 0xff, 0xff, 0xff, 0xff, 0xff, 0xff, 0xff, 0xff, 0xff, 0xff,
    0xff, 0xff, 0xa0, 0x00, 0x09, 0xef, 0xff, 0xff, 0xff, 0xff, 0xff, 0xff,
    0xff, 0xff, 0xff, 0xff, 0xff, 0xff, 0xff, 0xff, 0xff, 0xff, 0xe9, 0x00,
    0x00, 0x09, 0xef, 0xff, 0xff, 0xff, 0xff, 0xff, 0xff, 0xff, 0xff, 0xff,
    0xff, 0xff, 0xff, 0xff, 0xff, 0xff, 0xff, 0xe9, 0x00, 0x00, 0x9f, 0xff,
    0xff, 0xff, 0xff, 0xff, 0xff, 0xff, 0xff, 0xff, 0xff, 0xff, 0xff, 0xff,
    0xff, 0xff, 0xff, 0xff, 0xff, 0x90, 0x00, 0xef, 0x62, 0x22, 0x22, 0x22,
    0x22, 0x22, 0x22, 0x22, 0x22, 0x22, 0x22, 0x22, 0x22, 0x22, 0x22, 0x22,
    0x22, 0x6f, 0xe0, 0x00, 0xff, 0x20, 0x00, 0x00, 0x00, 0x00, 0x00, 0x00,
    0x00, 0x00, 0x00, 0x00, 0x00, 0x00, 0x00, 0x00, 0x00, 0x00, 0x2f, 0xf0,
    0x00, 0xff, 0x20, 0x00, 0x00, 0x00, 0x00, 0x00, 0x00, 0x00, 0x00, 0x00,
    0x00, 0x00, 0x00, 0x00, 0x00, 0x00, 0x00, 0x2f, 0xf0, 0x00, 0xff, 0x20,
    0x00, 0x00, 0x00, 0x00, 0x00, 0x00, 0x00, 0x00, 0x00, 0x00, 0x00, 0x00,
    0x00, 0x00, 0x00, 0x00, 0x2f, 0xf0, 0x00, 0xff, 0x20, 0x00, 0x00, 0x00,
    0x00, 0x00, 0x00, 0x00, 0x00, 0x00, 0x00, 0x00, 0x00, 0x00, 0x00, 0x00,
    0x00, 0x2f, 0xff, 0x70, 0xff, 0x20, 0x00, 0x00, 0x00, 0x00, 0x00, 0x00,
    0x00, 0x00, 0x00, 0x00, 0x00, 0x00, 0x00, 0x00, 0x00, 0x00, 0x2e, 0xef,
    0xf2, 0xff, 0x20, 0x00, 0x00, 0x00, 0x00, 0x00, 0x00, 0x00, 0x00, 0x00,
    0x00, 0x00, 0x00, 0x00, 0x00, 0x00, 0x00, 0x00, 0x0f, 0xf4, 0xff, 0x20,
    0x00, 0x00, 0x00, 0x00, 0x00, 0x00, 0x00, 0x00, 0x00, 0x00, 0x00, 0x00,
    0x00, 0x00, 0x00, 0x00, 0x00, 0x0f, 0xf4, 0xff, 0x20, 0x00, 0x00, 0x00,
    0x00, 0x00, 0x00, 0x00, 0x00, 0x00, 0x00, 0x00, 0x00, 0x00, 0x00, 0x00,
    0x00, 0x00, 0x0f, 0xf4, 0xff, 0x20, 0x00, 0x00, 0x00, 0x00, 0x00, 0x00,
    0x00, 0x00, 0x00, 0x00, 0x00, 0x00, 0x00, 0x00, 0x00, 0x00, 0x00, 0x0f,
    0xf4, 0xff, 0x20, 0x00, 0x00, 0x00, 0x00, 0x00, 0x00, 0x00, 0x00, 0x00,
    0x00, 0x00, 0x00, 0x00, 0x00, 0x00, 0x00, 0x00, 0x0f, 0xf4, 0xff, 0x20,
    0x00, 0x00, 0x00, 0x00, 0x00, 0x00, 0x00, 0x00, 0x00, 0x00, 0x00, 0x00,
    0x00, 0x00, 0x00, 0x00, 0x00, 0x0f, 0xf4, 0xff, 0x20, 0x00, 0x00, 0x00,
    0x00, 0x00, 0x00, 0x00, 0x00, 0x00, 0x00, 0x00, 0x00, 0x00, 0x00, 0x00,
    0x00, 0x00, 0x0f, 0xf4, 0xff, 0x20, 0x00, 0x00, 0x00, 0x00, 0x00, 0x00,
    0x00, 0x00, 0x00, 0x00, 0x00, 0x00, 0x00, 0x00, 0x00, 0x00, 0x2e, 0xef,
    0xf2, 0xff, 0x20, 0x00, 0x00, 0x00, 0x00, 0x00, 0x00, 0x00, 0x00, 0x00,
    0x00, 0x00, 0x00, 0x00, 0x00, 0x00, 0x00, 0x2f, 0xff, 0xa0, 0xff, 0x20,
    0x00, 0x00, 0x00, 0x00, 0x00, 0x00, 0x00, 0x00, 0x00, 0x00, 0x00, 0x00,
    0x00, 0x00, 0x00, 0x00, 0x2f, 0xf2, 0x00, 0xff, 0x20, 0x00, 0x00, 0x00,
    0x00, 0x00, 0x00, 0x00, 0x00, 0x00, 0x00, 0x00, 0x00, 0x00, 0x00, 0x00,
    0x00, 0x2f, 0xf0, 0x00, 0xff, 0x20, 0x00, 0x00, 0x00, 0x00, 0x00, 0x00,
    0x00, 0x00, 0x00, 0x00, 0x00, 0x00, 0x00, 0x00, 0x00, 0x00, 0x2f, 0xf0,
    0x00, 0xef, 0x62, 0x22, 0x22, 0x22, 0x22, 0x22, 0x22, 0x22, 0x22, 0x22,
    0x22, 0x22, 0x22, 0x22, 0x22, 0x22, 0x22, 0x6f, 0xe0, 0x00, 0x9f, 0xff,
    0xff, 0xff, 0xff, 0xff, 0xff, 0xff, 0xff, 0xff, 0xff, 0xff, 0xff, 0xff,
    0xff, 0xff, 0xff, 0xff, 0xff, 0x90, 0x00, 0x09, 0xef, 0xff, 0xff, 0xff,
    0xff, 0xff, 0xff, 0xff, 0xff, 0xff, 0xff, 0xff, 0xff, 0xff, 0xff, 0xff,
    0xff, 0xe9, 0x00, 0x00, 0xff, 0xff, 0xff, 0xff, 0xff, 0xff, 0xff, 0xff,
    0xff, 0xff, 0xff, 0xff, 0xff, 0x00, 0x00, 0x00, 0x00, 0xff, 0xff, 0x00,
    0x00, 0x00, 0x00, 0xff, 0xff, 0x00, 0x00, 0x00, 0x00, 0xff, 0xff, 0x00,
    0x00, 0x00, 0x00, 0xff, 0xff, 0x00, 0x00, 0x00, 0x00, 0xff, 0xff, 0x00,
    0x00, 0x00, 0x00, 0xff, 0xff, 0x00, 0x00, 0x00, 0x00, 0xff, 0xff, 0x00,
    0x00, 0x00, 0x00, 0xff, 0xff, 0x00, 0x00, 0x00, 0x00, 0xff, 0xff, 0x00,
    0x00, 0x00, 0x00, 0xff, 0xff, 0x00, 0x00, 0x00, 0x00, 0xff, 0xff, 0x00,
    0x00, 0x00, 0x00, 0xff, 0xff, 0x00, 0x00, 0x00, 0x00, 0xff, 0xff, 0x00,
    0x00, 0x00, 0x00, 0xff, 0xff, 0x00, 0x00, 0x00, 0x00, 0xff, 0xff, 0x00,
    0x00, 0x00, 0x00, 0xff, 0xff, 0x00, 0x00, 0x00, 0x00, 0xff, 0xff, 0x00,
    0x00, 0x00, 0x00, 0xff, 0xff, 0x00, 0x00, 0x00, 0x00, 0xff, 0xff, 0x00,
    0x00, 0x00, 0x00, 0xff, 0xff, 0x00, 0x00, 0x00, 0x00, 0xff, 0xff, 0x00,
    0x00, 0x00, 0x00, 0xff, 0xff, 0x00, 0x00, 0x00, 0x00, 0xff, 0xff, 0xff,
    0xff, 0xff, 0xff, 0xff, 0xff, 0xff, 0xff, 0xff, 0xff, 0xff,

};


/*---------------------
 *  GLYPH DESCRIPTION
 *--------------------*/

static const lv_font_fmt_txt_glyph_dsc_t glyph_dsc[] = {
    {.bitmap_index = 0, .adv_w = 0, .box_w = 0, .box_h = 0, .ofs_x = 0, .ofs_y = 0} /* id = 0 reserved */,
    {.bitmap_index = 0, .adv_w = 133, .box_w = 0, .box_h = 0, .ofs_x = 0, .ofs_y = 0},
    {.bitmap_index = 0, .adv_w = 138, .box_w = 5, .box_h = 24, .ofs_x = 2, .ofs_y = 0},
    {.bitmap_index = 60, .adv_w = 209, .box_w = 9, .box_h = 9, .ofs_x = 2, .ofs_y = 15},
    {.bitmap_index = 101, .adv_w = 331, .box_w = 20, .box_h = 24, .ofs_x = 0, .ofs_y = 0},
    {.bitmap_index = 341, .adv_w = 293, .box_w = 16, .box_h = 27, .ofs_x = 1, .ofs_y = -2},
    {.bitmap_index = 557, .adv_w = 425, .box_w = 25, .box_h = 24, .ofs_x = 1, .ofs_y = 0},
    {.bitmap_index = 857, .adv_w = 375, .box_w = 23, .box_h = 24, .ofs_x = 1, .ofs_y = 0},
    {.bitmap_index = 1133, .adv_w = 115, .box_w = 4, .box_h = 9, .ofs_x = 2, .ofs_y = 15},
    {.bitmap_index = 1151, .adv_w = 154, .box_w = 8, .box_h = 29, .ofs_x = 1, .ofs_y = -5},
    {.bitmap_index = 1267, .adv_w = 154, .box_w = 9, .box_h = 29, .ofs_x = 0, .ofs_y = -5},
    {.bitmap_index = 1398, .adv_w = 282, .box_w = 16, .box_h = 15, .ofs_x = 1, .ofs_y = 10},
    {.bitmap_index = 1518, .adv_w = 293, .box_w = 16, .box_h = 16, .ofs_x = 1, .ofs_y = 4},
    {.bitmap_index = 1646, .adv_w = 137, .box_w = 6, .box_h = 9, .ofs_x = 1, .ofs_y = -4},
    {.bitmap_index = 1673, .adv_w = 165, .box_w = 9, .box_h = 3, .ofs_x = 1, .ofs_y = 8},
    {.bitmap_index = 1687, .adv_w = 137, .box_w = 5, .box_h = 5, .ofs_x = 2, .ofs_y = 0},
    {.bitmap_index = 1700, .adv_w = 190, .box_w = 12, .box_h = 24, .ofs_x = 0, .ofs_y = 0},
    {.bitmap_index = 1844, .adv_w = 293, .box_w = 16, .box_h = 24, .ofs_x = 1, .ofs_y = 0},
    {.bitmap_index = 2036, .adv_w = 293, .box_w = 10, .box_h = 24, .ofs_x = 2, .ofs_y = 0},
    {.bitmap_index = 2156, .adv_w = 293, .box_w = 16, .box_h = 24, .ofs_x = 1, .ofs_y = 0},
    {.bitmap_index = 2348, .adv_w = 293, .box_w = 16, .box_h = 24, .ofs_x = 1, .ofs_y = 0},
    {.bitmap_index = 2540, .adv_w = 293, .box_w = 18, .box_h = 24, .ofs_x = 0, .ofs_y = 0},
    {.bitmap_index = 2756, .adv_w = 293, .box_w = 15, .box_h = 24, .ofs_x = 2, .ofs_y = 0},
    {.bitmap_index = 2936, .adv_w = 293, .box_w = 16, .box_h = 24, .ofs_x = 1, .ofs_y = 0},
    {.bitmap_index = 3128, .adv_w = 293, .box_w = 16, .box_h = 24, .ofs_x = 1, .ofs_y = 0},
    {.bitmap_index = 3320, .adv_w = 293, .box_w = 16, .box_h = 24, .ofs_x = 1, .ofs_y = 0},
    {.bitmap_index = 3512, .adv_w = 293, .box_w = 16, .box_h = 24, .ofs_x = 1, .ofs_y = 0},
    {.bitmap_index = 3704, .adv_w = 137, .box_w = 5, .box_h = 18, .ofs_x = 2, .ofs_y = 0},
    {.bitmap_index = 3749, .adv_w = 137, .box_w = 7, .box_h = 23, .ofs_x = 0, .ofs_y = -5},
    {.bitmap_index = 3830, .adv_w = 293, .box_w = 16, .box_h = 18, .ofs_x = 1, .ofs_y = 3},
    {.bitmap_index = 3974, .adv_w = 293, .box_w = 16, .box_h = 9, .ofs_x = 1, .ofs_y = 7},
    {.bitmap_index = 4046, .adv_w = 293, .box_w = 16, .box_h = 18, .ofs_x = 1, .ofs_y = 3},
    {.bitmap_index = 4190, .adv_w = 222, .box_w = 14, .box_h = 24, .ofs_x = 0, .ofs_y = 0},
    {.bitmap_index = 4358, .adv_w = 460, .box_w = 26, .box_h = 27, .ofs_x = 1, .ofs_y = -3},
    {.bitmap_index = 4709, .adv_w = 327, .box_w = 21, .box_h = 24, .ofs_x = 0, .ofs_y = 0},
    {.bitmap_index = 4961, .adv_w = 333, .box_w = 17, .box_h = 24, .ofs_x = 3, .ofs_y = 0},
    {.bitmap_index = 5165, .adv_w = 324, .box_w = 19, .box_h = 24, .ofs_x = 1, .ofs_y = 0},
    {.bitmap_index = 5393, .adv_w = 374, .box_w = 19, .box_h = 24, .ofs_x = 3, .ofs_y = 0},
    {.bitmap_index = 5621, .adv_w = 285, .box_w = 13, .box_h = 24, .ofs_x = 3, .ofs_y = 0},
    {.bitmap_index = 5777, .adv_w = 266, .box_w = 13, .box_h = 24, .ofs_x = 3, .ofs_y = 0},
    {.bitmap_index = 5933, .adv_w = 373, .box_w = 20, .box_h = 24, .ofs_x = 1, .ofs_y = 0},
    {.bitmap_index = 6173, .adv_w = 379, .box_w = 18, .box_h = 24, .ofs_x = 3, .ofs_y = 0},
    {.bitmap_index = 6389, .adv_w = 174, .box_w = 9, .box_h = 24, .ofs_x = 1, .ofs_y = 0},
    {.bitmap_index = 6497, .adv_w = 140, .box_w = 9, .box_h = 30, .ofs_x = -3, .ofs_y = -6},
    {.bitmap_index = 6632, .adv_w = 317, .box_w = 17, .box_h = 24, .ofs_x = 3, .ofs_y = 0},
    {.bitmap_index = 6836, .adv_w = 268, .box_w = 13, .box_h = 24, .ofs_x = 3, .ofs_y = 0},
    {.bitmap_index = 6992, .adv_w = 464, .box_w = 23, .box_h = 24, .ofs_x = 3, .ofs_y = 0},
    {.bitmap_index = 7268, .adv_w = 389, .box_w = 19, .box_h = 24, .ofs_x = 3, .ofs_y = 0},
    {.bitmap_index = 7496, .adv_w = 400, .box_w = 23, .box_h = 24, .ofs_x = 1, .ofs_y = 0},
    {.bitmap_index = 7772, .adv_w = 310, .box_w = 15, .box_h = 24, .ofs_x = 3, .ofs_y = 0},
    {.bitmap_index = 7952, .adv_w = 400, .box_w = 23, .box_h = 30, .ofs_x = 1, .ofs_y = -6},
    {.bitmap_index = 8297, .adv_w = 318, .box_w = 17, .box_h = 24, .ofs_x = 3, .ofs_y = 0},
    {.bitmap_index = 8501, .adv_w = 281, .box_w = 16, .box_h = 24, .ofs_x = 1, .ofs_y = 0},
    {.bitmap_index = 8693, .adv_w = 285, .box_w = 18, .box_h = 24, .ofs_x = 0, .ofs_y = 0},
    {.bitmap_index = 8909, .adv_w = 374, .box_w = 19, .box_h = 24, .ofs_x = 2, .ofs_y = 0},
    {.bitmap_index = 9137, .adv_w = 307, .box_w = 20, .box_h = 24, .ofs_x = 0, .ofs_y = 0},
    {.bitmap_index = 9377, .adv_w = 476, .box_w = 30, .box_h = 24, .ofs_x = 0, .ofs_y = 0},
    {.bitmap_index = 9737, .adv_w = 300, .box_w = 19, .box_h = 24, .ofs_x = 0, .ofs_y = 0},
    {.bitmap_index = 9965, .adv_w = 290, .box_w = 19, .box_h = 24, .ofs_x = 0, .ofs_y = 0},
    {.bitmap_index = 10193, .adv_w = 293, .box_w = 17, .box_h = 24, .ofs_x = 1, .ofs_y = 0},
    {.bitmap_index = 10397, .adv_w = 168, .box_w = 8, .box_h = 29, .ofs_x = 2, .ofs_y = -5},
    {.bitmap_index = 10513, .adv_w = 190, .box_w = 12, .box_h = 24, .ofs_x = 0, .ofs_y = 0},
    {.bitmap_index = 10657, .adv_w = 168, .box_w = 8, .box_h = 29, .ofs_x = 0, .ofs_y = -5},
    {.bitmap_index = 10773, .adv_w = 293, .box_w = 17, .box_h = 15, .ofs_x = 1, .ofs_y = 9},
    {.bitmap_index = 10901, .adv_w = 227, .box_w = 16, .box_h = 3, .ofs_x = -1, .ofs_y = -5},
    {.bitmap_index = 10925, .adv_w = 144, .box_w = 7, .box_h = 6, .ofs_x = 1, .ofs_y = 20},
    {.bitmap_index = 10946, .adv_w = 287, .box_w = 15, .box_h = 18, .ofs_x = 1, .ofs_y = 0},
    {.bitmap_index = 11081, .adv_w = 315, .box_w = 16, .box_h = 25, .ofs_x = 2, .ofs_y = 0},
    {.bitmap_index = 11281, .adv_w = 246, .box_w = 14, .box_h = 18, .ofs_x = 1, .ofs_y = 0},
    {.bitmap_index = 11407, .adv_w = 315, .box_w = 16, .box_h = 25, .ofs_x = 1, .ofs_y = 0},
    {.bitmap_index = 11607, .adv_w = 289, .box_w = 16, .box_h = 18, .ofs_x = 1, .ofs_y = 0},
    {.bitmap_index = 11751, .adv_w = 176, .box_w = 13, .box_h = 26, .ofs_x = 0, .ofs_y = 0},
    {.bitmap_index = 11920, .adv_w = 315, .box_w = 16, .box_h = 26, .ofs_x = 1, .ofs_y = -8},
    {.bitmap_index = 12128, .adv_w = 316, .box_w = 16, .box_h = 25, .ofs_x = 2, .ofs_y = 0},
    {.bitmap_index = 12328, .adv_w = 132, .box_w = 4, .box_h = 25, .ofs_x = 2, .ofs_y = 0},
    {.bitmap_index = 12378, .adv_w = 132, .box_w = 8, .box_h = 33, .ofs_x = -2, .ofs_y = -8},
    {.bitmap_index = 12510, .adv_w = 273, .box_w = 15, .box_h = 25, .ofs_x = 2, .ofs_y = 0},
    {.bitmap_index = 12698, .adv_w = 132, .box_w = 4, .box_h = 25, .ofs_x = 2, .ofs_y = 0},
    {.bitmap_index = 12748, .adv_w = 479, .box_w = 26, .box_h = 18, .ofs_x = 2, .ofs_y = 0},
    {.bitmap_index = 12982, .adv_w = 316, .box_w = 16, .box_h = 18, .ofs_x = 2, .ofs_y = 0},
    {.bitmap_index = 13126, .adv_w = 310, .box_w = 17, .box_h = 18, .ofs_x = 1, .ofs_y = 0},
    {.bitmap_index = 13279, .adv_w = 315, .box_w = 16, .box_h = 26, .ofs_x = 2, .ofs_y = -8},
    {.bitmap_index = 13487, .adv_w = 315, .box_w = 16, .box_h = 26, .ofs_x = 1, .ofs_y = -8},
    {.bitmap_index = 13695, .adv_w = 211, .box_w = 11, .box_h = 18, .ofs_x = 2, .ofs_y = 0},
    {.bitmap_index = 13794, .adv_w = 245, .box_w = 13, .box_h = 18, .ofs_x = 1, .ofs_y = 0},
    {.bitmap_index = 13911, .adv_w = 185, .box_w = 11, .box_h = 22, .ofs_x = 0, .ofs_y = 0},
    {.bitmap_index = 14032, .adv_w = 316, .box_w = 16, .box_h = 18, .ofs_x = 2, .ofs_y = 0},
    {.bitmap_index = 14176, .adv_w = 260, .box_w = 17, .box_h = 18, .ofs_x = 0, .ofs_y = 0},
    {.bitmap_index = 14329, .adv_w = 402, .box_w = 25, .box_h = 18, .ofs_x = 0, .ofs_y = 0},
    {.bitmap_index = 14554, .adv_w = 271, .box_w = 17, .box_h = 18, .ofs_x = 0, .ofs_y = 0},
    {.bitmap_index = 14707, .adv_w = 261, .box_w = 17, .box_h = 26, .ofs_x = 0, .ofs_y = -8},
    {.bitmap_index = 14928, .adv_w = 241, .box_w = 13, .box_h = 18, .ofs_x = 1, .ofs_y = 0},
    {.bitmap_index = 15045, .adv_w = 195, .box_w = 12, .box_h = 29, .ofs_x = 0, .ofs_y = -5},
    {.bitmap_index = 15219, .adv_w = 282, .box_w = 3, .box_h = 33, .ofs_x = 7, .ofs_y = -8},
    {.bitmap_index = 15269, .adv_w = 195, .box_w = 11, .box_h = 29, .ofs_x = 1, .ofs_y = -5},
    {.bitmap_index = 15429, .adv_w = 293, .box_w = 16, .box_h = 5, .ofs_x = 1, .ofs_y = 9},
    {.bitmap_index = 15469, .adv_w = 307, .box_w = 15, .box_h = 18, .ofs_x = 2, .ofs_y = 0},
    {.bitmap_index = 15604, .adv_w = 280, .box_w = 14, .box_h = 18, .ofs_x = 1, .ofs_y = 0},
    {.bitmap_index = 15730, .adv_w = 281, .box_w = 14, .box_h = 18, .ofs_x = 1, .ofs_y = 0},
    {.bitmap_index = 15856, .adv_w = 314, .box_w = 16, .box_h = 18, .ofs_x = 2, .ofs_y = 0},
    {.bitmap_index = 16000, .adv_w = 318, .box_w = 16, .box_h = 18, .ofs_x = 2, .ofs_y = 0},
    {.bitmap_index = 16144, .adv_w = 306, .box_w = 16, .box_h = 18, .ofs_x = 1, .ofs_y = 0},
    {.bitmap_index = 16288, .adv_w = 275, .box_w = 16, .box_h = 18, .ofs_x = 0, .ofs_y = 0},
    {.bitmap_index = 16432, .adv_w = 272, .box_w = 15, .box_h = 18, .ofs_x = 1, .ofs_y = 0},
    {.bitmap_index = 16567, .adv_w = 309, .box_w = 15, .box_h = 18, .ofs_x = 2, .ofs_y = 0},
    {.bitmap_index = 16702, .adv_w = 282, .box_w = 15, .box_h = 18, .ofs_x = 1, .ofs_y = 0},
    {.bitmap_index = 16837, .adv_w = 285, .box_w = 15, .box_h = 18, .ofs_x = 1, .ofs_y = 0},
    {.bitmap_index = 16972, .adv_w = 464, .box_w = 25, .box_h = 18, .ofs_x = 2, .ofs_y = 0},
    {.bitmap_index = 17197, .adv_w = 465, .box_w = 25, .box_h = 24, .ofs_x = 2, .ofs_y = -6},
    {.bitmap_index = 17497, .adv_w = 309, .box_w = 17, .box_h = 24, .ofs_x = 0, .ofs_y = -6},
    {.bitmap_index = 17701, .adv_w = 309, .box_w = 17, .box_h = 24, .ofs_x = 0, .ofs_y = -6},
    {.bitmap_index = 17905, .adv_w = 280, .box_w = 16, .box_h = 26, .ofs_x = 1, .ofs_y = -6},
    {.bitmap_index = 18113, .adv_w = 321, .box_w = 17, .box_h = 18, .ofs_x = 1, .ofs_y = 0},
    {.bitmap_index = 18266, .adv_w = 462, .box_w = 26, .box_h = 18, .ofs_x = 2, .ofs_y = 0},
    {.bitmap_index = 18500, .adv_w = 465, .box_w = 25, .box_h = 18, .ofs_x = 2, .ofs_y = 0},
    {.bitmap_index = 18725, .adv_w = 315, .box_w = 17, .box_h = 18, .ofs_x = 1, .ofs_y = 0},
    {.bitmap_index = 18878, .adv_w = 326, .box_w = 16, .box_h = 18, .ofs_x = 2, .ofs_y = 0},
    {.bitmap_index = 19022, .adv_w = 308, .box_w = 15, .box_h = 18, .ofs_x = 2, .ofs_y = 0},
    {.bitmap_index = 19157, .adv_w = 312, .box_w = 15, .box_h = 18, .ofs_x = 2, .ofs_y = 0},
    {.bitmap_index = 19292, .adv_w = 279, .box_w = 14, .box_h = 18, .ofs_x = 2, .ofs_y = 0},
    {.bitmap_index = 19418, .adv_w = 314, .box_w = 15, .box_h = 18, .ofs_x = 2, .ofs_y = 0},
    {.bitmap_index = 19553, .adv_w = 309, .box_w = 15, .box_h = 18, .ofs_x = 2, .ofs_y = 0},
    {.bitmap_index = 19688, .adv_w = 310, .box_w = 15, .box_h = 24, .ofs_x = 2, .ofs_y = 0},
    {.bitmap_index = 19868, .adv_w = 332, .box_w = 16, .box_h = 18, .ofs_x = 2, .ofs_y = 0},
    {.bitmap_index = 20012, .adv_w = 334, .box_w = 16, .box_h = 24, .ofs_x = 2, .ofs_y = 0},
    {.bitmap_index = 20204, .adv_w = 356, .box_w = 20, .box_h = 18, .ofs_x = 1, .ofs_y = 0},
    {.bitmap_index = 20384, .adv_w = 349, .box_w = 21, .box_h = 24, .ofs_x = 1, .ofs_y = 0},
    {.bitmap_index = 20636, .adv_w = 309, .box_w = 17, .box_h = 18, .ofs_x = 0, .ofs_y = 0},
    {.bitmap_index = 20789, .adv_w = 314, .box_w = 16, .box_h = 18, .ofs_x = 2, .ofs_y = 0},
    {.bitmap_index = 20933, .adv_w = 304, .box_w = 15, .box_h = 18, .ofs_x = 2, .ofs_y = 0},
    {.bitmap_index = 21068, .adv_w = 250, .box_w = 14, .box_h = 18, .ofs_x = 1, .ofs_y = 0},
    {.bitmap_index = 21194, .adv_w = 308, .box_w = 15, .box_h = 24, .ofs_x = 2, .ofs_y = -6},
    {.bitmap_index = 21374, .adv_w = 292, .box_w = 15, .box_h = 18, .ofs_x = 1, .ofs_y = 0},
    {.bitmap_index = 21509, .adv_w = 309, .box_w = 17, .box_h = 24, .ofs_x = 0, .ofs_y = -6},
    {.bitmap_index = 21713, .adv_w = 252, .box_w = 13, .box_h = 18, .ofs_x = 1, .ofs_y = 0},
    {.bitmap_index = 21830, .adv_w = 322, .box_w = 17, .box_h = 19, .ofs_x = 2, .ofs_y = 0},
    {.bitmap_index = 21992, .adv_w = 328, .box_w = 18, .box_h = 18, .ofs_x = 2, .ofs_y = 0},
    {.bitmap_index = 22154, .adv_w = 293, .box_w = 17, .box_h = 19, .ofs_x = 1, .ofs_y = 0},
    {.bitmap_index = 22316, .adv_w = 301, .box_w = 15, .box_h = 18, .ofs_x = 2, .ofs_y = 0},
    {.bitmap_index = 22451, .adv_w = 342, .box_w = 21, .box_h = 23, .ofs_x = 1, .ofs_y = 0},
    {.bitmap_index = 22693, .adv_w = 294, .box_w = 16, .box_h = 18, .ofs_x = 1, .ofs_y = 0},
    {.bitmap_index = 22837, .adv_w = 287, .box_w = 17, .box_h = 19, .ofs_x = 1, .ofs_y = 0},
    {.bitmap_index = 22999, .adv_w = 266, .box_w = 14, .box_h = 18, .ofs_x = 0, .ofs_y = 0},
    {.bitmap_index = 23125, .adv_w = 173, .box_w = 9, .box_h = 14, .ofs_x = 1, .ofs_y = 2},
    {.bitmap_index = 23188, .adv_w = 0, .box_w = 13, .box_h = 5, .ofs_x = -11, .ofs_y = 20},
    {.bitmap_index = 23221, .adv_w = 208, .box_w = 11, .box_h = 18, .ofs_x = 0, .ofs_y = 0},
    {.bitmap_index = 23320, .adv_w = 208, .box_w = 20, .box_h = 26, .ofs_x = -9, .ofs_y = 0},
    {.bitmap_index = 23580, .adv_w = 0, .box_w = 15, .box_h = 3, .ofs_x = -17, .ofs_y = 20},
    {.bitmap_index = 23603, .adv_w = 0, .box_w = 15, .box_h = 5, .ofs_x = -17, .ofs_y = 20},
    {.bitmap_index = 23641, .adv_w = 0, .box_w = 15, .box_h = 6, .ofs_x = -17, .ofs_y = 20},
    {.bitmap_index = 23686, .adv_w = 0, .box_w = 15, .box_h = 5, .ofs_x = -17, .ofs_y = 20},
    {.bitmap_index = 23724, .adv_w = 0, .box_w = 6, .box_h = 7, .ofs_x = -8, .ofs_y = -8},
    {.bitmap_index = 23745, .adv_w = 0, .box_w = 11, .box_h = 7, .ofs_x = -13, .ofs_y = -9},
    {.bitmap_index = 23784, .adv_w = 0, .box_w = 5, .box_h = 5, .ofs_x = -7, .ofs_y = -6},
    {.bitmap_index = 23797, .adv_w = 299, .box_w = 16, .box_h = 27, .ofs_x = 2, .ofs_y = -3},
    {.bitmap_index = 24013, .adv_w = 151, .box_w = 6, .box_h = 18, .ofs_x = 3, .ofs_y = 0},
    {.bitmap_index = 24067, .adv_w = 291, .box_w = 15, .box_h = 18, .ofs_x = 3, .ofs_y = 0},
    {.bitmap_index = 24202, .adv_w = 158, .box_w = 12, .box_h = 27, .ofs_x = 0, .ofs_y = 0},
    {.bitmap_index = 24364, .adv_w = 148, .box_w = 9, .box_h = 27, .ofs_x = 0, .ofs_y = 0},
    {.bitmap_index = 24486, .adv_w = 156, .box_w = 11, .box_h = 27, .ofs_x = -1, .ofs_y = 0},
    {.bitmap_index = 24635, .adv_w = 208, .box_w = 11, .box_h = 24, .ofs_x = 0, .ofs_y = -6},
    {.bitmap_index = 24767, .adv_w = 305, .box_w = 15, .box_h = 24, .ofs_x = 2, .ofs_y = -6},
    {.bitmap_index = 24947, .adv_w = 0, .box_w = 12, .box_h = 7, .ofs_x = -15, .ofs_y = 20},
    {.bitmap_index = 24989, .adv_w = 0, .box_w = 4, .box_h = 7, .ofs_x = -6, .ofs_y = 20},
    {.bitmap_index = 25003, .adv_w = 0, .box_w = 11, .box_h = 7, .ofs_x = -12, .ofs_y = 20},
    {.bitmap_index = 25042, .adv_w = 0, .box_w = 13, .box_h = 7, .ofs_x = -14, .ofs_y = 20},
    {.bitmap_index = 25088, .adv_w = 0, .box_w = 9, .box_h = 8, .ofs_x = -11, .ofs_y = 20},
    {.bitmap_index = 25124, .adv_w = 0, .box_w = 9, .box_h = 6, .ofs_x = -9, .ofs_y = 19},
    {.bitmap_index = 25151, .adv_w = 0, .box_w = 8, .box_h = 6, .ofs_x = -9, .ofs_y = 20},
    {.bitmap_index = 25175, .adv_w = 0, .box_w = 8, .box_h = 7, .ofs_x = -9, .ofs_y = 19},
    {.bitmap_index = 25203, .adv_w = 305, .box_w = 17, .box_h = 16, .ofs_x = 1, .ofs_y = 0},
    {.bitmap_index = 25339, .adv_w = 292, .box_w = 16, .box_h = 16, .ofs_x = 1, .ofs_y = 0},
    {.bitmap_index = 25467, .adv_w = 279, .box_w = 15, .box_h = 16, .ofs_x = 1, .ofs_y = 0},
    {.bitmap_index = 25587, .adv_w = 314, .box_w = 17, .box_h = 19, .ofs_x = 1, .ofs_y = 0},
    {.bitmap_index = 25749, .adv_w = 286, .box_w = 15, .box_h = 16, .ofs_x = 1, .ofs_y = 0},
    {.bitmap_index = 25869, .adv_w = 276, .box_w = 15, .box_h = 19, .ofs_x = 1, .ofs_y = 0},
    {.bitmap_index = 26012, .adv_w = 276, .box_w = 15, .box_h = 20, .ofs_x = 1, .ofs_y = 0},
    {.bitmap_index = 26162, .adv_w = 266, .box_w = 15, .box_h = 19, .ofs_x = 0, .ofs_y = 0},
    {.bitmap_index = 26305, .adv_w = 369, .box_w = 20, .box_h = 19, .ofs_x = 1, .ofs_y = 0},
    {.bitmap_index = 26495, .adv_w = 289, .box_w = 16, .box_h = 19, .ofs_x = 1, .ofs_y = 0},
    {.bitmap_index = 26647, .adv_w = 258, .box_w = 15, .box_h = 19, .ofs_x = 1, .ofs_y = 0},
    {.bitmap_index = 26790, .adv_w = 393, .box_w = 22, .box_h = 18, .ofs_x = 0, .ofs_y = 0},
    {.bitmap_index = 26988, .adv_w = 446, .box_w = 26, .box_h = 11, .ofs_x = 1, .ofs_y = 2},
    {.bitmap_index = 27131, .adv_w = 439, .box_w = 29, .box_h = 30, .ofs_x = -1, .ofs_y = -5},
    {.bitmap_index = 27566, .adv_w = 512, .box_w = 32, .box_h = 25, .ofs_x = 0, .ofs_y = 0},
    {.bitmap_index = 27966, .adv_w = 512, .box_w = 28, .box_h = 22, .ofs_x = 2, .ofs_y = 0},
    {.bitmap_index = 28274, .adv_w = 402, .box_w = 23, .box_h = 22, .ofs_x = 1, .ofs_y = -1},
    {.bitmap_index = 28527, .adv_w = 439, .box_w = 28, .box_h = 29, .ofs_x = 0, .ofs_y = -3},
    {.bitmap_index = 28933, .adv_w = 476, .box_w = 30, .box_h = 23, .ofs_x = 1, .ofs_y = 0},
    {.bitmap_index = 29278, .adv_w = 476, .box_w = 30, .box_h = 28, .ofs_x = 0, .ofs_y = 0},
    {.bitmap_index = 29698, .adv_w = 439, .box_w = 28, .box_h = 28, .ofs_x = 0, .ofs_y = -2},
    {.bitmap_index = 30090, .adv_w = 476, .box_w = 30, .box_h = 27, .ofs_x = 0, .ofs_y = -2},
    {.bitmap_index = 30495, .adv_w = 548, .box_w = 35, .box_h = 29, .ofs_x = 0, .ofs_y = -3},
    {.bitmap_index = 31003, .adv_w = 292, .box_w = 19, .box_h = 29, .ofs_x = 0, .ofs_y = -3},
    {.bitmap_index = 31279, .adv_w = 402, .box_w = 26, .box_h = 29, .ofs_x = 0, .ofs_y = -3},
    {.bitmap_index = 31656, .adv_w = 439, .box_w = 28, .box_h = 29, .ofs_x = 0, .ofs_y = -3},
    {.bitmap_index = 32062, .adv_w = 439, .box_w = 28, .box_h = 29, .ofs_x = 0, .ofs_y = -3},
    {.bitmap_index = 32468, .adv_w = 292, .box_w = 19, .box_h = 29, .ofs_x = -1, .ofs_y = -3},
    {.bitmap_index = 32744, .adv_w = 366, .box_w = 20, .box_h = 29, .ofs_x = 2, .ofs_y = -2},
    {.bitmap_index = 33034, .adv_w = 512, .box_w = 32, .box_h = 21, .ofs_x = 0, .ofs_y = 0},
    {.bitmap_index = 33370, .adv_w = 512, .box_w = 32, .box_h = 25, .ofs_x = 0, .ofs_y = -2},
    {.bitmap_index = 33770, .adv_w = 512, .box_w = 32, .box_h = 30, .ofs_x = 0, .ofs_y = -2},
    {.bitmap_index = 34250, .adv_w = 512, .box_w = 32, .box_h = 29, .ofs_x = 0, .ofs_y = -2},
    {.bitmap_index = 34714, .adv_w = 548, .box_w = 34, .box_h = 21, .ofs_x = 0, .ofs_y = 0},
    {.bitmap_index = 35071, .adv_w = 476, .box_w = 30, .box_h = 26, .ofs_x = 0, .ofs_y = 0},
    {.bitmap_index = 35461, .adv_w = 439, .box_w = 28, .box_h = 29, .ofs_x = 0, .ofs_y = -3},
    {.bitmap_index = 35867, .adv_w = 512, .box_w = 30, .box_h = 33, .ofs_x = 1, .ofs_y = -5},
    {.bitmap_index = 36362, .adv_w = 548, .box_w = 35, .box_h = 21, .ofs_x = 0, .ofs_y = 0},
    {.bitmap_index = 36730, .adv_w = 585, .box_w = 36, .box_h = 25, .ofs_x = 0, .ofs_y = 0},
    {.bitmap_index = 37180, .adv_w = 658, .box_w = 42, .box_h = 23, .ofs_x = 0, .ofs_y = 0},
    {.bitmap_index = 37663, .adv_w = 658, .box_w = 42, .box_h = 23, .ofs_x = 0, .ofs_y = 0},
    {.bitmap_index = 38146, .adv_w = 658, .box_w = 42, .box_h = 23, .ofs_x = 0, .ofs_y = 0},
    {.bitmap_index = 38629, .adv_w = 658, .box_w = 42, .box_h = 23, .ofs_x = 0, .ofs_y = 0},
    {.bitmap_index = 39112, .adv_w = 256, .box_w = 12, .box_h = 27, .ofs_x = 2, .ofs_y = 0},
};

/*---------------------
 *  CHARACTER MAPPING
 *--------------------*/



/*Collect the unicode lists and glyph_id offsets*/
static const uint16_t unicode_list_sym[] = {
    0x0, 0xa, 0xb, 0xc, 0x12, 0x14, 0x18, 0x20,
    0x27, 0x3d, 0x47, 0x4a, 0x4b, 0x4c, 0x50, 0x52,
    0x6d, 0x6f, 0x70, 0x73, 0x78, 0x7a, 0xc6, 0xf2,
    0x11b, 0x1ea, 0x23f, 0x240, 0x242, 0x243, 0x7c1,
};
static const lv_font_fmt_txt_cmap_t cmaps[] =
{
    {
        .range_start = 32, .range_length = 95, .glyph_id_start = 1,
        .unicode_list = NULL, .glyph_id_ofs_list = NULL, .list_length = 0, .type = LV_FONT_FMT_TXT_CMAP_FORMAT0_TINY
    },
    {
        .range_start = 3585, .range_length = 58, .glyph_id_start = 96,
        .unicode_list = NULL, .glyph_id_ofs_list = NULL, .list_length = 0, .type = LV_FONT_FMT_TXT_CMAP_FORMAT0_TINY
    },
    {
        .range_start = 3647, .range_length = 29, .glyph_id_start = 154,
        .unicode_list = NULL, .glyph_id_ofs_list = NULL, .list_length = 0, .type = LV_FONT_FMT_TXT_CMAP_FORMAT0_TINY
    }
,
    {
        .range_start = 61441, .range_length = 1985, .glyph_id_start = 183,
        .unicode_list = unicode_list_sym, .glyph_id_ofs_list = NULL, .list_length = 31, .type = LV_FONT_FMT_TXT_CMAP_SPARSE_TINY
    },
};



/*--------------------
 *  ALL CUSTOM DATA
 *--------------------*/

#if LVGL_VERSION_MAJOR == 8
/*Store all the custom data of the font*/
static  lv_font_fmt_txt_glyph_cache_t cache;
#endif

#if LVGL_VERSION_MAJOR >= 8
static const lv_font_fmt_txt_dsc_t font_dsc = {
#else
static lv_font_fmt_txt_dsc_t font_dsc = {
#endif
    .glyph_bitmap = glyph_bitmap,
    .glyph_dsc = glyph_dsc,
    .cmaps = cmaps,
    .kern_dsc = NULL,
    .kern_scale = 0,
    .cmap_num = 4,
    .bpp = 4,
    .kern_classes = 0,
    .bitmap_format = 0,
#if LVGL_VERSION_MAJOR == 8
    .cache = &cache
#endif
};



/*-----------------
 *  PUBLIC FONT
 *----------------*/

/*Initialize a public general font descriptor*/
#if LVGL_VERSION_MAJOR >= 8
const lv_font_t thai_32 = {
#else
lv_font_t thai_32 = {
#endif
    .get_glyph_dsc = lv_font_get_glyph_dsc_fmt_txt,    /*Function pointer to get glyph's data*/
    .get_glyph_bitmap = lv_font_get_bitmap_fmt_txt,    /*Function pointer to get glyph's bitmap*/
    .line_height = 37,          /*The maximum line height required by the font*/
    .base_line = 9,             /*Baseline measured from the bottom of the line*/
#if !(LVGL_VERSION_MAJOR == 6 && LVGL_VERSION_MINOR == 0)
    .subpx = LV_FONT_SUBPX_NONE,
#endif
#if LV_VERSION_CHECK(7, 4, 0) || LVGL_VERSION_MAJOR >= 8
    .underline_position = -3,
    .underline_thickness = 2,
#endif
    .dsc = &font_dsc,          /*The custom font data. Will be accessed by `get_glyph_bitmap/dsc` */
#if LV_VERSION_CHECK(8, 2, 0) || LVGL_VERSION_MAJOR >= 9
    .fallback = NULL,
#endif
    .user_data = NULL,
};



#endif /*#if THAI_32*/

